{"n_items": 40, "weights": [0.000353947068178756, 0.000494456446480531, 0.000678959533552525, 0.00116256157644242, 0.00198001533340354, 0.00328983600884095, 0.00365222403516906, 0.00405751378690698, 0.00741820976591857, 0.013488422113072, 0.0243061741157395, 0.0258963611125046, 0.046365785880856, 0.0913564502359055, 0.179032214817477, 0.10183547432271, 0.160617954721223, 0.333947668288022, 2.82299610736864e-05, 1.74935828065854e-05, 1.62073594172969e-05, 4.50291649593394e-07, 7.57659050991832e-07, 1.24333133193026e-06, 7.05244579957948e-07, 6.72581119207485e-07, 4.00022339523588e-10, 4.8459445672195e-10, 4.44678296784294e-10, 5.05775162836612e-10, 6.02474916445529e-10, 4.42612553122527e-10, 5.37315456866127e-10, 3.79153962094785e-10, 4.50903128960964e-10, 5.95920819436838e-10, 4.93983335155919e-10, 5.79851891344913e-10, 1.26424449570509e-09, 3.64503912847435e-09], "profits": [1.0, 1.0, 1.0, 1.0, 1.0, 1.0, 1.0, 1.0, 1.0, 1.0, 1.0, 1.0, 1.0, 1.0, 1.0, 1.0, 1.0, 1.0, 1.0, 1.0, 1.0, 1.0, 1.0, 1.0, 1.0, 1.0, 1.0, 1.0, 1.0, 1.0, 1.0, 1.0, 1.0, 1.0, 1.0, 1.0, 1.0, 1.0, 1.0, 1.0], "min_weight": 0.95, "max_distance": 3}