{"n_items": 40, "weights": [0.0012408777944499, 0.00231253293608693, 0.00339909571355654, 0.00601900306320991, 0.0104471547396814, 0.0168118992112455, 0.0333055814896326, 0.0665467556829959, 0.0871671839817405, 0.00588808606449723, 0.0104997081827826, 0.0174340402828359, 0.0354469841837256, 0.0707822006437355, 0.0799899908948238, 0.176286806348731, 0.305238552305857, 0.0183059483566299, 0.0367423045934629, 0.00175251365284027, 0.00362036587101938, 0.000597755736490425, 0.00137646336404833, 0.0025138730875175, 0.00612527995048315, 0.000102505630456486, 3.34604823769117e-05, 1.29204875802349e-05, 6.77663670602897e-08, 8.70957912073583e-08, 3.57264536396709e-10, 2.77566689091664e-11, 1.47435132286759e-11, 1.28733314170785e-12, 1.07890216271913e-12, 4.1992418369607e-13, 5.00355815946436e-13, 5.08154362771262e-13, 8.15703903598136e-13, 9.73043953319222e-13], "profits": [1.0, 1.0, 1.0, 1.0, 1.0, 1.0, 1.0, 1.0, 1.0, 1.0, 1.0, 1.0, 1.0, 1.0, 1.0, 1.0, 1.0, 1.0, 1.0, 1.0, 1.0, 1.0, 1.0, 1.0, 1.0, 1.0, 1.0, 1.0, 1.0, 1.0, 1.0, 1.0, 1.0, 1.0, 1.0, 1.0, 1.0, 1.0, 1.0, 1.0], "min_weight": 0.95, "max_distance": 2}