{"n_items": 200, "weights": [9.2095698370591e-06, 1.16923089166894e-05, 1.20608494765961e-05, 1.53292236793541e-05, 1.41545490263344e-05, 1.39954314840148e-05, 1.77620452431906e-05, 2.00981678874358e-05, 2.32673687589378e-05, 1.79524199261357e-05, 2.01222202620713e-05, 2.53014797962247e-05, 2.95353360983177e-05, 3.21155236619341e-05, 3.74812198820716e-05, 4.68701211295232e-05, 6.02647154524891e-05, 7.24505118513469e-05, 8.52807114508715e-05, 8.28733530271836e-05, 0.000106177120374079, 6.61040247072217e-05, 8.59024025379799e-05, 0.000110973392865534, 0.000120930924255023, 0.000143871576755387, 4.34776830264231e-05, 5.638028739027e-05, 6.68614850321445e-05, 8.49115037145002e-05, 0.000108937101378832, 0.000121104030312858, 0.000157179970870105, 0.000165614390570165, 0.000219094992662725, 0.000292399354606419, 0.000314303102044167, 0.000408259363542331, 0.000474264652223402, 0.000620903132570855, 0.000837322734839943, 0.000981666807527591, 0.000540406188309437, 0.000648140770671534, 0.000850808407739098, 0.000593837304126236, 0.000798840601555533, 0.000870806358867683, 0.00080932168163643, 0.000882476296629577, 0.00112202230391894, 0.000766961833232498, 0.000980028713791947, 0.00113627523663292, 0.00156109739448625, 0.00213350671399529, 0.00222423112572745, 0.00304116257222092, 0.00408703320470423, 0.00177244081559942, 0.00175747888202296, 0.00239629893478508, 0.00237424872269555, 0.00314709409019389, 0.00427705277909712, 0.00552608286244125, 0.00652926036651469, 0.00908688021955379, 0.00722690510782273, 0.00951910497300842, 0.00742229933877501, 0.0103827663594012, 0.00574014799796868, 0.00694452863345013, 0.00930494339893169, 0.0130003676169456, 0.018273732517485, 0.0154200804922629, 0.0183256015290755, 0.0210306701051712, 0.0304517619587568, 0.0271502079657157, 0.0373105844916466, 0.0422212497671478, 0.029116871677674, 0.0338765423280698, 0.0350649634413956, 0.0513565594546853, 0.0147200001951791, 0.013737616971143, 0.0188361684205658, 0.0272964331240534, 0.0396025607954243, 0.0488882186585099, 0.0725094339454795, 0.0655428741950359, 0.0112260223354239, 0.00708262753611887, 0.00894672504346132, 0.0108960838897332, 0.0158663467385507, 0.0099039925631023, 0.014221813452657, 0.0212767384509071, 0.0127219709487684, 0.0181565934977222, 0.0202289528936818, 0.0134646298691494, 0.00858375681150357, 0.0121892959962703, 0.00663636434164149, 0.00790834110617827, 0.00104585281292006, 0.00085340284791457, 0.00126559437541145, 0.000251552173509917, 8.38473331574366e-05, 6.84713371110668e-05, 9.51520879617722e-05, 0.000139287247159652, 0.00015777595655356, 0.000105916326357902, 0.000101923529746468, 3.73361772376976e-06, 4.32924941180024e-06, 1.63529748768086e-06, 1.71387772946664e-06, 2.35803082310225e-06, 2.83625363339394e-06, 3.48965771022284e-06, 1.32279334968363e-06, 1.51983825242404e-06, 1.41441929592589e-06, 1.9254863083763e-06, 2.75360580202644e-06, 3.5447467415345e-06, 2.77909391591833e-06, 2.43293845213066e-06, 3.55585981081423e-06, 2.02101061846e-06, 1.1447635337501e-06, 1.65334391491693e-06, 2.33899793480852e-06, 3.39795217396217e-06, 1.68683785256762e-06, 2.41259002914875e-06, 3.45579533509566e-06, 4.82295161524053e-06, 6.64495938757674e-06, 6.30808075604405e-06, 6.65856223233191e-06, 5.85190393913438e-06, 8.36227866881182e-07, 9.89471886378252e-07, 1.50777805203358e-06, 8.04913786032553e-07, 6.28443126113575e-07, 7.7835115133516e-07, 1.18648536211738e-06, 9.65251883123727e-08, 1.38005292495573e-07, 1.64830309523159e-07, 2.26575790992143e-07, 1.95619427965259e-07, 2.74070823611144e-07, 3.99825141913992e-07, 4.59013045553337e-07, 4.30966135345017e-07, 5.36650690145394e-08, 7.36399082858649e-08, 1.06332399342314e-07, 1.58338609741873e-07, 7.05666222320438e-08, 1.84341833313435e-08, 1.75242424346997e-08, 1.51735658105335e-08, 1.4797878820584e-08, 1.12197849474598e-08, 1.69577308375999e-08, 1.35197490470771e-08, 1.17595643046421e-08, 1.57800809025976e-08, 1.96016068224749e-08, 5.62366392084247e-09, 4.77556452842904e-09, 3.62521520329119e-09, 2.70685260264345e-09, 1.49142780034694e-09, 2.29418352258703e-09, 3.590437617532e-09, 2.83032055286292e-09, 3.57867468174119e-09, 6.6812065564374e-09, 1.67734284636037e-09, 2.61030177929367e-09, 7.32868280295138e-10, 1.06377153326342e-09, 3.33298987306397e-10, 5.95033970966792e-10, 3.55420466894953e-10], "profits": [1.0, 1.0, 1.0, 1.0, 1.0, 1.0, 1.0, 1.0, 1.0, 1.0, 1.0, 1.0, 1.0, 1.0, 1.0, 1.0, 1.0, 1.0, 1.0, 1.0, 1.0, 1.0, 1.0, 1.0, 1.0, 1.0, 1.0, 1.0, 1.0, 1.0, 1.0, 1.0, 1.0, 1.0, 1.0, 1.0, 1.0, 1.0, 1.0, 1.0, 1.0, 1.0, 1.0, 1.0, 1.0, 1.0, 1.0, 1.0, 1.0, 1.0, 1.0, 1.0, 1.0, 1.0, 1.0, 1.0, 1.0, 1.0, 1.0, 1.0, 1.0, 1.0, 1.0, 1.0, 1.0, 1.0, 1.0, 1.0, 1.0, 1.0, 1.0, 1.0, 1.0, 1.0, 1.0, 1.0, 1.0, 1.0, 1.0, 1.0, 1.0, 1.0, 1.0, 1.0, 1.0, 1.0, 1.0, 1.0, 1.0, 1.0, 1.0, 1.0, 1.0, 1.0, 1.0, 1.0, 1.0, 1.0, 1.0, 1.0, 1.0, 1.0, 1.0, 1.0, 1.0, 1.0, 1.0, 1.0, 1.0, 1.0, 1.0, 1.0, 1.0, 1.0, 1.0, 1.0, 1.0, 1.0, 1.0, 1.0, 1.0, 1.0, 1.0, 1.0, 1.0, 1.0, 1.0, 1.0, 1.0, 1.0, 1.0, 1.0, 1.0, 1.0, 1.0, 1.0, 1.0, 1.0, 1.0, 1.0, 1.0, 1.0, 1.0, 1.0, 1.0, 1.0, 1.0, 1.0, 1.0, 1.0, 1.0, 1.0, 1.0, 1.0, 1.0, 1.0, 1.0, 1.0, 1.0, 1.0, 1.0, 1.0, 1.0, 1.0, 1.0, 1.0, 1.0, 1.0, 1.0, 1.0, 1.0, 1.0, 1.0, 1.0, 1.0, 1.0, 1.0, 1.0, 1.0, 1.0, 1.0, 1.0, 1.0, 1.0, 1.0, 1.0, 1.0, 1.0, 1.0, 1.0, 1.0, 1.0, 1.0, 1.0, 1.0, 1.0, 1.0, 1.0, 1.0, 1.0], "min_weight": 0.95, "max_distance": 2}