{"n_items": 200, "weights": [0.00313697672423486, 0.00315266934656056, 0.00292743510448519, 0.00302825350833075, 0.00293549136093686, 0.00256825244411984, 0.0024101286858371, 0.00245800225263522, 0.00253537814575327, 0.00261532573939186, 0.00270334021436371, 0.00259234014019016, 0.00248421088241954, 0.00247788364139154, 0.00244983747278856, 0.00240631868202054, 0.00240364766507424, 0.00231966362148964, 0.00238029460103131, 0.00242248825931247, 0.00248534526996198, 0.002393432131937, 0.00240998707741518, 0.00238984724233144, 0.00233339935873392, 0.00239152281641028, 0.00228332294192475, 0.00232489572375932, 0.00236871944045022, 0.00240908503329426, 0.00247271745489637, 0.00252585048136591, 0.00260386298262975, 0.00263893364314348, 0.00273162999129392, 0.00280431670682175, 0.00289875110951222, 0.00283127663844634, 0.00289807866535479, 0.00300418040674358, 0.00314059770163237, 0.0032852913697407, 0.00312421618392559, 0.00321916361424634, 0.00308226130608614, 0.00319990449555297, 0.00304099135557566, 0.00317762929220079, 0.00333792427567909, 0.00351523565266719, 0.00356161753082084, 0.00368955654070251, 0.00344252772580353, 0.00360198300635047, 0.00363033453273114, 0.00371830562353742, 0.00350827010504438, 0.00369788367687398, 0.00381568445886544, 0.0038883374121757, 0.00378020678312292, 0.00363426698485501, 0.00341133541042897, 0.00354834530507338, 0.00375136464025644, 0.00395058425301334, 0.00411377292036234, 0.00384326322703517, 0.00405641712641055, 0.00432766726349451, 0.00450146827608525, 0.00468029167265425, 0.00501458074742145, 0.00541149935731476, 0.00581993506157761, 0.00633260651819956, 0.00665820907465854, 0.00672739028039324, 0.00716379569076755, 0.00745400963238328, 0.00743216171142909, 0.0071939323039721, 0.00785364522795883, 0.00857415494211738, 0.00888344746240275, 0.00901081299814701, 0.00621624129193573, 0.00619935572347642, 0.00460964058353025, 0.00488564875773685, 0.00521929663030562, 0.00512466025476027, 0.00552081640912119, 0.00587632066552659, 0.00533812102551341, 0.00562230441139952, 0.00600019610363641, 0.00562040058201919, 0.00537866497004964, 0.0058450813959074, 0.00599449913998996, 0.0056006083011209, 0.00609846680177703, 0.00499269405124938, 0.00531531383082395, 0.00520328808086749, 0.00549656451705322, 0.00572783658061239, 0.00600190273971189, 0.00490144152989527, 0.00411697776840545, 0.00423808574110581, 0.0044963952411724, 0.00453710192016578, 0.00364897517445899, 0.00354163071270911, 0.00345556626071059, 0.00343436175197409, 0.00347762507073798, 0.00320229626894234, 0.00323368345277364, 0.00324367222466338, 0.00325999510517942, 0.00328167572634092, 0.00331898835193755, 0.00334900876514543, 0.00338833075557708, 0.00343268678530978, 0.00349407765018334, 0.00352954426939545, 0.00353326386079068, 0.00354271928673189, 0.0036420450307894, 0.00369995574310968, 0.00373566213826296, 0.00366488252671017, 0.00362065258944246, 0.00365714278613357, 0.00371231070810247, 0.0037939306568869, 0.00376406786462325, 0.00385714458641982, 0.00394759786433792, 0.00403930907815896, 0.00389074132254778, 0.0039973133062033, 0.0041217107118174, 0.00430648253519952, 0.0044084818579947, 0.00464125160365471, 0.00416644736109314, 0.00413808317454474, 0.00419981011170433, 0.00421506580706385, 0.00425398564474549, 0.00433464465368518, 0.0043823506066722, 0.00440350609682331, 0.00445368130467337, 0.00455309352705419, 0.00467711475167543, 0.00488592841974106, 0.00501921279391752, 0.0051433076517872, 0.00505570648121022, 0.00504739725486739, 0.00502587652449242, 0.00503304110550202, 0.00511571469301106, 0.00526160251679135, 0.00548442240991127, 0.00539061879400835, 0.00546249965398598, 0.00558802956663698, 0.00567066112275075, 0.00582221135740264, 0.0063202182820779, 0.00660878210240799, 0.00640923432029267, 0.00680470286055072, 0.00664748572868491, 0.00689611925963578, 0.00692301154811103, 0.00703663057747193, 0.00736601964570805, 0.00750219616845785, 0.00784942838750264, 0.00844728307696705, 0.00890793119701528, 0.0102205021775236, 0.0101539913159554, 0.0100030947295895, 0.0103706403942313, 0.0111423892277199, 0.0155393308940741, 0.0158471594279112, 0.0169414752021036, 0.017646452308714, 0.022053083111119, 0.0381181408970523], "profits": [1.0, 1.0, 1.0, 1.0, 1.0, 1.0, 1.0, 1.0, 1.0, 1.0, 1.0, 1.0, 1.0, 1.0, 1.0, 1.0, 1.0, 1.0, 1.0, 1.0, 1.0, 1.0, 1.0, 1.0, 1.0, 1.0, 1.0, 1.0, 1.0, 1.0, 1.0, 1.0, 1.0, 1.0, 1.0, 1.0, 1.0, 1.0, 1.0, 1.0, 1.0, 1.0, 1.0, 1.0, 1.0, 1.0, 1.0, 1.0, 1.0, 1.0, 1.0, 1.0, 1.0, 1.0, 1.0, 1.0, 1.0, 1.0, 1.0, 1.0, 1.0, 1.0, 1.0, 1.0, 1.0, 1.0, 1.0, 1.0, 1.0, 1.0, 1.0, 1.0, 1.0, 1.0, 1.0, 1.0, 1.0, 1.0, 1.0, 1.0, 1.0, 1.0, 1.0, 1.0, 1.0, 1.0, 1.0, 1.0, 1.0, 1.0, 1.0, 1.0, 1.0, 1.0, 1.0, 1.0, 1.0, 1.0, 1.0, 1.0, 1.0, 1.0, 1.0, 1.0, 1.0, 1.0, 1.0, 1.0, 1.0, 1.0, 1.0, 1.0, 1.0, 1.0, 1.0, 1.0, 1.0, 1.0, 1.0, 1.0, 1.0, 1.0, 1.0, 1.0, 1.0, 1.0, 1.0, 1.0, 1.0, 1.0, 1.0, 1.0, 1.0, 1.0, 1.0, 1.0, 1.0, 1.0, 1.0, 1.0, 1.0, 1.0, 1.0, 1.0, 1.0, 1.0, 1.0, 1.0, 1.0, 1.0, 1.0, 1.0, 1.0, 1.0, 1.0, 1.0, 1.0, 1.0, 1.0, 1.0, 1.0, 1.0, 1.0, 1.0, 1.0, 1.0, 1.0, 1.0, 1.0, 1.0, 1.0, 1.0, 1.0, 1.0, 1.0, 1.0, 1.0, 1.0, 1.0, 1.0, 1.0, 1.0, 1.0, 1.0, 1.0, 1.0, 1.0, 1.0, 1.0, 1.0, 1.0, 1.0, 1.0, 1.0, 1.0, 1.0, 1.0, 1.0, 1.0, 1.0], "min_weight": 0.95, "max_distance": 5}