{"n_items": 40, "weights": [0.00364447464449308, 0.00546234595642704, 0.00772579074962087, 0.00955346800443799, 0.0135223487769665, 0.00973297912276576, 0.01342372121338, 0.0131567430113851, 0.0209994312161141, 0.0114106107044941, 0.00710186205986904, 0.010484955997532, 0.0173586290726423, 0.0279316220848145, 0.0479463822624725, 0.0839869209071443, 0.148818013472858, 0.0426482286217559, 0.076623677842958, 0.139374451591737, 0.235028924204425, 0.0159582241468672, 0.0284192321466567, 0.00496863490804122, 0.000969712920245658, 0.00108103073551537, 0.00176608159579532, 0.000383309883198482, 0.000229715210461378, 0.000132381941785137, 3.29062271117945e-05, 5.51287259088603e-05, 2.38702581998677e-05, 2.05079070438202e-05, 3.16712903750624e-06, 2.60238897900826e-06, 3.19218348318224e-06, 4.72302265582595e-06, 3.86265689786221e-06, 6.1344938214724e-06], "profits": [1.0, 1.0, 1.0, 1.0, 1.0, 1.0, 1.0, 1.0, 1.0, 1.0, 1.0, 1.0, 1.0, 1.0, 1.0, 1.0, 1.0, 1.0, 1.0, 1.0, 1.0, 1.0, 1.0, 1.0, 1.0, 1.0, 1.0, 1.0, 1.0, 1.0, 1.0, 1.0, 1.0, 1.0, 1.0, 1.0, 1.0, 1.0, 1.0, 1.0], "min_weight": 0.95, "max_distance": 5}