{"n_items": 200, "weights": [4.55858196373424e-06, 1.32294924167907e-06, 1.81939636400739e-06, 8.20896797669698e-07, 1.12808080422915e-06, 9.0982056185594e-07, 8.20060770499448e-07, 6.95082055033386e-07, 9.43407704075849e-07, 1.27198422543001e-06, 1.5673398901185e-06, 9.54352537944125e-07, 1.27087960005122e-06, 1.31185962718033e-06, 1.52803199103755e-06, 2.12110585435574e-06, 1.70263786769424e-06, 1.97333665346195e-06, 2.51764021670267e-06, 3.32195158608696e-06, 3.96056944902539e-06, 4.92736429958442e-06, 3.87027723470361e-06, 1.76779204953305e-06, 1.67845675280265e-06, 2.33122345172647e-06, 2.24190088867637e-06, 3.15481449179056e-06, 9.53996470480736e-07, 7.83022449584594e-07, 1.00681285655614e-06, 1.24873054548386e-06, 1.64423424125531e-06, 1.57283511751799e-06, 1.62300588709102e-06, 1.59560924413885e-06, 2.24354633758473e-06, 2.8470261636882e-06, 1.92852674182167e-06, 2.71327079231739e-06, 1.85210810200322e-06, 2.10984456344253e-06, 2.85363858696194e-06, 3.87974484237057e-06, 5.52134160992911e-06, 7.81042057444935e-06, 9.58451289535128e-06, 1.35709413569497e-05, 7.39281838528434e-06, 1.07067001050553e-05, 1.53964973631121e-05, 2.24280366872723e-05, 3.07786570120646e-05, 4.05649877764809e-05, 3.68437404964211e-05, 3.64650547282081e-05, 3.76135216753837e-05, 2.73042303886372e-05, 1.90108071330675e-05, 2.78977909298799e-05, 4.10918261588747e-05, 6.01192377696071e-05, 8.14271443393494e-05, 8.58577204016552e-05, 5.74593617923996e-05, 8.28641347932451e-05, 0.000122640872289229, 0.000181689804027767, 0.000211323376207569, 0.000260096846727128, 0.000358170176865066, 0.00051968318636166, 0.000744820960948781, 0.00114242269491083, 0.00156522628345336, 0.00234337466714512, 0.00311986623461386, 0.00478991831954957, 0.00494663407176968, 0.00616868527625825, 0.00574183142219131, 0.00463727785321894, 0.00724198963625512, 0.0113955443478529, 0.00856167151700373, 0.0135218717257028, 0.0207261819252126, 0.0326294314103513, 0.0419645851961504, 0.0606242688861397, 0.0507601564107987, 0.0595650108008763, 0.0546356713728706, 0.011548009916438, 0.0071902252183278, 0.0100202773541248, 0.0122034494240059, 0.0197942459408957, 0.0246227958713597, 0.0172543770710402, 0.0164005478687397, 0.0243085344976829, 0.0389456958202074, 0.0622157447762606, 0.089876996536654, 0.0952542154267304, 0.156105805802622, 0.00253178907037588, 0.00223724146092288, 0.00350280983978221, 0.000660437466249604, 0.00106149455178358, 0.000885286470643089, 0.000699585241907467, 0.000962297951221535, 0.000574729060928442, 0.000666183133077089, 0.000251664213790303, 0.000180098467633243, 0.00029900658238696, 8.25499261314403e-05, 6.18639141636271e-05, 7.77700762382454e-05, 7.83763419150316e-05, 3.17803987124324e-05, 3.49388228656486e-05, 1.25210202686442e-05, 2.06604406153039e-05, 2.55268251630554e-06, 1.97924388738381e-06, 3.15286859049314e-06, 4.20175632707264e-06, 5.53451148126555e-06, 8.55245232000212e-07, 6.05723510839205e-07, 3.49959462277028e-07, 5.48787161187053e-07, 3.05100760964437e-07, 4.91088774955417e-07, 7.52903585107902e-08, 2.3988229606603e-08, 3.47598652708126e-08, 5.76334309033877e-08, 6.17909015907488e-08, 1.56175426604558e-08, 5.40531730539114e-09, 7.37321639936322e-09, 9.83886522243681e-09, 4.19622693036356e-10, 2.40897125412883e-10, 2.45779710095639e-10, 3.97989831855455e-10, 5.4261713271337e-10, 7.25244867201403e-10, 1.19688334512617e-09, 2.01529628273679e-09, 2.48238301863832e-09, 2.00939245556478e-09, 3.45650708170905e-09, 5.96203492131032e-09, 3.09869036711862e-09, 1.92908624328953e-12, 2.97692119771086e-12, 4.60316115301967e-12, 2.44061433905648e-12, 3.34216306482828e-12, 5.19167437928532e-12, 7.72184116056954e-12, 1.16549607178868e-11, 5.10399248102565e-12, 6.95512348148749e-12, 3.5915000694367e-12, 5.68722325718144e-13, 1.43505385381426e-13, 1.5978361804473e-13, 3.22968787907256e-14, 9.07454491376052e-15, 7.16873249402625e-15, 8.13234437995026e-15, 7.64215750172983e-15, 5.70272015455607e-15, 8.5414841747418e-15, 3.1038599625309e-15, 3.63468956118822e-15, 1.79145419075056e-15, 2.73325866986235e-15, 2.63033955451896e-15, 4.23494280782862e-15, 4.71783664510585e-15, 6.14921112244186e-15, 4.10827770322549e-15, 5.48309053686503e-15, 1.02419070672535e-14, 1.18696117885116e-15, 9.19105298343914e-16, 5.44696780565405e-16, 5.87555486113388e-16, 7.91707441216331e-16, 2.99632805702274e-16, 6.5895568714369e-16], "profits": [1.0, 1.0, 1.0, 1.0, 1.0, 1.0, 1.0, 1.0, 1.0, 1.0, 1.0, 1.0, 1.0, 1.0, 1.0, 1.0, 1.0, 1.0, 1.0, 1.0, 1.0, 1.0, 1.0, 1.0, 1.0, 1.0, 1.0, 1.0, 1.0, 1.0, 1.0, 1.0, 1.0, 1.0, 1.0, 1.0, 1.0, 1.0, 1.0, 1.0, 1.0, 1.0, 1.0, 1.0, 1.0, 1.0, 1.0, 1.0, 1.0, 1.0, 1.0, 1.0, 1.0, 1.0, 1.0, 1.0, 1.0, 1.0, 1.0, 1.0, 1.0, 1.0, 1.0, 1.0, 1.0, 1.0, 1.0, 1.0, 1.0, 1.0, 1.0, 1.0, 1.0, 1.0, 1.0, 1.0, 1.0, 1.0, 1.0, 1.0, 1.0, 1.0, 1.0, 1.0, 1.0, 1.0, 1.0, 1.0, 1.0, 1.0, 1.0, 1.0, 1.0, 1.0, 1.0, 1.0, 1.0, 1.0, 1.0, 1.0, 1.0, 1.0, 1.0, 1.0, 1.0, 1.0, 1.0, 1.0, 1.0, 1.0, 1.0, 1.0, 1.0, 1.0, 1.0, 1.0, 1.0, 1.0, 1.0, 1.0, 1.0, 1.0, 1.0, 1.0, 1.0, 1.0, 1.0, 1.0, 1.0, 1.0, 1.0, 1.0, 1.0, 1.0, 1.0, 1.0, 1.0, 1.0, 1.0, 1.0, 1.0, 1.0, 1.0, 1.0, 1.0, 1.0, 1.0, 1.0, 1.0, 1.0, 1.0, 1.0, 1.0, 1.0, 1.0, 1.0, 1.0, 1.0, 1.0, 1.0, 1.0, 1.0, 1.0, 1.0, 1.0, 1.0, 1.0, 1.0, 1.0, 1.0, 1.0, 1.0, 1.0, 1.0, 1.0, 1.0, 1.0, 1.0, 1.0, 1.0, 1.0, 1.0, 1.0, 1.0, 1.0, 1.0, 1.0, 1.0, 1.0, 1.0, 1.0, 1.0, 1.0, 1.0, 1.0, 1.0, 1.0, 1.0, 1.0, 1.0], "min_weight": 0.9, "max_distance": 5}