{"n_items": 200, "weights": [0.000802024194752789, 0.001212057379394, 0.00190084593653811, 0.00298789289543141, 0.00449732380054309, 0.00588860675232199, 0.00905469119541359, 0.0138618160199752, 0.021445206136855, 0.0130427578121712, 0.0187294070446366, 0.0132997335480122, 0.0187225299028142, 0.0266756993887368, 0.0420815174356963, 0.0543681141850055, 0.0792239170913176, 0.0871433243753071, 0.0679199742741192, 0.103617420974536, 0.166977760333691, 0.113315604066486, 0.0994559277780351, 0.0196132931792285, 0.00297312423667909, 0.000661364228496379, 0.00101836881269047, 0.000820108080577337, 0.000859877340713398, 0.000424507202233776, 0.000622429090961608, 0.000396154709568168, 0.000339067709993313, 0.000539138922220477, 0.000866238304017041, 0.00113007455471582, 0.00124260967221433, 0.000589369068784094, 0.00021165476316781, 0.000335076006876445, 0.000482342264922179, 0.000124863918339928, 0.000110856265195581, 0.000163089292138877, 3.16620173020379e-05, 4.25645100595195e-05, 5.67474590257864e-05, 9.73166873914022e-06, 1.02673705383687e-05, 1.64786152541666e-05, 9.20998822620804e-06, 1.37750423112731e-05, 2.25033347515884e-05, 3.12121276480382e-05, 1.42738510229417e-06, 1.22485494232539e-06, 1.50242300071601e-06, 1.24857423301376e-07, 1.78487093607675e-07, 2.79666923098346e-07, 1.71357273389676e-07, 2.76383983947674e-07, 4.37040331500039e-07, 5.024328240255e-07, 4.58428874410581e-07, 6.68484585825351e-07, 2.74039846713166e-07, 2.34859169901479e-07, 9.39531065719483e-08, 3.01159752165379e-08, 3.00871914961302e-08, 4.10301148191702e-08, 3.05519436639129e-08, 3.59565766585226e-08, 3.22346236838888e-08, 7.57727200486959e-09, 3.72604426900583e-09, 3.62079344990794e-09, 4.87476953044248e-09, 7.99450132749389e-09, 6.24453618738219e-10, 7.48024686192656e-10, 8.27684901366307e-10, 1.34840324431167e-09, 4.98098198016091e-10, 7.38533692214136e-10, 8.18678680120334e-11, 4.80677030967573e-11, 2.64401685239359e-11, 2.07108726226932e-11, 3.32413886824762e-11, 4.50038770168541e-11, 5.9285927280256e-11, 6.31359372873604e-11, 7.03939825209045e-11, 5.07666950848252e-11, 6.96853878249866e-12, 2.31442794745941e-12, 1.07687654854355e-12, 6.49468130374331e-13, 9.61054222316971e-13, 1.31122648872347e-13, 1.74495808835525e-14, 1.73234842643546e-14, 2.6909579010965e-14, 2.52639875012345e-14, 3.79247100591618e-15, 4.6793061549722e-15, 7.49203659890885e-15, 1.37581458339512e-15, 7.76569173774099e-16, 8.69388059278746e-16, 7.16083325882096e-16, 5.38958399291588e-16, 7.51737823141357e-16, 3.29847278604458e-16, 2.96531205588319e-16, 3.89076274296216e-16, 2.678943141126e-16, 4.00449275351423e-16, 2.30543192018005e-16, 4.30984458361807e-17, 3.19765900827126e-17, 4.97044276584276e-17, 7.65119879312243e-17, 9.76097513299559e-17, 1.57855041613182e-16, 1.14223399491745e-16, 1.46409414516698e-16, 2.13450911665639e-16, 1.00318523600498e-16, 1.44989291437913e-16, 6.81695776031622e-17, 4.77498217559329e-17, 7.55113586621677e-17, 7.73449250773729e-17, 6.59094011740911e-17, 7.71837312973622e-18, 3.00207337710327e-18, 1.0581379299351e-18, 1.7176223772505e-18, 2.72077955077764e-18, 9.787808703588e-19, 6.72255544526804e-19, 8.89305869318695e-19, 1.08376987155235e-18, 3.99494110845648e-19, 6.59721185847903e-19, 5.93254837353384e-19, 8.45685917509941e-19, 4.22513313546288e-20, 2.79131274918786e-20, 3.53507225542787e-20, 5.81473092409937e-20, 9.04375470879945e-20, 1.56764749195353e-20, 3.22640232753767e-21, 5.22947545188513e-21, 8.5748406162559e-21, 1.42409462700706e-20, 1.98574750473528e-20, 2.85951072670456e-20, 4.79241682927978e-20, 3.20179701053213e-20, 5.28276572550267e-21, 7.90102220809619e-21, 4.4097941239213e-22, 5.32235454385516e-22, 8.86829602466901e-22, 2.29832350305587e-22, 2.9135694084352e-22, 1.20754112155816e-23, 1.27907229614972e-23, 3.6462220841863e-24, 4.33352212000648e-24, 6.74394388667973e-24, 8.77564801963312e-24, 1.41123932502919e-23, 1.9993948015907e-23, 3.33824281888519e-23, 2.51597296625513e-23, 2.94839535643245e-23, 4.8463481612133e-24, 3.09481916074298e-24, 5.30921074779293e-24, 4.77748501903449e-25, 7.81996469108199e-25, 1.26184936152461e-24, 1.05268157848708e-24, 4.30627852909852e-26, 4.77622670437688e-26, 5.9589939158391e-26, 8.93937302801029e-26, 1.51621945392616e-25, 2.43820375813645e-25, 4.14652922762556e-25, 2.35198399290417e-25, 3.3283219816306e-26, 6.18432589564102e-26, 6.9323491975043e-26], "profits": [1.0, 1.0, 1.0, 1.0, 1.0, 1.0, 1.0, 1.0, 1.0, 1.0, 1.0, 1.0, 1.0, 1.0, 1.0, 1.0, 1.0, 1.0, 1.0, 1.0, 1.0, 1.0, 1.0, 1.0, 1.0, 1.0, 1.0, 1.0, 1.0, 1.0, 1.0, 1.0, 1.0, 1.0, 1.0, 1.0, 1.0, 1.0, 1.0, 1.0, 1.0, 1.0, 1.0, 1.0, 1.0, 1.0, 1.0, 1.0, 1.0, 1.0, 1.0, 1.0, 1.0, 1.0, 1.0, 1.0, 1.0, 1.0, 1.0, 1.0, 1.0, 1.0, 1.0, 1.0, 1.0, 1.0, 1.0, 1.0, 1.0, 1.0, 1.0, 1.0, 1.0, 1.0, 1.0, 1.0, 1.0, 1.0, 1.0, 1.0, 1.0, 1.0, 1.0, 1.0, 1.0, 1.0, 1.0, 1.0, 1.0, 1.0, 1.0, 1.0, 1.0, 1.0, 1.0, 1.0, 1.0, 1.0, 1.0, 1.0, 1.0, 1.0, 1.0, 1.0, 1.0, 1.0, 1.0, 1.0, 1.0, 1.0, 1.0, 1.0, 1.0, 1.0, 1.0, 1.0, 1.0, 1.0, 1.0, 1.0, 1.0, 1.0, 1.0, 1.0, 1.0, 1.0, 1.0, 1.0, 1.0, 1.0, 1.0, 1.0, 1.0, 1.0, 1.0, 1.0, 1.0, 1.0, 1.0, 1.0, 1.0, 1.0, 1.0, 1.0, 1.0, 1.0, 1.0, 1.0, 1.0, 1.0, 1.0, 1.0, 1.0, 1.0, 1.0, 1.0, 1.0, 1.0, 1.0, 1.0, 1.0, 1.0, 1.0, 1.0, 1.0, 1.0, 1.0, 1.0, 1.0, 1.0, 1.0, 1.0, 1.0, 1.0, 1.0, 1.0, 1.0, 1.0, 1.0, 1.0, 1.0, 1.0, 1.0, 1.0, 1.0, 1.0, 1.0, 1.0, 1.0, 1.0, 1.0, 1.0, 1.0, 1.0, 1.0, 1.0, 1.0, 1.0, 1.0, 1.0], "min_weight": 0.9, "max_distance": 5}