{"n_items": 200, "weights": [1.1270803552749e-30, 1.83183270778189e-30, 3.10012133161166e-30, 5.25842669347594e-30, 8.50526597847618e-30, 1.18216768915162e-29, 1.95708397851643e-29, 3.22468660974742e-29, 5.37432252786635e-29, 3.3538971790692e-29, 5.17730972691923e-29, 3.870154135595e-29, 5.87016205535249e-29, 9.02802388388609e-29, 1.53941875876122e-28, 2.16707827798397e-28, 3.43903140049341e-28, 4.29433594650408e-28, 4.14426676578077e-28, 6.93812360146262e-28, 1.21295918573753e-27, 1.27928316227482e-27, 1.64671650150435e-27, 1.13784805419365e-27, 7.18572874462766e-28, 5.36546715760132e-28, 9.32405321699424e-28, 1.22384572015791e-27, 1.80559264177359e-27, 1.92199621688649e-27, 3.29442166277401e-27, 3.93169209832543e-27, 5.34836580904875e-27, 9.55226901640983e-27, 1.71675331333731e-26, 2.82324340703964e-26, 4.31968295362775e-26, 4.5986435442713e-26, 4.34098650767789e-26, 7.83157051212546e-26, 1.35807631777186e-25, 1.11719801296531e-25, 1.57521103154089e-25, 2.77541827087293e-25, 2.01661946493557e-25, 3.43071969590707e-25, 5.82664727849655e-25, 4.01347329509524e-25, 6.17316718631197e-25, 1.14564516153969e-24, 1.3353031390583e-24, 2.41242901900303e-24, 4.54098300088808e-24, 7.96613532029658e-24, 3.06854815373074e-24, 4.36423507660927e-24, 7.30133373483862e-24, 3.63608438256498e-24, 6.55208934283781e-24, 1.2332992215798e-23, 1.52060249803704e-23, 2.91365469532195e-23, 5.5441842678894e-23, 9.15317675719944e-23, 1.36433220147503e-22, 2.51987256557836e-22, 2.62621583219509e-22, 3.83043390610935e-22, 3.95689921857983e-22, 3.69346315833724e-22, 5.81528810066429e-22, 1.05884086187857e-21, 1.46387833863358e-21, 2.50372073955638e-21, 3.78831223072939e-21, 3.09709014451916e-21, 3.56166930941154e-21, 5.63334925577561e-21, 1.03962693069188e-20, 2.10784412535576e-20, 1.03590922661519e-20, 1.8265830685257e-20, 3.11140010759855e-20, 6.37158635889365e-20, 6.51967847342251e-20, 1.28540837558264e-19, 7.46098047533494e-20, 9.53497061220107e-20, 1.18350778057463e-19, 1.74427954093636e-19, 3.63701925188745e-19, 7.0086076333828e-19, 1.33686049393027e-18, 2.31083419197889e-18, 4.09557073383695e-18, 5.91517028050152e-18, 3.85815430142261e-18, 3.8403447450042e-18, 4.50665937481308e-18, 6.01644094583383e-18, 1.25130326812151e-17, 8.07296042588085e-18, 5.08837898023772e-18, 8.79544281137209e-18, 1.91117604885457e-17, 3.23530801972823e-17, 2.17333351090743e-17, 4.25925776466329e-17, 9.56050425981198e-17, 7.14248375795848e-17, 9.47705209357036e-17, 1.79696708969925e-16, 2.91977424916144e-16, 4.54589967052451e-16, 9.77562476850379e-16, 1.160559357964e-15, 2.00551698496852e-15, 4.2351431338694e-15, 6.4285024591267e-15, 1.46503027596893e-14, 2.0450910938723e-14, 1.58701534842819e-14, 2.54418527815747e-14, 6.05621897707879e-14, 1.43903411753219e-13, 3.11099226286583e-13, 7.64081584406868e-13, 1.24121908947759e-12, 2.72738804249359e-12, 6.43422933612463e-12, 8.49345801938484e-12, 2.01672047433475e-11, 2.6899734543506e-11, 4.43386121835405e-11, 1.1226263989382e-10, 2.28022060822128e-10, 4.23494843440524e-10, 2.80013262110181e-10, 3.46778382848674e-10, 4.08038494884243e-10, 1.09768095963018e-09, 2.92638752505259e-09, 3.55567413205306e-09, 6.14164719740477e-09, 1.52000867675865e-08, 3.62153322842034e-08, 4.5748154351201e-08, 1.3032200267212e-07, 2.6971283906948e-07, 7.19063927868606e-07, 3.15906602711042e-07, 5.64847295810964e-07, 1.45984024632403e-06, 4.38395432878162e-06, 1.28364774185375e-05, 1.14352631754386e-05, 1.10815270086272e-05, 3.45807210989865e-05, 0.000109184559943547, 0.000349079228023541, 0.00102075383602002, 0.00306095141134557, 0.0100327881964734, 0.0201778010980155, 0.0185878292718127, 0.0594164866353011, 0.0251925581490635, 0.0724658630074607, 0.258759062524549, 0.148608830905682, 0.382140920742652, 2.11332902381713e-12, 3.43361390456729e-13, 2.16401889658101e-18, 9.04244769430328e-19, 2.80995308466274e-18, 2.02543293762319e-18, 6.39258622993619e-18, 7.13105509475607e-18, 2.29275532698655e-17, 2.5847925442067e-19, 6.1810351193054e-20, 1.52648160711679e-26, 5.14884090485359e-29, 1.95430943289928e-28, 3.93810689035084e-37, 1.42467550600525e-36, 3.68544991054154e-36, 7.77045414945507e-38, 9.89064604307197e-50, 2.60848561412799e-50, 1.67367776167416e-50, 3.71787126667724e-50, 1.37423078340693e-49, 2.20380912010573e-49, 3.306369661032e-49, 3.19096239169617e-52, 1.14766538793841e-59, 3.35527368642545e-59, 5.51811188892446e-61], "profits": [1.0, 1.0, 1.0, 1.0, 1.0, 1.0, 1.0, 1.0, 1.0, 1.0, 1.0, 1.0, 1.0, 1.0, 1.0, 1.0, 1.0, 1.0, 1.0, 1.0, 1.0, 1.0, 1.0, 1.0, 1.0, 1.0, 1.0, 1.0, 1.0, 1.0, 1.0, 1.0, 1.0, 1.0, 1.0, 1.0, 1.0, 1.0, 1.0, 1.0, 1.0, 1.0, 1.0, 1.0, 1.0, 1.0, 1.0, 1.0, 1.0, 1.0, 1.0, 1.0, 1.0, 1.0, 1.0, 1.0, 1.0, 1.0, 1.0, 1.0, 1.0, 1.0, 1.0, 1.0, 1.0, 1.0, 1.0, 1.0, 1.0, 1.0, 1.0, 1.0, 1.0, 1.0, 1.0, 1.0, 1.0, 1.0, 1.0, 1.0, 1.0, 1.0, 1.0, 1.0, 1.0, 1.0, 1.0, 1.0, 1.0, 1.0, 1.0, 1.0, 1.0, 1.0, 1.0, 1.0, 1.0, 1.0, 1.0, 1.0, 1.0, 1.0, 1.0, 1.0, 1.0, 1.0, 1.0, 1.0, 1.0, 1.0, 1.0, 1.0, 1.0, 1.0, 1.0, 1.0, 1.0, 1.0, 1.0, 1.0, 1.0, 1.0, 1.0, 1.0, 1.0, 1.0, 1.0, 1.0, 1.0, 1.0, 1.0, 1.0, 1.0, 1.0, 1.0, 1.0, 1.0, 1.0, 1.0, 1.0, 1.0, 1.0, 1.0, 1.0, 1.0, 1.0, 1.0, 1.0, 1.0, 1.0, 1.0, 1.0, 1.0, 1.0, 1.0, 1.0, 1.0, 1.0, 1.0, 1.0, 1.0, 1.0, 1.0, 1.0, 1.0, 1.0, 1.0, 1.0, 1.0, 1.0, 1.0, 1.0, 1.0, 1.0, 1.0, 1.0, 1.0, 1.0, 1.0, 1.0, 1.0, 1.0, 1.0, 1.0, 1.0, 1.0, 1.0, 1.0, 1.0, 1.0, 1.0, 1.0, 1.0, 1.0, 1.0, 1.0, 1.0, 1.0, 1.0, 1.0], "min_weight": 0.9, "max_distance": 3}