{"n_items": 200, "weights": [1.6521429210645e-14, 4.86523615043685e-15, 6.65197064416776e-15, 3.0287312482947e-15, 4.13750509055085e-15, 3.34129874628045e-15, 3.01101694298845e-15, 2.5537436898334e-15, 3.44594118365613e-15, 4.61965707079723e-15, 5.66690668095124e-15, 3.46797121742608e-15, 4.59248452874486e-15, 4.73048793290642e-15, 5.48927404682627e-15, 7.57341273575154e-15, 6.08658259429694e-15, 7.02809400502326e-15, 8.92196592604968e-15, 1.17085913006673e-14, 1.3902605156952e-14, 1.7216340212029e-14, 1.35410358734082e-14, 6.23842044135338e-15, 5.91655801065966e-15, 8.16644165173422e-15, 7.84319942941898e-15, 1.09665957025945e-14, 3.36406649000808e-15, 2.76358986496525e-15, 3.53440995009844e-15, 4.36241811842744e-15, 5.71165966518462e-15, 5.45646141600397e-15, 5.61724896528721e-15, 5.51298741439759e-15, 7.700846011964e-15, 9.72185661840438e-15, 6.60695115296239e-15, 9.234222650925e-15, 6.32327408966268e-15, 7.17594634430597e-15, 9.64659029865347e-15, 1.3034833903005e-14, 1.84257637528026e-14, 2.58931395493556e-14, 3.16241603327612e-14, 4.44841080777286e-14, 2.43714813152006e-14, 3.50521999506832e-14, 5.00641555141303e-14, 7.24249203760168e-14, 9.87821857288841e-14, 1.29461316068955e-13, 1.17466722987433e-13, 1.1601780792478e-13, 1.1936058496592e-13, 8.68014261058916e-14, 6.05797125148146e-14, 8.82673432374557e-14, 1.29088608919794e-13, 1.87544019508127e-13, 2.52490303215868e-13, 2.6545022691365e-13, 1.78133730777604e-13, 2.55139728502812e-13, 3.74930015951562e-13, 5.51521375157666e-13, 6.38847538505397e-13, 7.82545644691955e-13, 1.07102547242233e-12, 1.54355248664016e-12, 2.19783520215494e-12, 3.34640660369166e-12, 4.55841345420192e-12, 6.77760159875472e-12, 8.97821363527231e-12, 1.36861430716887e-11, 1.41448649716136e-11, 1.7599196686463e-11, 1.6483275403825e-11, 1.34748659385704e-11, 2.08935952266501e-11, 3.26395596136381e-11, 2.51308801359513e-11, 3.9409886635778e-11, 6.00962430600054e-11, 9.4024510190738e-11, 1.22399388131908e-10, 1.77728213758005e-10, 1.62973674559158e-10, 2.0126397525192e-10, 2.07418090980296e-10, 7.21461717985899e-11, 5.69454998029701e-11, 8.22568714266297e-11, 1.07785995730481e-10, 1.74754270644177e-10, 2.34420352845929e-10, 2.10972414422231e-10, 2.36974556043836e-10, 3.63415032431206e-10, 5.89052724568232e-10, 9.55397520502111e-10, 1.46295242985073e-09, 1.90940913042467e-09, 3.17828489399004e-09, 8.71760855218915e-10, 1.1474402897515e-09, 1.89971557972072e-09, 1.37129156877705e-09, 2.31057146513833e-09, 3.01450402511957e-09, 3.86228796587218e-09, 6.18521030147964e-09, 7.14146989797875e-09, 1.07636249355332e-08, 1.04132325687383e-08, 1.30268737656286e-08, 2.29210614282031e-08, 1.96676329166467e-08, 2.52872841386394e-08, 4.02523417756008e-08, 5.88029153645139e-08, 5.94516033068452e-08, 9.06581604822454e-08, 8.74603281931232e-08, 1.58990968834712e-07, 9.8746895297323e-08, 1.32063833171158e-07, 2.40181934554754e-07, 4.07020105402743e-07, 6.8950212164484e-07, 4.73901631806149e-07, 6.21975881321819e-07, 7.50691091270981e-07, 1.39882283260036e-06, 1.67526350709578e-06, 3.19055270494144e-06, 2.19721994825514e-06, 2.07382823117809e-06, 3.84661537784191e-06, 7.61222466418688e-06, 1.24901420953329e-05, 1.08314496629737e-05, 1.0791743597699e-05, 2.01001604608928e-05, 3.72845497297377e-05, 1.42782088916744e-05, 1.81000613886205e-05, 3.03043277718675e-05, 6.35505015740696e-05, 0.000123632341267929, 0.000239863912881666, 0.000516845886355099, 0.0011308544730238, 0.00215591368056331, 0.00341047579105114, 0.00770343879057801, 0.0175370005154773, 0.0229189332142593, 0.000971407182906599, 0.00221415181987556, 0.00508579135679196, 0.00663933793538858, 0.0145743585153386, 0.0345063496489757, 0.0802865524391802, 0.188978873422701, 0.178590002457941, 0.374967425743831, 0.0571157848597437, 8.82841870364917e-05, 5.41865918915952e-07, 4.02699174945701e-07, 1.10340100962347e-09, 7.83347820532431e-12, 1.89046946475784e-12, 1.59992759235895e-12, 6.99579531187642e-13, 1.38086711504065e-13, 2.90930374352106e-13, 4.89247939904582e-15, 4.5239213554534e-15, 2.07130940765333e-16, 4.76939003060733e-16, 2.18341474241316e-16, 5.38333147241364e-16, 3.77704115513661e-16, 4.20572969436442e-16, 5.64147319816926e-17, 6.36299839477724e-17, 1.81182565687959e-16, 1.12091602113376e-19, 2.22870584777931e-20, 1.77472097092317e-21, 9.59089298578773e-22, 9.19153709920512e-22, 1.1081492284696e-23, 3.60938047911528e-23], "profits": [1.0, 1.0, 1.0, 1.0, 1.0, 1.0, 1.0, 1.0, 1.0, 1.0, 1.0, 1.0, 1.0, 1.0, 1.0, 1.0, 1.0, 1.0, 1.0, 1.0, 1.0, 1.0, 1.0, 1.0, 1.0, 1.0, 1.0, 1.0, 1.0, 1.0, 1.0, 1.0, 1.0, 1.0, 1.0, 1.0, 1.0, 1.0, 1.0, 1.0, 1.0, 1.0, 1.0, 1.0, 1.0, 1.0, 1.0, 1.0, 1.0, 1.0, 1.0, 1.0, 1.0, 1.0, 1.0, 1.0, 1.0, 1.0, 1.0, 1.0, 1.0, 1.0, 1.0, 1.0, 1.0, 1.0, 1.0, 1.0, 1.0, 1.0, 1.0, 1.0, 1.0, 1.0, 1.0, 1.0, 1.0, 1.0, 1.0, 1.0, 1.0, 1.0, 1.0, 1.0, 1.0, 1.0, 1.0, 1.0, 1.0, 1.0, 1.0, 1.0, 1.0, 1.0, 1.0, 1.0, 1.0, 1.0, 1.0, 1.0, 1.0, 1.0, 1.0, 1.0, 1.0, 1.0, 1.0, 1.0, 1.0, 1.0, 1.0, 1.0, 1.0, 1.0, 1.0, 1.0, 1.0, 1.0, 1.0, 1.0, 1.0, 1.0, 1.0, 1.0, 1.0, 1.0, 1.0, 1.0, 1.0, 1.0, 1.0, 1.0, 1.0, 1.0, 1.0, 1.0, 1.0, 1.0, 1.0, 1.0, 1.0, 1.0, 1.0, 1.0, 1.0, 1.0, 1.0, 1.0, 1.0, 1.0, 1.0, 1.0, 1.0, 1.0, 1.0, 1.0, 1.0, 1.0, 1.0, 1.0, 1.0, 1.0, 1.0, 1.0, 1.0, 1.0, 1.0, 1.0, 1.0, 1.0, 1.0, 1.0, 1.0, 1.0, 1.0, 1.0, 1.0, 1.0, 1.0, 1.0, 1.0, 1.0, 1.0, 1.0, 1.0, 1.0, 1.0, 1.0, 1.0, 1.0, 1.0, 1.0, 1.0, 1.0, 1.0, 1.0, 1.0, 1.0, 1.0, 1.0], "min_weight": 0.95, "max_distance": 5}