{"n_items": 200, "weights": [5.14199612169029e-25, 7.17417035862969e-25, 1.09478130046267e-24, 1.46506418777479e-24, 1.9608087907707e-24, 2.88683689403878e-24, 4.47594622357941e-24, 6.16815548794167e-24, 2.29179111096409e-24, 2.38425588039707e-24, 3.73045723932005e-24, 5.57254188584846e-24, 8.6845779329345e-24, 1.36966009648326e-23, 1.49135040118347e-23, 2.14810504516587e-23, 2.04267857631019e-23, 1.75441719714663e-23, 2.33083738270357e-23, 3.70092916510748e-23, 4.57692641584951e-23, 6.12193208014121e-23, 2.37770005920627e-23, 3.32787679901067e-23, 1.41050420933468e-23, 1.40653762000663e-23, 2.16529253510188e-23, 3.02604707640202e-23, 3.88787339051823e-23, 6.26452102465508e-23, 9.96014157730997e-23, 5.74826861221767e-23, 9.32067247134024e-23, 1.14323349884625e-22, 1.84709452806938e-22, 1.69441433396268e-22, 1.48259104515347e-22, 2.33642723282385e-22, 1.49264399835928e-22, 2.37676733921983e-22, 3.44111618600906e-22, 3.95658754799163e-22, 5.47858437870831e-22, 7.3579554534709e-22, 9.87079571515379e-22, 1.23123933332248e-21, 2.059162676049e-21, 3.39795672228345e-21, 5.56059326115334e-21, 8.1276332320611e-21, 1.20213723189682e-20, 1.9409419268347e-20, 3.19227811518646e-20, 3.00939114692992e-20, 1.20552207680433e-20, 1.89930786809094e-20, 2.67375807022035e-20, 3.54429507264355e-20, 5.57832821839038e-20, 8.43770317498406e-20, 1.42430104720806e-19, 1.51433485987381e-19, 2.4696627944279e-19, 3.46031603701359e-19, 5.8503068781235e-19, 7.1433381580565e-19, 7.84009373656303e-19, 1.16595849172676e-18, 1.92153069482022e-18, 3.09402176882456e-18, 3.38489381992251e-18, 5.79327091453493e-18, 5.52865109606176e-18, 7.11241763481112e-18, 1.26606540415401e-17, 1.18890486110877e-17, 1.44644695075319e-17, 1.4076458734943e-17, 2.43746760051155e-17, 3.29033263841822e-17, 3.24154488805066e-17, 4.23205079728391e-17, 7.05806620949681e-17, 7.1374873701755e-17, 1.00577797455424e-16, 1.51594273468923e-16, 2.41197007955761e-16, 3.66290418154977e-16, 1.96772067345844e-16, 2.30845301731049e-16, 2.48412642547295e-16, 2.29293858004954e-16, 2.49456378475608e-16, 4.32432162880388e-16, 7.92003894871428e-16, 1.05077839115968e-15, 2.02109902709266e-15, 2.46400693739076e-15, 3.78910057559227e-15, 3.79714532341808e-15, 5.07599104893955e-15, 9.04504963270735e-15, 1.75475835029517e-14, 3.47980285338307e-14, 3.85071273121325e-14, 6.57010091856815e-14, 9.40489453783061e-14, 1.85172889250864e-13, 2.39951396534857e-13, 4.64033669610621e-13, 5.40524951667165e-13, 5.07328745634668e-13, 8.97027985004791e-13, 4.06387324754236e-13, 7.05608733300938e-13, 1.35633265970303e-12, 1.96282764477915e-12, 3.76205333509611e-12, 6.50629648646093e-12, 1.16711502259337e-11, 1.75809244183422e-11, 1.2795611944086e-11, 1.57429187934825e-11, 7.6653188264488e-12, 7.18922037133403e-12, 1.48412933814627e-11, 2.08930929138172e-11, 4.12570044042733e-11, 9.11870604983729e-11, 1.00696270875357e-10, 2.254129672411e-10, 4.79794168270286e-10, 1.06605834960898e-09, 1.43637238025609e-09, 2.45754924486025e-09, 4.22314767116197e-09, 1.13279753070919e-09, 2.2825680289092e-09, 3.15360841552631e-09, 4.17636568019541e-09, 3.61823129341974e-09, 8.26533166166909e-09, 1.91600343115153e-08, 4.21973483666337e-08, 9.85459875649853e-08, 2.44208434091637e-07, 4.53639340150071e-07, 1.14015248954949e-06, 6.56720632760803e-07, 1.41091141059222e-06, 1.35028692603787e-06, 3.36522757803141e-06, 3.57120868020261e-06, 9.13726808952719e-06, 2.44738380051558e-05, 6.11225447655394e-05, 0.000116415093229282, 0.000214560602044766, 3.63804072742967e-05, 4.89138881312197e-05, 4.88703421467016e-05, 3.13114255445293e-05, 6.52845543020125e-05, 0.000123282307664433, 0.000331886723056008, 0.000852496979137256, 0.00256359966369902, 0.00785626385964092, 0.0227780943646016, 0.0670278443193741, 0.11501594326515, 0.184511954601065, 0.597928154300847, 0.000341176184942286, 1.05039027916731e-07, 3.41699779130592e-07, 6.21397077718526e-11, 1.97261816660595e-10, 4.25986852554928e-10, 9.07614905959831e-10, 7.70593143894362e-15, 2.03645639589927e-14, 6.6829899478178e-15, 2.27097616746417e-16, 2.85560148143011e-16, 3.82590896877358e-16, 7.8408885001948e-19, 3.38560025409617e-22, 8.91067839285286e-25, 2.10328381485998e-24, 1.32956171219147e-28, 1.3434906557521e-34, 4.4223199416663e-35, 1.07342591017496e-35, 5.7443912982192e-37, 1.92242424569106e-36, 3.94503647913796e-36, 4.81490733462588e-36, 4.52459266166343e-37, 3.10256925443579e-42], "profits": [1.0, 1.0, 1.0, 1.0, 1.0, 1.0, 1.0, 1.0, 1.0, 1.0, 1.0, 1.0, 1.0, 1.0, 1.0, 1.0, 1.0, 1.0, 1.0, 1.0, 1.0, 1.0, 1.0, 1.0, 1.0, 1.0, 1.0, 1.0, 1.0, 1.0, 1.0, 1.0, 1.0, 1.0, 1.0, 1.0, 1.0, 1.0, 1.0, 1.0, 1.0, 1.0, 1.0, 1.0, 1.0, 1.0, 1.0, 1.0, 1.0, 1.0, 1.0, 1.0, 1.0, 1.0, 1.0, 1.0, 1.0, 1.0, 1.0, 1.0, 1.0, 1.0, 1.0, 1.0, 1.0, 1.0, 1.0, 1.0, 1.0, 1.0, 1.0, 1.0, 1.0, 1.0, 1.0, 1.0, 1.0, 1.0, 1.0, 1.0, 1.0, 1.0, 1.0, 1.0, 1.0, 1.0, 1.0, 1.0, 1.0, 1.0, 1.0, 1.0, 1.0, 1.0, 1.0, 1.0, 1.0, 1.0, 1.0, 1.0, 1.0, 1.0, 1.0, 1.0, 1.0, 1.0, 1.0, 1.0, 1.0, 1.0, 1.0, 1.0, 1.0, 1.0, 1.0, 1.0, 1.0, 1.0, 1.0, 1.0, 1.0, 1.0, 1.0, 1.0, 1.0, 1.0, 1.0, 1.0, 1.0, 1.0, 1.0, 1.0, 1.0, 1.0, 1.0, 1.0, 1.0, 1.0, 1.0, 1.0, 1.0, 1.0, 1.0, 1.0, 1.0, 1.0, 1.0, 1.0, 1.0, 1.0, 1.0, 1.0, 1.0, 1.0, 1.0, 1.0, 1.0, 1.0, 1.0, 1.0, 1.0, 1.0, 1.0, 1.0, 1.0, 1.0, 1.0, 1.0, 1.0, 1.0, 1.0, 1.0, 1.0, 1.0, 1.0, 1.0, 1.0, 1.0, 1.0, 1.0, 1.0, 1.0, 1.0, 1.0, 1.0, 1.0, 1.0, 1.0, 1.0, 1.0, 1.0, 1.0, 1.0, 1.0, 1.0, 1.0, 1.0, 1.0, 1.0, 1.0], "min_weight": 0.95, "max_distance": 2}