{"n_items": 200, "weights": [7.40317264394454e-05, 0.000143767419150605, 0.00018672623862542, 0.000362660958760959, 0.000381137965041657, 0.000457185269617054, 0.000885594104751632, 0.00137587989233854, 0.00223193167327957, 0.00167040935865602, 0.00255208634082855, 0.00485165372510837, 0.00799249810481852, 0.0114812581470442, 0.0188446837831455, 0.0352358830313808, 0.0693472449866643, 0.11815355696044, 0.187786207305307, 0.164882891800122, 0.309958727916258, 0.00592489799837201, 0.0114188123819002, 0.0208316221978438, 0.0115633936883941, 0.0113734798109032, 4.51385912720042e-07, 8.40769840790324e-07, 7.98609803164504e-07, 1.23830883959899e-06, 2.03583953126238e-06, 1.16980042118355e-06, 2.03660239600142e-06, 7.84253102710048e-07, 1.52631133446079e-06, 3.10472339718991e-06, 1.34930562329368e-06, 2.20771573828832e-06, 1.63010112562792e-06, 2.74056211546057e-06, 5.56272020523242e-06, 4.23797584551697e-06, 1.77986192035307e-08, 1.5931731277218e-08, 2.61502620355534e-08, 5.7380558647342e-10, 1.1017894844591e-09, 5.02135586198275e-10, 7.77883991929485e-11, 3.53380430185567e-11, 4.46320275308144e-11, 8.89966812161001e-13, 1.15420062148541e-12, 7.76120850541832e-13, 1.58168156484413e-12, 3.05583505956201e-12, 9.97853038979508e-13, 1.88193174208656e-12, 3.12045486558813e-12, 3.64062687024611e-15, 8.6616027117903e-16, 1.57156382285773e-15, 3.70578810904895e-16, 5.48910793541433e-16, 9.36154797870952e-16, 1.14633780772753e-15, 7.98286925207426e-16, 1.50706851103137e-15, 9.3440883070282e-17, 1.24303751738396e-16, 7.08433419410916e-18, 1.3333303940452e-17, 1.03558961135735e-19, 8.25642623481418e-20, 1.18487272975637e-19, 2.13454119691891e-19, 3.91459355406e-19, 4.02549726549603e-20, 2.85599206418596e-20, 1.67723688747513e-20, 3.47095713805966e-20, 5.4905702322232e-21, 8.4836040950058e-21, 4.90038298655537e-21, 2.5879752254512e-22, 1.80078705633994e-22, 7.39134234933428e-23, 1.51750371628414e-22, 2.45496664119734e-25, 7.19835477862734e-26, 1.11658046993276e-25, 2.16721965525226e-25, 4.17397960731853e-25, 4.20175223873831e-25, 8.64847982984266e-25, 3.04889918815793e-25, 4.47257251621188e-28, 5.37786294203761e-29, 6.61343611574631e-29, 7.20074152476972e-29, 1.39676960890049e-28, 1.83400357505917e-29, 3.38795940746571e-29, 7.04251066410796e-29, 9.25084057998341e-30, 1.66261255208477e-29, 1.45312714970783e-29, 3.0114223504922e-30, 5.72150116297551e-31, 1.01607199080384e-30, 1.3309072597183e-31, 1.47527415638082e-31, 4.45034041607751e-34, 1.80537492307941e-34, 3.68647061911025e-34, 3.26447077259891e-36, 1.13714399694582e-37, 4.63685453078698e-38, 8.17292149796633e-38, 1.64539659638155e-37, 1.63563944504063e-37, 3.92045151988076e-38, 2.50099144490256e-38, 1.8589458439546e-42, 2.04023508605985e-42, 9.24564876358641e-44, 7.66114946874705e-44, 1.37188983189922e-43, 1.6648961154749e-43, 2.14074851837729e-43, 1.00030321824799e-44, 1.06836524748621e-44, 6.27677008811676e-45, 1.07178748346406e-44, 2.07562926659491e-44, 2.97131744311534e-44, 1.08101409869393e-44, 5.32887103036583e-45, 1.07043846374728e-44, 1.61451379996637e-45, 2.39493514456614e-46, 4.68052478972234e-46, 8.52681930365655e-46, 1.64724650324569e-45, 1.7446422721211e-46, 3.22567898312507e-46, 5.90818379391024e-46, 9.96911784491812e-46, 1.60708150071624e-45, 9.6818045415982e-46, 7.682953797344e-46, 3.77290698925629e-46, 1.54032810971798e-48, 1.6799147837351e-48, 3.54466386157541e-48, 4.67796128630893e-49, 1.68263537581119e-49, 2.04608739071281e-49, 4.236559412581e-49, 3.74080114579247e-52, 6.87284162318153e-52, 7.68386213417869e-52, 1.23434056919981e-51, 5.76967901741666e-52, 9.56456438099738e-52, 1.73063661214837e-51, 1.66755713558429e-51, 9.55823601134471e-52, 2.9208666802465e-54, 4.59544651696049e-54, 8.0980469072504e-54, 1.51121984374256e-53, 1.28216029311748e-54, 2.62155859139109e-56, 1.56649760480528e-56, 7.30025874012338e-57, 4.63865687546409e-57, 1.52106022789027e-57, 2.98818416577145e-57, 1.11373011425126e-57, 5.18068745294594e-58, 7.22151764645101e-58, 8.10799580081758e-58, 2.26837244557128e-59, 9.82092361747938e-60, 3.1815151704407e-60, 9.84231084925773e-61, 1.37973797875431e-61, 2.70451738885338e-61, 5.22130123015036e-61, 1.81040699254402e-61, 1.95146586302816e-61, 5.02059325739793e-61, 1.12655590632255e-62, 1.83809715659412e-62, 5.13663609279219e-64, 6.80507675629361e-64, 2.20680563368423e-65, 4.18729348547975e-65, 1.51726511798606e-66], "profits": [1.0, 1.0, 1.0, 1.0, 1.0, 1.0, 1.0, 1.0, 1.0, 1.0, 1.0, 1.0, 1.0, 1.0, 1.0, 1.0, 1.0, 1.0, 1.0, 1.0, 1.0, 1.0, 1.0, 1.0, 1.0, 1.0, 1.0, 1.0, 1.0, 1.0, 1.0, 1.0, 1.0, 1.0, 1.0, 1.0, 1.0, 1.0, 1.0, 1.0, 1.0, 1.0, 1.0, 1.0, 1.0, 1.0, 1.0, 1.0, 1.0, 1.0, 1.0, 1.0, 1.0, 1.0, 1.0, 1.0, 1.0, 1.0, 1.0, 1.0, 1.0, 1.0, 1.0, 1.0, 1.0, 1.0, 1.0, 1.0, 1.0, 1.0, 1.0, 1.0, 1.0, 1.0, 1.0, 1.0, 1.0, 1.0, 1.0, 1.0, 1.0, 1.0, 1.0, 1.0, 1.0, 1.0, 1.0, 1.0, 1.0, 1.0, 1.0, 1.0, 1.0, 1.0, 1.0, 1.0, 1.0, 1.0, 1.0, 1.0, 1.0, 1.0, 1.0, 1.0, 1.0, 1.0, 1.0, 1.0, 1.0, 1.0, 1.0, 1.0, 1.0, 1.0, 1.0, 1.0, 1.0, 1.0, 1.0, 1.0, 1.0, 1.0, 1.0, 1.0, 1.0, 1.0, 1.0, 1.0, 1.0, 1.0, 1.0, 1.0, 1.0, 1.0, 1.0, 1.0, 1.0, 1.0, 1.0, 1.0, 1.0, 1.0, 1.0, 1.0, 1.0, 1.0, 1.0, 1.0, 1.0, 1.0, 1.0, 1.0, 1.0, 1.0, 1.0, 1.0, 1.0, 1.0, 1.0, 1.0, 1.0, 1.0, 1.0, 1.0, 1.0, 1.0, 1.0, 1.0, 1.0, 1.0, 1.0, 1.0, 1.0, 1.0, 1.0, 1.0, 1.0, 1.0, 1.0, 1.0, 1.0, 1.0, 1.0, 1.0, 1.0, 1.0, 1.0, 1.0, 1.0, 1.0, 1.0, 1.0, 1.0, 1.0, 1.0, 1.0, 1.0, 1.0, 1.0, 1.0], "min_weight": 0.9, "max_distance": 5}