{"n_items": 200, "weights": [4.48044763919671e-26, 6.85177666490843e-26, 7.65822496945221e-26, 1.1718120899516e-25, 1.10968609663886e-25, 1.16493378316267e-25, 1.7787477192387e-25, 2.28610933414491e-25, 3.03980551524929e-25, 2.20749524702578e-25, 2.80033376894936e-25, 4.21509087856328e-25, 5.67754796108958e-25, 6.88352540962155e-25, 9.26705966394324e-25, 1.38073702181404e-24, 2.14105030896077e-24, 3.00640729429716e-24, 4.09202385741343e-24, 4.21305792854446e-24, 6.48746583690994e-24, 3.49477170047983e-24, 5.50500892861468e-24, 8.58754622128113e-24, 1.04627596394093e-23, 1.44750865644588e-23, 2.72551620453506e-24, 4.29964366171518e-24, 5.94637530415172e-24, 9.08338163146166e-24, 1.40687858976103e-23, 1.76980482872356e-23, 2.78411116297772e-23, 3.24243262109709e-23, 5.23750437060909e-23, 8.55625962342117e-23, 1.02598497133941e-22, 1.6108558103742e-22, 2.15732078951929e-22, 3.42066390534833e-22, 5.64905262753796e-22, 7.65910828052913e-22, 3.59168752909812e-22, 5.04048373782622e-22, 8.02782218448015e-22, 5.26929459093085e-22, 8.69749989816656e-22, 1.06879724631268e-21, 1.05137971342791e-21, 1.29414371427569e-21, 1.97428821311497e-21, 1.26843276140014e-21, 1.95194913151753e-21, 2.62297560844166e-21, 4.45926557473013e-21, 7.51675145948801e-21, 8.72941221313984e-21, 1.47112087645698e-20, 2.41905949177967e-20, 8.52030996641522e-21, 9.28262802592775e-21, 1.56397132291273e-20, 1.70587162521231e-20, 2.76512690904687e-20, 4.63264514321388e-20, 7.24667385083796e-20, 1.00606873974607e-19, 1.73696437938451e-19, 1.43369663859191e-19, 2.30501095047533e-19, 1.86950074963794e-19, 3.25697324060638e-19, 1.70682354614947e-19, 2.47230731889563e-19, 4.08698107200884e-19, 7.12491800089767e-19, 1.25084709719036e-18, 1.16313626041969e-18, 1.66245256016492e-18, 2.28376581753086e-18, 4.16547757165634e-18, 4.28984188032913e-18, 7.37234339250258e-18, 1.01909818409824e-17, 8.23752102015857e-18, 1.19208378070973e-17, 1.53478656128714e-17, 2.85376497810947e-17, 1.04533936270787e-17, 1.25132698137848e-17, 2.20060420167434e-17, 4.08855596251217e-17, 7.60960833394331e-17, 1.22411188014636e-16, 2.329844292546e-16, 2.96113772164408e-16, 1.05444765338789e-16, 1.04296085873255e-16, 1.78220050325981e-16, 2.97016400442165e-16, 5.689944765722e-16, 5.80219885875151e-16, 1.10688579436117e-15, 2.17981526347549e-15, 2.24103301886661e-15, 4.29644286130305e-15, 6.96796352074259e-15, 8.04837643720275e-15, 9.12294350496025e-15, 1.77149546799581e-14, 1.84677699075298e-14, 3.2273161886376e-14, 1.35360295075822e-14, 1.86345077547986e-14, 3.82079565103575e-14, 2.07170427579299e-14, 1.56541199693208e-14, 2.17962252348629e-14, 4.38808463104012e-14, 9.17421798238597e-14, 1.61634425185203e-13, 2.00476186952908e-13, 3.18847156708679e-13, 5.10721342156443e-14, 9.377410878751e-14, 7.59881694650367e-14, 1.30939883103538e-13, 2.7702017685238e-13, 5.32558069473538e-13, 1.04483925765465e-12, 8.67973965832749e-13, 1.63967590858128e-12, 2.66219332650016e-12, 5.75277058100488e-12, 1.29218612293507e-11, 2.696794477338e-11, 3.95084053618035e-11, 6.3020642980711e-11, 1.46472087762783e-10, 1.72864183997012e-10, 2.0370859315567e-10, 4.79817730542252e-10, 1.11633182625488e-09, 2.65532861807372e-09, 2.93444857943261e-09, 7.00046724417599e-09, 1.67739298027251e-08, 3.96019073481473e-08, 9.30411580674982e-08, 1.69492171079689e-07, 3.34799126433767e-07, 5.86368641041391e-07, 2.84183963384711e-07, 6.26307267407851e-07, 1.66517125789011e-06, 2.10186216175129e-06, 3.5116682033065e-06, 8.26239699128534e-06, 2.26912800469521e-05, 7.38341184682575e-06, 2.01176073626418e-05, 4.81794874807634e-05, 0.00012898332127266, 0.000247431620927236, 0.000683018963900178, 0.00195279079635904, 0.00473960902375889, 0.010064445286051, 0.00484529938450562, 0.0140486420059753, 0.0425895634514983, 0.132711623542499, 0.141826667227608, 0.0672911663616269, 0.127006196952002, 0.183691757400563, 0.226184535801467, 0.0109117524023574, 0.030596352459932, 0.000347394811838205, 7.9299371098487e-06, 6.32964149731975e-06, 2.4312814593882e-06, 6.12473596027359e-12, 1.0893278754936e-13, 7.50372329400575e-16, 4.42430259098965e-18, 1.94415037562641e-21, 4.64876805310897e-21, 9.70859561152066e-21, 8.00606062690348e-23, 2.37743451534705e-23, 9.96908292643152e-23, 1.45888538347572e-28, 1.41038823886489e-28, 3.82871266977202e-34, 1.79890509526407e-34, 6.54881130863807e-40, 7.74334797144825e-40, 4.35898870814171e-46], "profits": [1.0, 1.0, 1.0, 1.0, 1.0, 1.0, 1.0, 1.0, 1.0, 1.0, 1.0, 1.0, 1.0, 1.0, 1.0, 1.0, 1.0, 1.0, 1.0, 1.0, 1.0, 1.0, 1.0, 1.0, 1.0, 1.0, 1.0, 1.0, 1.0, 1.0, 1.0, 1.0, 1.0, 1.0, 1.0, 1.0, 1.0, 1.0, 1.0, 1.0, 1.0, 1.0, 1.0, 1.0, 1.0, 1.0, 1.0, 1.0, 1.0, 1.0, 1.0, 1.0, 1.0, 1.0, 1.0, 1.0, 1.0, 1.0, 1.0, 1.0, 1.0, 1.0, 1.0, 1.0, 1.0, 1.0, 1.0, 1.0, 1.0, 1.0, 1.0, 1.0, 1.0, 1.0, 1.0, 1.0, 1.0, 1.0, 1.0, 1.0, 1.0, 1.0, 1.0, 1.0, 1.0, 1.0, 1.0, 1.0, 1.0, 1.0, 1.0, 1.0, 1.0, 1.0, 1.0, 1.0, 1.0, 1.0, 1.0, 1.0, 1.0, 1.0, 1.0, 1.0, 1.0, 1.0, 1.0, 1.0, 1.0, 1.0, 1.0, 1.0, 1.0, 1.0, 1.0, 1.0, 1.0, 1.0, 1.0, 1.0, 1.0, 1.0, 1.0, 1.0, 1.0, 1.0, 1.0, 1.0, 1.0, 1.0, 1.0, 1.0, 1.0, 1.0, 1.0, 1.0, 1.0, 1.0, 1.0, 1.0, 1.0, 1.0, 1.0, 1.0, 1.0, 1.0, 1.0, 1.0, 1.0, 1.0, 1.0, 1.0, 1.0, 1.0, 1.0, 1.0, 1.0, 1.0, 1.0, 1.0, 1.0, 1.0, 1.0, 1.0, 1.0, 1.0, 1.0, 1.0, 1.0, 1.0, 1.0, 1.0, 1.0, 1.0, 1.0, 1.0, 1.0, 1.0, 1.0, 1.0, 1.0, 1.0, 1.0, 1.0, 1.0, 1.0, 1.0, 1.0, 1.0, 1.0, 1.0, 1.0, 1.0, 1.0, 1.0, 1.0, 1.0, 1.0, 1.0, 1.0], "min_weight": 0.9, "max_distance": 5}