{"n_items": 200, "weights": [5.84358205421469e-06, 8.64224272872799e-06, 1.09756648215747e-05, 1.198889845447e-05, 5.99161080628024e-06, 4.31175109878272e-06, 4.42689845687726e-06, 6.66764409718318e-06, 8.00062342512533e-06, 1.10722352098392e-05, 1.84103935453863e-06, 2.40859101593143e-06, 2.0106140834315e-06, 2.86262009067918e-06, 3.96081910353833e-06, 3.88857601625883e-06, 5.14088486221119e-06, 7.64273303228518e-06, 1.16820160982102e-05, 1.63875710523281e-05, 2.51656777348299e-05, 1.35221549238694e-05, 2.08104945920414e-05, 2.93596101666096e-05, 4.54161542864392e-05, 2.7281669824601e-05, 2.89601230142824e-05, 3.17800350910456e-05, 1.53076293904037e-05, 2.12357579939101e-05, 9.39636406254758e-06, 7.25664152541857e-06, 8.460682566709e-06, 6.25029763338198e-06, 8.07600972641139e-06, 7.69477600775347e-06, 1.13332541392622e-05, 1.41931569596289e-05, 1.90922250501668e-05, 2.99489090466621e-05, 4.40077702404658e-05, 6.66955647584818e-05, 9.37760163349883e-05, 0.000146554413503937, 0.000228550583003231, 0.000324036434628879, 0.000151920192039983, 0.000211097077226954, 0.000330087012041771, 0.000519145947260814, 0.000734024006711674, 0.000813146609696881, 0.00126316519922526, 0.00183484148015463, 0.00298653606541144, 0.00358228893672734, 0.0052643180508715, 0.00709236980845634, 0.0103828854734667, 0.0081128545645472, 0.0111126963282299, 0.0166371156424008, 0.0276518866610795, 0.0158361311124965, 0.0174733283826062, 0.0285715195893834, 0.0323847631942095, 0.0502560799351359, 0.0339115765533158, 0.0543294757724245, 0.0383728865947767, 0.0310836226921498, 0.0363952806025154, 0.0501656934998491, 0.079195933344211, 0.135358032765978, 0.205577067977887, 0.0191122127974833, 0.0290923424401699, 0.00704743233595548, 0.0104390893461853, 0.0167413931469822, 0.00171309014814801, 0.000356315499864078, 5.28706534045796e-05, 8.92869582138131e-05, 0.000125459545180512, 0.000160501969782156, 0.000247359632522072, 0.000415206956809816, 0.00055610172360607, 0.000943590130253685, 0.000940380548294464, 0.00129113759670938, 0.000880011537904109, 0.000288453167852434, 0.000109562244668246, 0.00018051094800702, 6.03426348230357e-05, 3.41530525309656e-05, 5.53734826099047e-05, 3.41666742926564e-05, 5.70421265813764e-06, 8.88818029470621e-06, 1.12566124824755e-06, 1.62648241458338e-06, 2.78147262634134e-06, 4.59888380060792e-07, 7.50526934231981e-07, 3.00827550748462e-07, 3.01002472228833e-07, 1.07079573160081e-08, 1.7930508252834e-08, 5.31920806229959e-09, 2.22469241860942e-09, 4.55062640268367e-11, 4.71837713274116e-11, 6.80949352386259e-11, 9.44880656409771e-11, 3.34981906355244e-11, 4.40601073617689e-12, 1.88797553221117e-12, 3.85000550425377e-14, 4.45509495853358e-14, 4.38841087370733e-15, 6.96589112469087e-15, 7.81157354827288e-15, 9.71513260382901e-15, 9.90875625985101e-15, 7.39900431792361e-15, 1.05625255487731e-14, 1.69386747982254e-14, 2.19888936787651e-14, 3.50053272151783e-14, 5.55082880104711e-14, 8.5441996717172e-14, 1.34544016514564e-13, 1.52700429175545e-13, 1.81396219128843e-13, 2.21619347063142e-13, 3.76718902253827e-14, 3.03772341412211e-14, 6.23081910546461e-15, 3.5059921079459e-15, 1.97927779996809e-15, 2.60667738255716e-15, 4.41868019565091e-15, 7.35477258327816e-15, 1.25564325061554e-14, 2.10653523726666e-14, 1.49015117713075e-15, 8.2786431183898e-17, 1.00471468371125e-17, 1.44891346316215e-17, 2.29844562871381e-17, 1.42143270647821e-17, 1.1828709243034e-17, 1.61646661425681e-17, 1.59970734617221e-17, 9.7258678398567e-18, 8.523187068488e-19, 3.1784313919319e-19, 5.18695944599956e-19, 3.06929371377559e-19, 2.53226391718778e-19, 2.38930540845215e-19, 1.26884075681502e-19, 1.31611967813549e-19, 2.17469591820398e-19, 3.675056078065e-19, 5.835166277893e-19, 7.91898916288993e-22, 8.75961022264634e-22, 1.1679090435663e-21, 1.71048031564762e-21, 8.00605922095333e-22, 1.20895354005758e-21, 1.1323946456635e-21, 1.82017279551638e-21, 3.00585751418044e-21, 3.73214566380262e-21, 6.0281730459351e-21, 7.80399277982108e-21, 4.80863751116984e-21, 3.42020032262226e-21, 2.74563495796509e-22, 3.78501616608555e-22, 5.91080001082484e-22, 7.792741736833e-22, 1.39836007431016e-21, 1.6797832286273e-22, 1.05583365224182e-22, 2.57009360513454e-23, 1.99482370669857e-23, 3.2683404728898e-23, 6.5069911338331e-24, 8.9796266068883e-24, 1.20539867837231e-23, 2.47097817407654e-23, 7.02102787306418e-23], "profits": [1.0, 1.0, 1.0, 1.0, 1.0, 1.0, 1.0, 1.0, 1.0, 1.0, 1.0, 1.0, 1.0, 1.0, 1.0, 1.0, 1.0, 1.0, 1.0, 1.0, 1.0, 1.0, 1.0, 1.0, 1.0, 1.0, 1.0, 1.0, 1.0, 1.0, 1.0, 1.0, 1.0, 1.0, 1.0, 1.0, 1.0, 1.0, 1.0, 1.0, 1.0, 1.0, 1.0, 1.0, 1.0, 1.0, 1.0, 1.0, 1.0, 1.0, 1.0, 1.0, 1.0, 1.0, 1.0, 1.0, 1.0, 1.0, 1.0, 1.0, 1.0, 1.0, 1.0, 1.0, 1.0, 1.0, 1.0, 1.0, 1.0, 1.0, 1.0, 1.0, 1.0, 1.0, 1.0, 1.0, 1.0, 1.0, 1.0, 1.0, 1.0, 1.0, 1.0, 1.0, 1.0, 1.0, 1.0, 1.0, 1.0, 1.0, 1.0, 1.0, 1.0, 1.0, 1.0, 1.0, 1.0, 1.0, 1.0, 1.0, 1.0, 1.0, 1.0, 1.0, 1.0, 1.0, 1.0, 1.0, 1.0, 1.0, 1.0, 1.0, 1.0, 1.0, 1.0, 1.0, 1.0, 1.0, 1.0, 1.0, 1.0, 1.0, 1.0, 1.0, 1.0, 1.0, 1.0, 1.0, 1.0, 1.0, 1.0, 1.0, 1.0, 1.0, 1.0, 1.0, 1.0, 1.0, 1.0, 1.0, 1.0, 1.0, 1.0, 1.0, 1.0, 1.0, 1.0, 1.0, 1.0, 1.0, 1.0, 1.0, 1.0, 1.0, 1.0, 1.0, 1.0, 1.0, 1.0, 1.0, 1.0, 1.0, 1.0, 1.0, 1.0, 1.0, 1.0, 1.0, 1.0, 1.0, 1.0, 1.0, 1.0, 1.0, 1.0, 1.0, 1.0, 1.0, 1.0, 1.0, 1.0, 1.0, 1.0, 1.0, 1.0, 1.0, 1.0, 1.0, 1.0, 1.0, 1.0, 1.0, 1.0, 1.0, 1.0, 1.0, 1.0, 1.0, 1.0, 1.0], "min_weight": 0.9, "max_distance": 5}