{"n_items": 200, "weights": [0.000118408245118542, 0.000203773702644512, 0.000392942283408008, 0.00064084954271913, 0.00104512141276363, 0.00192325443074856, 0.00377734420474876, 0.00638276825783611, 0.00201858879405412, 0.00238130187633258, 0.0047396300311942, 0.00888196184332136, 0.0175632361277943, 0.0352400349747701, 0.0429736313831776, 0.0759328608131013, 0.0718360461797829, 0.0549243724593801, 0.0824419015683496, 0.16626769554185, 0.191566639355518, 0.228064140210136, 0.000337413795695468, 0.000343616200412241, 8.05529555901007e-07, 1.46574998628542e-07, 2.38457275432073e-07, 2.35675352882405e-07, 1.51220274124184e-07, 3.00102997289754e-07, 5.50523049920738e-07, 6.30638314590877e-09, 1.2579189307986e-08, 6.18492464249801e-09, 1.18628346141021e-08, 1.36206274121322e-09, 1.23955783322594e-10, 2.04943721790598e-10, 3.96413088843389e-12, 6.79086165202351e-12, 7.21985186480211e-12, 2.46774000050254e-12, 2.07419240555672e-12, 1.48930495284015e-12, 1.05436764876799e-12, 5.20418970470019e-13, 1.05102763523572e-12, 1.96505790899877e-12, 3.48612526819783e-12, 3.54956972335828e-12, 3.78626191182291e-12, 6.08109883334905e-12, 1.05421428984322e-11, 1.26804146821465e-12, 2.62078334579869e-15, 3.62349953320637e-15, 2.90833973289961e-15, 1.74064479078112e-15, 2.31678699773509e-15, 2.52835320512091e-15, 4.56553694631169e-15, 9.34397025796229e-16, 1.40408684598249e-15, 1.02639932960027e-15, 1.78086175359126e-15, 6.72112563799149e-16, 1.53663902280132e-16, 1.42357693905349e-16, 2.09500535409833e-16, 2.73463723320338e-16, 5.95770900601613e-17, 1.00622754663904e-16, 1.15502990220585e-17, 5.17369153739414e-18, 1.00900601847036e-17, 1.05778529080577e-18, 3.58192978529042e-19, 4.38842254701065e-20, 7.20286705583616e-20, 3.79850881053947e-20, 4.82290425220411e-21, 2.15300931988978e-21, 2.84209985950991e-21, 3.97685201442396e-22, 2.42186818380812e-22, 1.96566817546879e-22, 2.00247839484465e-22, 1.63805460402828e-22, 1.36115589677836e-24, 3.52976220115966e-25, 6.23121494179976e-26, 5.61620841504256e-27, 1.03162086724111e-27, 1.41125965998485e-27, 2.4123979653029e-27, 1.00987719644194e-27, 2.06899753534583e-27, 5.86840086743969e-28, 4.4624627757465e-28, 5.36279658266559e-29, 2.19058785052968e-29, 3.00302879620111e-29, 5.81563702654383e-29, 1.21592390120546e-28, 2.10397301918416e-29, 2.25291849364385e-29, 1.13112539720698e-29, 2.14747300798533e-29, 6.88111604906019e-30, 1.17096034223561e-29, 2.33407860370872e-30, 1.87264221673958e-31, 2.08718063321959e-31, 8.10956844494262e-34, 8.1510791981897e-34, 1.22387134697865e-33, 5.61528419551175e-34, 8.03550982314434e-34, 7.40414428228567e-34, 7.78192527279679e-34, 3.93062312148992e-34, 1.01318359723158e-35, 2.19803960223956e-36, 1.14247164263891e-38, 8.34989123537703e-40, 1.38787365073965e-39, 4.95086207269311e-40, 6.62527806069379e-40, 1.35688073893148e-39, 1.75250561885368e-40, 3.61292717785047e-40, 5.97601736368393e-40, 1.14565468619578e-39, 2.99217292594748e-40, 1.96235906770674e-40, 1.28132310223189e-40, 6.06525851648118e-44, 7.07469896876435e-44, 1.89420922559973e-44, 4.2398527070884e-45, 1.87346991571909e-46, 3.19235577211749e-46, 5.61085818340574e-46, 7.92173308029735e-46, 1.36119753578818e-45, 2.8548409199016e-45, 1.951520823236e-45, 4.08990574912482e-45, 3.19387564202175e-47, 3.48388563630986e-47, 1.8077987065173e-48, 3.22704819720082e-48, 2.3627926246772e-49, 4.35558394727475e-49, 9.2316239223387e-49, 1.4641135781041e-48, 8.22351315060833e-49, 3.95798250290696e-49, 3.20674158385581e-53, 4.83026501712893e-54, 2.53185534123264e-55, 2.95746574514218e-57, 1.91293439246771e-57, 8.54428746236973e-58, 1.21138318234787e-57, 1.41129615131554e-57, 2.69843934187152e-57, 5.30407426309749e-57, 8.30946487994145e-57, 1.32026134163139e-56, 3.75779717909927e-57, 1.07610747645223e-57, 2.10042103394038e-57, 2.60355532095951e-58, 2.69636607525588e-59, 5.49760230753572e-59, 4.81468564708193e-60, 9.73847999825645e-60, 1.76387560230588e-59, 3.22362955997446e-59, 1.01963036672227e-60, 1.98315980532491e-60, 1.97409408779458e-60, 9.3659335051951e-61, 1.46917036518414e-60, 2.3899809446592e-60, 4.47337359082394e-61, 5.01145223717555e-62, 1.03018638140663e-62, 2.02609084719096e-62, 1.21146628226207e-63, 2.04155554306616e-65, 2.01774699253492e-65, 1.83631523387017e-65, 1.04143035216839e-65, 2.32709109547991e-65, 4.75431127146119e-65, 8.84732006339599e-65, 7.36221948107631e-65, 2.29463449843511e-66], "profits": [1.0, 1.0, 1.0, 1.0, 1.0, 1.0, 1.0, 1.0, 1.0, 1.0, 1.0, 1.0, 1.0, 1.0, 1.0, 1.0, 1.0, 1.0, 1.0, 1.0, 1.0, 1.0, 1.0, 1.0, 1.0, 1.0, 1.0, 1.0, 1.0, 1.0, 1.0, 1.0, 1.0, 1.0, 1.0, 1.0, 1.0, 1.0, 1.0, 1.0, 1.0, 1.0, 1.0, 1.0, 1.0, 1.0, 1.0, 1.0, 1.0, 1.0, 1.0, 1.0, 1.0, 1.0, 1.0, 1.0, 1.0, 1.0, 1.0, 1.0, 1.0, 1.0, 1.0, 1.0, 1.0, 1.0, 1.0, 1.0, 1.0, 1.0, 1.0, 1.0, 1.0, 1.0, 1.0, 1.0, 1.0, 1.0, 1.0, 1.0, 1.0, 1.0, 1.0, 1.0, 1.0, 1.0, 1.0, 1.0, 1.0, 1.0, 1.0, 1.0, 1.0, 1.0, 1.0, 1.0, 1.0, 1.0, 1.0, 1.0, 1.0, 1.0, 1.0, 1.0, 1.0, 1.0, 1.0, 1.0, 1.0, 1.0, 1.0, 1.0, 1.0, 1.0, 1.0, 1.0, 1.0, 1.0, 1.0, 1.0, 1.0, 1.0, 1.0, 1.0, 1.0, 1.0, 1.0, 1.0, 1.0, 1.0, 1.0, 1.0, 1.0, 1.0, 1.0, 1.0, 1.0, 1.0, 1.0, 1.0, 1.0, 1.0, 1.0, 1.0, 1.0, 1.0, 1.0, 1.0, 1.0, 1.0, 1.0, 1.0, 1.0, 1.0, 1.0, 1.0, 1.0, 1.0, 1.0, 1.0, 1.0, 1.0, 1.0, 1.0, 1.0, 1.0, 1.0, 1.0, 1.0, 1.0, 1.0, 1.0, 1.0, 1.0, 1.0, 1.0, 1.0, 1.0, 1.0, 1.0, 1.0, 1.0, 1.0, 1.0, 1.0, 1.0, 1.0, 1.0, 1.0, 1.0, 1.0, 1.0, 1.0, 1.0, 1.0, 1.0, 1.0, 1.0, 1.0, 1.0], "min_weight": 0.95, "max_distance": 2}