{"n_items": 40, "weights": [0.00458288790040856, 0.00597642667453906, 0.00863281891563313, 0.0105833407030722, 0.00797443938466347, 0.0115200710549612, 0.0144323474184106, 0.0205851874731059, 0.0272262970653073, 0.0386969601172956, 0.0597912975090888, 0.0484345640148685, 0.0748557173256296, 0.109340182963305, 0.0396840711225424, 0.0441730134692097, 0.0736257611313726, 0.125448068222428, 0.0682145012915245, 0.0491109648034213, 0.0537634897511222, 0.0311007478779862, 0.0244041101446609, 0.0429426635655198, 0.000528315747026707, 0.000535416648917845, 0.000852363248393151, 0.00137299219804917, 0.000178553349187766, 0.000215783951622447, 0.000283484596278933, 6.15899158243208e-05, 9.0892730791457e-05, 0.000122437253753357, 0.000208244719687596, 4.36054312382111e-05, 5.67328657615408e-05, 8.24369101690721e-05, 0.000175404203650185, 9.18163295735398e-05], "profits": [1.0, 1.0, 1.0, 1.0, 1.0, 1.0, 1.0, 1.0, 1.0, 1.0, 1.0, 1.0, 1.0, 1.0, 1.0, 1.0, 1.0, 1.0, 1.0, 1.0, 1.0, 1.0, 1.0, 1.0, 1.0, 1.0, 1.0, 1.0, 1.0, 1.0, 1.0, 1.0, 1.0, 1.0, 1.0, 1.0, 1.0, 1.0, 1.0, 1.0], "min_weight": 0.9, "max_distance": 2}