{"n_items": 200, "weights": [1.29441766171789e-22, 1.51481960927613e-22, 1.01959580754018e-22, 1.47281446673852e-22, 1.33412275141804e-22, 5.07762977291705e-23, 3.04531832966012e-23, 4.22498138137987e-23, 6.49404613856442e-23, 9.81090909826909e-23, 1.48672910151808e-22, 1.1638576295775e-22, 8.69669227113444e-23, 9.59180838021187e-23, 9.61648218011864e-23, 8.88406057301177e-23, 9.9203369883886e-23, 7.07283594114317e-23, 1.12672566328185e-22, 1.58329256276914e-22, 2.41067142992218e-22, 1.7552081940771e-22, 2.17290001908158e-22, 2.21383944714911e-22, 1.78652927328937e-22, 2.8779187163491e-22, 1.56297795465004e-22, 2.42025321527737e-22, 3.67089587324866e-22, 5.31134901021592e-22, 8.5085475167245e-22, 1.25556697976875e-21, 2.01565093043856e-21, 2.66907643181978e-21, 4.32342695331288e-21, 6.37287915304714e-21, 9.86253442121226e-21, 9.36766598391508e-21, 1.33493239072451e-20, 2.09505209976835e-20, 3.45727487405356e-20, 5.63003074422951e-20, 4.56969739009722e-20, 6.71382180033288e-20, 5.6820753845579e-20, 8.90161519961766e-20, 7.07022349691888e-20, 1.17559374767503e-19, 1.99314940253547e-19, 3.37374777087193e-19, 4.37141348505183e-19, 6.53909425400647e-19, 4.91803663537347e-19, 7.95325869554279e-19, 9.99915308943697e-19, 1.39613565782795e-18, 1.13913649502796e-18, 1.93669937727354e-18, 2.8403977650329e-18, 3.84425250196716e-18, 3.88495713747149e-18, 3.63014845158735e-18, 2.82791358524562e-18, 4.50879458018345e-18, 7.91283289186338e-18, 1.33123795418777e-17, 2.06861432429655e-17, 1.66214692702027e-17, 2.83254103630267e-17, 5.06504031314575e-17, 7.75025193222923e-17, 1.17821544156902e-16, 2.0855584689975e-16, 3.77316913738176e-16, 6.62223267057682e-16, 1.21169915077766e-15, 1.88330425245347e-15, 2.45537433873445e-15, 4.0213623957534e-15, 5.95072589685515e-15, 7.37331971256696e-15, 8.08138107730118e-15, 1.46683264717521e-14, 2.63539902532948e-14, 3.83441258183867e-14, 5.14436393497735e-14, 1.39631350061494e-14, 1.7585102795919e-14, 5.15684230476028e-15, 9.02007954303694e-15, 1.62475945144825e-14, 1.90377651363738e-14, 3.55220351071512e-14, 6.17795999249083e-14, 5.04194610502173e-14, 8.4333521445302e-14, 1.49160947316522e-13, 1.43166782538415e-13, 1.51214456399566e-13, 2.96218809381599e-13, 4.38536496885226e-13, 4.19963204881225e-13, 8.29135912171888e-13, 4.13474196926076e-13, 7.58445523300644e-13, 9.08205300695065e-13, 1.59850839925784e-12, 2.61890479364465e-12, 4.39291268124296e-12, 2.16286526049551e-12, 1.03390977498274e-12, 1.68818922036694e-12, 3.30230187429386e-12, 4.74732212707167e-12, 1.38807276535013e-12, 1.419403436644e-12, 1.47523898075099e-12, 1.84388329930379e-12, 2.87221956424512e-12, 6.95996346955502e-13, 5.25368632971562e-13, 9.42174357199046e-13, 1.84785904363602e-12, 2.87528844994953e-12, 6.17140406062429e-12, 1.01617982305488e-11, 1.7930751781903e-11, 3.17399707578993e-11, 6.02615520200057e-11, 9.66837125519117e-11, 1.3118932367923e-10, 1.82605155712192e-10, 4.06829330345525e-10, 7.11418290194806e-10, 1.1354223369223e-09, 1.14171521007144e-09, 1.05470164872194e-09, 1.8075621739841e-09, 3.5261284297067e-09, 7.52723444427846e-09, 8.43726550559868e-09, 1.93981829831123e-08, 3.9990019125571e-08, 7.93526331792616e-08, 5.71694558702107e-08, 1.40818459239362e-07, 3.25389735375071e-07, 8.15507900481918e-07, 1.5737860559365e-06, 3.84008444733394e-06, 1.71701112146902e-06, 1.89892858761294e-06, 1.32701599814167e-06, 3.05546532174521e-06, 8.1164006232688e-06, 7.75663108164616e-06, 1.42444371881296e-05, 3.4752740528612e-05, 8.85760658139056e-05, 0.000247197047253125, 0.000619977656846563, 0.00177533478589466, 0.000263807872974832, 0.000470600597663105, 0.00124642535206488, 0.00299803627754139, 0.00810668046574834, 0.024872597823516, 0.0755981047247287, 0.22134258507005, 0.662290120919738, 1.07320438729187e-07, 6.11405072815551e-08, 2.59092461149079e-10, 1.65008549615804e-10, 3.2951565815964e-13, 1.34952161091561e-17, 1.66916899036725e-19, 5.01519744378258e-19, 1.64419209238411e-21, 4.80745352875591e-21, 8.75144420313227e-23, 6.70478989148952e-23, 2.0462239786408e-22, 5.32769802841469e-22, 2.0875753637789e-25, 4.07208345157531e-25, 6.67336646912764e-25, 3.82745707202857e-32, 6.55269633243148e-35, 2.99669476462365e-35, 6.08372703013661e-35, 1.30824153318016e-34, 1.78142664629946e-35, 3.64123009236172e-41, 1.26571812324162e-41, 3.12969655868343e-42, 8.75702057376699e-42, 9.63487239013799e-43, 7.76535271147499e-45], "profits": [1.0, 1.0, 1.0, 1.0, 1.0, 1.0, 1.0, 1.0, 1.0, 1.0, 1.0, 1.0, 1.0, 1.0, 1.0, 1.0, 1.0, 1.0, 1.0, 1.0, 1.0, 1.0, 1.0, 1.0, 1.0, 1.0, 1.0, 1.0, 1.0, 1.0, 1.0, 1.0, 1.0, 1.0, 1.0, 1.0, 1.0, 1.0, 1.0, 1.0, 1.0, 1.0, 1.0, 1.0, 1.0, 1.0, 1.0, 1.0, 1.0, 1.0, 1.0, 1.0, 1.0, 1.0, 1.0, 1.0, 1.0, 1.0, 1.0, 1.0, 1.0, 1.0, 1.0, 1.0, 1.0, 1.0, 1.0, 1.0, 1.0, 1.0, 1.0, 1.0, 1.0, 1.0, 1.0, 1.0, 1.0, 1.0, 1.0, 1.0, 1.0, 1.0, 1.0, 1.0, 1.0, 1.0, 1.0, 1.0, 1.0, 1.0, 1.0, 1.0, 1.0, 1.0, 1.0, 1.0, 1.0, 1.0, 1.0, 1.0, 1.0, 1.0, 1.0, 1.0, 1.0, 1.0, 1.0, 1.0, 1.0, 1.0, 1.0, 1.0, 1.0, 1.0, 1.0, 1.0, 1.0, 1.0, 1.0, 1.0, 1.0, 1.0, 1.0, 1.0, 1.0, 1.0, 1.0, 1.0, 1.0, 1.0, 1.0, 1.0, 1.0, 1.0, 1.0, 1.0, 1.0, 1.0, 1.0, 1.0, 1.0, 1.0, 1.0, 1.0, 1.0, 1.0, 1.0, 1.0, 1.0, 1.0, 1.0, 1.0, 1.0, 1.0, 1.0, 1.0, 1.0, 1.0, 1.0, 1.0, 1.0, 1.0, 1.0, 1.0, 1.0, 1.0, 1.0, 1.0, 1.0, 1.0, 1.0, 1.0, 1.0, 1.0, 1.0, 1.0, 1.0, 1.0, 1.0, 1.0, 1.0, 1.0, 1.0, 1.0, 1.0, 1.0, 1.0, 1.0, 1.0, 1.0, 1.0, 1.0, 1.0, 1.0, 1.0, 1.0, 1.0, 1.0, 1.0, 1.0], "min_weight": 0.9, "max_distance": 5}