{"n_items": 200, "weights": [2.40011648066892e-15, 3.03963326024465e-15, 2.09128270872137e-15, 2.27072782470937e-15, 3.04157278236607e-15, 3.69196853832666e-15, 4.44062334247122e-15, 1.69722325765794e-15, 2.16586997796562e-15, 2.90673197002407e-15, 3.68593125520039e-15, 4.11025731735722e-15, 4.3198159766454e-15, 5.45579913241453e-15, 6.17532760242382e-15, 6.74814633045436e-15, 8.88752217938445e-15, 1.1809325340058e-14, 1.51848690527938e-14, 2.06781126026501e-14, 2.84055137348679e-14, 2.67817997500341e-14, 2.73420536985812e-14, 2.10896963541585e-14, 2.54812965357244e-14, 2.95645707671521e-14, 4.00269308124713e-14, 3.3461499465879e-14, 2.64203613211639e-14, 3.28704630023979e-14, 3.80238860126021e-14, 5.16208050804527e-14, 5.26799069595416e-14, 2.12184813290256e-14, 2.03083036234724e-14, 1.62728763847799e-14, 1.80064456792908e-14, 1.93756056650533e-14, 9.8317328760753e-15, 6.265811272182e-15, 8.64550895123666e-15, 6.56615248168861e-15, 7.75801615542435e-15, 1.07895037329609e-14, 6.05876592235068e-15, 8.00497666012232e-15, 1.03163480255871e-14, 1.18114310024985e-14, 1.56962268183948e-14, 1.92860420186745e-14, 2.71778485988783e-14, 2.19895559907161e-14, 3.08314167804106e-14, 3.32496211194548e-14, 4.31001548846588e-14, 6.12585700774457e-14, 6.9736190784147e-14, 8.58584337468268e-14, 1.22992151325789e-13, 1.77216484058151e-13, 2.52756640590133e-13, 2.57585791239753e-13, 3.06437102345054e-13, 4.07340245225625e-13, 5.56348131997846e-13, 6.94936384074268e-13, 9.89610628627311e-13, 4.26303083268874e-13, 6.110747804742e-13, 5.7410668679898e-13, 8.29548930018187e-13, 1.21543023086965e-12, 1.78294787625787e-12, 2.57464817298906e-12, 3.85936587048136e-12, 5.54008362777472e-12, 8.31630244428131e-12, 9.81568264704647e-12, 1.48738162613669e-11, 2.25244537376824e-11, 3.23561181701779e-11, 1.18810463479294e-11, 1.15953992732708e-11, 1.5194741828973e-11, 2.30454939022026e-11, 3.55851346455733e-11, 4.29297233674763e-11, 6.57963474003465e-11, 3.53514665383068e-11, 4.72054667854926e-11, 4.72778534522619e-11, 5.7915363582029e-11, 4.45551216860587e-11, 1.1279253784059e-11, 1.75305470089381e-11, 1.67870105894072e-11, 2.21884374004216e-11, 1.81101782890852e-11, 2.69614222060758e-11, 4.27332482680687e-11, 6.73556995030009e-11, 7.36636887966709e-11, 9.50596213664808e-11, 9.41389481623006e-11, 7.12123247697076e-11, 8.39013865308981e-11, 1.32818312357267e-10, 2.068051572187e-10, 2.17691954433976e-10, 2.09233337538932e-10, 1.89454963754912e-10, 1.84909240108733e-10, 9.88449950932639e-11, 1.04549121973343e-10, 1.72349725455969e-10, 2.45114598049886e-10, 3.85515761076162e-10, 6.32362942659782e-10, 7.59492529963874e-10, 1.13721841330275e-09, 1.88959265373209e-09, 2.68023931691118e-09, 4.62548721145464e-09, 1.89329492458583e-09, 2.48128469377951e-09, 4.19788579326628e-09, 6.96925818287908e-09, 1.22528880592113e-08, 2.14035290610757e-08, 2.04283299474488e-08, 3.49056872469107e-08, 4.74857052081474e-08, 7.20428867878661e-08, 1.20853851605097e-07, 1.80237778856246e-07, 2.95421573279962e-07, 3.34666791008896e-07, 6.04170661871657e-07, 7.12334980748162e-07, 8.20302237876215e-07, 1.29740555086054e-06, 2.4662030872153e-06, 4.78028615224522e-06, 3.14841933170833e-06, 5.94734439803255e-06, 6.00542551787275e-06, 1.18864446170399e-05, 9.89046333059657e-06, 1.87238947137752e-05, 3.06946888126698e-05, 2.17210663585652e-06, 4.22946886282864e-06, 6.64763638948523e-06, 1.25928541789689e-05, 2.35484704306469e-05, 4.58784140787768e-05, 3.52981336714543e-05, 4.34930051688397e-05, 8.01514575058652e-05, 0.000170457506467796, 0.000253852930284276, 0.000552123172790029, 0.00124471854424898, 0.00285269789459855, 0.00349679488433343, 0.00429025474131039, 0.00886001911099935, 0.0200240801911234, 0.048491143896066, 0.0800653504144371, 0.191738319385158, 0.465882749500588, 0.156209145406604, 0.0120269859508258, 0.00126747192384377, 0.00178301430320026, 0.00043375066562267, 1.37096718234554e-06, 3.53844301984959e-06, 8.71116583941e-11, 4.39932585209394e-11, 9.21599257089739e-11, 4.80057626485303e-11, 4.81296486197425e-11, 1.22861089120516e-10, 3.28167524048911e-10, 1.36603496772838e-10, 1.46213193408627e-11, 1.39036327690771e-12, 3.50855012472721e-12, 8.05616183162749e-12, 1.32522181863887e-13, 3.63233485801808e-13, 1.43778404001136e-18, 3.68707349617717e-18, 2.44795155781745e-21, 7.97202954381208e-22, 3.90034347959928e-23, 4.94344646895343e-23, 9.62935742111537e-23], "profits": [1.0, 1.0, 1.0, 1.0, 1.0, 1.0, 1.0, 1.0, 1.0, 1.0, 1.0, 1.0, 1.0, 1.0, 1.0, 1.0, 1.0, 1.0, 1.0, 1.0, 1.0, 1.0, 1.0, 1.0, 1.0, 1.0, 1.0, 1.0, 1.0, 1.0, 1.0, 1.0, 1.0, 1.0, 1.0, 1.0, 1.0, 1.0, 1.0, 1.0, 1.0, 1.0, 1.0, 1.0, 1.0, 1.0, 1.0, 1.0, 1.0, 1.0, 1.0, 1.0, 1.0, 1.0, 1.0, 1.0, 1.0, 1.0, 1.0, 1.0, 1.0, 1.0, 1.0, 1.0, 1.0, 1.0, 1.0, 1.0, 1.0, 1.0, 1.0, 1.0, 1.0, 1.0, 1.0, 1.0, 1.0, 1.0, 1.0, 1.0, 1.0, 1.0, 1.0, 1.0, 1.0, 1.0, 1.0, 1.0, 1.0, 1.0, 1.0, 1.0, 1.0, 1.0, 1.0, 1.0, 1.0, 1.0, 1.0, 1.0, 1.0, 1.0, 1.0, 1.0, 1.0, 1.0, 1.0, 1.0, 1.0, 1.0, 1.0, 1.0, 1.0, 1.0, 1.0, 1.0, 1.0, 1.0, 1.0, 1.0, 1.0, 1.0, 1.0, 1.0, 1.0, 1.0, 1.0, 1.0, 1.0, 1.0, 1.0, 1.0, 1.0, 1.0, 1.0, 1.0, 1.0, 1.0, 1.0, 1.0, 1.0, 1.0, 1.0, 1.0, 1.0, 1.0, 1.0, 1.0, 1.0, 1.0, 1.0, 1.0, 1.0, 1.0, 1.0, 1.0, 1.0, 1.0, 1.0, 1.0, 1.0, 1.0, 1.0, 1.0, 1.0, 1.0, 1.0, 1.0, 1.0, 1.0, 1.0, 1.0, 1.0, 1.0, 1.0, 1.0, 1.0, 1.0, 1.0, 1.0, 1.0, 1.0, 1.0, 1.0, 1.0, 1.0, 1.0, 1.0, 1.0, 1.0, 1.0, 1.0, 1.0, 1.0, 1.0, 1.0, 1.0, 1.0, 1.0, 1.0], "min_weight": 0.95, "max_distance": 5}