{"n_items": 200, "weights": [2.06843195683085e-08, 2.60419183442887e-08, 3.52085077936583e-08, 3.48853991747156e-08, 2.79438967235124e-08, 3.50817859946424e-08, 4.66430311044735e-08, 4.91308456261678e-08, 6.58178282650175e-08, 8.74792818530631e-08, 1.18339296752004e-07, 1.52403405301954e-07, 1.50614118804323e-07, 1.534717119326e-07, 1.90385328265022e-07, 1.52771332837947e-07, 1.98195146207569e-07, 1.97297027018611e-07, 2.57258167034363e-07, 2.73597835374025e-07, 3.681561935016e-07, 3.31931860229176e-07, 3.5353863908939e-07, 4.94310537917989e-07, 2.36473895436962e-07, 2.98346245355073e-07, 4.18326739205495e-07, 5.84880906723529e-07, 4.60348418641897e-07, 6.10485120683413e-07, 8.23437011590571e-07, 7.07154009137615e-07, 9.99947261406616e-07, 1.36492208615784e-06, 1.94522875811887e-06, 1.64997312972585e-06, 2.25073691402161e-06, 3.09242442458165e-06, 4.4445833321561e-06, 4.57023397447242e-06, 5.60654605029346e-06, 8.05640328549102e-06, 1.14908189438938e-05, 1.45783214689893e-05, 1.94861090633465e-05, 2.49042756528154e-05, 3.1653455729978e-05, 4.48284544839028e-05, 5.57563892303338e-05, 8.22011277500416e-05, 9.72958003799323e-05, 0.000138188910828553, 0.000184762712977792, 0.000267204151085372, 0.000275762060537345, 0.000226747052883183, 0.000107982672259346, 0.00015561610216017, 0.000169810876124389, 0.000232471381067856, 0.000349457450251585, 9.58796738631968e-05, 0.000144485280205134, 0.000189784030886849, 0.00028792725540262, 0.000371489948948585, 0.00056133248353165, 0.00032143673285526, 0.0002572069015221, 0.000390856616022446, 0.000143928549040356, 0.000205602340151763, 0.000270776978970884, 0.000372033524329472, 0.000439817751085958, 0.000420151112114826, 0.000634581123718425, 0.000929346633508442, 0.00145199998838943, 0.00227403624681487, 0.00321066014893543, 0.00385886090794336, 0.00610967529639706, 0.00536007959909673, 0.00838940672432555, 0.00984601359691165, 0.00166183454513866, 0.00182844114187817, 0.00160646040232135, 0.00230526472237657, 0.000481430719829419, 0.000572893775345966, 0.000783679396379057, 0.000286089107976189, 0.000336248799252835, 0.000521123378981378, 0.000748149467226401, 0.00111961235706408, 0.00171284322361637, 0.00232720075552121, 0.00371460319631104, 0.00503738705315745, 0.00215617825224694, 0.00342359329029866, 0.0055191812592555, 0.0090934325136503, 0.0103122092684652, 0.0171918521016823, 0.0289045776485479, 0.0341614745232583, 0.0534653555821882, 0.0910033132142553, 0.119003639640175, 0.16419155278757, 0.046233457328989, 0.0739723274174114, 0.0199460857336449, 0.0320038904066188, 0.0444621044535524, 0.0551995418337622, 0.0962755855961585, 0.00911126802026604, 0.00528920062302689, 0.00103152075501189, 0.00150150541124764, 0.000973120593144439, 0.00107985080941491, 6.11863991437336e-05, 0.000104642942814055, 4.92913186075767e-05, 1.04041396561392e-05, 1.51413453585412e-05, 2.59505828175366e-05, 4.13818553823691e-05, 3.62857817078676e-05, 1.0980121699669e-05, 7.64220534215428e-06, 6.01482731773197e-06, 7.6951498754835e-06, 2.93824443118546e-06, 3.28405963456917e-07, 1.4126390431744e-07, 2.41179440854349e-07, 2.96975800828182e-07, 4.6531884493219e-07, 2.53837964966523e-07, 2.68048475099072e-08, 4.18188787679375e-08, 7.93045918216152e-09, 1.30981638283007e-08, 2.12699673438612e-08, 1.59065918630158e-08, 2.54898352405601e-11, 2.97385650738991e-11, 3.73040044734146e-11, 6.12367696581985e-11, 1.0115240449492e-10, 1.30774824256953e-10, 6.77823961634507e-11, 4.17371159232857e-11, 7.05668190225417e-11, 7.88099080552496e-11, 5.43407672197957e-11, 8.98662449886474e-11, 8.03861166826023e-11, 4.37957240607206e-11, 2.63735651019468e-12, 3.48675036968812e-12, 5.6455075895273e-12, 9.57958808293781e-12, 7.68635356179894e-12, 4.59286690821822e-12, 3.83301456650528e-12, 1.00042169373103e-12, 1.02704386611747e-12, 1.2548360030673e-12, 7.45621991827368e-13, 8.14937340829559e-13, 5.46531473652632e-13, 8.04726561561209e-13, 4.75009413076937e-13, 7.41825736614015e-13, 1.19714530071736e-12, 2.17847644021489e-12, 3.87571399710944e-13, 2.00529399205055e-14, 3.61925690395014e-14, 3.51100872315447e-14, 2.35804745249018e-14, 4.63696519545947e-14, 8.56768972731484e-14, 6.84967877620417e-14, 3.8200081069251e-14, 7.73212483340415e-16, 1.28955940792126e-15, 1.25709907376513e-16, 3.63075389512217e-17, 4.98379137423425e-17, 6.60155918790514e-17, 9.62993197380307e-17], "profits": [1.0, 1.0, 1.0, 1.0, 1.0, 1.0, 1.0, 1.0, 1.0, 1.0, 1.0, 1.0, 1.0, 1.0, 1.0, 1.0, 1.0, 1.0, 1.0, 1.0, 1.0, 1.0, 1.0, 1.0, 1.0, 1.0, 1.0, 1.0, 1.0, 1.0, 1.0, 1.0, 1.0, 1.0, 1.0, 1.0, 1.0, 1.0, 1.0, 1.0, 1.0, 1.0, 1.0, 1.0, 1.0, 1.0, 1.0, 1.0, 1.0, 1.0, 1.0, 1.0, 1.0, 1.0, 1.0, 1.0, 1.0, 1.0, 1.0, 1.0, 1.0, 1.0, 1.0, 1.0, 1.0, 1.0, 1.0, 1.0, 1.0, 1.0, 1.0, 1.0, 1.0, 1.0, 1.0, 1.0, 1.0, 1.0, 1.0, 1.0, 1.0, 1.0, 1.0, 1.0, 1.0, 1.0, 1.0, 1.0, 1.0, 1.0, 1.0, 1.0, 1.0, 1.0, 1.0, 1.0, 1.0, 1.0, 1.0, 1.0, 1.0, 1.0, 1.0, 1.0, 1.0, 1.0, 1.0, 1.0, 1.0, 1.0, 1.0, 1.0, 1.0, 1.0, 1.0, 1.0, 1.0, 1.0, 1.0, 1.0, 1.0, 1.0, 1.0, 1.0, 1.0, 1.0, 1.0, 1.0, 1.0, 1.0, 1.0, 1.0, 1.0, 1.0, 1.0, 1.0, 1.0, 1.0, 1.0, 1.0, 1.0, 1.0, 1.0, 1.0, 1.0, 1.0, 1.0, 1.0, 1.0, 1.0, 1.0, 1.0, 1.0, 1.0, 1.0, 1.0, 1.0, 1.0, 1.0, 1.0, 1.0, 1.0, 1.0, 1.0, 1.0, 1.0, 1.0, 1.0, 1.0, 1.0, 1.0, 1.0, 1.0, 1.0, 1.0, 1.0, 1.0, 1.0, 1.0, 1.0, 1.0, 1.0, 1.0, 1.0, 1.0, 1.0, 1.0, 1.0, 1.0, 1.0, 1.0, 1.0, 1.0, 1.0, 1.0, 1.0, 1.0, 1.0, 1.0, 1.0], "min_weight": 0.9, "max_distance": 5}