{"n_items": 200, "weights": [2.01368036917069e-26, 1.66773175212788e-26, 1.79116070186086e-26, 1.48868423786004e-26, 1.83470314150056e-26, 2.08511924706721e-26, 1.73591964677419e-26, 1.6705345841257e-26, 1.56531716587031e-26, 2.43219439634982e-26, 2.37187319759692e-26, 2.00361048211261e-26, 1.86308276071769e-26, 1.89402918567241e-26, 1.76641700365556e-26, 1.51799218601069e-26, 1.26744785934617e-26, 1.14972048228317e-26, 1.071013330715e-26, 1.24709720739076e-26, 1.05502433758809e-26, 2.10406041785754e-26, 1.73436420672408e-26, 1.44794262791403e-26, 1.48444342705765e-26, 1.37296579119595e-26, 7.44178486427516e-26, 6.0198054842974e-26, 5.53600511737174e-26, 4.65012947917753e-26, 3.87216132406933e-26, 3.90925307011234e-26, 3.22739333837724e-26, 3.50247039622972e-26, 2.83693551342058e-26, 2.28760598907233e-26, 2.42358859750795e-26, 2.0337406806722e-26, 1.96292888161948e-26, 1.64351971372481e-26, 1.3363319302841e-26, 1.28360233944853e-26, 3.0857698700402e-26, 2.87504400804044e-26, 2.39829068776024e-26, 4.48447064296229e-26, 3.60294169121543e-26, 3.81726251329626e-26, 5.00460768003091e-26, 5.32745901241578e-26, 4.62511885383686e-26, 9.39756999744596e-26, 8.06349517247206e-26, 7.95282120906593e-26, 6.21778661502331e-26, 4.93464066945894e-26, 5.64305649536338e-26, 4.5032313097418e-26, 3.7003804076546e-26, 1.42340726801309e-25, 1.7920374310829e-25, 1.40986895601097e-25, 1.78310370491811e-25, 1.46883122090119e-25, 1.17385542334429e-25, 1.01418857311715e-25, 9.96712157498986e-26, 7.82184931020997e-26, 1.34054539789811e-25, 1.13352933821289e-25, 2.03726665572495e-25, 1.5749133820451e-25, 4.90493140602905e-25, 4.68489429830051e-25, 3.82496638729987e-25, 2.94831646047441e-25, 2.27072208895212e-25, 3.7166362240774e-25, 3.66813584592807e-25, 3.8126582192565e-25, 2.82197065815408e-25, 4.19285729313225e-25, 3.34761514951509e-25, 3.50384807207753e-25, 7.28311851864227e-25, 7.27986277361939e-25, 8.52905642996469e-25, 6.18187899002721e-25, 4.31119741817442e-24, 5.91850689044547e-24, 4.53407481954058e-24, 3.22470054723114e-24, 2.31183694275869e-24, 2.06844088232181e-24, 1.4600203107154e-24, 1.85557554197738e-24, 1.83194127769515e-23, 3.92255833188675e-23, 3.21799596062313e-23, 2.78180242127268e-23, 1.89342987172775e-23, 4.01767298677441e-23, 2.76647326173784e-23, 1.82264294569456e-23, 3.94124618896669e-23, 2.73866639058735e-23, 2.61727133016587e-23, 4.79432283067167e-23, 9.50490196817436e-23, 6.51947705186501e-23, 1.61201815346721e-22, 1.38883793834493e-22, 3.32457865181377e-21, 5.42063548528635e-21, 3.1772591657054e-21, 7.74792275399156e-20, 1.129066580235e-18, 2.45078028014428e-18, 1.4367197133176e-18, 7.54125676902985e-19, 7.44378355688985e-19, 2.78168071079458e-18, 4.36741870883249e-18, 1.17685660459507e-12, 1.31793239309147e-12, 9.33926285338565e-10, 2.50238734142801e-09, 1.10821364768086e-09, 1.26476280552816e-09, 1.28610056673399e-09, 3.09908468581223e-05, 9.04002301287141e-05, 0.00400884614209227, 0.00204450222617405, 0.000623472312615765, 0.000681806993075834, 0.598996410470753, 0.274566976020234, 0.0628650091449107, 0.0333489731880133, 0.017409452258301, 0.00399826135344486, 0.000947906267167269, 0.000223040312421894, 0.000124524762668579, 2.97232125033214e-05, 7.18795131302224e-06, 1.79713124591274e-06, 4.59245331879884e-07, 1.54557908148592e-07, 4.83397861044216e-08, 1.72350708852254e-08, 2.32885157485781e-08, 6.58003395536953e-09, 1.5559027660289e-09, 7.99188852891166e-10, 3.10544162591325e-10, 8.59001288227441e-11, 2.07369807619296e-11, 4.44610276302238e-11, 1.06759596003454e-11, 2.99540403637268e-12, 7.64671960059547e-13, 2.76946260594364e-13, 7.11194635685212e-14, 1.80908673704004e-14, 5.47646234625178e-15, 1.89934023287864e-15, 2.6272010307188e-15, 6.83176592626173e-16, 1.74984007815089e-16, 4.49393313945674e-17, 2.54137759337611e-17, 2.15933108048601e-17, 7.35191470952998e-18, 2.68712715329466e-18, 9.03568355272228e-19, 3.64577073480659e-19, 9.14310338626165e-20, 3.57216764087635e-20, 1.32047754378217e-20, 3.72795204970004e-21, 1.12891318522117e-21, 8.34636000659186e-22, 3.16851790903768e-22, 1.29819089904025e-22, 5.39809796828347e-23, 2.77598646787964e-23, 7.23577261844021e-24, 1.98598196793685e-24, 8.18324552296553e-25, 2.68364852446689e-25, 7.81448807155327e-26, 5.54435082850325e-26, 1.79756211544504e-26, 1.2726142199049e-26, 4.45712460776963e-27, 3.37861730077382e-27, 1.23868091211921e-27, 3.14722204936693e-27], "profits": [1.0, 1.0, 1.0, 1.0, 1.0, 1.0, 1.0, 1.0, 1.0, 1.0, 1.0, 1.0, 1.0, 1.0, 1.0, 1.0, 1.0, 1.0, 1.0, 1.0, 1.0, 1.0, 1.0, 1.0, 1.0, 1.0, 1.0, 1.0, 1.0, 1.0, 1.0, 1.0, 1.0, 1.0, 1.0, 1.0, 1.0, 1.0, 1.0, 1.0, 1.0, 1.0, 1.0, 1.0, 1.0, 1.0, 1.0, 1.0, 1.0, 1.0, 1.0, 1.0, 1.0, 1.0, 1.0, 1.0, 1.0, 1.0, 1.0, 1.0, 1.0, 1.0, 1.0, 1.0, 1.0, 1.0, 1.0, 1.0, 1.0, 1.0, 1.0, 1.0, 1.0, 1.0, 1.0, 1.0, 1.0, 1.0, 1.0, 1.0, 1.0, 1.0, 1.0, 1.0, 1.0, 1.0, 1.0, 1.0, 1.0, 1.0, 1.0, 1.0, 1.0, 1.0, 1.0, 1.0, 1.0, 1.0, 1.0, 1.0, 1.0, 1.0, 1.0, 1.0, 1.0, 1.0, 1.0, 1.0, 1.0, 1.0, 1.0, 1.0, 1.0, 1.0, 1.0, 1.0, 1.0, 1.0, 1.0, 1.0, 1.0, 1.0, 1.0, 1.0, 1.0, 1.0, 1.0, 1.0, 1.0, 1.0, 1.0, 1.0, 1.0, 1.0, 1.0, 1.0, 1.0, 1.0, 1.0, 1.0, 1.0, 1.0, 1.0, 1.0, 1.0, 1.0, 1.0, 1.0, 1.0, 1.0, 1.0, 1.0, 1.0, 1.0, 1.0, 1.0, 1.0, 1.0, 1.0, 1.0, 1.0, 1.0, 1.0, 1.0, 1.0, 1.0, 1.0, 1.0, 1.0, 1.0, 1.0, 1.0, 1.0, 1.0, 1.0, 1.0, 1.0, 1.0, 1.0, 1.0, 1.0, 1.0, 1.0, 1.0, 1.0, 1.0, 1.0, 1.0, 1.0, 1.0, 1.0, 1.0, 1.0, 1.0, 1.0, 1.0, 1.0, 1.0, 1.0, 1.0], "min_weight": 0.95, "max_distance": 2}