{"n_items": 200, "weights": [3.44807973849971e-07, 4.82800949631175e-07, 6.98565544285404e-07, 1.01310313677486e-06, 1.41482136695802e-06, 1.74922738889412e-06, 2.49033031499452e-06, 3.53332744370481e-06, 5.06165263021725e-06, 3.2742487415176e-06, 4.40579707093765e-06, 3.29642307619693e-06, 4.37097575484515e-06, 5.86227203455341e-06, 8.55145695121088e-06, 1.06778992327303e-05, 1.46997920186113e-05, 1.66478164712135e-05, 1.52787300186199e-05, 2.19683929449918e-05, 3.27380993702959e-05, 3.22742452272188e-05, 3.74394823488171e-05, 2.60997427605349e-05, 1.69083061221315e-05, 1.25604369197452e-05, 1.85805675574079e-05, 2.18600565464978e-05, 2.8295746077906e-05, 2.8035704204735e-05, 4.10270236978446e-05, 4.46205190149237e-05, 5.40192949185485e-05, 8.18005584728088e-05, 0.000124572854752544, 0.000176389038463696, 0.000235351126910489, 0.000232611181225532, 0.000208053816039724, 0.000317969871930935, 0.000470484059361669, 0.000374800826360644, 0.00046680603877103, 0.00069975408068676, 0.000501688795907382, 0.000730029217074807, 0.0010610950099636, 0.000725533818398223, 0.000969991390603563, 0.00151772616680671, 0.00160758432468333, 0.00245986045147198, 0.00389809271543843, 0.00582207659698055, 0.00239640739643142, 0.00298876278317916, 0.00427858093491224, 0.00217281883548246, 0.0033091159008783, 0.00523337145668275, 0.00574637369561959, 0.00923031411449548, 0.0147429063795179, 0.0207759262286881, 0.0266606082691583, 0.0414264613975456, 0.0375179694011286, 0.0462319990665525, 0.0399395752718339, 0.0304578474621203, 0.0395071862047164, 0.0595153271051914, 0.0650559201089009, 0.0896715470369828, 0.103230157415339, 0.0460275696311821, 0.0323658624393725, 0.036558991619351, 0.0523510907064358, 0.0875021995555856, 0.00813902925722994, 0.0100666826814568, 0.0114696734294984, 0.0190749140393568, 0.00690648784343663, 0.0104145081127931, 0.00100730738075649, 0.000567684864946912, 0.000298189144817096, 0.00022790265582223, 0.000373255683554428, 0.000509999969446675, 0.000676641208811156, 0.000715484241113423, 0.000793980221374915, 0.000553065004353807, 6.53592966110219e-05, 1.98475824860464e-05, 8.64227679948371e-06, 4.96671546825818e-06, 7.45706434803569e-06, 8.73409427412154e-07, 9.94403899897299e-08, 9.74568785763168e-08, 1.54276390948487e-07, 1.42393364064182e-07, 1.84372907151367e-08, 2.28109235788171e-08, 3.73015689156694e-08, 5.99280993040595e-09, 3.20637720255702e-09, 3.57482383136758e-09, 2.8680973789247e-09, 2.08908901230802e-09, 2.94735612958507e-09, 1.20410080814277e-09, 1.06101307447411e-09, 1.40183106261538e-09, 9.28167264192926e-10, 1.40973876933176e-09, 7.7062408394057e-10, 1.26198409892513e-10, 9.05163919964927e-11, 1.43429585025248e-10, 2.24819247290433e-10, 2.88092638092897e-10, 4.75705566418605e-10, 3.32168829934125e-10, 4.27562412531581e-10, 6.3140661320839e-10, 2.77938401380342e-10, 4.06587114854353e-10, 1.79063613088279e-10, 1.20758158013359e-10, 1.94452917140698e-10, 1.96808264236583e-10, 1.63637916304701e-10, 1.6313950316829e-11, 5.86335322393734e-12, 1.89578699049363e-12, 3.14274074453115e-12, 5.07246566987586e-12, 1.67711781439263e-12, 1.10735541458493e-12, 1.47401021775248e-12, 1.79671529548012e-12, 6.09860447195889e-13, 1.02866941492352e-12, 9.05853544197288e-13, 1.30472619698617e-12, 5.22801501131273e-14, 3.31076699921601e-14, 4.20735867124042e-14, 7.06865484807887e-14, 1.11781633672662e-13, 1.69363296918864e-14, 3.07697013067295e-15, 5.09397701847543e-15, 8.53118632815541e-15, 1.44718572645342e-14, 2.03524855247335e-14, 2.96068763039246e-14, 5.06007592766608e-14, 3.24312360836029e-14, 4.67605746281029e-15, 7.08107567081625e-15, 3.20096832246753e-16, 3.86078600309573e-16, 6.56860114055208e-16, 1.52994436055739e-16, 1.94401768377547e-16, 6.33873422782745e-18, 6.65787806171859e-18, 1.70612443875479e-18, 2.02929445458465e-18, 3.22197787874957e-18, 4.21710532792483e-18, 6.91762862644394e-18, 9.89637321729276e-18, 1.68509813697964e-17, 1.22726591230751e-17, 1.43065122410135e-17, 2.0517988110028e-18, 1.25160017677221e-18, 2.19310320751558e-18, 1.6433725419439e-19, 2.74748340948649e-19, 4.51215873459224e-19, 3.658695710161e-19, 1.15862453367009e-20, 1.28049469745463e-20, 1.60558970934091e-20, 2.44924772872922e-20, 4.24241839176245e-20, 6.90686340205904e-20, 1.18758409512505e-19, 6.35428014927586e-20, 7.69251767096255e-21, 1.4544270391988e-20, 1.57511467294425e-20], "profits": [1.0, 1.0, 1.0, 1.0, 1.0, 1.0, 1.0, 1.0, 1.0, 1.0, 1.0, 1.0, 1.0, 1.0, 1.0, 1.0, 1.0, 1.0, 1.0, 1.0, 1.0, 1.0, 1.0, 1.0, 1.0, 1.0, 1.0, 1.0, 1.0, 1.0, 1.0, 1.0, 1.0, 1.0, 1.0, 1.0, 1.0, 1.0, 1.0, 1.0, 1.0, 1.0, 1.0, 1.0, 1.0, 1.0, 1.0, 1.0, 1.0, 1.0, 1.0, 1.0, 1.0, 1.0, 1.0, 1.0, 1.0, 1.0, 1.0, 1.0, 1.0, 1.0, 1.0, 1.0, 1.0, 1.0, 1.0, 1.0, 1.0, 1.0, 1.0, 1.0, 1.0, 1.0, 1.0, 1.0, 1.0, 1.0, 1.0, 1.0, 1.0, 1.0, 1.0, 1.0, 1.0, 1.0, 1.0, 1.0, 1.0, 1.0, 1.0, 1.0, 1.0, 1.0, 1.0, 1.0, 1.0, 1.0, 1.0, 1.0, 1.0, 1.0, 1.0, 1.0, 1.0, 1.0, 1.0, 1.0, 1.0, 1.0, 1.0, 1.0, 1.0, 1.0, 1.0, 1.0, 1.0, 1.0, 1.0, 1.0, 1.0, 1.0, 1.0, 1.0, 1.0, 1.0, 1.0, 1.0, 1.0, 1.0, 1.0, 1.0, 1.0, 1.0, 1.0, 1.0, 1.0, 1.0, 1.0, 1.0, 1.0, 1.0, 1.0, 1.0, 1.0, 1.0, 1.0, 1.0, 1.0, 1.0, 1.0, 1.0, 1.0, 1.0, 1.0, 1.0, 1.0, 1.0, 1.0, 1.0, 1.0, 1.0, 1.0, 1.0, 1.0, 1.0, 1.0, 1.0, 1.0, 1.0, 1.0, 1.0, 1.0, 1.0, 1.0, 1.0, 1.0, 1.0, 1.0, 1.0, 1.0, 1.0, 1.0, 1.0, 1.0, 1.0, 1.0, 1.0, 1.0, 1.0, 1.0, 1.0, 1.0, 1.0, 1.0, 1.0, 1.0, 1.0, 1.0, 1.0], "min_weight": 0.9, "max_distance": 3}