{"n_items": 200, "weights": [0.00802793382657111, 0.0149226058862425, 0.022674631810415, 0.0280485124433612, 0.0117858440562412, 0.00808349823131401, 0.00904352425619852, 0.0172541619463891, 0.0238237749575015, 0.0401593334877718, 0.00282818902009224, 0.00437787715191326, 0.00343587555274171, 0.00603533537906825, 0.0101366511840759, 0.0100561862359739, 0.0156942813739085, 0.0293014003888212, 0.0570415722215164, 0.0959420789911761, 0.187556133795392, 0.0323528637911885, 0.0634002828835301, 0.0983202708515338, 0.193563958210892, 0.0042521674912885, 0.001364602029747, 0.00050856845362023, 3.67252195214275e-06, 4.18825202010686e-06, 2.06808970911556e-08, 1.46222785157072e-09, 7.27622602272299e-10, 4.20178688731688e-11, 3.37255285628121e-11, 6.45270909439126e-12, 9.43889704568546e-12, 6.41807845996984e-12, 6.04415609544507e-12, 1.15166532925277e-11, 1.60321627814433e-11, 2.54849240600128e-11, 2.836172176227e-11, 5.08673336623035e-11, 8.93368523322892e-11, 1.00270515143891e-10, 7.12993285205458e-13, 7.24416378870584e-13, 1.24664543520952e-12, 2.17776245281911e-12, 2.3246157363429e-12, 8.1883696851604e-13, 1.31295359612404e-12, 1.54121431571099e-12, 2.98032075747913e-12, 1.46363811219359e-12, 1.76163649760232e-12, 1.43368106235203e-12, 1.67083341392974e-12, 1.27170309947234e-13, 1.10430746066434e-13, 1.3966766506193e-13, 2.72750853314445e-13, 6.55443302381682e-15, 2.39075058212263e-15, 4.2720805234029e-15, 1.80442249939322e-15, 2.60414736469495e-15, 1.78427506507843e-16, 2.90322601700739e-16, 2.9213767093705e-17, 5.08220070167892e-18, 3.0504309428904e-18, 3.1279161382626e-18, 4.89036552031488e-18, 9.58629082229044e-18, 1.42247254563771e-17, 1.74122493763685e-19, 2.81000086847225e-19, 2.38182327234977e-20, 3.72434120016101e-20, 6.6062618311365e-20, 1.83996550942301e-21, 1.50615137517928e-22, 7.38769020624884e-24, 1.43261505332167e-23, 2.10037777581698e-23, 2.6697816550044e-23, 4.48652321753492e-23, 8.55620132112858e-23, 1.16093906730553e-22, 2.24164154587407e-22, 1.95389842964755e-22, 2.74543689768373e-22, 1.36549409801904e-22, 2.30176988065335e-23, 4.82895381230996e-24, 8.90701553288802e-24, 1.5493108201417e-24, 5.87565043747662e-25, 1.05792058550461e-24, 4.56062709392844e-25, 2.83970733792563e-26, 4.82582955304843e-26, 1.99131047169261e-27, 3.03105361308676e-27, 5.90979968863578e-27, 3.6233736559799e-28, 6.59830808875501e-28, 1.50138714698481e-28, 1.324090430211e-28, 8.25687500507413e-31, 1.57043748140811e-30, 2.27684455445205e-31, 5.4963509146097e-32, 1.44819913249856e-34, 1.35823026530951e-34, 2.08943664738654e-34, 3.02456312643526e-34, 5.68022785731238e-35, 2.40077505527281e-36, 5.96099693332337e-37, 1.46057499112988e-39, 1.63154963399925e-39, 4.23877356874668e-41, 7.71005336230046e-41, 8.22548283484778e-41, 1.02633270755338e-40, 9.45563918803763e-41, 5.41884436235478e-41, 8.31196750730626e-41, 1.51636637210821e-40, 2.003643200187e-40, 3.59279847180899e-40, 6.38228536757404e-40, 1.08070098624064e-39, 1.88721542791088e-39, 2.01607644714755e-39, 2.30211704492464e-39, 2.73651093772707e-39, 1.72628759612845e-40, 1.10677157068323e-40, 9.175020450689e-42, 3.43419888767394e-42, 1.29138351743289e-42, 1.72770317983845e-42, 3.36031463408103e-42, 6.33171123282842e-42, 1.23339929689911e-41, 2.3307186478187e-41, 4.03805031645139e-43, 4.73204602279803e-45, 1.74002922639193e-46, 2.69630176921203e-46, 4.80397008449939e-46, 2.06710636788213e-46, 1.39066318328196e-46, 1.9702194879222e-46, 1.71609236280867e-46, 7.20115254993673e-47, 1.62835563975302e-48, 3.23781854530597e-49, 6.06707091744508e-49, 2.43489896988626e-49, 1.61733960153351e-49, 1.31588408996126e-49, 4.48106592480697e-50, 4.20638910835832e-50, 7.94784325220309e-50, 1.54094069160982e-49, 2.70129157151959e-49, 1.00945231694896e-53, 1.06735111545925e-53, 1.50787305538504e-53, 2.44794209337088e-53, 6.72916742520151e-54, 1.14304728946467e-53, 9.22130337881777e-54, 1.69962286870371e-53, 3.22415869822577e-53, 3.93794949252681e-53, 7.07891128320891e-53, 9.06864453269581e-53, 3.85666734698123e-53, 2.02665782917327e-53, 4.03606171798121e-55, 5.77668974933011e-55, 9.84309710934205e-55, 1.28597778090807e-54, 2.60699234859918e-54, 9.85452018867509e-56, 4.25626794663071e-56, 4.28648227021289e-57, 2.51595400892483e-57, 4.64568327671645e-57, 2.96659450248304e-58, 4.46542489503873e-58, 6.00162545712604e-58, 1.40936838729405e-57, 4.3800784204549e-57], "profits": [1.0, 1.0, 1.0, 1.0, 1.0, 1.0, 1.0, 1.0, 1.0, 1.0, 1.0, 1.0, 1.0, 1.0, 1.0, 1.0, 1.0, 1.0, 1.0, 1.0, 1.0, 1.0, 1.0, 1.0, 1.0, 1.0, 1.0, 1.0, 1.0, 1.0, 1.0, 1.0, 1.0, 1.0, 1.0, 1.0, 1.0, 1.0, 1.0, 1.0, 1.0, 1.0, 1.0, 1.0, 1.0, 1.0, 1.0, 1.0, 1.0, 1.0, 1.0, 1.0, 1.0, 1.0, 1.0, 1.0, 1.0, 1.0, 1.0, 1.0, 1.0, 1.0, 1.0, 1.0, 1.0, 1.0, 1.0, 1.0, 1.0, 1.0, 1.0, 1.0, 1.0, 1.0, 1.0, 1.0, 1.0, 1.0, 1.0, 1.0, 1.0, 1.0, 1.0, 1.0, 1.0, 1.0, 1.0, 1.0, 1.0, 1.0, 1.0, 1.0, 1.0, 1.0, 1.0, 1.0, 1.0, 1.0, 1.0, 1.0, 1.0, 1.0, 1.0, 1.0, 1.0, 1.0, 1.0, 1.0, 1.0, 1.0, 1.0, 1.0, 1.0, 1.0, 1.0, 1.0, 1.0, 1.0, 1.0, 1.0, 1.0, 1.0, 1.0, 1.0, 1.0, 1.0, 1.0, 1.0, 1.0, 1.0, 1.0, 1.0, 1.0, 1.0, 1.0, 1.0, 1.0, 1.0, 1.0, 1.0, 1.0, 1.0, 1.0, 1.0, 1.0, 1.0, 1.0, 1.0, 1.0, 1.0, 1.0, 1.0, 1.0, 1.0, 1.0, 1.0, 1.0, 1.0, 1.0, 1.0, 1.0, 1.0, 1.0, 1.0, 1.0, 1.0, 1.0, 1.0, 1.0, 1.0, 1.0, 1.0, 1.0, 1.0, 1.0, 1.0, 1.0, 1.0, 1.0, 1.0, 1.0, 1.0, 1.0, 1.0, 1.0, 1.0, 1.0, 1.0, 1.0, 1.0, 1.0, 1.0, 1.0, 1.0, 1.0, 1.0, 1.0, 1.0, 1.0, 1.0], "min_weight": 0.95, "max_distance": 2}