{"n_items": 200, "weights": [1.97156689840976e-27, 1.68066886851853e-27, 1.39781055913871e-27, 1.16572662647621e-27, 1.00773829093216e-27, 9.65992543237958e-28, 8.26210539288784e-28, 7.11281235584681e-28, 6.09963460266634e-28, 9.88881029820505e-28, 8.88343127026681e-28, 1.30329493425182e-27, 1.1835152455198e-27, 1.06668402574804e-27, 8.99110457312957e-28, 8.63317450769357e-28, 7.66970079619243e-28, 7.98740494973609e-28, 9.89930452973049e-28, 8.4954612554266e-28, 7.11188584895744e-28, 8.31481700744888e-28, 8.53863420360028e-28, 1.34736926180317e-27, 2.33637298368533e-27, 3.68018777655254e-27, 3.02740047533147e-27, 3.10216462519097e-27, 2.90809124057809e-27, 3.51903398192453e-27, 2.94128292367545e-27, 3.26509648722098e-27, 3.27844131526838e-27, 2.66709795331573e-27, 2.17054693637043e-27, 1.89666596079444e-27, 1.75315830196525e-27, 2.12820647338974e-27, 2.85482120698034e-27, 2.32700554279638e-27, 1.96424492552313e-27, 2.94588969317433e-27, 2.92046534805508e-27, 2.43551864981038e-27, 4.11203664694749e-27, 3.51726743686464e-27, 3.0232711469785e-27, 5.45319745903096e-27, 5.08072006948329e-27, 4.05619748245417e-27, 4.78441581167033e-27, 3.92118866363576e-27, 3.12374129816026e-27, 2.6481728074578e-27, 8.03961560694029e-27, 8.12635595331044e-27, 7.12158140109534e-27, 1.91759087203369e-26, 1.55842638388125e-26, 1.22178514814497e-26, 1.43299768314788e-26, 1.11059647609395e-26, 8.72169857482058e-27, 7.8384242114308e-27, 7.75184770338812e-27, 6.3293410744375e-27, 8.71482975795581e-27, 8.86167574754022e-27, 1.25347285597065e-26, 1.99418009820749e-26, 1.90079346686611e-26, 1.57164347807082e-26, 1.71506344325857e-26, 1.5180368419448e-26, 1.52273152211868e-26, 2.88717960137849e-26, 3.92428416147014e-26, 3.80194030113133e-26, 3.12708789571085e-26, 2.34066363346833e-26, 8.40243889911906e-26, 7.28138800067977e-26, 6.59618350175368e-26, 4.85858957520095e-26, 8.01156981575325e-26, 6.17808644734531e-26, 2.12160375328174e-25, 2.83974266502209e-25, 4.0089781378087e-25, 4.53624703762158e-25, 3.2137702798163e-25, 2.55411331787809e-25, 2.07132503715906e-25, 1.92347001478576e-25, 1.73688951755552e-25, 2.06670629705862e-25, 7.65871114078039e-25, 1.68080897886255e-24, 2.98452574294812e-24, 4.41684481142414e-24, 3.15566269437601e-24, 1.73406634134881e-23, 1.24869030108801e-22, 1.27136628418707e-22, 8.12873965621212e-23, 8.78959365069683e-23, 7.46415196088594e-22, 6.02327435335015e-22, 3.59420947585793e-22, 3.06756908938284e-21, 7.1274957277537e-21, 6.56793638405611e-21, 9.39105309539178e-21, 1.5621666059731e-20, 1.05491668464137e-20, 4.16392274527904e-20, 5.63766398598046e-20, 4.15997538930964e-20, 8.97970830445309e-20, 5.34207123356582e-20, 1.65054363847505e-19, 5.56193190764209e-18, 1.43790644921018e-17, 7.23842210005027e-18, 3.78961177445021e-18, 3.02479050731112e-18, 1.46115197159853e-18, 4.10991986542634e-18, 3.33208361844001e-18, 2.04033234119814e-18, 1.82882216367915e-17, 1.13735174992921e-17, 1.41378305178489e-16, 7.59257251590637e-16, 3.57266841796995e-16, 6.63547628150924e-16, 2.45565963108436e-15, 9.13363385506552e-11, 3.64922365404003e-07, 0.775811333923914, 0.162449779467882, 0.0349861206480769, 0.0181977683000875, 0.00638951348396601, 0.00152596707283651, 0.000384666542917105, 0.000192016900353709, 4.07370632084521e-05, 1.22549912131881e-05, 2.87014866370764e-06, 4.47864201761232e-06, 1.60820491961479e-06, 3.91534707723255e-07, 8.27347763831741e-08, 1.83362627662194e-08, 1.40581403011585e-08, 1.02274595404962e-08, 2.12978290812084e-09, 4.48899162969413e-10, 9.57433821353076e-11, 2.28541791519241e-11, 5.43142951691407e-12, 1.21265891152491e-12, 4.32512555344648e-13, 3.17296770290873e-13, 7.43661011751505e-14, 1.03730551363648e-13, 2.64194976606422e-14, 5.69532086753707e-15, 3.46971228101446e-15, 8.67102706793311e-16, 1.73821496913188e-15, 4.63412260604046e-16, 3.09000076054207e-16, 7.49947695635179e-17, 1.53835245904894e-17, 3.64531356751283e-18, 7.76067419233382e-19, 1.83238659460034e-19, 4.06967453169817e-20, 1.38808807758015e-20, 3.80998664765585e-21, 2.88487364611375e-21, 1.08383378917164e-21, 2.38826376621065e-22, 2.85778959454676e-22, 6.01007087047691e-23, 1.35105914399102e-23, 4.46910541704836e-24, 1.27620482105095e-23, 3.18999506553405e-24, 7.38461509296681e-25, 1.57453101897045e-25, 3.4434781662065e-26, 8.69493568150983e-27, 2.39476301741913e-27, 1.06323729438424e-27, 1.08456326255891e-27, 2.82094951386031e-28, 1.43807301101864e-28], "profits": [1.0, 1.0, 1.0, 1.0, 1.0, 1.0, 1.0, 1.0, 1.0, 1.0, 1.0, 1.0, 1.0, 1.0, 1.0, 1.0, 1.0, 1.0, 1.0, 1.0, 1.0, 1.0, 1.0, 1.0, 1.0, 1.0, 1.0, 1.0, 1.0, 1.0, 1.0, 1.0, 1.0, 1.0, 1.0, 1.0, 1.0, 1.0, 1.0, 1.0, 1.0, 1.0, 1.0, 1.0, 1.0, 1.0, 1.0, 1.0, 1.0, 1.0, 1.0, 1.0, 1.0, 1.0, 1.0, 1.0, 1.0, 1.0, 1.0, 1.0, 1.0, 1.0, 1.0, 1.0, 1.0, 1.0, 1.0, 1.0, 1.0, 1.0, 1.0, 1.0, 1.0, 1.0, 1.0, 1.0, 1.0, 1.0, 1.0, 1.0, 1.0, 1.0, 1.0, 1.0, 1.0, 1.0, 1.0, 1.0, 1.0, 1.0, 1.0, 1.0, 1.0, 1.0, 1.0, 1.0, 1.0, 1.0, 1.0, 1.0, 1.0, 1.0, 1.0, 1.0, 1.0, 1.0, 1.0, 1.0, 1.0, 1.0, 1.0, 1.0, 1.0, 1.0, 1.0, 1.0, 1.0, 1.0, 1.0, 1.0, 1.0, 1.0, 1.0, 1.0, 1.0, 1.0, 1.0, 1.0, 1.0, 1.0, 1.0, 1.0, 1.0, 1.0, 1.0, 1.0, 1.0, 1.0, 1.0, 1.0, 1.0, 1.0, 1.0, 1.0, 1.0, 1.0, 1.0, 1.0, 1.0, 1.0, 1.0, 1.0, 1.0, 1.0, 1.0, 1.0, 1.0, 1.0, 1.0, 1.0, 1.0, 1.0, 1.0, 1.0, 1.0, 1.0, 1.0, 1.0, 1.0, 1.0, 1.0, 1.0, 1.0, 1.0, 1.0, 1.0, 1.0, 1.0, 1.0, 1.0, 1.0, 1.0, 1.0, 1.0, 1.0, 1.0, 1.0, 1.0, 1.0, 1.0, 1.0, 1.0, 1.0, 1.0, 1.0, 1.0, 1.0, 1.0, 1.0, 1.0], "min_weight": 0.9, "max_distance": 2}