{"n_items": 200, "weights": [3.96429077321943e-26, 3.51009602597557e-26, 5.67811295445851e-26, 5.85367260517258e-26, 4.881820549205e-26, 4.50863232576665e-26, 4.20878175796502e-26, 1.30440115291962e-25, 1.13162378132104e-25, 9.32764397166708e-26, 8.20807992266077e-26, 8.29630047236275e-26, 8.94210436285887e-26, 7.93231129980606e-26, 7.91547648044805e-26, 8.20648589264604e-26, 6.99925222702922e-26, 5.94015930590739e-26, 5.23236760966269e-26, 4.36931225287511e-26, 3.63686886767709e-26, 4.36271866295345e-26, 4.85947533044382e-26, 7.22933127926241e-26, 6.81352253682709e-26, 6.70548357804203e-26, 5.64485901984125e-26, 7.80338568219026e-26, 1.16433246691206e-25, 1.06574123168308e-25, 1.05767140833574e-25, 8.84894302029633e-26, 1.00712420277795e-25, 3.38300382035795e-25, 4.26776135085713e-25, 6.82833041715236e-25, 7.24013241675473e-25, 7.98336734229738e-25, 2.54140813928478e-24, 6.354791039857e-24, 4.86118258363796e-24, 9.60146507633064e-24, 9.39965499435168e-24, 7.09020786781925e-24, 2.4169382221467e-23, 1.96144785314277e-23, 1.66980698259819e-23, 1.74506519844275e-23, 1.41966500551762e-23, 1.32352782139731e-23, 9.8647229762486e-24, 1.86490905533914e-23, 1.39893122099243e-23, 1.64363240652943e-23, 1.41764832114717e-23, 1.05372497113967e-23, 1.13705873500301e-23, 1.08055871037521e-23, 8.03867487589635e-24, 5.97835622964217e-24, 4.55802960431229e-24, 5.90670009005245e-24, 6.02270161129645e-24, 5.16699700813716e-24, 4.26929646990675e-24, 4.068650909478e-24, 3.18317764583444e-24, 1.70765660916561e-23, 1.29409959161083e-23, 2.03349190185616e-23, 1.52473742533853e-23, 1.12671930995402e-23, 8.38870450528321e-24, 6.46569440341846e-24, 4.73513037100604e-24, 3.74571555702623e-24, 2.78822692206549e-24, 3.00900896637548e-24, 2.23278977356299e-24, 1.67479032109509e-24, 1.36765992309674e-24, 9.19838004797563e-24, 1.41755243739466e-23, 1.32525286140595e-23, 9.69150031973237e-24, 6.95188916640731e-24, 7.5650929357207e-24, 5.56533904502734e-24, 2.48697657979069e-23, 2.30643184352989e-23, 3.66619762018397e-23, 4.04095033524273e-23, 1.13098415806304e-22, 4.92531971996772e-21, 3.17287510881633e-21, 7.1864173568509e-21, 7.13175306088312e-21, 2.7111348418417e-20, 1.9615141549129e-20, 1.2077569012781e-20, 7.68987068460398e-21, 1.35087179653058e-20, 1.52495533635255e-20, 3.78319857775394e-20, 2.38916781029034e-19, 3.9434681825274e-19, 2.45105422880036e-19, 1.6403888208096e-19, 4.13413099518586e-19, 1.56033496360825e-18, 8.45871106111457e-18, 3.96958461884808e-17, 4.43017734166438e-15, 2.43266085213825e-14, 1.16419316977504e-14, 1.32249783211186e-14, 8.73650856088442e-15, 4.70131188862182e-15, 1.53349882144835e-14, 1.46960940803196e-14, 7.87162610553329e-15, 1.10510965415237e-14, 5.03348919225796e-15, 5.274274613473e-11, 2.33217468594034e-10, 1.14624002620602e-10, 7.05885115887372e-11, 2.77085994079903e-11, 1.2269619433085e-11, 1.70981800044655e-09, 1.00002477341648e-09, 7.62444463688095e-09, 2.10857718311538e-08, 1.95953744207363e-08, 9.21742056415723e-08, 1.49999298730037e-07, 0.000113864106361982, 6.05462937499175e-05, 0.364732490154343, 0.449857206087655, 0.136943060357691, 0.0314030535378576, 0.0071539076066299, 0.00666459892818203, 0.00157835850633244, 0.000847551946179273, 0.000192607311747196, 0.000133870881118022, 3.26335515498711e-05, 9.69020133430257e-06, 0.000210217868708541, 4.67325896056209e-05, 1.4478010973896e-05, 3.47126491229801e-06, 8.6423778671326e-07, 2.07275254909008e-07, 1.81894594863413e-07, 8.42455702177624e-08, 2.22257790413695e-08, 4.90085098385233e-09, 1.79363782928589e-09, 3.99237424377578e-10, 8.72574897637964e-11, 1.92533422774243e-11, 9.39675751651016e-12, 4.64384251770882e-12, 1.2093848904155e-12, 2.89027889559451e-13, 6.56452943597849e-14, 2.29909861433374e-14, 5.51912616930565e-15, 1.33377722392892e-15, 6.0575117400702e-16, 2.70738161413158e-16, 1.10359669253059e-16, 2.8510813300839e-17, 9.98904250781658e-18, 7.44611676446774e-18, 1.7168243722645e-18, 3.43778410150653e-18, 1.02944597022078e-18, 2.33237611601963e-19, 7.05683844683712e-20, 1.90504072102203e-20, 4.45391344047396e-21, 1.0739424096743e-21, 3.5475996809591e-22, 1.44812075157788e-22, 6.04164999029428e-23, 1.56643200759969e-23, 4.33051627580777e-24, 2.29220408963793e-24, 6.46852274595741e-25, 1.21238583495632e-24, 2.99736578643266e-25, 3.98711794084951e-25, 1.48972124373631e-25, 2.69341360043651e-25, 5.20965762660959e-26, 1.00743369366754e-26], "profits": [1.0, 1.0, 1.0, 1.0, 1.0, 1.0, 1.0, 1.0, 1.0, 1.0, 1.0, 1.0, 1.0, 1.0, 1.0, 1.0, 1.0, 1.0, 1.0, 1.0, 1.0, 1.0, 1.0, 1.0, 1.0, 1.0, 1.0, 1.0, 1.0, 1.0, 1.0, 1.0, 1.0, 1.0, 1.0, 1.0, 1.0, 1.0, 1.0, 1.0, 1.0, 1.0, 1.0, 1.0, 1.0, 1.0, 1.0, 1.0, 1.0, 1.0, 1.0, 1.0, 1.0, 1.0, 1.0, 1.0, 1.0, 1.0, 1.0, 1.0, 1.0, 1.0, 1.0, 1.0, 1.0, 1.0, 1.0, 1.0, 1.0, 1.0, 1.0, 1.0, 1.0, 1.0, 1.0, 1.0, 1.0, 1.0, 1.0, 1.0, 1.0, 1.0, 1.0, 1.0, 1.0, 1.0, 1.0, 1.0, 1.0, 1.0, 1.0, 1.0, 1.0, 1.0, 1.0, 1.0, 1.0, 1.0, 1.0, 1.0, 1.0, 1.0, 1.0, 1.0, 1.0, 1.0, 1.0, 1.0, 1.0, 1.0, 1.0, 1.0, 1.0, 1.0, 1.0, 1.0, 1.0, 1.0, 1.0, 1.0, 1.0, 1.0, 1.0, 1.0, 1.0, 1.0, 1.0, 1.0, 1.0, 1.0, 1.0, 1.0, 1.0, 1.0, 1.0, 1.0, 1.0, 1.0, 1.0, 1.0, 1.0, 1.0, 1.0, 1.0, 1.0, 1.0, 1.0, 1.0, 1.0, 1.0, 1.0, 1.0, 1.0, 1.0, 1.0, 1.0, 1.0, 1.0, 1.0, 1.0, 1.0, 1.0, 1.0, 1.0, 1.0, 1.0, 1.0, 1.0, 1.0, 1.0, 1.0, 1.0, 1.0, 1.0, 1.0, 1.0, 1.0, 1.0, 1.0, 1.0, 1.0, 1.0, 1.0, 1.0, 1.0, 1.0, 1.0, 1.0, 1.0, 1.0, 1.0, 1.0, 1.0, 1.0, 1.0, 1.0, 1.0, 1.0, 1.0, 1.0], "min_weight": 0.95, "max_distance": 3}