{"n_items": 200, "weights": [4.17525962798056e-11, 2.7337851658086e-11, 3.92026884296374e-11, 5.12068960879848e-11, 5.06102231052877e-11, 6.3469946191346e-11, 9.4810793016804e-11, 1.40123965370418e-10, 1.69205849684294e-10, 2.41173393170447e-10, 2.92090364776859e-10, 3.59884849158898e-10, 4.14008681350375e-10, 5.57241564867622e-10, 6.20283353524961e-10, 9.03950455347832e-10, 1.37637143668267e-09, 1.98433667251424e-09, 2.81194806516389e-09, 3.46226787518073e-09, 5.274824531825e-09, 6.24357599925895e-09, 5.62168216456166e-09, 8.515123113461e-09, 5.29305354500605e-09, 7.6043817525479e-09, 9.9310407095018e-09, 1.01831022755463e-08, 1.15709406814668e-08, 1.80438201747872e-08, 1.89740862347635e-08, 2.31710449254537e-08, 2.90989306976789e-08, 3.88915875783137e-08, 5.18717488983165e-08, 7.89671370672061e-08, 1.07261141881344e-07, 1.00511860426126e-07, 1.59972119608481e-07, 1.88949994073851e-07, 2.47862781495129e-07, 3.26901552749005e-07, 5.09774869746475e-07, 3.28378059078007e-07, 4.32960377676547e-07, 6.73013643407738e-07, 2.11798059462002e-07, 3.3928744792824e-07, 3.65064472265024e-07, 5.54419587851927e-07, 6.9570368846707e-07, 9.57206272444049e-07, 1.26663047867994e-06, 2.03042356023297e-06, 1.24980354840674e-06, 1.07410942467754e-06, 1.65365595754135e-06, 1.92224061926257e-06, 1.73029844666408e-06, 2.17373296661186e-06, 2.94630284552727e-06, 4.40144388516108e-06, 5.55875090857912e-06, 9.11074195398795e-06, 1.46958541159379e-05, 1.56099848091093e-05, 2.44115899446064e-05, 3.9025081954806e-05, 4.87655582396689e-05, 4.73366979149076e-05, 7.99636349232082e-05, 0.000137161328675192, 0.000219224619935028, 0.000264117018066286, 0.000446613135518535, 0.000762764315312269, 0.00109697280158182, 0.00114671829807971, 0.00191301452281756, 0.00239438886285151, 0.00419713665761551, 0.00550412188744028, 0.00860015385900835, 0.00633657920288898, 0.00847933707343376, 0.00663324388051348, 0.00885373020201999, 0.0154197135732215, 0.00153502079775157, 0.00189734520746273, 0.00283806731532573, 0.00431875780526849, 0.00736443898308666, 0.011691142959248, 0.0025312451339789, 0.00302515812982944, 0.00468380848328629, 0.00861097146602695, 0.0153127099444882, 0.027604257631173, 0.0513954019902016, 0.0150231317125272, 0.0251097308472357, 0.037746927617039, 0.0585336838216811, 0.0756826376800484, 0.0882456074470359, 0.148548653157734, 0.19611387765598, 0.03037830253773, 0.0187801962812357, 0.0239657951441715, 0.0453661300631047, 0.0131634325086681, 0.00264384234741141, 0.00501968834427882, 7.27344788593224e-05, 2.3988121882313e-05, 2.38139577208748e-05, 1.07876666700475e-05, 1.07502043721144e-05, 6.54406403952902e-06, 4.5892569543239e-07, 3.82303281392334e-07, 7.12483182910727e-07, 6.74299085251916e-07, 1.12374025599967e-06, 5.84569008968806e-07, 7.94071742118052e-07, 6.4912804448772e-08, 1.08193839470381e-07, 5.06575000662605e-08, 2.82031522345705e-10, 4.36107086574382e-10, 4.48717175752888e-10, 3.15538774947391e-10, 5.76936780747588e-10, 1.10549340677887e-09, 9.37460901150055e-10, 4.20674833276463e-10, 4.81335664889303e-12, 8.76502119399302e-12, 5.93972640683833e-13, 3.39715388359006e-13, 3.6065384824614e-13, 4.56269254203305e-13, 3.61213876367177e-16, 5.82517242022351e-16, 1.04861379744697e-15, 5.71640005001722e-16, 6.70805006016491e-16, 1.85806897131417e-16, 3.05308574994099e-16, 4.6163418774726e-16, 2.09333019960846e-17, 1.99505676915703e-17, 3.39702323591223e-17, 1.7073573270469e-17, 1.04283635049795e-17, 1.51389647970088e-17, 2.48633467683859e-17, 4.30274021480012e-17, 9.13120767446615e-18, 1.549207704663e-17, 3.40686291638007e-18, 1.57476111679758e-18, 1.67740402199732e-18, 2.85718824395228e-18, 4.22578996318272e-18, 6.31408009448668e-18, 2.50834349116778e-20, 4.78719087993326e-20, 6.84061774318154e-20, 1.32433935561945e-21, 2.02018312141941e-21, 3.4930968951549e-22, 1.79736392146355e-22, 2.87159354808939e-23, 5.06287541149841e-23, 1.69308622552474e-23, 1.62230114084044e-23, 1.98588608127811e-23, 2.77791584717161e-23, 3.50108049488167e-23, 6.09869488060587e-23, 2.39853989618941e-23, 4.4781115915028e-23, 7.43172895081767e-23, 3.41885468542109e-23, 6.93275308937572e-23, 8.19706995792388e-23, 3.79161468799244e-23, 5.06789835904351e-23, 6.59909549076462e-23, 1.56900397503758e-22, 5.88072062708477e-23, 9.57017880674617e-28, 1.02677655991348e-27, 1.18695692482604e-27, 2.09575105025805e-27], "profits": [1.0, 1.0, 1.0, 1.0, 1.0, 1.0, 1.0, 1.0, 1.0, 1.0, 1.0, 1.0, 1.0, 1.0, 1.0, 1.0, 1.0, 1.0, 1.0, 1.0, 1.0, 1.0, 1.0, 1.0, 1.0, 1.0, 1.0, 1.0, 1.0, 1.0, 1.0, 1.0, 1.0, 1.0, 1.0, 1.0, 1.0, 1.0, 1.0, 1.0, 1.0, 1.0, 1.0, 1.0, 1.0, 1.0, 1.0, 1.0, 1.0, 1.0, 1.0, 1.0, 1.0, 1.0, 1.0, 1.0, 1.0, 1.0, 1.0, 1.0, 1.0, 1.0, 1.0, 1.0, 1.0, 1.0, 1.0, 1.0, 1.0, 1.0, 1.0, 1.0, 1.0, 1.0, 1.0, 1.0, 1.0, 1.0, 1.0, 1.0, 1.0, 1.0, 1.0, 1.0, 1.0, 1.0, 1.0, 1.0, 1.0, 1.0, 1.0, 1.0, 1.0, 1.0, 1.0, 1.0, 1.0, 1.0, 1.0, 1.0, 1.0, 1.0, 1.0, 1.0, 1.0, 1.0, 1.0, 1.0, 1.0, 1.0, 1.0, 1.0, 1.0, 1.0, 1.0, 1.0, 1.0, 1.0, 1.0, 1.0, 1.0, 1.0, 1.0, 1.0, 1.0, 1.0, 1.0, 1.0, 1.0, 1.0, 1.0, 1.0, 1.0, 1.0, 1.0, 1.0, 1.0, 1.0, 1.0, 1.0, 1.0, 1.0, 1.0, 1.0, 1.0, 1.0, 1.0, 1.0, 1.0, 1.0, 1.0, 1.0, 1.0, 1.0, 1.0, 1.0, 1.0, 1.0, 1.0, 1.0, 1.0, 1.0, 1.0, 1.0, 1.0, 1.0, 1.0, 1.0, 1.0, 1.0, 1.0, 1.0, 1.0, 1.0, 1.0, 1.0, 1.0, 1.0, 1.0, 1.0, 1.0, 1.0, 1.0, 1.0, 1.0, 1.0, 1.0, 1.0, 1.0, 1.0, 1.0, 1.0, 1.0, 1.0, 1.0, 1.0, 1.0, 1.0, 1.0, 1.0], "min_weight": 0.9, "max_distance": 3}