{"n_items": 200, "weights": [0.00210145679010744, 0.0034917255734135, 0.0026290128192461, 0.00590466847965122, 0.00677414567448078, 0.00220393027469671, 0.00138201291457338, 0.00294037939459642, 0.00725677400994919, 0.0174415376568253, 0.0420299041493648, 0.0365833756020288, 0.0284966007764404, 0.0406419663736267, 0.0480950056718846, 0.047243469230339, 0.0630146445840412, 0.0321357340259504, 0.0837363799672051, 0.161792071462061, 0.363410850549687, 0.000562480959851847, 0.000127263145949228, 4.54438898454188e-06, 1.80965109415707e-08, 4.71137898246522e-08, 4.60282720154816e-12, 8.11098631375441e-12, 1.15276666070081e-11, 1.03526676853256e-11, 2.34279914506112e-11, 2.42439850759744e-11, 5.34722620915813e-11, 1.96090614751235e-11, 4.49864472204613e-11, 4.25128510561853e-11, 6.14329123624744e-11, 1.01840893538681e-12, 6.72899454304517e-13, 1.04703688206522e-12, 2.50827067243628e-12, 5.20083291541591e-12, 1.99617347683515e-14, 1.5890545491535e-14, 8.83770677428253e-17, 1.21493107623802e-16, 3.80474265732824e-19, 8.62088719868279e-19, 2.26457923352228e-18, 5.71290966241769e-18, 1.32252840982728e-18, 1.07108923932271e-18, 1.99924948244164e-21, 3.12431671345566e-21, 5.25055220351623e-22, 2.1767851705721e-22, 8.17189062744204e-25, 1.83308556314847e-24, 1.11038446537615e-24, 3.2866606985559e-25, 7.65713098999165e-27, 9.02274061653656e-29, 2.21659305819433e-31, 2.56109423126055e-31, 6.57264575627263e-31, 1.14343241729068e-30, 9.84474541126596e-31, 3.03190135795341e-33, 5.52625319338327e-33, 1.47401843050861e-32, 1.02430539449356e-32, 6.58735363044775e-33, 1.48951015482841e-32, 3.9327798073482e-32, 7.82190108740512e-32, 2.14246721137183e-31, 1.46201726211317e-31, 2.25896600393497e-32, 2.27748901440753e-32, 9.66123611521248e-33, 9.24792779568551e-34, 3.17136237392212e-35, 6.81146334474772e-35, 1.3061401045264e-34, 4.32286368007121e-35, 7.21565047335771e-36, 2.61739576192937e-42, 2.59106781891515e-43, 1.88094456361089e-49, 2.63000798053437e-49, 4.52489964604987e-49, 2.37678603142494e-50, 5.14212444675318e-50, 6.13709258785867e-50, 1.68738171224433e-52, 1.4088546008028e-52, 1.78222886768611e-52, 1.71515800950239e-54, 3.49368506702472e-56, 9.19591747520598e-56, 2.57798156909916e-56, 2.30393241902767e-58, 5.90489022162598e-58, 3.13382055017403e-62, 4.31074290634484e-62, 2.08685168474939e-63, 1.96336410007974e-63, 1.02759388786654e-63, 6.26036440767249e-64, 2.96842525537107e-68, 1.15986955697932e-72, 5.46083362049954e-73, 9.86708923890215e-73, 1.65460627113863e-73, 1.58793932143029e-79, 2.00801472978721e-81, 2.83772114897371e-83, 1.57134892074015e-84, 4.38894017210768e-85, 1.23036953299847e-91, 1.62949407648882e-94, 1.22149845188605e-94, 1.69842110564654e-94, 4.19582786077747e-95, 1.04277485896286e-94, 3.61951274097992e-95, 2.0029686819522e-95, 1.09231282889929e-95, 9.50903559671486e-96, 2.36343094942166e-96, 1.70233892331864e-97, 1.42991960636138e-98, 3.34655891011691e-98, 1.32960229134858e-98, 2.64958898220716e-99, 1.92924897079662e-101, 7.64591887291726e-104, 2.2869421634499e-104, 1.62482065791818e-104, 2.07040949861277e-104, 2.81533586165248e-106, 5.48232286191517e-106, 4.75688256932142e-106, 3.0140525179404e-106, 1.67711503973341e-109, 4.29816672912962e-109, 6.72681285900981e-109, 1.74060237769652e-108, 7.09566844827496e-109, 1.36544600882031e-108, 2.39705519827872e-113, 1.99018510737306e-115, 7.58341202512924e-119, 7.92798295976279e-119, 2.01583785914355e-118, 5.54031219300662e-121, 1.09118312151745e-121, 1.30543038171791e-121, 1.94689616422184e-121, 4.92075654997344e-121, 5.75057355446142e-121, 1.49389642930671e-120, 1.77023870419835e-128, 1.92949121735918e-129, 2.3904868654799e-129, 1.4917507657584e-129, 1.80335224298536e-129, 4.45644644402033e-129, 9.59688117361816e-129, 1.56524944218737e-128, 2.94178336254223e-128, 1.91206198806545e-132, 1.67380241302005e-132, 6.70232101017412e-134, 6.29785074629678e-134, 1.57165551509072e-135, 3.4552054629441e-138, 2.73810169116672e-139, 6.72814405605933e-139, 2.32196465351209e-140, 5.62452747662533e-140, 5.67037281105752e-141, 5.96534221054756e-141, 1.50669672302559e-140, 3.48072728391138e-140, 3.10114257030463e-142, 5.97222222551131e-142, 1.04136274892733e-141, 3.58971724639102e-146, 8.44673242350238e-148, 6.39929006529782e-148, 1.23787655154576e-147, 2.53045708994914e-147, 9.19445360025798e-148, 3.31456192471381e-151, 2.1344689740727e-151, 1.12844683147447e-151, 2.73859096093218e-151, 9.20358807313646e-152, 6.66000958722595e-153], "profits": [1.0, 1.0, 1.0, 1.0, 1.0, 1.0, 1.0, 1.0, 1.0, 1.0, 1.0, 1.0, 1.0, 1.0, 1.0, 1.0, 1.0, 1.0, 1.0, 1.0, 1.0, 1.0, 1.0, 1.0, 1.0, 1.0, 1.0, 1.0, 1.0, 1.0, 1.0, 1.0, 1.0, 1.0, 1.0, 1.0, 1.0, 1.0, 1.0, 1.0, 1.0, 1.0, 1.0, 1.0, 1.0, 1.0, 1.0, 1.0, 1.0, 1.0, 1.0, 1.0, 1.0, 1.0, 1.0, 1.0, 1.0, 1.0, 1.0, 1.0, 1.0, 1.0, 1.0, 1.0, 1.0, 1.0, 1.0, 1.0, 1.0, 1.0, 1.0, 1.0, 1.0, 1.0, 1.0, 1.0, 1.0, 1.0, 1.0, 1.0, 1.0, 1.0, 1.0, 1.0, 1.0, 1.0, 1.0, 1.0, 1.0, 1.0, 1.0, 1.0, 1.0, 1.0, 1.0, 1.0, 1.0, 1.0, 1.0, 1.0, 1.0, 1.0, 1.0, 1.0, 1.0, 1.0, 1.0, 1.0, 1.0, 1.0, 1.0, 1.0, 1.0, 1.0, 1.0, 1.0, 1.0, 1.0, 1.0, 1.0, 1.0, 1.0, 1.0, 1.0, 1.0, 1.0, 1.0, 1.0, 1.0, 1.0, 1.0, 1.0, 1.0, 1.0, 1.0, 1.0, 1.0, 1.0, 1.0, 1.0, 1.0, 1.0, 1.0, 1.0, 1.0, 1.0, 1.0, 1.0, 1.0, 1.0, 1.0, 1.0, 1.0, 1.0, 1.0, 1.0, 1.0, 1.0, 1.0, 1.0, 1.0, 1.0, 1.0, 1.0, 1.0, 1.0, 1.0, 1.0, 1.0, 1.0, 1.0, 1.0, 1.0, 1.0, 1.0, 1.0, 1.0, 1.0, 1.0, 1.0, 1.0, 1.0, 1.0, 1.0, 1.0, 1.0, 1.0, 1.0, 1.0, 1.0, 1.0, 1.0, 1.0, 1.0, 1.0, 1.0, 1.0, 1.0, 1.0, 1.0], "min_weight": 0.9, "max_distance": 3}