{"n_items": 200, "weights": [2.0821260788685e-33, 2.48134023408552e-33, 2.10609798606098e-33, 1.90017608064752e-33, 2.52267812159899e-33, 2.66101522779408e-33, 3.23530075446546e-33, 3.1547937355739e-33, 3.49954708090765e-33, 3.00559926478048e-33, 2.53234620095498e-33, 3.03013911621144e-33, 2.90901874702399e-33, 2.44072178037045e-33, 2.21217357201203e-33, 2.04147208972779e-33, 1.71244488859557e-33, 3.5796878276577e-33, 3.13869456916523e-33, 2.99710655972612e-33, 2.51416745529515e-33, 3.37077994208686e-33, 2.80789745815566e-33, 3.05467475938758e-33, 3.27633002782708e-33, 2.86354194113077e-33, 2.40409557336404e-33, 2.52679960374227e-33, 2.37287146811515e-33, 2.23933737038534e-33, 2.33755178468198e-33, 1.94789644849583e-33, 1.90620125287116e-33, 1.72401056235761e-33, 1.98111605273276e-33, 1.83657374615476e-33, 1.56494754127702e-33, 1.31521490828114e-33, 1.24465891258736e-33, 1.07411381127282e-33, 9.53381541603753e-34, 1.02809445293221e-33, 8.66701470584705e-34, 9.16685689084042e-34, 1.1475455951596e-33, 1.05551885817118e-33, 9.80901320392631e-34, 8.22997075146388e-34, 7.05226776688278e-34, 6.37731391648003e-34, 8.357933164115e-34, 7.45248235609794e-34, 6.60636667863613e-34, 5.57096772032725e-34, 4.82827497376325e-34, 6.87667240741245e-34, 6.0673949303981e-34, 5.32525538333665e-34, 4.79507900741331e-34, 4.07070156650039e-34, 4.3731768172488e-34, 4.29977116945213e-34, 4.22285857778428e-34, 4.48635011285415e-34, 6.80425907065623e-34, 5.70495035333521e-34, 4.82461360941976e-34, 4.15165964045164e-34, 3.89573870755194e-34, 3.41749795666863e-34, 2.91092991916393e-34, 2.48729602604216e-34, 2.18831435396145e-34, 2.09438822480697e-34, 1.80468476529173e-34, 1.65073055198486e-34, 1.44760782551342e-34, 1.26242831495689e-34, 1.15133698511889e-34, 1.07300220891981e-34, 9.38118127665469e-35, 9.14567512348759e-35, 8.05477026937603e-35, 7.2973355185486e-35, 6.47106798918122e-35, 5.75190010594778e-35, 9.65334500611161e-35, 1.5343745716349e-34, 1.54778964413323e-34, 1.84499251565837e-34, 3.86671226882566e-34, 3.42348918604877e-34, 3.42151225655895e-34, 3.6454986307232e-34, 3.13454254048043e-34, 2.63632453836285e-34, 2.34347991358432e-34, 2.39947578303588e-34, 2.25964817627718e-34, 5.01575114885708e-34, 4.95435309254206e-34, 4.09927334380497e-34, 4.82098103052411e-34, 1.60272048528713e-33, 1.33530258445149e-33, 1.60832179303851e-33, 1.97867586727086e-33, 2.35279063278592e-33, 1.94614164525888e-33, 1.79821163875489e-33, 3.27873534722206e-32, 5.21648652008188e-32, 5.11063779476108e-32, 7.09197852585257e-32, 1.21655016045929e-30, 1.11196033382795e-30, 1.79659979285263e-30, 1.58736163441145e-30, 1.05203604451984e-30, 1.28457347175788e-29, 4.64186790187541e-29, 1.02398496559337e-28, 1.22405058878683e-28, 1.94495431663338e-28, 1.97246596033283e-28, 2.4479095578547e-28, 1.9032112019289e-28, 9.99712979477649e-28, 7.14611590522225e-28, 6.16163480853947e-28, 1.38083948291841e-27, 2.97080875556749e-27, 5.56795940350184e-27, 5.24021976275918e-25, 4.90851765985895e-23, 4.47900925357733e-23, 5.1640623309431e-23, 2.77720351114711e-22, 7.39885571492249e-22, 1.7005190576666e-09, 0.807225018647525, 0.144946083362468, 0.0381509609260052, 0.00644704834818413, 0.00113423298962497, 0.000684144936259145, 0.00104580042292599, 0.00026269661841386, 5.56528221270969e-05, 3.72382054863753e-05, 5.97544084070043e-06, 3.90695187529178e-06, 1.01714962281245e-06, 1.60249044571477e-07, 3.99420992678843e-08, 1.74786725251334e-08, 3.18643035860248e-09, 5.06318264453129e-10, 9.29385357065311e-11, 1.73171233373224e-11, 3.34584503657836e-12, 1.56976443703934e-12, 2.55001146648897e-13, 9.7667122960753e-14, 2.05417433009059e-14, 7.1386299216046e-15, 5.5084780794046e-15, 8.7327563611871e-16, 1.43894818139203e-16, 2.97519330063476e-17, 6.69840241534433e-18, 1.96127918926749e-18, 3.23615605588589e-19, 1.13126468294103e-19, 6.18835419710454e-20, 1.29327302341483e-20, 3.69446125837622e-21, 1.15712362698741e-21, 1.94979529806954e-22, 3.25255904638644e-23, 6.34161637455873e-24, 1.27096798166862e-24, 1.87264724873699e-24, 3.12543857979412e-25, 6.04152916802694e-26, 1.03006645193294e-26, 2.81828192292401e-27, 5.275481210696e-28, 1.13748077495708e-28, 2.17340887265084e-29, 5.58810797652417e-30, 1.20692134838719e-29, 4.91026925108735e-30, 2.00531732891342e-30, 3.80740186223741e-31, 1.23080425918715e-31, 2.7310182927216e-32, 9.72391533127807e-33, 1.80197703132685e-33, 5.83059222535259e-34], "profits": [1.0, 1.0, 1.0, 1.0, 1.0, 1.0, 1.0, 1.0, 1.0, 1.0, 1.0, 1.0, 1.0, 1.0, 1.0, 1.0, 1.0, 1.0, 1.0, 1.0, 1.0, 1.0, 1.0, 1.0, 1.0, 1.0, 1.0, 1.0, 1.0, 1.0, 1.0, 1.0, 1.0, 1.0, 1.0, 1.0, 1.0, 1.0, 1.0, 1.0, 1.0, 1.0, 1.0, 1.0, 1.0, 1.0, 1.0, 1.0, 1.0, 1.0, 1.0, 1.0, 1.0, 1.0, 1.0, 1.0, 1.0, 1.0, 1.0, 1.0, 1.0, 1.0, 1.0, 1.0, 1.0, 1.0, 1.0, 1.0, 1.0, 1.0, 1.0, 1.0, 1.0, 1.0, 1.0, 1.0, 1.0, 1.0, 1.0, 1.0, 1.0, 1.0, 1.0, 1.0, 1.0, 1.0, 1.0, 1.0, 1.0, 1.0, 1.0, 1.0, 1.0, 1.0, 1.0, 1.0, 1.0, 1.0, 1.0, 1.0, 1.0, 1.0, 1.0, 1.0, 1.0, 1.0, 1.0, 1.0, 1.0, 1.0, 1.0, 1.0, 1.0, 1.0, 1.0, 1.0, 1.0, 1.0, 1.0, 1.0, 1.0, 1.0, 1.0, 1.0, 1.0, 1.0, 1.0, 1.0, 1.0, 1.0, 1.0, 1.0, 1.0, 1.0, 1.0, 1.0, 1.0, 1.0, 1.0, 1.0, 1.0, 1.0, 1.0, 1.0, 1.0, 1.0, 1.0, 1.0, 1.0, 1.0, 1.0, 1.0, 1.0, 1.0, 1.0, 1.0, 1.0, 1.0, 1.0, 1.0, 1.0, 1.0, 1.0, 1.0, 1.0, 1.0, 1.0, 1.0, 1.0, 1.0, 1.0, 1.0, 1.0, 1.0, 1.0, 1.0, 1.0, 1.0, 1.0, 1.0, 1.0, 1.0, 1.0, 1.0, 1.0, 1.0, 1.0, 1.0, 1.0, 1.0, 1.0, 1.0, 1.0, 1.0, 1.0, 1.0, 1.0, 1.0, 1.0, 1.0], "min_weight": 0.9, "max_distance": 5}