{"n_items": 200, "weights": [1.83519363014152e-35, 1.16832774732782e-35, 2.00001468386007e-35, 3.04284970184297e-35, 3.25975784646414e-35, 4.71309204940322e-35, 8.48693482806631e-35, 1.50698457619635e-34, 2.0772496078886e-34, 3.52275340255818e-34, 4.87401269906596e-34, 6.89033984036681e-34, 8.94383200113866e-34, 1.41169127868103e-33, 1.75953557366608e-33, 3.06510779087064e-33, 5.63470735804125e-33, 9.67616784680547e-33, 1.62599559318236e-32, 2.29684528598315e-32, 4.2181321493684e-32, 5.67620194641443e-32, 5.45758335839812e-32, 9.95070919356885e-32, 6.07310014781684e-32, 1.03848700058005e-31, 1.57918236882934e-31, 1.78519882579711e-31, 2.28983780680966e-31, 4.32841287424441e-31, 5.05191223642789e-31, 7.08175143416555e-31, 1.02737720476773e-30, 1.60821255703286e-30, 2.51094193580325e-30, 4.60408945735608e-30, 7.34750341103799e-30, 7.47356463094695e-30, 1.44586666107307e-29, 1.94853327115403e-29, 2.98208386029621e-29, 4.59387819837097e-29, 8.66194513249333e-29, 5.62230441779194e-29, 8.66554780456945e-29, 1.62855727026551e-28, 4.46413575731595e-29, 8.71898820957829e-29, 1.05372684987461e-28, 1.9292652362863e-28, 2.8072069481389e-28, 4.56320129397534e-28, 7.07840640347881e-28, 1.38158648048939e-27, 8.57162410315588e-28, 7.93640669818535e-28, 1.4782390495668e-27, 1.96699678812001e-27, 1.92873811767805e-27, 2.81884597713634e-27, 4.5117038943715e-27, 8.10913924218992e-27, 1.19316080616986e-26, 2.39378124369883e-26, 4.70961537181416e-26, 5.64508220197962e-26, 1.07045710509783e-25, 2.08256079447208e-25, 3.02806396455186e-25, 3.26922661972653e-25, 6.78793959837266e-25, 1.43407180809262e-24, 2.7866785545549e-24, 3.8859810993045e-24, 8.0645837228681e-24, 1.69226952374657e-23, 2.90429788382549e-23, 3.43825590189875e-23, 7.01779752115742e-23, 1.02619408294826e-22, 2.21747762865172e-22, 3.42914289553288e-22, 6.49219090737399e-22, 5.22875758143721e-22, 8.32657336020326e-22, 7.26297988365874e-22, 1.15893255276866e-21, 2.49174877247006e-21, 2.29703182088773e-22, 3.40248869073516e-22, 6.223465513281e-22, 1.16068316679811e-21, 2.4526608370517e-21, 4.79774344188165e-21, 1.10610910270882e-21, 1.60346518034273e-21, 3.07223171010706e-21, 7.07338573106025e-21, 1.57194000400034e-20, 3.54479427105481e-20, 8.26608284804897e-20, 3.17088419105691e-20, 6.68900398800387e-20, 1.28083533274059e-19, 2.54309456424003e-19, 4.36500416013313e-19, 7.07892368188677e-19, 1.55550721929751e-18, 3.00741617032141e-18, 2.42084068797372e-18, 3.69274978604736e-18, 7.68894493601754e-18, 1.8816670212962e-17, 2.43886865124788e-17, 2.86431555113699e-17, 7.12479034648531e-17, 3.60661900523138e-17, 5.09349834861833e-17, 1.04021265598845e-16, 1.64591297504665e-16, 3.39801255804984e-16, 5.9859552269956e-16, 5.15021749728458e-16, 1.01659611855242e-15, 2.64092297179089e-15, 5.49638844571579e-15, 1.38895697446829e-14, 2.39240455996135e-14, 5.7075478537862e-14, 5.3438267241328e-14, 1.38218628430877e-13, 2.34677150706641e-13, 8.86866558920397e-14, 2.28559729929907e-13, 5.15236601428305e-13, 1.02582105675403e-12, 2.84925340809368e-12, 8.08409766124928e-12, 1.74868877855378e-11, 3.06594204166188e-11, 1.5278445797366e-11, 4.39703173455653e-11, 4.05427412575205e-11, 7.90807218794674e-11, 1.93038613570052e-10, 5.04659233563294e-10, 9.58136130836243e-11, 2.7976522652074e-10, 8.55645883875715e-10, 1.71192790010682e-09, 4.55702384212867e-09, 7.2533741744205e-09, 2.22035416736261e-08, 6.64498687719966e-08, 5.61962140568147e-08, 1.45267665809349e-07, 4.68564283305993e-07, 9.77299694902838e-07, 2.21055839367756e-06, 6.93048732442423e-06, 2.293007483425e-05, 7.79987879053728e-05, 0.000125887716791941, 0.00043526227835111, 0.000727578443254299, 0.00160878369228454, 0.00488096852431435, 0.0177653309908474, 0.0620127576606636, 0.218411892144425, 0.0373623877771371, 0.151144011642638, 0.505413317541343, 3.07972319119651e-12, 3.54285518548726e-12, 8.54855352493342e-18, 1.42931194492555e-20, 1.84275494642485e-26, 5.71735514509023e-26, 6.73134429460246e-30, 4.88566198251319e-31, 1.50869064816612e-31, 9.68719767659491e-32, 3.10503591512791e-32, 6.01106972216336e-32, 2.03332029893271e-35, 5.16486326524795e-35, 5.81365007675634e-35, 4.66644966823397e-38, 1.3271425711136e-37, 1.6907211330385e-38, 1.25624040487689e-41, 2.55254949412155e-42, 3.79100679368422e-43, 9.98586051606049e-43, 1.6802268472376e-46, 2.42625953652445e-75, 7.0199150115102e-78, 1.45459651874e-77, 5.24718841802547e-77], "profits": [1.0, 1.0, 1.0, 1.0, 1.0, 1.0, 1.0, 1.0, 1.0, 1.0, 1.0, 1.0, 1.0, 1.0, 1.0, 1.0, 1.0, 1.0, 1.0, 1.0, 1.0, 1.0, 1.0, 1.0, 1.0, 1.0, 1.0, 1.0, 1.0, 1.0, 1.0, 1.0, 1.0, 1.0, 1.0, 1.0, 1.0, 1.0, 1.0, 1.0, 1.0, 1.0, 1.0, 1.0, 1.0, 1.0, 1.0, 1.0, 1.0, 1.0, 1.0, 1.0, 1.0, 1.0, 1.0, 1.0, 1.0, 1.0, 1.0, 1.0, 1.0, 1.0, 1.0, 1.0, 1.0, 1.0, 1.0, 1.0, 1.0, 1.0, 1.0, 1.0, 1.0, 1.0, 1.0, 1.0, 1.0, 1.0, 1.0, 1.0, 1.0, 1.0, 1.0, 1.0, 1.0, 1.0, 1.0, 1.0, 1.0, 1.0, 1.0, 1.0, 1.0, 1.0, 1.0, 1.0, 1.0, 1.0, 1.0, 1.0, 1.0, 1.0, 1.0, 1.0, 1.0, 1.0, 1.0, 1.0, 1.0, 1.0, 1.0, 1.0, 1.0, 1.0, 1.0, 1.0, 1.0, 1.0, 1.0, 1.0, 1.0, 1.0, 1.0, 1.0, 1.0, 1.0, 1.0, 1.0, 1.0, 1.0, 1.0, 1.0, 1.0, 1.0, 1.0, 1.0, 1.0, 1.0, 1.0, 1.0, 1.0, 1.0, 1.0, 1.0, 1.0, 1.0, 1.0, 1.0, 1.0, 1.0, 1.0, 1.0, 1.0, 1.0, 1.0, 1.0, 1.0, 1.0, 1.0, 1.0, 1.0, 1.0, 1.0, 1.0, 1.0, 1.0, 1.0, 1.0, 1.0, 1.0, 1.0, 1.0, 1.0, 1.0, 1.0, 1.0, 1.0, 1.0, 1.0, 1.0, 1.0, 1.0, 1.0, 1.0, 1.0, 1.0, 1.0, 1.0, 1.0, 1.0, 1.0, 1.0, 1.0, 1.0, 1.0, 1.0, 1.0, 1.0, 1.0, 1.0], "min_weight": 0.95, "max_distance": 2}