{"n_items": 200, "weights": [6.97064940773747e-06, 8.47425887305289e-06, 1.0986141031591e-05, 1.29722972102599e-05, 1.53207631270782e-05, 1.93813052051659e-05, 2.54629688912828e-05, 3.07373353263087e-05, 1.44193730653015e-05, 1.41997204064576e-05, 1.87412856196229e-05, 2.39393887594407e-05, 3.15477210796961e-05, 4.19636503518857e-05, 4.2655825482935e-05, 5.31382804723735e-05, 4.89173980349146e-05, 4.18104355397548e-05, 4.90687675812351e-05, 6.55952345187772e-05, 7.30745237349981e-05, 8.62096288296221e-05, 4.12005768698659e-05, 5.0157127893601e-05, 2.56299512438224e-05, 2.43712751177604e-05, 3.17244969963993e-05, 3.85139698365747e-05, 4.39865568177221e-05, 5.92622205410727e-05, 7.91259342517554e-05, 5.03221138159087e-05, 6.80882435422416e-05, 7.51222297711123e-05, 0.000101462633712085, 9.03941313759499e-05, 7.77707037628841e-05, 0.000103055586945581, 7.032042888953e-05, 9.38106714730845e-05, 0.000116742145712116, 0.000122567638218932, 0.000147586018387905, 0.00017374725705496, 0.000204366595804037, 0.000227708785991898, 0.000315624071446845, 0.000433468923079138, 0.000592025518816439, 0.000743094181197428, 0.000941244103216552, 0.00127433396175615, 0.00175068491835362, 0.00157452503956937, 0.000739361794393523, 0.000980423418975418, 0.00119384593653401, 0.00138847912798633, 0.00184078825712552, 0.00236793722333385, 0.00331514862522086, 0.00324832469380409, 0.00442845553499752, 0.00536561358053008, 0.00752691983805044, 0.00817394367316875, 0.00814491495978701, 0.0103115966669139, 0.0141651897084596, 0.0190938165978917, 0.0187283935282914, 0.0264992229690157, 0.0228901683569426, 0.0253205982681993, 0.0369635354246761, 0.0305186392965323, 0.031482967103106, 0.0262025122675926, 0.0370861361032473, 0.0411952293096841, 0.0331411951781092, 0.0349363609621509, 0.0470600939176271, 0.0367070611952641, 0.0405640592448165, 0.0478525136571641, 0.0595200277258283, 0.0689242862884741, 0.0193966834816503, 0.0153560172727214, 0.0106695807000509, 0.00594207849791288, 0.00412788195098948, 0.00543622981449645, 0.00770556158803974, 0.00690572277757464, 0.0104185747449052, 0.00812692247571777, 0.00879498147839786, 0.00505680403810688, 0.00439970666736745, 0.00580153630859544, 0.00864244820510675, 0.0132668490281142, 0.00831684135410157, 0.0100286641199742, 0.00912916160659689, 0.0135926104843786, 0.010287957235831, 0.0147100265657747, 0.00902848669736496, 0.00382104629563359, 0.0045957511292858, 0.000574236837487268, 0.000658817426036934, 0.000888284489879653, 0.000745589747418457, 0.000988355593332641, 0.00109853975241808, 0.00128875534387439, 0.00112234605917019, 0.000291473936849508, 0.000180013644239507, 2.49496599829601e-05, 1.00579067118793e-05, 1.39880448426012e-05, 1.05721034993449e-05, 1.35224317807074e-05, 2.0561393037378e-05, 1.0341492277313e-05, 1.57875623387471e-05, 2.2140885834168e-05, 3.30783675042536e-05, 2.20079219256341e-05, 2.12932206189167e-05, 2.05752088885383e-05, 1.08023145500089e-06, 1.30836539143635e-06, 8.82509948300404e-07, 5.54666580793177e-07, 1.84207424594434e-07, 2.57969546168777e-07, 3.67238803225466e-07, 4.80939154737989e-07, 6.83861639389096e-07, 1.05882963932006e-06, 1.04287292311503e-06, 1.62618257466237e-06, 2.59756936626724e-07, 3.08626638689147e-07, 1.07375637090897e-07, 1.55322016624342e-07, 6.21799437352934e-08, 9.10824852148198e-08, 1.42003151253269e-07, 1.97814032998796e-07, 1.80402355277116e-07, 1.54461012162239e-07, 4.01981710595829e-09, 2.1842042331109e-09, 7.97519818501873e-10, 1.71409669460464e-10, 1.629452163366e-10, 1.3545936594485e-10, 1.71634545153837e-10, 2.03241537632234e-10, 2.91141400176005e-10, 4.25297344568958e-10, 5.73976701909534e-10, 7.84277050571766e-10, 5.4575808794209e-10, 3.81104590560907e-10, 5.67073571729291e-10, 2.84339078549283e-10, 1.34099359944029e-10, 2.01488588382526e-10, 8.91599910466971e-11, 1.3353464364005e-10, 1.93936776767859e-10, 2.86056173746777e-10, 8.27024705105727e-11, 1.24187256139316e-10, 1.43860558108649e-10, 1.23620937830134e-10, 1.7444526826297e-10, 2.53292736288115e-10, 1.47969104375821e-10, 7.0015448183227e-11, 4.29309039552103e-11, 6.75727691897404e-11, 2.48253696199513e-11, 5.90375161269763e-12, 6.77027323608127e-12, 7.6244966599492e-12, 7.23051593764022e-12, 1.21267221093175e-11, 2.08775136181526e-11, 3.70425733457363e-11, 4.89295463783483e-11, 1.47664679674938e-11], "profits": [1.0, 1.0, 1.0, 1.0, 1.0, 1.0, 1.0, 1.0, 1.0, 1.0, 1.0, 1.0, 1.0, 1.0, 1.0, 1.0, 1.0, 1.0, 1.0, 1.0, 1.0, 1.0, 1.0, 1.0, 1.0, 1.0, 1.0, 1.0, 1.0, 1.0, 1.0, 1.0, 1.0, 1.0, 1.0, 1.0, 1.0, 1.0, 1.0, 1.0, 1.0, 1.0, 1.0, 1.0, 1.0, 1.0, 1.0, 1.0, 1.0, 1.0, 1.0, 1.0, 1.0, 1.0, 1.0, 1.0, 1.0, 1.0, 1.0, 1.0, 1.0, 1.0, 1.0, 1.0, 1.0, 1.0, 1.0, 1.0, 1.0, 1.0, 1.0, 1.0, 1.0, 1.0, 1.0, 1.0, 1.0, 1.0, 1.0, 1.0, 1.0, 1.0, 1.0, 1.0, 1.0, 1.0, 1.0, 1.0, 1.0, 1.0, 1.0, 1.0, 1.0, 1.0, 1.0, 1.0, 1.0, 1.0, 1.0, 1.0, 1.0, 1.0, 1.0, 1.0, 1.0, 1.0, 1.0, 1.0, 1.0, 1.0, 1.0, 1.0, 1.0, 1.0, 1.0, 1.0, 1.0, 1.0, 1.0, 1.0, 1.0, 1.0, 1.0, 1.0, 1.0, 1.0, 1.0, 1.0, 1.0, 1.0, 1.0, 1.0, 1.0, 1.0, 1.0, 1.0, 1.0, 1.0, 1.0, 1.0, 1.0, 1.0, 1.0, 1.0, 1.0, 1.0, 1.0, 1.0, 1.0, 1.0, 1.0, 1.0, 1.0, 1.0, 1.0, 1.0, 1.0, 1.0, 1.0, 1.0, 1.0, 1.0, 1.0, 1.0, 1.0, 1.0, 1.0, 1.0, 1.0, 1.0, 1.0, 1.0, 1.0, 1.0, 1.0, 1.0, 1.0, 1.0, 1.0, 1.0, 1.0, 1.0, 1.0, 1.0, 1.0, 1.0, 1.0, 1.0, 1.0, 1.0, 1.0, 1.0, 1.0, 1.0, 1.0, 1.0, 1.0, 1.0, 1.0, 1.0], "min_weight": 0.95, "max_distance": 2}