{"n_items": 40, "weights": [0.000155469218927851, 0.000273736026703554, 0.000482790511958416, 0.000457358231239985, 0.000734627011142201, 0.00131292409708975, 0.00232510395734966, 0.00261499467068502, 0.00477173013083971, 0.00354083090813782, 0.00675357563041901, 0.00856001579327442, 0.0139114337761975, 0.0278382580981971, 0.039964592074448, 0.0684170868869637, 0.147014037019213, 0.0772546327831552, 0.161140102815472, 0.093188467612727, 0.146496420313004, 0.192329042027828, 0.000221699171540806, 0.000239197699891728, 5.38610692448205e-07, 1.03438075692502e-07, 1.68665660507221e-07, 1.71445195822972e-07, 1.14250779528897e-07, 2.42346078362404e-07, 4.95482654662159e-07, 5.48103263077418e-09, 1.16828171425591e-08, 6.16326269699441e-09, 1.38232618118599e-08, 1.62576380171173e-09, 1.62294430245414e-10, 3.19859530911603e-10, 1.36409784680538e-11, 2.25243257056613e-11], "profits": [1.0, 1.0, 1.0, 1.0, 1.0, 1.0, 1.0, 1.0, 1.0, 1.0, 1.0, 1.0, 1.0, 1.0, 1.0, 1.0, 1.0, 1.0, 1.0, 1.0, 1.0, 1.0, 1.0, 1.0, 1.0, 1.0, 1.0, 1.0, 1.0, 1.0, 1.0, 1.0, 1.0, 1.0, 1.0, 1.0, 1.0, 1.0, 1.0, 1.0], "min_weight": 0.9, "max_distance": 2}