{"n_items": 200, "weights": [2.59886622984865e-24, 2.64855139475036e-24, 3.58294174087369e-24, 3.27987557397196e-24, 3.83488533087071e-24, 7.40272452022229e-24, 1.14939677709044e-23, 1.06269359056544e-23, 9.23477017656469e-24, 8.13830607718211e-24, 7.18113020460384e-24, 9.45851750034957e-24, 1.30104785324021e-23, 1.4014884505155e-23, 1.61194132532539e-23, 1.96879907524341e-23, 2.11856163319464e-23, 3.1535919918585e-23, 2.63668124478533e-23, 2.42030258199619e-23, 2.10396405785476e-23, 3.09923270251827e-23, 3.12538749662731e-23, 3.64730236171173e-23, 5.1195296175458e-23, 4.22937127106212e-23, 8.26145907984202e-23, 6.99167370620823e-23, 6.03953465359065e-23, 5.43286133297969e-23, 4.52519335879368e-23, 4.03155042633386e-23, 3.37977476528236e-23, 3.28300659775423e-23, 2.75128995561243e-23, 2.47934857808958e-23, 2.16321049643755e-23, 2.68531445007882e-23, 2.48892971591559e-23, 2.15678173449125e-23, 1.81102575504865e-23, 1.54208471122029e-23, 2.13376398549289e-23, 1.95066001020762e-23, 2.65500588697718e-23, 2.31671854486191e-23, 3.34506455509064e-23, 2.78829665326527e-23, 2.30318008066194e-23, 1.91538206647994e-23, 1.9322536604529e-23, 1.76313715301262e-23, 2.64498432668347e-23, 2.27749055915805e-23, 2.36384603171684e-23, 2.27525161613906e-23, 3.28107927160681e-23, 2.72453273435001e-23, 2.53789257838615e-23, 2.51470028581233e-23, 3.11442536276466e-23, 4.14019278815227e-23, 6.49263623019037e-23, 5.6528098114943e-23, 4.5673317313055e-23, 3.84102194841067e-23, 3.45465996950327e-23, 5.29836467359562e-23, 4.41809736282779e-23, 3.56391551239903e-23, 3.2694254959214e-23, 3.02223078444332e-23, 2.49109267050038e-23, 2.03239741498408e-23, 1.70649186835909e-23, 1.39873672535448e-23, 1.2928224364929e-23, 1.35479865953981e-23, 1.21173948600353e-23, 1.16621803512779e-23, 1.27300416846846e-23, 1.52350737668486e-23, 1.27303938474772e-23, 1.07774931789446e-23, 1.05965610665768e-23, 1.1043724398935e-23, 3.94446956580063e-23, 4.41439419583312e-23, 1.94685306681064e-22, 1.6181084146322e-22, 1.31416991704716e-22, 1.63738136878324e-22, 1.2909924271371e-22, 1.09765639052823e-22, 1.98791119000458e-22, 1.75846883415443e-22, 1.47642835047884e-22, 2.33653710671545e-22, 3.42676169227272e-22, 2.57482135018856e-22, 2.63802367789043e-22, 4.42817035945484e-22, 3.30877291540888e-22, 1.27643656492755e-21, 1.0274411353734e-21, 1.43437041015161e-21, 1.22642209797035e-21, 1.15712489204128e-21, 1.06474318930242e-21, 5.37791358150289e-21, 3.74441463459204e-20, 3.67378743660016e-20, 2.66004201528041e-20, 3.30277887285796e-20, 9.7724274426676e-19, 2.98026796344161e-18, 9.7264607385494e-18, 2.16742059316286e-17, 2.79738029996758e-17, 1.57368082903617e-14, 5.17408396529407e-13, 5.16612781119118e-13, 3.5478955144131e-13, 7.18404974753347e-13, 3.42493769730433e-13, 5.74272916140462e-13, 7.29226112804657e-13, 9.52507814468008e-13, 9.14608558171099e-13, 2.18475954774107e-12, 1.51062755053221e-11, 1.1860476510903e-10, 5.28863014880803e-11, 1.19204091997342e-10, 5.83111198302737e-10, 2.02637220633793e-07, 0.00214444572329271, 0.0496630159956237, 0.0796745986360143, 0.0388322995611046, 0.590295776643429, 0.155756295157395, 0.0473459834903682, 0.0150913426663432, 0.0157244097436625, 0.0039071904474788, 0.00106329063228937, 0.000269030200668168, 9.19276232034351e-05, 2.47212797420524e-05, 4.22693705872937e-05, 2.75972338061529e-05, 3.17044046198708e-05, 8.97405489096418e-06, 2.18813366605746e-06, 1.78533005804988e-06, 6.82857943746323e-07, 1.89081243139485e-07, 5.07624623543225e-08, 1.25837093574794e-08, 3.59095333889918e-09, 9.08710633266756e-10, 6.4908569700703e-09, 2.79581147657981e-09, 7.50362781526985e-10, 2.31192000290939e-10, 6.327566971649e-11, 1.53890264728459e-11, 3.90131359670961e-12, 1.05277474594925e-12, 2.8153571295194e-13, 4.22252712025654e-13, 1.24874324313193e-13, 6.39300937407021e-14, 1.87103745831741e-14, 1.04426335381458e-14, 9.47961600207143e-15, 4.41494447304356e-15, 1.03790664672515e-15, 5.68393911828423e-16, 1.35172923325908e-16, 5.98354842026633e-17, 1.69818851708175e-17, 4.20238237312764e-18, 1.09330701293901e-18, 7.21394120408575e-19, 1.93719497031123e-19, 5.47061033784091e-20, 9.7713393514627e-20, 6.22018363075175e-20, 1.85050450719032e-20, 4.6491799364052e-21, 1.22859466440907e-21, 4.5490361983808e-22, 7.31281075167829e-22, 2.31271426262947e-22, 7.9986125228389e-23, 2.08904516146519e-23, 9.37508696549535e-24, 7.82944604798654e-24], "profits": [1.0, 1.0, 1.0, 1.0, 1.0, 1.0, 1.0, 1.0, 1.0, 1.0, 1.0, 1.0, 1.0, 1.0, 1.0, 1.0, 1.0, 1.0, 1.0, 1.0, 1.0, 1.0, 1.0, 1.0, 1.0, 1.0, 1.0, 1.0, 1.0, 1.0, 1.0, 1.0, 1.0, 1.0, 1.0, 1.0, 1.0, 1.0, 1.0, 1.0, 1.0, 1.0, 1.0, 1.0, 1.0, 1.0, 1.0, 1.0, 1.0, 1.0, 1.0, 1.0, 1.0, 1.0, 1.0, 1.0, 1.0, 1.0, 1.0, 1.0, 1.0, 1.0, 1.0, 1.0, 1.0, 1.0, 1.0, 1.0, 1.0, 1.0, 1.0, 1.0, 1.0, 1.0, 1.0, 1.0, 1.0, 1.0, 1.0, 1.0, 1.0, 1.0, 1.0, 1.0, 1.0, 1.0, 1.0, 1.0, 1.0, 1.0, 1.0, 1.0, 1.0, 1.0, 1.0, 1.0, 1.0, 1.0, 1.0, 1.0, 1.0, 1.0, 1.0, 1.0, 1.0, 1.0, 1.0, 1.0, 1.0, 1.0, 1.0, 1.0, 1.0, 1.0, 1.0, 1.0, 1.0, 1.0, 1.0, 1.0, 1.0, 1.0, 1.0, 1.0, 1.0, 1.0, 1.0, 1.0, 1.0, 1.0, 1.0, 1.0, 1.0, 1.0, 1.0, 1.0, 1.0, 1.0, 1.0, 1.0, 1.0, 1.0, 1.0, 1.0, 1.0, 1.0, 1.0, 1.0, 1.0, 1.0, 1.0, 1.0, 1.0, 1.0, 1.0, 1.0, 1.0, 1.0, 1.0, 1.0, 1.0, 1.0, 1.0, 1.0, 1.0, 1.0, 1.0, 1.0, 1.0, 1.0, 1.0, 1.0, 1.0, 1.0, 1.0, 1.0, 1.0, 1.0, 1.0, 1.0, 1.0, 1.0, 1.0, 1.0, 1.0, 1.0, 1.0, 1.0, 1.0, 1.0, 1.0, 1.0, 1.0, 1.0, 1.0, 1.0, 1.0, 1.0, 1.0, 1.0], "min_weight": 0.9, "max_distance": 3}