{"n_items": 200, "weights": [0.000233945767420474, 0.000236220427673116, 0.000234501975591776, 0.000233805761594921, 0.000236894299960266, 0.000237697418319367, 0.000240337923914353, 0.000240108372604951, 0.000241603724000714, 0.000239828843444784, 0.000238348544283922, 0.000240328601861552, 0.000240167794075566, 0.000239074143846254, 0.000238921451734403, 0.000239080647911691, 0.000239345349054193, 0.000243458350172286, 0.000242684278063363, 0.000242765448296829, 0.00024240880405911, 0.000244321763947082, 0.000243860492114446, 0.000244709734313555, 0.000245517381415283, 0.00024561931112935, 0.000246153280696096, 0.000246861360340795, 0.000247719308694473, 0.000248723981755769, 0.000249461836203233, 0.000251354142829878, 0.000252580585373859, 0.000254618803414502, 0.00025451966176464, 0.000256432415272364, 0.000259682152940855, 0.00026390333351666, 0.000266569799822054, 0.000271513640679068, 0.000276481855253695, 0.000276510813658119, 0.000283580819283255, 0.000284109854481408, 0.000279861468749819, 0.000284415450950333, 0.000289048538319389, 0.000297829187570543, 0.000307076574544665, 0.000314910340985737, 0.000305746636022094, 0.000313902298905563, 0.000323233513020458, 0.000336583914665845, 0.000349997705573476, 0.000332032236717027, 0.000343391842493687, 0.000356395992310475, 0.00036890051405673, 0.000387835376315183, 0.000386927554075294, 0.000394047623889966, 0.000401577702144844, 0.000401823926731779, 0.000372816321066869, 0.000392177569793409, 0.000413566387111348, 0.000436094137835628, 0.000450897480021721, 0.000475733839978061, 0.000508247664788277, 0.000545117593053839, 0.000581500966061017, 0.000603267460454284, 0.000652717929004326, 0.000692289237730579, 0.000750118733796176, 0.000819058265476255, 0.000879052956481559, 0.000935664225188058, 0.00103472169808244, 0.00107930287760123, 0.00119886242620575, 0.00131574909034816, 0.00147333187836063, 0.00165909768745198, 0.00120785837179732, 0.000970782436310439, 0.000994887952797868, 0.000942776623054186, 0.000722253481583214, 0.000774885486003942, 0.000796913939674797, 0.000800903975358893, 0.000872838811989557, 0.000964912478702229, 0.00104762792749219, 0.00107080614553122, 0.00113712916457091, 0.000854409825406177, 0.000885573256565319, 0.000980738635339973, 0.000954635838076862, 0.000683527936115037, 0.00073934848399092, 0.00072615518168514, 0.000710967712247551, 0.000703513339210279, 0.000761884492188204, 0.000804647262284175, 0.000483277661740689, 0.000469185095916991, 0.0004827500285388, 0.000477596164211776, 0.000390199411917408, 0.000400020262144447, 0.000397671488292573, 0.000408929159518113, 0.000429332385998803, 0.000386881417663955, 0.000378601060024459, 0.000377571593616175, 0.000382080568706239, 0.000384437747014947, 0.000391046343939459, 0.000396292039777908, 0.000407344207120835, 0.000398474418841682, 0.000410038897519016, 0.000421420873753541, 0.000422046358987824, 0.000423930825311648, 0.000427964530223078, 0.000405562350442432, 0.000400879635206769, 0.000405926377893314, 0.000411894017401489, 0.0004148475334752, 0.000419995555966525, 0.000436730473007148, 0.00045194251164315, 0.00044365327136394, 0.00044697973670054, 0.000440614924344166, 0.000438279283434248, 0.000458751194757118, 0.000552437479587886, 0.000555671260672638, 0.000546371604961083, 0.000638128125815558, 0.000596856745627793, 0.000711792393944784, 0.000722781506782812, 0.000666155691756592, 0.00067043144114877, 0.000754454983554548, 0.000712846926241764, 0.000659827996874008, 0.000630978406843209, 0.000607738603852093, 0.000591065175931471, 0.000654024756314025, 0.000616864657638597, 0.000664539919959095, 0.00065167967156483, 0.000695347979777449, 0.000900676141453053, 0.000815115821765232, 0.000752616746947253, 0.000732753721692267, 0.000726381881804479, 0.000757272977809049, 0.000710490216340052, 0.000763624707904661, 0.000929867181091498, 0.000900408102723135, 0.000948700911929234, 0.00103259623332561, 0.000936948330799322, 0.000861071319548037, 0.000830759327006729, 0.000812780164007524, 0.00141305093988757, 0.00122955689159003, 0.00114533226637943, 0.00103354955039518, 0.00108797787820471, 0.00102460959440901, 0.00101561160191267, 0.00100525264631688, 0.00104845985802755, 0.0037904027745121, 0.0104844058973148, 0.116856529787435, 0.0877681734689305, 0.399940307804028, 0.152356304769123, 0.0879718224705708, 0.0229412971829376, 0.0103609082579211], "profits": [1.0, 1.0, 1.0, 1.0, 1.0, 1.0, 1.0, 1.0, 1.0, 1.0, 1.0, 1.0, 1.0, 1.0, 1.0, 1.0, 1.0, 1.0, 1.0, 1.0, 1.0, 1.0, 1.0, 1.0, 1.0, 1.0, 1.0, 1.0, 1.0, 1.0, 1.0, 1.0, 1.0, 1.0, 1.0, 1.0, 1.0, 1.0, 1.0, 1.0, 1.0, 1.0, 1.0, 1.0, 1.0, 1.0, 1.0, 1.0, 1.0, 1.0, 1.0, 1.0, 1.0, 1.0, 1.0, 1.0, 1.0, 1.0, 1.0, 1.0, 1.0, 1.0, 1.0, 1.0, 1.0, 1.0, 1.0, 1.0, 1.0, 1.0, 1.0, 1.0, 1.0, 1.0, 1.0, 1.0, 1.0, 1.0, 1.0, 1.0, 1.0, 1.0, 1.0, 1.0, 1.0, 1.0, 1.0, 1.0, 1.0, 1.0, 1.0, 1.0, 1.0, 1.0, 1.0, 1.0, 1.0, 1.0, 1.0, 1.0, 1.0, 1.0, 1.0, 1.0, 1.0, 1.0, 1.0, 1.0, 1.0, 1.0, 1.0, 1.0, 1.0, 1.0, 1.0, 1.0, 1.0, 1.0, 1.0, 1.0, 1.0, 1.0, 1.0, 1.0, 1.0, 1.0, 1.0, 1.0, 1.0, 1.0, 1.0, 1.0, 1.0, 1.0, 1.0, 1.0, 1.0, 1.0, 1.0, 1.0, 1.0, 1.0, 1.0, 1.0, 1.0, 1.0, 1.0, 1.0, 1.0, 1.0, 1.0, 1.0, 1.0, 1.0, 1.0, 1.0, 1.0, 1.0, 1.0, 1.0, 1.0, 1.0, 1.0, 1.0, 1.0, 1.0, 1.0, 1.0, 1.0, 1.0, 1.0, 1.0, 1.0, 1.0, 1.0, 1.0, 1.0, 1.0, 1.0, 1.0, 1.0, 1.0, 1.0, 1.0, 1.0, 1.0, 1.0, 1.0, 1.0, 1.0, 1.0, 1.0, 1.0, 1.0, 1.0, 1.0, 1.0, 1.0, 1.0, 1.0], "min_weight": 0.9, "max_distance": 3}