{"n_items": 200, "weights": [0.000236405445021276, 0.000407320749480336, 0.000258557439802181, 0.000346885700476981, 0.000656249690684911, 0.00105595209068658, 0.00167318688725522, 0.000406590835112728, 0.000713433651045045, 0.00135801134283445, 0.00235276385133231, 0.0033025611588502, 0.00420672276392601, 0.00723035364920591, 0.0103726470452218, 0.0140135803414228, 0.0257242870376997, 0.0478126997300042, 0.0836451093312662, 0.161332104944666, 0.315475882547209, 0.18677882899183, 0.0988197362118587, 0.00805278734353418, 0.00754372804446577, 0.00549196304761459, 0.00948796007033011, 0.000952941211699165, 6.80891399525014e-05, 7.0412047754232e-05, 4.71495462627524e-05, 7.96761826542468e-05, 2.53760428769433e-05, 3.66271533062321e-08, 8.13394374315584e-09, 6.4606749801086e-10, 3.32690801127285e-10, 1.45211612594662e-10, 8.41850250896345e-13, 1.82959542828835e-14, 3.35995409526087e-14, 2.01896926478154e-15, 1.51277117731192e-15, 2.83391643809105e-15, 3.1180228455515e-17, 4.34271352738952e-17, 5.19503701974555e-17, 3.17195922221327e-17, 4.41330369687799e-17, 3.92628233149758e-17, 7.37976139628946e-17, 6.4484358093852e-18, 1.15859611006627e-17, 4.88952835794708e-18, 5.5972523873798e-18, 1.04389191846145e-17, 5.78295987485498e-18, 4.85556139073398e-18, 9.09888178362702e-18, 1.73235613667312e-17, 3.07650846094253e-17, 9.06722420169426e-18, 6.03948152527206e-18, 7.15808106677391e-18, 9.66320846542976e-18, 8.07662150638005e-18, 1.32253551656018e-17, 4.32698050773138e-20, 7.28672866000881e-20, 1.37246755589567e-20, 2.35649976785809e-20, 4.27897099377573e-20, 7.69672777317782e-20, 1.25854319891713e-19, 2.44905237553376e-19, 3.77032653498627e-19, 7.16048669173109e-19, 4.01733585041641e-19, 7.77642128583227e-19, 1.47641845985261e-18, 2.12339329918527e-18, 3.59139213138962e-21, 7.68252582653377e-22, 6.94873821633176e-22, 1.26796992534183e-21, 2.48377460800595e-21, 1.44603617376029e-21, 2.65220735279166e-21, 3.08551664114247e-23, 2.87463899872786e-23, 6.70257878167157e-24, 4.06281841360311e-24, 2.69638815489974e-25, 9.73127891465368e-29, 1.80904887273484e-28, 3.46272114751156e-29, 2.9528273215888e-29, 2.68801322181538e-30, 3.89424413744823e-30, 7.39713216327641e-30, 1.34562361760956e-29, 4.55330030511146e-30, 3.24292033048156e-30, 6.91186724631054e-31, 4.39831899945621e-32, 2.04193862209234e-32, 3.49243927288823e-32, 5.45193092902033e-32, 1.4827711975585e-32, 2.69458978315786e-33, 3.77658086668374e-34, 7.35458794107468e-35, 1.07869484559933e-36, 3.00970931194281e-37, 5.49491806901608e-37, 5.26374807183896e-37, 7.59328021686742e-37, 1.28403065094161e-36, 5.74836768344085e-37, 6.40340051884655e-37, 1.08240553390258e-36, 9.28196365678254e-37, 1.76789192606191e-36, 8.78457568642967e-39, 5.27607045046994e-39, 8.81169727597983e-39, 1.33568569276922e-38, 2.50285301166366e-38, 4.47338555434681e-38, 6.85596099096576e-39, 1.07848713915321e-38, 6.67649978798393e-39, 6.27621455082514e-39, 8.62465979040623e-39, 7.27664062104932e-39, 8.74439696222727e-39, 2.40235416327208e-39, 4.05037222815421e-39, 1.26102732146899e-39, 3.54159400151354e-40, 3.34818109737326e-40, 6.29599721222473e-40, 1.24549743939044e-39, 3.81955506668159e-41, 6.52109554256003e-41, 1.00927003262417e-41, 1.95523389368478e-41, 1.42416521777987e-42, 2.21579146201054e-42, 1.96304451393863e-42, 1.96470583154386e-47, 3.11145679674896e-47, 2.26506595523377e-47, 3.08425149779744e-47, 3.90296183657711e-47, 5.53939466092856e-47, 3.05378826847551e-48, 8.54963041235715e-49, 9.1579538771365e-49, 1.5458919687211e-48, 7.56388490621848e-49, 1.29019720026712e-48, 2.40719569332195e-48, 4.59788729041796e-48, 1.02155411377799e-48, 2.25158775276212e-49, 2.70822810908691e-49, 4.23315004672327e-49, 8.00747811642789e-49, 4.44979329598054e-49, 7.63346386383953e-49, 1.35903146892327e-48, 3.40759216184399e-49, 9.1082620468392e-50, 3.25475879406073e-50, 4.72532781447053e-50, 2.71028780644044e-50, 1.56258500265301e-51, 3.13200000238837e-51, 1.46188026685208e-53, 1.22393160880963e-53, 2.14966905632516e-53, 1.8410706173277e-53, 2.23029978672316e-53, 4.46575041594843e-53, 9.30229148864138e-53, 7.21445473632019e-53, 2.69853183461584e-53, 9.48536635193464e-54, 1.96600101468618e-53, 3.95101063847879e-53, 5.33777731297467e-54, 1.20267231465309e-53, 1.8281250737548e-56, 3.75357540015167e-56, 1.07140340426071e-57, 7.53550387020142e-58, 3.20135809699779e-58, 3.90502399781406e-58, 6.16135674921597e-58], "profits": [1.0, 1.0, 1.0, 1.0, 1.0, 1.0, 1.0, 1.0, 1.0, 1.0, 1.0, 1.0, 1.0, 1.0, 1.0, 1.0, 1.0, 1.0, 1.0, 1.0, 1.0, 1.0, 1.0, 1.0, 1.0, 1.0, 1.0, 1.0, 1.0, 1.0, 1.0, 1.0, 1.0, 1.0, 1.0, 1.0, 1.0, 1.0, 1.0, 1.0, 1.0, 1.0, 1.0, 1.0, 1.0, 1.0, 1.0, 1.0, 1.0, 1.0, 1.0, 1.0, 1.0, 1.0, 1.0, 1.0, 1.0, 1.0, 1.0, 1.0, 1.0, 1.0, 1.0, 1.0, 1.0, 1.0, 1.0, 1.0, 1.0, 1.0, 1.0, 1.0, 1.0, 1.0, 1.0, 1.0, 1.0, 1.0, 1.0, 1.0, 1.0, 1.0, 1.0, 1.0, 1.0, 1.0, 1.0, 1.0, 1.0, 1.0, 1.0, 1.0, 1.0, 1.0, 1.0, 1.0, 1.0, 1.0, 1.0, 1.0, 1.0, 1.0, 1.0, 1.0, 1.0, 1.0, 1.0, 1.0, 1.0, 1.0, 1.0, 1.0, 1.0, 1.0, 1.0, 1.0, 1.0, 1.0, 1.0, 1.0, 1.0, 1.0, 1.0, 1.0, 1.0, 1.0, 1.0, 1.0, 1.0, 1.0, 1.0, 1.0, 1.0, 1.0, 1.0, 1.0, 1.0, 1.0, 1.0, 1.0, 1.0, 1.0, 1.0, 1.0, 1.0, 1.0, 1.0, 1.0, 1.0, 1.0, 1.0, 1.0, 1.0, 1.0, 1.0, 1.0, 1.0, 1.0, 1.0, 1.0, 1.0, 1.0, 1.0, 1.0, 1.0, 1.0, 1.0, 1.0, 1.0, 1.0, 1.0, 1.0, 1.0, 1.0, 1.0, 1.0, 1.0, 1.0, 1.0, 1.0, 1.0, 1.0, 1.0, 1.0, 1.0, 1.0, 1.0, 1.0, 1.0, 1.0, 1.0, 1.0, 1.0, 1.0, 1.0, 1.0, 1.0, 1.0, 1.0, 1.0], "min_weight": 0.9, "max_distance": 3}