{"n_items": 200, "weights": [1.28793288825574e-30, 3.3605435604056e-30, 2.8947316567012e-30, 5.99436115069801e-30, 5.1026716330902e-30, 6.77242693510788e-30, 8.2516752839473e-30, 1.06933687058642e-29, 9.11053288539492e-30, 7.84053995866736e-30, 7.31629283007422e-30, 1.27861113976173e-29, 1.10818217111872e-29, 1.21389347680253e-29, 1.19169763160554e-29, 9.99170626071586e-30, 1.38137426247814e-29, 1.36587111251563e-29, 1.23690629592135e-29, 1.08892429344269e-29, 1.05298985579383e-29, 9.8129529366722e-30, 1.39093779590969e-29, 3.46387475794955e-29, 4.25138053809746e-29, 3.5009289174081e-29, 4.25001454949638e-29, 3.46095738646062e-29, 1.56912015736722e-28, 2.40953916052468e-28, 2.12115242885178e-28, 1.95835305831334e-28, 1.68371048722484e-28, 2.15120798146413e-28, 2.51381105825267e-28, 3.13945287941692e-28, 2.48290489478164e-28, 2.2466784213074e-28, 4.58563677867226e-28, 3.61452113122204e-28, 7.56144603994654e-28, 7.93576774701346e-28, 6.56914810496686e-28, 5.42558314762555e-28, 4.23659731575964e-28, 3.3575181249659e-28, 3.21735176878583e-28, 2.57004466859202e-28, 7.30955158529553e-28, 5.59416852936093e-28, 4.35595622357941e-28, 3.35889038195741e-28, 2.81796118210035e-28, 2.50058413594602e-28, 3.60072242942561e-28, 4.68326440677235e-28, 5.80438027568866e-28, 1.19819628545598e-27, 2.77050742195685e-27, 2.06876987669412e-27, 1.5495502464779e-27, 1.18231223919864e-27, 1.01636413629629e-27, 1.26305692959151e-27, 3.19136006535665e-27, 2.48102013098148e-27, 1.86725473646135e-27, 1.41527152180451e-27, 1.54997219769223e-27, 1.5641856944731e-27, 1.33745163951278e-27, 1.06379289481627e-27, 8.67048616812521e-28, 6.45712126807725e-28, 5.67770027755996e-28, 4.43654016006817e-28, 4.09210285362787e-28, 3.12871037908601e-28, 4.07934979871833e-28, 4.14267954255135e-28, 6.31234856508761e-28, 1.20625546695652e-27, 8.91382197269591e-28, 6.58159521444116e-28, 1.40404813721394e-27, 1.02646093566774e-27, 7.9056156071071e-28, 5.9155659481096e-28, 5.82111424579575e-28, 4.91113801169124e-28, 8.14853487159927e-28, 8.79293874247093e-28, 1.2618646139836e-27, 1.21663221063045e-26, 3.26670869556004e-26, 2.73656135764803e-26, 2.80012144152281e-26, 1.89510927126761e-26, 1.87325689378757e-26, 4.15453698628238e-26, 6.05417364390637e-26, 4.62387185335507e-26, 3.18343818715338e-26, 2.21920684522301e-26, 1.75626468209283e-26, 1.9245557332317e-26, 1.31163045648153e-26, 4.62106308988258e-25, 5.30620281810615e-25, 3.47713684863931e-25, 1.95287568350148e-24, 1.21072160244799e-24, 1.51547645972062e-24, 2.03093857960912e-24, 1.48825459712249e-24, 2.76009387735949e-24, 2.45112081954068e-24, 8.25182036500576e-24, 1.35437345857092e-23, 7.71285229964181e-24, 4.64324545360907e-23, 7.87139132781148e-23, 6.3973772085489e-23, 7.21599271870754e-23, 3.40432592408273e-22, 3.48388250476115e-22, 2.56204836791927e-21, 1.29897031019681e-21, 1.21820376028891e-19, 3.28218160270665e-19, 1.61416131095577e-19, 1.23342283760064e-19, 9.79566803503028e-20, 2.85572948255556e-17, 1.90241196934018e-16, 3.74879659395844e-15, 1.70656882347829e-15, 7.10955240859544e-14, 2.84120625855005e-14, 2.12744122979211e-08, 0.788648641983478, 0.164708187209966, 0.031619502207186, 0.00783590247539722, 0.00436851193175854, 0.00205813950734232, 0.000438283270738125, 9.53282609694258e-05, 0.000155298233633326, 5.52112043555506e-05, 1.37028022857555e-05, 2.57806481678969e-06, 5.45018578651057e-07, 1.17726416128054e-07, 2.28499277336881e-08, 4.46150332587177e-09, 1.04141153541962e-09, 3.03637946062677e-10, 6.05897989604097e-11, 1.22937749415742e-11, 4.47471518005747e-12, 7.64178926670904e-11, 1.42884593363324e-11, 2.72323364835156e-12, 1.02627803040003e-12, 2.13177538770429e-13, 4.17161730711902e-14, 8.54103911433507e-15, 1.76711618829089e-15, 7.22492039208618e-16, 1.59233952139331e-16, 5.94265551815086e-17, 4.40160831485682e-17, 2.65829397373961e-17, 6.29149836142461e-18, 4.6668133486825e-18, 3.05226161849379e-18, 9.0753287689867e-19, 2.01738703688085e-19, 5.24592808294083e-20, 1.63695803869791e-20, 3.02198562270214e-21, 1.64235322183399e-21, 3.61539780336789e-22, 1.60128953203296e-22, 2.86030364993526e-23, 7.49470789255435e-24, 1.39773903301585e-24, 3.45340066543353e-25, 7.98828946854243e-26, 2.73009830283016e-26, 6.51805872584289e-27, 1.41500844918825e-27, 1.18935058996101e-27, 3.9356571002301e-28, 1.60027103117588e-28, 4.52546004507366e-29, 1.23740895885831e-29, 9.20083125966734e-30, 2.40229658271203e-30], "profits": [1.0, 1.0, 1.0, 1.0, 1.0, 1.0, 1.0, 1.0, 1.0, 1.0, 1.0, 1.0, 1.0, 1.0, 1.0, 1.0, 1.0, 1.0, 1.0, 1.0, 1.0, 1.0, 1.0, 1.0, 1.0, 1.0, 1.0, 1.0, 1.0, 1.0, 1.0, 1.0, 1.0, 1.0, 1.0, 1.0, 1.0, 1.0, 1.0, 1.0, 1.0, 1.0, 1.0, 1.0, 1.0, 1.0, 1.0, 1.0, 1.0, 1.0, 1.0, 1.0, 1.0, 1.0, 1.0, 1.0, 1.0, 1.0, 1.0, 1.0, 1.0, 1.0, 1.0, 1.0, 1.0, 1.0, 1.0, 1.0, 1.0, 1.0, 1.0, 1.0, 1.0, 1.0, 1.0, 1.0, 1.0, 1.0, 1.0, 1.0, 1.0, 1.0, 1.0, 1.0, 1.0, 1.0, 1.0, 1.0, 1.0, 1.0, 1.0, 1.0, 1.0, 1.0, 1.0, 1.0, 1.0, 1.0, 1.0, 1.0, 1.0, 1.0, 1.0, 1.0, 1.0, 1.0, 1.0, 1.0, 1.0, 1.0, 1.0, 1.0, 1.0, 1.0, 1.0, 1.0, 1.0, 1.0, 1.0, 1.0, 1.0, 1.0, 1.0, 1.0, 1.0, 1.0, 1.0, 1.0, 1.0, 1.0, 1.0, 1.0, 1.0, 1.0, 1.0, 1.0, 1.0, 1.0, 1.0, 1.0, 1.0, 1.0, 1.0, 1.0, 1.0, 1.0, 1.0, 1.0, 1.0, 1.0, 1.0, 1.0, 1.0, 1.0, 1.0, 1.0, 1.0, 1.0, 1.0, 1.0, 1.0, 1.0, 1.0, 1.0, 1.0, 1.0, 1.0, 1.0, 1.0, 1.0, 1.0, 1.0, 1.0, 1.0, 1.0, 1.0, 1.0, 1.0, 1.0, 1.0, 1.0, 1.0, 1.0, 1.0, 1.0, 1.0, 1.0, 1.0, 1.0, 1.0, 1.0, 1.0, 1.0, 1.0, 1.0, 1.0, 1.0, 1.0, 1.0, 1.0], "min_weight": 0.95, "max_distance": 3}