{"n_items": 400, "weights": [9.999999999999767e-17, 9.999999999999767e-17, 9.999999999999767e-17, 9.999999999999767e-17, 9.999999999999767e-17, 9.999999999999767e-17, 9.999999999999767e-17, 9.999999999999767e-17, 9.999999999999767e-17, 9.999999999999767e-17, 9.999999999999767e-17, 9.999999999999767e-17, 9.999999999999767e-17, 9.999999999999767e-17, 9.999999999999767e-17, 9.999999999999767e-17, 9.999999999999767e-17, 9.999999999999767e-17, 9.999999999999767e-17, 9.999999999999767e-17, 9.999999999999767e-17, 9.999999999999767e-17, 9.999999999999767e-17, 9.999999999999767e-17, 9.999999999999767e-17, 9.999999999999767e-17, 9.999999999999767e-17, 9.999999999999767e-17, 9.999999999999767e-17, 9.999999999999767e-17, 9.999999999999767e-17, 9.999999999999767e-17, 9.999999999999767e-17, 9.999999999999767e-17, 9.999999999999767e-17, 9.999999999999767e-17, 9.999999999999767e-17, 9.999999999999767e-17, 9.999999999999767e-17, 9.999999999999767e-17, 9.999999999999767e-17, 9.999999999999767e-17, 9.999999999999767e-17, 9.999999999999767e-17, 9.999999999999767e-17, 9.999999999999767e-17, 9.999999999999767e-17, 9.999999999999767e-17, 9.999999999999767e-17, 9.999999999999767e-17, 9.999999999999767e-17, 9.999999999999767e-17, 9.999999999999767e-17, 9.999999999999767e-17, 9.999999999999767e-17, 9.999999999999767e-17, 9.999999999999767e-17, 9.999999999999767e-17, 9.999999999999767e-17, 9.999999999999767e-17, 9.999999999999767e-17, 9.999999999999767e-17, 9.999999999999767e-17, 9.999999999999767e-17, 9.999999999999767e-17, 9.999999999999767e-17, 9.999999999999767e-17, 9.999999999999767e-17, 9.999999999999767e-17, 9.999999999999767e-17, 9.999999999999767e-17, 9.999999999999767e-17, 9.999999999999767e-17, 9.999999999999767e-17, 9.999999999999767e-17, 9.999999999999767e-17, 9.999999999999767e-17, 9.999999999999767e-17, 9.999999999999767e-17, 9.999999999999767e-17, 9.999999999999767e-17, 9.999999999999767e-17, 9.999999999999767e-17, 9.999999999999767e-17, 9.999999999999767e-17, 9.999999999999767e-17, 9.999999999999767e-17, 9.999999999999767e-17, 9.999999999999767e-17, 9.999999999999767e-17, 9.999999999999767e-17, 9.999999999999767e-17, 9.999999999999767e-17, 9.999999999999767e-17, 9.999999999999767e-17, 9.999999999999767e-17, 9.999999999999767e-17, 9.999999999999767e-17, 9.999999999999767e-17, 9.999999999999767e-17, 9.999999999999767e-17, 9.999999999999767e-17, 9.999999999999767e-05, 9.999999999999767e-05, 0.00019999999999999535, 9.999999999999767e-17, 9.999999999999767e-17, 0.0003999999999999907, 0.00019999999999999535, 0.00029999999999999303, 0.00019999999999999535, 0.0003999999999999907, 9.999999999999767e-05, 0.0005999999999999861, 0.0003999999999999907, 0.0009999999999999768, 0.0009999999999999768, 0.0019999999999999536, 0.0007999999999999814, 0.0014999999999999651, 0.0012999999999999698, 0.0020999999999999513, 0.0023999999999999443, 0.0029999999999999302, 0.003099999999999928, 0.003599999999999916, 0.004199999999999903, 0.0042999999999999, 0.006099999999999858, 0.0050999999999998815, 0.007599999999999823, 0.008399999999999805, 0.007699999999999821, 0.010799999999999749, 0.008299999999999808, 0.012799999999999702, 0.011499999999999733, 0.012999999999999698, 0.01249999999999971, 0.011499999999999733, 0.014299999999999667, 0.012599999999999707, 0.01499999999999965, 0.013899999999999677, 0.015499999999999639, 0.017999999999999582, 0.013699999999999681, 0.01589999999999963, 0.015199999999999646, 0.01679999999999961, 0.014499999999999662, 0.015399999999999641, 0.017899999999999583, 0.012599999999999707, 0.014299999999999667, 0.01159999999999973, 0.011499999999999733, 0.009199999999999786, 0.009599999999999777, 0.009199999999999786, 0.007599999999999823, 0.008299999999999808, 0.008099999999999812, 0.007199999999999832, 0.006099999999999858, 0.0053999999999998745, 0.004999999999999884, 0.003999999999999907, 0.003999999999999907, 0.0023999999999999443, 0.0028999999999999326, 0.002499999999999942, 0.0022999999999999466, 0.0010999999999999745, 0.0012999999999999698, 0.0007999999999999814, 0.0007999999999999814, 0.0009999999999999768, 0.0007999999999999814, 0.0004999999999999884, 0.0007999999999999814, 0.0003999999999999907, 0.0003999999999999907, 9.999999999999767e-05, 0.0003999999999999907, 9.999999999999767e-17, 0.00029999999999999303, 0.00019999999999999535, 9.999999999999767e-17, 9.999999999999767e-17, 9.999999999999767e-05, 9.999999999999767e-05, 9.999999999999767e-05, 0.00019999999999999535, 0.0004999999999999884, 9.999999999999767e-17, 9.999999999999767e-05, 0.00019999999999999535, 9.999999999999767e-05, 0.00019999999999999535, 0.0010999999999999745, 0.000899999999999979, 0.0005999999999999861, 0.0010999999999999745, 0.0018999999999999558, 0.0012999999999999698, 0.0013999999999999675, 0.0015999999999999628, 0.0022999999999999466, 0.0029999999999999302, 0.0031999999999999256, 0.004399999999999898, 0.0031999999999999256, 0.0047999999999998886, 0.005899999999999863, 0.005299999999999877, 0.005799999999999865, 0.00819999999999981, 0.006399999999999851, 0.008299999999999808, 0.010099999999999765, 0.010399999999999758, 0.010099999999999765, 0.011799999999999726, 0.01159999999999973, 0.013799999999999679, 0.014099999999999672, 0.015499999999999639, 0.014099999999999672, 0.01599999999999963, 0.013399999999999688, 0.015799999999999634, 0.014499999999999662, 0.014699999999999658, 0.017299999999999597, 0.01759999999999959, 0.01599999999999963, 0.015699999999999634, 0.013499999999999686, 0.014399999999999665, 0.013599999999999684, 0.013799999999999679, 0.013399999999999688, 0.012299999999999714, 0.010499999999999756, 0.008999999999999791, 0.007399999999999828, 0.006999999999999837, 0.007999999999999815, 0.006399999999999851, 0.0065999999999998464, 0.0042999999999999, 0.005299999999999877, 0.004199999999999903, 0.004099999999999905, 0.003699999999999914, 0.0026999999999999373, 0.0022999999999999466, 0.0020999999999999513, 0.0018999999999999558, 0.0013999999999999675, 0.0014999999999999651, 0.0007999999999999814, 0.0009999999999999768, 0.0009999999999999768, 0.000899999999999979, 0.00029999999999999303, 0.00029999999999999303, 9.999999999999767e-05, 9.999999999999767e-05, 0.0003999999999999907, 0.00029999999999999303, 9.999999999999767e-17, 9.999999999999767e-05, 9.999999999999767e-17, 9.999999999999767e-17, 9.999999999999767e-17, 9.999999999999767e-05, 0.00019999999999999535, 9.999999999999767e-17, 9.999999999999767e-17, 9.999999999999767e-05, 9.999999999999767e-17, 9.999999999999767e-17, 9.999999999999767e-17, 9.999999999999767e-17, 9.999999999999767e-17, 9.999999999999767e-05, 9.999999999999767e-17, 9.999999999999767e-17, 9.999999999999767e-17, 9.999999999999767e-17, 9.999999999999767e-17, 9.999999999999767e-17, 9.999999999999767e-17, 9.999999999999767e-17, 9.999999999999767e-17, 9.999999999999767e-17, 9.999999999999767e-17, 9.999999999999767e-17, 9.999999999999767e-17, 9.999999999999767e-17, 9.999999999999767e-17, 9.999999999999767e-17, 9.999999999999767e-17, 9.999999999999767e-17, 9.999999999999767e-17, 9.999999999999767e-17, 9.999999999999767e-17, 9.999999999999767e-17, 9.999999999999767e-17, 9.999999999999767e-17, 9.999999999999767e-17, 9.999999999999767e-17, 9.999999999999767e-17, 9.999999999999767e-17, 9.999999999999767e-17, 9.999999999999767e-17, 9.999999999999767e-17, 9.999999999999767e-17, 9.999999999999767e-17, 9.999999999999767e-17, 9.999999999999767e-17, 9.999999999999767e-17, 9.999999999999767e-17, 9.999999999999767e-17, 9.999999999999767e-17, 9.999999999999767e-17, 9.999999999999767e-17, 9.999999999999767e-17, 9.999999999999767e-17, 9.999999999999767e-17, 9.999999999999767e-17, 9.999999999999767e-17, 9.999999999999767e-17, 9.999999999999767e-17, 9.999999999999767e-17, 9.999999999999767e-17, 9.999999999999767e-17, 9.999999999999767e-17, 9.999999999999767e-17, 9.999999999999767e-17, 9.999999999999767e-17, 9.999999999999767e-17, 9.999999999999767e-17, 9.999999999999767e-17, 9.999999999999767e-17, 9.999999999999767e-17, 9.999999999999767e-17, 9.999999999999767e-17, 