{"n_items": 400, "weights": [1.0003000900269952e-16, 1.0003000900269952e-16, 1.0003000900269952e-16, 1.0003000900269952e-16, 1.0003000900269952e-16, 1.0003000900269952e-16, 1.0003000900269952e-16, 1.0003000900269952e-16, 1.0003000900269952e-16, 1.0003000900269952e-16, 1.0003000900269952e-16, 1.0003000900269952e-16, 1.0003000900269952e-16, 1.0003000900269952e-16, 1.0003000900269952e-16, 1.0003000900269952e-16, 1.0003000900269952e-16, 1.0003000900269952e-16, 1.0003000900269952e-16, 1.0003000900269952e-16, 1.0003000900269952e-16, 1.0003000900269952e-16, 1.0003000900269952e-16, 1.0003000900269952e-16, 1.0003000900269952e-16, 1.0003000900269952e-16, 1.0003000900269952e-16, 1.0003000900269952e-16, 1.0003000900269952e-16, 1.0003000900269952e-16, 1.0003000900269952e-16, 1.0003000900269952e-16, 1.0003000900269952e-16, 1.0003000900269952e-16, 1.0003000900269952e-16, 1.0003000900269952e-16, 1.0003000900269952e-16, 1.0003000900269952e-16, 1.0003000900269952e-16, 1.0003000900269952e-16, 1.0003000900269952e-16, 1.0003000900269952e-16, 1.0003000900269952e-16, 1.0003000900269952e-16, 1.0003000900269952e-16, 1.0003000900269952e-16, 1.0003000900269952e-16, 1.0003000900269952e-16, 1.0003000900269952e-16, 1.0003000900269952e-16, 1.0003000900269952e-16, 1.0003000900269952e-16, 1.0003000900269952e-16, 1.0003000900269952e-16, 1.0003000900269952e-16, 1.0003000900269952e-16, 1.0003000900269952e-16, 1.0003000900269952e-16, 1.0003000900269952e-16, 1.0003000900269952e-16, 1.0003000900269952e-16, 1.0003000900269952e-16, 1.0003000900269952e-16, 1.0003000900269952e-16, 1.0003000900269952e-16, 1.0003000900269952e-16, 1.0003000900269952e-16, 1.0003000900269952e-16, 1.0003000900269952e-16, 1.0003000900269952e-16, 1.0003000900269952e-16, 1.0003000900269952e-16, 1.0003000900269952e-16, 1.0003000900269952e-16, 1.0003000900269952e-16, 1.0003000900269952e-16, 1.0003000900269952e-16, 1.0003000900269952e-16, 1.0003000900269952e-16, 1.0003000900269952e-16, 1.0003000900269952e-16, 1.0003000900269952e-16, 1.0003000900269952e-16, 1.0003000900269952e-16, 1.0003000900269952e-16, 1.0003000900269952e-16, 1.0003000900269952e-16, 1.0003000900269952e-16, 1.0003000900269952e-16, 1.0003000900269952e-16, 0.00010003000900269952, 1.0003000900269952e-16, 1.0003000900269952e-16, 1.0003000900269952e-16, 1.0003000900269952e-16, 1.0003000900269952e-16, 1.0003000900269952e-16, 1.0003000900269952e-16, 1.0003000900269952e-16, 1.0003000900269952e-16, 1.0003000900269952e-16, 0.00010003000900269952, 1.0003000900269952e-16, 1.0003000900269952e-16, 1.0003000900269952e-16, 1.0003000900269952e-16, 1.0003000900269952e-16, 1.0003000900269952e-16, 1.0003000900269952e-16, 1.0003000900269952e-16, 1.0003000900269952e-16, 1.0003000900269952e-16, 1.0003000900269952e-16, 1.0003000900269952e-16, 1.0003000900269952e-16, 1.0003000900269952e-16, 0.00010003000900269952, 1.0003000900269952e-16, 1.0003000900269952e-16, 1.0003000900269952e-16, 0.00020006001800539904, 1.0003000900269952e-16, 1.0003000900269952e-16, 1.0003000900269952e-16, 0.00010003000900269952, 1.0003000900269952e-16, 1.0003000900269952e-16, 0.00010003000900269952, 0.00020006001800539904, 1.0003000900269952e-16, 0.00010003000900269952, 1.0003000900269952e-16, 0.0004001200360107981, 1.0003000900269952e-16, 0.00010003000900269952, 1.0003000900269952e-16, 1.0003000900269952e-16, 0.00030009002700809854, 0.00020006001800539904, 0.00010003000900269952, 0.00010003000900269952, 1.0003000900269952e-16, 0.00010003000900269952, 0.00020006001800539904, 1.0003000900269952e-16, 0.00020006001800539904, 0.00010003000900269952, 0.00020006001800539904, 0.00010003000900269952, 0.00020006001800539904, 0.0004001200360107981, 0.00030009002700809854, 0.0009002700810242957, 0.0007002100630188967, 0.0006001800540161971, 0.00010003000900269952, 0.0004001200360107981, 0.00020006001800539904, 0.00030009002700809854, 0.00020006001800539904, 0.00010003000900269952, 0.0005001500450134976, 0.00010003000900269952, 0.0004001200360107981, 0.00030009002700809854, 0.0006001800540161971, 0.0008002400720215962, 0.0005001500450134976, 0.0007002100630188967, 0.0010003000900269952, 0.0007002100630188967, 0.0008002400720215962, 0.0007002100630188967, 0.0006001800540161971, 0.0007002100630188967, 0.0007002100630188967, 0.0009002700810242957, 0.0006001800540161971, 0.0005001500450134976, 0.0008002400720215962, 0.0011003300990296947, 0.0012003601080323942, 0.0008002400720215962, 0.0011003300990296947, 0.0012003601080323942, 0.0014004201260377934, 0.0008002400720215962, 0.0018005401620485913, 0.0015004501350404929, 0.0013003901170350936, 0.0018005401620485913, 0.0015004501350404929, 0.0018005401620485913, 0.0019005701710512908, 0.0022006601980593893, 0.0012003601080323942, 0.002500750225067488, 0.0016004801440431923, 0.0017005101530458918, 0.0024007202160647883, 0.0020006001800539903, 0.0022006601980593893, 0.0028008402520755867, 0.0019005701710512908, 0.003100930279083685, 0.0026007802340701873, 0.002300690207062089, 0.002300690207062089, 0.003701110333099882, 0.0039011703511052814, 0.0024007202160647883, 0.0032009602880863847, 0.0032009602880863847, 0.002500750225067488, 0.0030009002700809857, 0.00410123036911068, 0.0034010203060917837, 0.00420126037811338, 0.003701110333099882, 0.003501050315094483, 0.002900870261078286, 0.003100930279083685, 0.0024007202160647883, 0.004401320396118779, 0.005001500450134976, 0.0032009602880863847, 0.005801740522156572, 0.005101530459137676, 0.005801740522156572, 0.003701110333099882, 0.0036010803240971827, 0.004601380414124178, 0.005301590477143074, 0.005401620486145774, 0.005301590477143074, 0.00620186055816737, 0.005101530459137676, 0.005101530459137676, 0.005101530459137676, 0.005001500450134976, 0.005501650495148474, 0.005801740522156572, 0.00630189056717007, 0.008502550765229459, 0.0056016805041511734, 0.005401620486145774, 0.00630189056717007, 0.007102130639191666, 0.00610183054916467, 0.007502250675202464, 0.006802040612183567, 0.007402220666199764, 0.006902070621186267, 0.006601980594178168, 0.006501950585175468, 0.007402220666199764, 0.008602580774232158, 0.008602580774232158, 0.007702310693207863, 0.007902370711213262, 0.007102130639191666, 0.007802340702210563, 0.006501950585175468, 0.00830249074722406, 0.006902070621186267, 0.007502250675202464, 0.00830249074722406, 0.008002400720215961, 0.007702310693207863, 0.006902070621186267, 0.007902370711213262, 0.006902070621186267, 0.009002700810242957, 0.007102130639191666, 0.008502550765229459, 0.009902970891267251, 0.010003000900269952, 0.00820246073822136, 0.006902070621186267, 0.008902670801240258, 0.009702910873261854, 0.007002100630188966, 0.00810243072921866, 0.007202160648194365, 0.006501950585175468, 0.009402820846253756, 0.007602280684205163, 0.008602580774232158, 0.008902670801240258, 0.009202760828248356, 0.007702310693207863, 0.007702310693207863, 0.006802040612183567, 0.007002100630188966, 0.00830249074722406, 0.006902070621186267, 0.006601980594178168, 0.007602280684205163, 0.009102730819245656, 0.008502550765229459, 0.009502850855256454, 0.006501950585175468, 0.007602280684205163, 0.00620186055816737, 0.00810243072921866, 0.00630189056717007, 0.005801740522156572, 0.007102130639191666, 0.007402220666199764, 0.007802340702210563, 0.006001800540161971, 0.005901770531159272, 0.005501650495148474, 0.006702010603180868, 0.004301290387116079, 0.005701710513153872, 0.006902070621186267, 0.006702010603180868, 0.0056016805041511734, 0.0056016805041511734, 0.005201560468140375, 0.004901470441132276, 0.004801440432129577, 0.005701710513153872, 0.005001500450134976, 0.006501950585175468, 0.005501650495148474, 0.005101530459137676, 0.006001800540161971, 0.005801740522156572, 0.004401320396118779, 0.004501350405121478, 0.004601380414124178, 0.003701110333099882, 0.005301590477143074, 0.005101530459137676, 0.00410123036911068, 0.004801440432129577, 0.0030009002700809857, 0.004001200360107981, 0.003701110333099882, 0.004401320396118779, 0.004701410423126878, 0.003701110333099882, 0.004401320396118779, 0.0032009602880863847,