{"n_items": 200, "weights": [1.0049241282283053e-16, 1.0049241282283053e-16, 1.0049241282283053e-16, 1.0049241282283053e-16, 1.0049241282283053e-16, 1.0049241282283053e-16, 1.0049241282283053e-16, 1.0049241282283053e-16, 1.0049241282283053e-16, 1.0049241282283053e-16, 1.0049241282283053e-16, 1.0049241282283053e-16, 1.0049241282283053e-16, 1.0049241282283053e-16, 1.0049241282283053e-16, 1.0049241282283053e-16, 1.0049241282283053e-16, 1.0049241282283053e-16, 1.0049241282283053e-16, 1.0049241282283053e-16, 1.0049241282283053e-16, 1.0049241282283053e-16, 1.0049241282283053e-16, 1.0049241282283053e-16, 1.0049241282283053e-16, 1.0049241282283053e-16, 1.0049241282283053e-16, 1.0049241282283053e-16, 1.0049241282283053e-16, 1.0049241282283053e-16, 1.0049241282283053e-16, 1.0049241282283053e-16, 1.0049241282283053e-16, 1.0049241282283053e-16, 1.0049241282283053e-16, 1.0049241282283053e-16, 1.0049241282283053e-16, 1.0049241282283053e-16, 1.0049241282283053e-16, 1.0049241282283053e-16, 1.0049241282283053e-16, 1.0049241282283053e-16, 1.0049241282283053e-16, 1.0049241282283053e-16, 1.0049241282283053e-16, 1.0049241282283053e-16, 1.0049241282283053e-16, 1.0049241282283053e-16, 1.0049241282283053e-16, 1.0049241282283053e-16, 1.0049241282283053e-16, 1.0049241282283053e-16, 1.0049241282283053e-16, 1.0049241282283053e-16, 1.0049241282283053e-16, 1.0049241282283053e-16, 1.0049241282283053e-16, 1.0049241282283053e-16, 1.0049241282283053e-16, 1.0049241282283053e-16, 1.0049241282283053e-16, 1.0049241282283053e-16, 1.0049241282283053e-16, 1.0049241282283053e-16, 1.0049241282283053e-16, 1.0049241282283053e-16, 1.0049241282283053e-16, 1.0049241282283053e-16, 1.0049241282283053e-16, 1.0049241282283053e-16, 1.0049241282283053e-16, 1.0049241282283053e-16, 1.0049241282283053e-16, 1.0049241282283053e-16, 1.0049241282283053e-16, 1.0049241282283053e-16, 1.0049241282283053e-16, 1.0049241282283053e-16, 1.0049241282283053e-16, 1.0049241282283053e-16, 1.0049241282283053e-16, 1.0049241282283053e-16, 1.0049241282283053e-16, 1.0049241282283053e-16, 1.0049241282283053e-16, 1.0049241282283053e-16, 1.0049241282283053e-16, 1.0049241282283053e-16, 1.0049241282283053e-16, 1.0049241282283053e-16, 1.0049241282283053e-16, 1.0049241282283053e-16, 1.0049241282283053e-16, 1.0049241282283053e-16, 1.0049241282283053e-16, 1.0049241282283053e-16, 1.0049241282283053e-16, 1.0049241282283053e-16, 1.0049241282283053e-16, 1.0049241282283053e-16, 1.0049241282283053e-16, 1.0049241282283053e-16, 1.0049241282283053e-16, 1.0049241282283053e-16, 1.0049241282283053e-16, 1.0049241282283053e-16, 1.0049241282283053e-16, 1.0049241282283053e-16, 1.0049241282283053e-16, 1.0049241282283053e-16, 1.0049241282283053e-16, 1.0049241282283053e-16, 1.0049241282283053e-16, 1.0049241282283053e-16, 1.0049241282283053e-16, 1.0049241282283053e-16, 1.0049241282283053e-16, 1.0049241282283053e-16, 1.0049241282283053e-16, 1.0049241282283053e-16, 1.0049241282283053e-16, 1.0049241282283053e-16, 1.0049241282283053e-16, 1.0049241282283053e-16, 1.0049241282283053e-16, 1.0049241282283053e-16, 1.0049241282283053e-16, 0.00010049241282283054, 1.0049241282283053e-16, 0.00010049241282283054, 1.0049241282283053e-16, 1.0049241282283053e-16, 1.0049241282283053e-16, 0.0005024620641141526, 0.00010049241282283054, 0.00020098482564566108, 0.0003014772384684916, 0.0009044317154054748, 0.00040196965129132216, 0.0008039393025826443, 0.0011054165410511359, 0.0016078786051652886, 0.0016078786051652886, 0.0020098482564566106, 0.002612802733393594, 0.003517234448799069, 0.00371821927444473, 0.00371821927444473, 0.00371821927444473, 0.004220681338558883, 0.006732991659129646, 0.006833484071952476, 0.006230529595015493, 0.009446286805346071, 0.010953672997688528, 0.01135564264897985, 0.012863028841322309, 0.012662044015676648, 0.014772384684956088, 0.017083710179881192, 0.015877801226007224, 0.020902421867148753, 0.020299467390211767, 0.025726057682644618, 0.025123103205707632, 0.026730981810872922, 0.030549693498140483, 0.030348708672494822, 0.0299467390212035, 0.03185609486483728, 0.03376545070847106, 0.03446889759823087, 0.02813787559039255, 0.03175560245201445, 0.03004723143402633, 0.03195658727766011, 0.030549693498140483, 0.0299467390212035, 0.028539845241683872, 0.030549693498140483, 0.03014772384684916, 0.028841322480152365, 0.02823836800321538, 0.021605868756908564, 0.025625565269821786, 0.01899306602351497, 0.01899306602351497, 0.01738518741834968, 0.014470907446487597, 0.013767460556727784, 0.014068937795196275, 0.012260074364385325, 0.010953672997688528, 0.00934579439252324, 0.006331022007838324, 0.007235453723243798, 0.00562757511807851, 0.004823635815495866, 0.004019696512913221, 1.0049241282283053e-16],