{"n_items": 400, "weights": [9.999999999999767e-17, 9.999999999999767e-05, 9.999999999999767e-17, 9.999999999999767e-17, 9.999999999999767e-17, 9.999999999999767e-17, 9.999999999999767e-17, 9.999999999999767e-17, 9.999999999999767e-17, 9.999999999999767e-17, 0.00019999999999999535, 9.999999999999767e-05, 9.999999999999767e-05, 0.00019999999999999535, 0.0004999999999999884, 9.999999999999767e-05, 0.00019999999999999535, 0.00019999999999999535, 0.0007999999999999814, 0.0003999999999999907, 0.000899999999999979, 0.0005999999999999861, 0.0013999999999999675, 0.0010999999999999745, 0.0013999999999999675, 0.0015999999999999628, 0.002199999999999949, 0.0028999999999999326, 0.0037999999999999115, 0.0047999999999998886, 0.0050999999999998815, 0.004599999999999893, 0.004399999999999898, 0.006499999999999849, 0.006099999999999858, 0.006099999999999858, 0.009799999999999772, 0.008499999999999803, 0.009299999999999784, 0.009999999999999768, 0.010099999999999765, 0.011099999999999742, 0.013199999999999693, 0.014899999999999653, 0.011799999999999726, 0.015399999999999641, 0.015599999999999637, 0.015799999999999634, 0.015099999999999648, 0.01499999999999965, 0.018799999999999564, 0.015199999999999646, 0.016099999999999625, 0.01589999999999963, 0.014899999999999653, 0.01459999999999966, 0.014099999999999672, 0.01329999999999969, 0.01329999999999969, 0.013799999999999679, 0.013399999999999688, 0.012199999999999716, 0.01029999999999976, 0.009799999999999772, 0.00819999999999981, 0.008399999999999805, 0.006799999999999842, 0.006399999999999851, 0.004899999999999886, 0.004699999999999891, 0.0032999999999999232, 0.0042999999999999, 0.004399999999999898, 0.003899999999999909, 0.0025999999999999396, 0.0025999999999999396, 0.0031999999999999256, 0.0018999999999999558, 0.0011999999999999721, 0.00019999999999999535, 0.0010999999999999745, 0.0009999999999999768, 0.0005999999999999861, 0.0005999999999999861, 0.0004999999999999884, 9.999999999999767e-05, 0.00019999999999999535, 9.999999999999767e-05, 0.0003999999999999907, 9.999999999999767e-05, 9.999999999999767e-05, 0.00019999999999999535, 9.999999999999767e-05, 9.999999999999767e-17, 9.999999999999767e-17, 9.999999999999767e-17, 9.999999999999767e-17, 9.999999999999767e-17, 9.999999999999767e-17, 0.00019999999999999535, 9.999999999999767e-17, 9.999999999999767e-17, 9.999999999999767e-17, 9.999999999999767e-17, 9.999999999999767e-17, 9.999999999999767e-17, 9.999999999999767e-17, 9.999999999999767e-17, 9.999999999999767e-17, 9.999999999999767e-17, 9.999999999999767e-17, 9.999999999999767e-17, 9.999999999999767e-17, 9.999999999999767e-17, 9.999999999999767e-17, 9.999999999999767e-17, 9.999999999999767e-17, 9.999999999999767e-17, 9.999999999999767e-17, 9.999999999999767e-17, 9.999999999999767e-17, 9.999999999999767e-17, 9.999999999999767e-17, 9.999999999999767e-17, 9.999999999999767e-17, 9.999999999999767e-17, 9.999999999999767e-17, 9.999999999999767e-17, 9.999999999999767e-17, 9.999999999999767e-17, 9.999999999999767e-17, 9.999999999999767e-17, 9.999999999999767e-17, 9.999999999999767e-17, 9.999999999999767e-17, 9.999999999999767e-17, 9.999999999999767e-17, 9.999999999999767e-17, 9.999999999999767e-17, 9.999999999999767e-17, 9.999999999999767e-17, 9.999999999999767e-17, 9.999999999999767e-17, 9.999999999999767e-17, 9.999999999999767e-17, 9.999999999999767e-17, 9.999999999999767e-17, 9.999999999999767e-17, 9.999999999999767e-17, 9.999999999999767e-17, 9.999999999999767e-17, 9.999999999999767e-17, 9.999999999999767e-17, 9.999999999999767e-17, 9.999999999999767e-17, 9.999999999999767e-17, 9.999999999999767e-17, 9.999999999999767e-17, 9.999999999999767e-17, 9.999999999999767e-17, 9.999999999999767e-17, 9.999999999999767e-17, 9.999999999999767e-17, 9.999999999999767e-17, 9.999999999999767e-17, 9.999999999999767e-17, 9.999999999999767e-17, 9.999999999999767e-17, 9.999999999999767e-17, 9.999999999999767e-17, 9.999999999999767e-17, 9.999999999999767e-17, 9.999999999999767e-17, 9.999999999999767e-17, 9.999999999999767e-17, 9.999999999999767e-17, 9.999999999999767e-17, 9.999999999999767e-17, 9.999999999999767e-17, 9.999999999999767e-17, 9.999999999999767e-17, 9.999999999999767e-17, 9.999999999999767e-17, 9.999999999999767e-17, 9.999999999999767e-17, 9.999999999999767e-17, 9.999999999999767e-17, 9.999999999999767e-17, 9.999999999999767e-17, 9.999999999999767e-17, 9.999999999999767e-17, 9.999999999999767e-17, 9.999999999999767e-17, 9.999999999999767e-17, 9.999999999999767e-17, 9.999999999999767e-17, 9.999999999999767e-05, 9.999999999999767e-17, 9.999999999999767e-05, 9.999999999999767e-17, 9.999999999999767e-17, 9.999999999999767e-05, 9.999999999999767e-17, 0.00019999999999999535, 0.00019999999999999535, 0.00019999999999999535, 0.0005999999999999861, 0.0004999999999999884, 0.0005999999999999861, 0.0006999999999999837, 0.000899999999999979, 0.0005999999999999861, 0.000899999999999979, 0.0015999999999999628, 0.0025999999999999396, 0.0019999999999999536, 0.0016999999999999604, 0.0026999999999999373, 0.0031999999999999256, 0.003099999999999928, 0.004899999999999886, 0.0047999999999998886, 0.004499999999999896, 0.005799999999999865, 0.006199999999999856, 0.008299999999999808, 0.010199999999999763, 0.009299999999999784, 0.010599999999999754, 0.010999999999999744, 0.011099999999999742, 0.011699999999999728, 0.012599999999999707, 0.01249999999999971, 0.014499999999999662, 0.01639999999999962, 0.014699999999999658, 0.014899999999999653, 0.014899999999999653, 0.015099999999999648, 0.015199999999999646, 0.014799999999999655, 0.016199999999999624, 0.01599999999999963, 0.014499999999999662, 0.014699999999999658, 0.01459999999999966, 0.013599999999999684, 0.0128999999999997, 0.010199999999999763, 0.013399999999999688, 0.011399999999999735, 0.01119999999999974, 0.010999999999999744, 0.009099999999999789, 0.007999999999999815, 0.0062999999999998535, 0.007199999999999832, 0.007199999999999832, 0.0047999999999998886, 0.003899999999999909, 0.004099999999999905, 0.0029999999999999302, 0.004099999999999905, 0.0022999999999999466, 0.0025999999999999396, 0.0026999999999999373, 0.0015999999999999628, 0.0010999999999999745, 0.0010999999999999745, 0.0009999999999999768, 0.000899999999999979, 0.0003999999999999907, 0.0003999999999999907, 0.0003999999999999907, 0.0004999999999999884, 9.999999999999767e-05, 9.999999999999767e-05, 9.999999999999767e-05, 9.999999999999767e-17, 0.00019999999999999535, 9.999999999999767e-05, 9.999999999999767e-05, 9.999999999999767e-17, 0.00029999999999999303, 9.999999999999767e-17, 9.999999999999767e-17, 9.999999999999767e-17, 9.999999999999767e-17, 9.999999999999767e-17, 9.999999999999767e-17, 9.999999999999767e-17, 9.999999999999767e-17, 9.999999999999767e-17, 9.999999999999767e-17, 9.999999999999767e-17, 9.999999999999767e-17, 9.999999999999767e-17, 9.999999999999767e-17, 9.999999999999767e-17, 9.999999999999767e-17, 9.999999999999767e-17, 9.999999999999767e-17, 9.999999999999767e-17, 9.999999999999767e-17, 9.999999999999767e-17, 9.999999999999767e-17, 9.999999999999767e-17, 9.999999999999767e-17, 9.999999999999767e-17, 9.999999999999767e-17, 9.999999999999767e-17, 9.999999999999767e-17, 9.999999999999767e-17, 9.999999999999767e-17, 9.999999999999767e-17, 9.999999999999767e-17, 9.999999999999767e-17, 9.999999999999767e-17, 9.999999999999767e-17, 9.999999999999767e-17, 9.999999999999767e-17, 9.999999999999767e-17, 9.999999999999767e-17, 9.999999999999767e-17, 9.999999999999767e-17, 9.999999999999767e-17, 9.999999999999767e-17, 9.999999999999767e-17, 9.999999999999767e-17, 9.999999999999767e-17, 9.999999999999767e-17, 9.999999999999767e-17, 9.999999999999767e-17, 9.999999999999767e-17, 9.999999999999767e-17, 9.999999999999767e-17, 9.999999999999767e-17, 9.999999999999767e-17, 9.999999999999767e-17, 9.999999999999767e-17, 9.999999999999767e-17, 9.999999999999767e-17, 9.999999999999767e-17, 9.999999999999767e-17, 9.999999999999767e-17, 9.999999999999767e-17, 9.999999999999767e-17, 9.999999999999767e-17, 9.999999999999767e-17, 