{"n_items": 400, "weights": [0.007799999999999838, 0.008999999999999814, 0.009199999999999809, 0.010899999999999774, 0.008299999999999828, 0.008599999999999821, 0.008799999999999818, 0.009899999999999794, 0.009799999999999797, 0.010199999999999789, 0.010799999999999777, 0.009999999999999792, 0.008899999999999816, 0.010199999999999789, 0.009199999999999809, 0.010699999999999777, 0.010699999999999777, 0.009999999999999792, 0.008899999999999816, 0.01109999999999977, 0.010299999999999787, 0.011399999999999763, 0.01009999999999979, 0.009299999999999807, 0.012399999999999743, 0.009499999999999804, 0.012599999999999738, 0.010299999999999787, 0.011199999999999767, 0.010999999999999772, 0.009999999999999792, 0.010499999999999782, 0.01199999999999975, 0.01159999999999976, 0.009999999999999792, 0.01249999999999974, 0.008999999999999814, 0.01059999999999978, 0.010499999999999782, 0.01199999999999975, 0.011399999999999763, 0.009999999999999792, 0.011499999999999762, 0.010299999999999787, 0.01199999999999975, 0.011799999999999755, 0.01059999999999978, 0.010899999999999774, 0.010399999999999784, 0.010799999999999777, 0.011499999999999762, 0.008399999999999826, 0.009699999999999799, 0.009199999999999809, 0.008999999999999814, 0.008699999999999819, 0.009299999999999807, 0.00819999999999983, 0.010699999999999777, 0.008099999999999831, 0.01009999999999979, 0.009799999999999797, 0.006499999999999865, 0.007999999999999834, 0.008099999999999831, 0.008599999999999821, 0.009899999999999794, 0.008999999999999814, 0.009299999999999807, 0.009999999999999792, 0.007399999999999847, 0.006599999999999863, 0.007999999999999834, 0.007099999999999853, 0.007599999999999842, 0.007899999999999836, 0.008999999999999814, 0.0074999999999998445, 0.007599999999999842, 0.007399999999999847, 0.006499999999999865, 0.0074999999999998445, 0.005599999999999884, 0.007199999999999851, 0.006499999999999865, 0.005599999999999884, 0.006499999999999865, 0.00529999999999989, 0.006399999999999868, 0.0066999999999998614, 0.004999999999999896, 0.0058999999999998776, 0.004699999999999902, 0.004199999999999913, 0.003799999999999921, 0.003899999999999919, 0.0045999999999999045, 0.004499999999999907, 0.0030999999999999357, 0.003499999999999927, 0.00529999999999989, 0.003799999999999921, 0.004299999999999911, 0.003899999999999919, 0.0030999999999999357, 0.002599999999999946, 0.004199999999999913, 0.0035999999999999253, 0.002799999999999942, 0.002499999999999948, 0.003199999999999934, 0.003799999999999921, 0.002599999999999946, 0.002599999999999946, 0.003799999999999921, 0.0022999999999999523, 0.0030999999999999357, 0.0018999999999999605, 0.0022999999999999523, 0.001599999999999967, 0.002799999999999942, 0.00289999999999994, 0.002599999999999946, 0.0016999999999999648, 0.002599999999999946, 0.0021999999999999546, 0.0016999999999999648, 0.0014999999999999688, 0.001399999999999971, 0.0011999999999999752, 0.0010999999999999773, 0.001599999999999967, 0.0009999999999999792, 0.0009999999999999792, 0.0014999999999999688, 0.0007999999999999835, 0.001399999999999971, 0.0008999999999999813, 0.001399999999999971, 0.0011999999999999752, 0.0005999999999999876, 0.0007999999999999835, 0.0008999999999999813, 0.0003999999999999917, 0.0007999999999999835, 0.0003999999999999917, 0.0008999999999999813, 0.0005999999999999876, 0.0004999999999999896, 0.0007999999999999835, 0.0007999999999999835, 0.0007999999999999835, 0.0005999999999999876, 0.0004999999999999896, 0.0009999999999999792, 0.0011999999999999752, 0.0005999999999999876, 0.0004999999999999896, 0.0005999999999999876, 0.0005999999999999876, 0.00019999999999999586, 9.999999999999793e-17, 9.999999999999793e-05, 9.999999999999793e-17, 9.999999999999793e-05, 0.0002999999999999938, 0.00019999999999999586, 0.0002999999999999938, 0.0003999999999999917, 9.999999999999793e-05, 0.0002999999999999938, 9.999999999999793e-05, 9.999999999999793e-05, 0.00019999999999999586, 0.0002999999999999938, 9.999999999999793e-05, 9.999999999999793e-17, 0.0003999999999999917, 9.999999999999793e-17, 9.999999999999793e-05, 9.999999999999793e-17, 9.999999999999793e-05, 9.999999999999793e-05, 0.00019999999999999586, 9.999999999999793e-17, 9.999999999999793e-05, 9.999999999999793e-17, 0.0002999999999999938, 9.999999999999793e-05, 9.999999999999793e-05, 9.999999999999793e-17, 9.999999999999793e-05, 9.999999999999793e-17, 9.999999999999793e-17, 9.999999999999793e-17, 9.999999999999793e-17, 9.999999999999793e-17, 9.999999999999793e-05, 9.999999999999793e-17, 0.00019999999999999586, 0.00019999999999999586, 9.999999999999793e-17, 9.999999999999793e-17, 9.999999999999793e-17, 9.999999999999793e-05, 9.999999999999793e-17, 9.999999999999793e-17, 9.999999999999793e-05, 9.999999999999793e-17, 9.999999999999793e-05, 9.999999999999793e-17, 9.999999999999793e-05, 9.999999999999793e-05, 9.999999999999793e-17, 9.999999999999793e-05, 9.999999999999793e-17, 9.999999999999793e-17, 9.999999999999793e-17, 9.999999999999793e-17, 9.999999999999793e-17, 9.999999999999793e-17, 9.999999999999793e-17, 9.999999999999793e-17, 9.999999999999793e-17, 9.999999999999793e-17, 9.999999999999793e-17, 9.999999999999793e-17, 9.999999999999793e-17, 9.999999999999793e-17, 9.999999999999793e-17, 9.999999999999793e-17, 9.999999999999793e-05, 9.999999999999793e-17, 9.999999999999793e-17, 9.999999999999793e-17, 9.999999999999793e-17, 9.999999999999793e-17, 9.999999999999793e-17, 9.999999999999793e-17, 9.999999999999793e-17, 9.999999999999793e-17, 9.999999999999793e-17, 9.999999999999793e-17, 9.999999999999793e-17, 9.999999999999793e-17, 9.999999999999793e-17, 9.999999999999793e-17, 9.999999999999793e-17, 9.999999999999793e-17, 9.999999999999793e-17, 9.999999999999793e-17, 9.999999999999793e-17, 9.999999999999793e-17, 9.999999999999793e-17, 9.999999999999793e-17, 9.999999999999793e-17, 9.999999999999793e-17, 9.999999999999793e-17, 9.999999999999793e-17, 9.999999999999793e-17, 9.999999999999793e-17, 9.999999999999793e-17, 9.999999999999793e-17, 9.999999999999793e-17, 9.999999999999793e-17, 9.999999999999793e-17, 9.999999999999793e-17, 9.999999999999793e-17, 9.999999999999793e-17, 9.999999999999793e-17, 9.999999999999793e-17, 9.999999999999793e-17, 9.999999999999793e-17, 9.999999999999793e-17, 9.999999999999793e-17, 9.999999999999793e-17, 9.999999999999793e-17, 9.999999999999793e-17, 9.999999999999793e-17, 9.999999999999793e-17, 9.999999999999793e-17, 9.999999999999793e-17, 9.999999999999793e-17, 9.999999999999793e-17, 9.999999999999793e-17, 9.999999999999793e-17, 9.999999999999793e-17, 9.999999999999793e-17, 9.999999999999793e-17, 9.999999999999793e-17, 9.999999999999793e-17, 9.999999999999793e-17, 9.999999999999793e-17, 9.999999999999793e-17, 9.999999999999793e-17, 9.999999999999793e-17, 9.999999999999793e-17, 9.999999999999793e-17, 9.999999999999793e-17, 9.999999999999793e-17, 9.999999999999793e-17, 9.999999999999793e-17, 9.999999999999793e-17, 9.999999999999793e-17, 9.999999999999793e-17, 9.999999999999793e-17, 9.999999999999793e-17, 9.999999999999793e-17, 9.999999999999793e-17, 9.999999999999793e-17, 9.999999999999793e-17, 9.999999999999793e-17, 9.999999999999793e-17, 9.999999999999793e-17, 9.999999999999793e-17, 9.999999999999793e-17, 9.999999999999793e-17, 9.999999999999793e-17, 9.999999999999793e-17, 9.999999999999793e-17, 9.999999999999793e-17, 9.999999999999793e-17, 9.999999999999793e-17, 9.999999999999793e-17, 9.999999999999793e-17, 9.999999999999793e-17, 9.999999999999793e-17, 9.999999999999793e-17, 9.999999999999793e-17, 9.999999999999793e-17, 9.999999999999793e-17, 9.999999999999793e-17, 9.999999999999793e-17, 9.999999999999793e-17, 9.999999999999793e-17, 9.999999999999793e-17, 9.999999999999793e-17, 9.999999999999793e-17, 9.999999999999793e-17, 9.999999999999793e-17, 9.999999999999793e-17, 9.999999999999793e-17, 9.999999999999793e-17, 9.999999999999793e-17, 9.999999999999793e-17, 9.999999999999793e-17, 9.999999999999793e-17, 9.999999999999793e-17, 9.999999999999793e-17, 9.999999999999793e-17, 9.999999999999793e-17, 9.999999999999793e-17,