{"n_items": 600, "weights": [9.99999999999984e-17, 9.99999999999984e-17, 9.99999999999984e-17, 9.99999999999984e-17, 9.99999999999984e-17, 9.99999999999984e-17, 9.99999999999984e-17, 9.99999999999984e-17, 9.99999999999984e-17, 9.99999999999984e-17, 9.99999999999984e-17, 9.99999999999984e-17, 9.99999999999984e-17, 9.99999999999984e-17, 9.99999999999984e-17, 9.99999999999984e-17, 9.99999999999984e-17, 9.99999999999984e-17, 9.99999999999984e-17, 9.99999999999984e-05, 9.99999999999984e-05, 9.99999999999984e-17, 9.99999999999984e-17, 9.99999999999984e-17, 9.99999999999984e-17, 9.99999999999984e-17, 9.99999999999984e-17, 9.99999999999984e-17, 9.99999999999984e-17, 0.0001999999999999968, 9.99999999999984e-05, 9.99999999999984e-17, 9.99999999999984e-05, 9.99999999999984e-05, 9.99999999999984e-05, 9.99999999999984e-05, 9.99999999999984e-05, 9.99999999999984e-05, 9.99999999999984e-05, 0.0002999999999999952, 0.0001999999999999968, 9.99999999999984e-17, 0.0003999999999999936, 9.99999999999984e-05, 0.0003999999999999936, 0.0001999999999999968, 0.000499999999999992, 0.0005999999999999904, 0.0001999999999999968, 0.000499999999999992, 0.0005999999999999904, 0.0005999999999999904, 0.0002999999999999952, 0.0007999999999999872, 0.0003999999999999936, 0.000999999999999984, 0.0001999999999999968, 0.000499999999999992, 0.0006999999999999888, 0.000499999999999992, 0.0008999999999999856, 0.0007999999999999872, 0.000999999999999984, 0.0001999999999999968, 0.0006999999999999888, 0.0007999999999999872, 0.0003999999999999936, 0.0008999999999999856, 0.0012999999999999791, 0.0010999999999999823, 0.000999999999999984, 0.0006999999999999888, 0.0016999999999999728, 0.0010999999999999823, 0.0006999999999999888, 0.0018999999999999696, 0.001499999999999976, 0.0010999999999999823, 0.0016999999999999728, 0.001499999999999976, 0.0023999999999999616, 0.001999999999999968, 0.0020999999999999665, 0.0017999999999999711, 0.0011999999999999808, 0.0025999999999999582, 0.0021999999999999646, 0.00249999999999996, 0.0030999999999999505, 0.0016999999999999728, 0.001999999999999968, 0.002999999999999952, 0.00249999999999996, 0.00249999999999996, 0.0023999999999999616, 0.0020999999999999665, 0.003499999999999944, 0.0027999999999999553, 0.0026999999999999568, 0.003299999999999947, 0.0030999999999999505, 0.0036999999999999407, 0.002999999999999952, 0.0033999999999999456, 0.0036999999999999407, 0.003999999999999936, 0.0028999999999999534, 0.0038999999999999374, 0.004499999999999928, 0.004499999999999928, 0.004099999999999934, 0.003499999999999944, 0.0030999999999999505, 0.0035999999999999422, 0.004199999999999933, 0.003999999999999936, 0.00499999999999992, 0.004399999999999929, 0.003999999999999936, 0.004799999999999923, 0.004899999999999922, 0.005099999999999918, 0.004399999999999929, 0.0053999999999999135, 0.00499999999999992, 0.0053999999999999135, 0.005499999999999912, 0.005499999999999912, 0.004799999999999923, 0.004899999999999922, 0.005299999999999915, 0.005699999999999909, 0.003999999999999936, 0.006299999999999899, 0.004399999999999929, 0.006099999999999902, 0.006599999999999894, 0.005999999999999904, 0.005899999999999905, 0.004799999999999923, 0.005299999999999915, 0.00499999999999992, 0.0051999999999999165, 0.004399999999999929, 0.006499999999999896, 0.005699999999999909, 0.0051999999999999165, 0.005499999999999912, 0.003999999999999936, 0.004599999999999926, 0.00499999999999992, 0.005499999999999912, 0.004399999999999929, 0.004899999999999922, 0.0051999999999999165, 0.0053999999999999135, 0.003999999999999936, 0.0038999999999999374, 0.004599999999999926, 0.003999999999999936, 0.003499999999999944, 0.003999999999999936, 0.0038999999999999374, 0.004399999999999929, 0.004799999999999923, 0.0038999999999999374, 0.0037999999999999393, 0.003999999999999936, 0.004099999999999934, 0.004099999999999934, 0.004499999999999928, 0.0028999999999999534, 0.0028999999999999534, 0.003299999999999947, 0.0026999999999999568, 0.002999999999999952, 0.0021999999999999646, 0.0038999999999999374, 0.002299999999999963, 0.0033999999999999456, 0.0023999999999999616, 0.0028999999999999534, 0.0021999999999999646, 0.003199999999999949, 0.002999999999999952, 0.0016999999999999728, 0.0026999999999999568, 0.0015999999999999745, 0.0030999999999999505, 0.0027999999999999553, 0.0021999999999999646, 0.0017999999999999711, 0.002299999999999963, 0.0016999999999999728, 0.001999999999999968, 0.0010999999999999823, 0.001499999999999976, 0.0011999999999999808, 0.00249999999999996, 0.0011999999999999808, 0.0011999999999999808, 0.0012999999999999791, 0.0010999999999999823, 0.0006999999999999888, 0.000999999999999984, 0.0010999999999999823, 0.0008999999999999856, 0.0008999999999999856, 0.0006999999999999888, 0.0003999999999999936, 0.0008999999999999856, 0.0010999999999999823, 0.0007999999999999872, 0.0006999999999999888, 0.000499999999999992, 0.0008999999999999856, 0.0002999999999999952, 0.000499999999999992, 0.0003999999999999936, 0.000499999999999992, 0.0002999999999999952, 0.0002999999999999952, 0.0001999999999999968, 0.0006999999999999888, 0.0007999999999999872, 0.0002999999999999952, 0.0003999999999999936, 0.0002999999999999952, 0.0003999999999999936, 0.0005999999999999904, 0.0002999999999999952, 0.0001999999999999968, 9.99999999999984e-05, 0.0001999999999999968, 0.0001999999999999968, 0.0003999999999999936, 0.0001999999999999968, 9.99999999999984e-05, 9.99999999999984e-05, 9.99999999999984e-17, 9.99999999999984e-17, 9.99999999999984e-05, 0.0001999999999999968, 0.0002999999999999952, 9.99999999999984e-05, 9.99999999999984e-17, 9.99999999999984e-05, 9.99999999999984e-17, 0.0002999999999999952, 9.99999999999984e-17, 9.99999999999984e-05, 0.0001999999999999968, 9.99999999999984e-05, 9.99999999999984e-05, 9.99999999999984e-05, 9.99999999999984e-17, 9.99999999999984e-17, 9.99999999999984e-17, 9.99999999999984e-17, 9.99999999999984e-05, 9.99999999999984e-17, 9.99999999999984e-05, 9.99999999999984e-17, 9.99999999999984e-17, 9.99999999999984e-17, 9.99999999999984e-17, 9.99999999999984e-17, 9.99999999999984e-17, 9.99999999999984e-17, 9.99999999999984e-05, 9.99999999999984e-05, 9.99999999999984e-17, 9.99999999999984e-17, 9.99999999999984e-17, 9.99999999999984e-17, 9.99999999999984e-17, 9.99999999999984e-17, 9.99999999999984e-17, 9.99999999999984e-17, 9.99999999999984e-05, 9.99999999999984e-17, 9.99999999999984e-17, 9.99999999999984e-17, 9.99999999999984e-17, 9.99999999999984e-05, 9.99999999999984e-17, 9.99999999999984e-17, 9.99999999999984e-17, 9.99999999999984e-05, 9.99999999999984e-17, 9.99999999999984e-17, 9.99999999999984e-17, 0.0001999999999999968, 9.99999999999984e-17, 9.99999999999984e-17, 9.99999999999984e-17, 9.99999999999984e-05, 9.99999999999984e-05, 0.0001999999999999968, 9.99999999999984e-05, 0.000499999999999992, 9.99999999999984e-17, 0.0002999999999999952, 0.0003999999999999936, 9.99999999999984e-17, 0.0001999999999999968, 0.0002999999999999952, 0.0002999999999999952, 0.0002999999999999952, 0.0001999999999999968, 0.000499999999999992, 0.0001999999999999968, 0.0002999999999999952, 0.0003999999999999936, 0.0006999999999999888, 0.0001999999999999968, 0.000499999999999992, 0.000499999999999992, 0.0005999999999999904, 0.0005999999999999904, 0.0002999999999999952, 0.0005999999999999904, 0.000999999999999984, 0.000499999999999992, 0.0002999999999999952, 0.000499999999999992, 0.0005999999999999904, 0.0007999999999999872, 0.0013999999999999777, 0.000999999999999984, 0.0007999999999999872, 0.0003999999999999936, 0.0012999999999999791, 0.0013999999999999777, 0.0006999999999999888, 0.0010999999999999823, 0.0013999999999999777, 0.0011999999999999808, 0.0013999999999999777, 0.001499999999999976, 0.0002999999999999952, 0.001499999999999976, 0.00249999999999996, 0.0010999999999999823, 0.0017999999999999711, 0.0011999999999999808, 0.001999999999999968, 0.0018999999999999696, 0.0017999999999999711, 0.0021999999999999646, 0.0021999999999999646, 0.0020999999999999665, 0.0030999999999999505, 0.001499999999999976, 0.001999999999999968, 