{"n_items": 400, "weights": [9.999999999999763e-17, 9.999999999999763e-17, 9.999999999999763e-17, 9.999999999999763e-17, 9.999999999999763e-17, 9.999999999999763e-17, 9.999999999999763e-17, 9.999999999999763e-17, 9.999999999999763e-17, 9.999999999999763e-17, 9.999999999999763e-17, 9.999999999999763e-17, 9.999999999999763e-17, 9.999999999999763e-17, 9.999999999999763e-17, 9.999999999999763e-17, 9.999999999999763e-17, 9.999999999999763e-17, 9.999999999999763e-17, 9.999999999999763e-17, 9.999999999999763e-17, 9.999999999999763e-17, 9.999999999999763e-17, 9.999999999999763e-17, 9.999999999999763e-17, 9.999999999999763e-17, 9.999999999999763e-17, 9.999999999999763e-17, 9.999999999999763e-17, 9.999999999999763e-17, 9.999999999999763e-17, 9.999999999999763e-17, 9.999999999999763e-17, 9.999999999999763e-17, 9.999999999999763e-17, 9.999999999999763e-17, 9.999999999999763e-17, 9.999999999999763e-17, 9.999999999999763e-17, 9.999999999999763e-17, 9.999999999999763e-17, 9.999999999999763e-17, 9.999999999999763e-17, 9.999999999999763e-17, 9.999999999999763e-17, 9.999999999999763e-17, 9.999999999999763e-17, 9.999999999999763e-17, 9.999999999999763e-17, 9.999999999999763e-17, 9.999999999999763e-17, 9.999999999999763e-17, 9.999999999999763e-17, 9.999999999999763e-17, 9.999999999999763e-17, 9.999999999999763e-17, 9.999999999999763e-17, 9.999999999999763e-17, 9.999999999999763e-17, 9.999999999999763e-17, 9.999999999999763e-17, 9.999999999999763e-17, 9.999999999999763e-17, 9.999999999999763e-17, 9.999999999999763e-17, 9.999999999999763e-17, 9.999999999999763e-17, 9.999999999999763e-17, 9.999999999999763e-17, 9.999999999999763e-17, 9.999999999999763e-17, 9.999999999999763e-17, 9.999999999999763e-17, 9.999999999999763e-17, 9.999999999999763e-17, 9.999999999999763e-17, 9.999999999999763e-17, 9.999999999999763e-17, 9.999999999999763e-17, 9.999999999999763e-17, 9.999999999999763e-17, 9.999999999999763e-17, 9.999999999999763e-17, 9.999999999999763e-17, 9.999999999999763e-17, 9.999999999999763e-17, 9.999999999999763e-17, 9.999999999999763e-17, 9.999999999999763e-17, 9.999999999999763e-17, 9.999999999999763e-17, 9.999999999999763e-17, 9.999999999999763e-17, 9.999999999999763e-17, 9.999999999999763e-17, 9.999999999999763e-17, 9.999999999999763e-17, 9.999999999999763e-17, 9.999999999999763e-17, 9.999999999999763e-17, 9.999999999999763e-17, 9.999999999999763e-17, 9.999999999999763e-17, 9.999999999999763e-17, 9.999999999999763e-17, 9.999999999999763e-17, 9.999999999999763e-17, 9.999999999999763e-17, 9.999999999999763e-17, 9.999999999999763e-17, 9.999999999999763e-17, 9.999999999999763e-17, 9.999999999999763e-17, 9.999999999999763e-17, 9.999999999999763e-17, 9.999999999999763e-17, 9.999999999999763e-17, 9.999999999999763e-17, 9.999999999999763e-17, 9.999999999999763e-17, 9.999999999999763e-17, 9.999999999999763e-17, 9.999999999999763e-17, 9.999999999999763e-17, 9.999999999999763e-17, 9.999999999999763e-17, 9.999999999999763e-17, 9.999999999999763e-17, 9.999999999999763e-17, 9.999999999999763e-17, 9.999999999999763e-17, 9.999999999999763e-17, 9.999999999999763e-17, 9.999999999999763e-17, 9.999999999999763e-17, 9.999999999999763e-17, 9.999999999999763e-17, 9.999999999999763e-17, 9.999999999999763e-17, 9.999999999999763e-17, 9.999999999999763e-17, 9.999999999999763e-17, 9.999999999999763e-17, 9.999999999999763e-17, 9.999999999999763e-17, 9.999999999999763e-17, 9.999999999999763e-17, 9.999999999999763e-17, 9.999999999999763e-17, 9.999999999999763e-05, 9.999999999999763e-17, 9.999999999999763e-05, 9.999999999999763e-17, 9.999999999999763e-17, 9.999999999999763e-05, 9.999999999999763e-05, 0.0002999999999999929, 0.00019999999999999527, 9.999999999999763e-17, 0.0002999999999999929, 0.0006999999999999834, 0.0002999999999999929, 0.0002999999999999929, 0.0006999999999999834, 0.00039999999999999053, 0.0005999999999999859, 0.001099999999999974, 0.0012999999999999694, 0.0018999999999999551, 0.0016999999999999598, 0.0022999999999999458, 0.0033999999999999196, 0.0027999999999999336, 0.002999999999999929, 0.0031999999999999243, 0.004399999999999896, 0.004099999999999903, 0.0060999999999998555, 0.0066999999999998415, 0.007099999999999832, 0.007099999999999832, 0.007399999999999825, 0.009499999999999776, 0.008199999999999806, 0.00929999999999978, 0.011999999999999716, 0.012299999999999709, 0.010099999999999762, 0.015899999999999623, 0.018399999999999566, 0.015499999999999634, 0.015999999999999622, 0.015699999999999627, 0.013899999999999671, 0.01439999999999966, 0.017599999999999585, 0.014699999999999653, 0.014099999999999667, 0.019399999999999543, 0.014599999999999655, 0.012899999999999695, 0.01439999999999966, 0.015199999999999641, 0.012799999999999697, 0.011099999999999737, 0.013799999999999674, 0.010299999999999757, 0.009699999999999771, 0.008699999999999795, 0.007999999999999811, 0.007699999999999818, 0.007699999999999818, 0.006899999999999837, 0.005999999999999858, 0.00509999999999988, 0.005399999999999872, 0.003599999999999915, 0.0030999999999999266, 0.0031999999999999243, 0.002699999999999936, 0.002499999999999941, 0.0018999999999999551, 0.0016999999999999598, 0.0011999999999999717, 0.0006999999999999834, 0.00039999999999999053, 0.0005999999999999859, 0.0005999999999999859, 0.00019999999999999527, 0.00019999999999999527, 0.0002999999999999929, 0.00039999999999999053, 0.00039999999999999053, 0.0002999999999999929, 9.999999999999763e-17, 0.00039999999999999053, 9.999999999999763e-05, 9.999999999999763e-05, 9.999999999999763e-05, 9.999999999999763e-17, 9.999999999999763e-17, 0.00019999999999999527, 9.999999999999763e-17, 9.999999999999763e-17, 9.999999999999763e-17, 9.999999999999763e-17, 9.999999999999763e-17, 9.999999999999763e-17, 9.999999999999763e-17, 9.999999999999763e-17, 9.999999999999763e-17, 9.999999999999763e-17, 9.999999999999763e-17, 9.999999999999763e-17, 9.999999999999763e-17, 9.999999999999763e-17, 9.999999999999763e-17, 9.999999999999763e-17, 9.999999999999763e-17, 9.999999999999763e-17, 9.999999999999763e-17, 9.999999999999763e-17, 9.999999999999763e-17, 9.999999999999763e-17, 9.999999999999763e-17, 9.999999999999763e-17, 9.999999999999763e-17, 9.999999999999763e-17, 9.999999999999763e-17, 9.999999999999763e-17, 9.999999999999763e-17, 9.999999999999763e-17, 9.999999999999763e-17, 9.999999999999763e-17, 9.999999999999763e-05, 9.999999999999763e-17, 9.999999999999763e-17, 9.999999999999763e-17, 9.999999999999763e-17, 9.999999999999763e-17, 9.999999999999763e-17, 9.999999999999763e-17, 9.999999999999763e-17, 0.00019999999999999527, 9.999999999999763e-17, 0.00019999999999999527, 0.0002999999999999929, 0.0004999999999999882, 0.00039999999999999053, 0.0007999999999999811, 0.0009999999999999764, 0.0009999999999999764, 0.0008999999999999787, 0.0011999999999999717, 0.0016999999999999598, 0.0011999999999999717, 0.0012999999999999694, 0.0015999999999999621, 0.002499999999999941, 0.003599999999999915, 0.003299999999999922, 0.003899999999999908, 0.005399999999999872, 0.0048999999999998845, 0.0060999999999998555, 0.004399999999999896, 0.007699999999999818, 0.006499999999999846, 0.008799999999999792, 0.0084999999999998, 0.009799999999999769, 0.011499999999999727, 0.011299999999999732, 0.010899999999999741, 0.012999999999999692, 0.013299999999999685, 0.014999999999999646, 0.014999999999999646, 0.015199999999999641, 0.014899999999999648, 0.015899999999999623, 0.016399999999999613, 0.014199999999999664, 0.014099999999999667, 0.013599999999999678, 0.015699999999999627, 0.016299999999999613, 0.014999999999999646, 0.01479999999999965, 0.016199999999999617, 0.011299999999999732, 0.0126999999999997, 0.012499999999999704, 0.011499999999999727, 0.01139999999999973, 0.008699999999999795, 0.007899999999999813, 0.008599999999999797, 0.0069999999999998345, 0.006499999999999846, 0.00589999999999986, 0.005599999999999867, 0.0042999999999998985, 0.003599999999999915, 0.0039999999999999055, 0.0030999999999999266, 0.0025999999999999387, 0.0018999999999999551, 0.0022999999999999458, 0.0015999999999999621, 