{"n_items": 600, "weights": [0.0004999999999999898, 0.0005999999999999878, 0.00039999999999999183, 0.0008999999999999817, 9.999999999999796e-05, 0.00019999999999999592, 0.0008999999999999817, 0.0005999999999999878, 0.0006999999999999858, 0.0005999999999999878, 0.0004999999999999898, 0.0002999999999999939, 0.0005999999999999878, 0.00039999999999999183, 0.0004999999999999898, 0.0008999999999999817, 0.0004999999999999898, 0.0008999999999999817, 0.0004999999999999898, 0.0007999999999999837, 0.0006999999999999858, 0.0007999999999999837, 0.0008999999999999817, 0.0013999999999999716, 0.0016999999999999654, 0.0007999999999999837, 0.0002999999999999939, 0.0005999999999999878, 0.0012999999999999735, 0.0006999999999999858, 0.0006999999999999858, 0.0006999999999999858, 0.0011999999999999756, 0.0006999999999999858, 0.0010999999999999775, 0.0010999999999999775, 0.0013999999999999716, 0.0010999999999999775, 0.0007999999999999837, 0.0015999999999999673, 0.0017999999999999633, 0.0011999999999999756, 0.0011999999999999756, 0.0008999999999999817, 0.0012999999999999735, 0.0019999999999999593, 0.0008999999999999817, 0.0013999999999999716, 0.0019999999999999593, 0.0014999999999999695, 0.0009999999999999796, 0.0014999999999999695, 0.0017999999999999633, 0.0016999999999999654, 0.0014999999999999695, 0.0007999999999999837, 0.0020999999999999574, 0.0023999999999999512, 0.002199999999999955, 0.0019999999999999593, 0.0017999999999999633, 0.0019999999999999593, 0.0017999999999999633, 0.0019999999999999593, 0.0016999999999999654, 0.002299999999999953, 0.002299999999999953, 0.0019999999999999593, 0.0020999999999999574, 0.0015999999999999673, 0.0020999999999999574, 0.002899999999999941, 0.0016999999999999654, 0.0020999999999999574, 0.0018999999999999614, 0.002299999999999953, 0.002799999999999943, 0.002199999999999955, 0.002899999999999941, 0.0023999999999999512, 0.0023999999999999512, 0.0019999999999999593, 0.0038999999999999205, 0.0023999999999999512, 0.002999999999999939, 0.002799999999999943, 0.002899999999999941, 0.002699999999999945, 0.002599999999999947, 0.002799999999999943, 0.0036999999999999247, 0.0032999999999999328, 0.002899999999999941, 0.0035999999999999266, 0.002899999999999941, 0.003099999999999937, 0.004099999999999916, 0.0034999999999999285, 0.002699999999999945, 0.003399999999999931, 0.002899999999999941, 0.0032999999999999328, 0.0036999999999999247, 0.0032999999999999328, 0.0048999999999999, 0.004299999999999912, 0.002799999999999943, 0.0031999999999999347, 0.0036999999999999247, 0.0039999999999999186, 0.004099999999999916, 0.004099999999999916, 0.003799999999999923, 0.004099999999999916, 0.0048999999999999, 0.0039999999999999186, 0.0048999999999999, 0.005799999999999882, 0.004599999999999906, 0.0047999999999999024, 0.0035999999999999266, 0.004999999999999898, 0.004099999999999916, 0.005199999999999894, 0.004599999999999906, 0.004199999999999915, 0.004499999999999909, 0.005299999999999892, 0.0047999999999999024, 0.003799999999999923, 0.005699999999999884, 0.004499999999999909, 0.004199999999999915, 0.004999999999999898, 0.0047999999999999024, 0.0047999999999999024, 0.005199999999999894, 0.0047999999999999024, 0.004999999999999898, 0.005999999999999878, 0.004099999999999916, 0.00539999999999989, 0.005999999999999878, 0.005699999999999884, 0.004999999999999898, 0.005999999999999878, 0.006399999999999869, 0.004499999999999909, 0.005699999999999884, 0.0039999999999999186, 0.004699999999999904, 0.006299999999999872, 0.005099999999999896, 0.0038999999999999205, 0.005999999999999878, 0.0060999999999998755, 0.005099999999999896, 0.005699999999999884, 0.005699999999999884, 0.006399999999999869, 0.0047999999999999024, 0.004699999999999904, 0.005199999999999894, 0.006299999999999872, 0.005599999999999886, 0.004299999999999912, 0.006699999999999863, 0.0048999999999999, 0.005099999999999896, 0.004699999999999904, 0.004599999999999906, 0.00439999999999991, 0.00439999999999991, 0.005799999999999882, 0.0048999999999999, 0.005199999999999894, 0.0048999999999999, 0.00439999999999991, 0.004699999999999904, 0.004499999999999909, 0.005099999999999896, 0.0047999999999999024, 0.005599999999999886, 0.005499999999999888, 0.0048999999999999, 0.005299999999999892, 0.0065999999999998655, 0.005099999999999896, 0.00539999999999989, 0.004599999999999906, 0.004699999999999904, 0.005599999999999886, 0.005499999999999888, 0.0047999999999999024, 0.005499999999999888, 0.005799999999999882, 0.005299999999999892, 0.0039999999999999186, 0.005299999999999892, 0.0031999999999999347, 0.004699999999999904, 0.00539999999999989, 0.004299999999999912, 0.005699999999999884, 0.0039999999999999186, 0.004599999999999906, 0.004499999999999909, 0.004299999999999912, 0.005299999999999892, 0.0038999999999999205, 0.004499999999999909, 0.0047999999999999024, 0.004999999999999898, 0.004999999999999898, 0.00439999999999991, 0.0038999999999999205, 0.005499999999999888, 0.004199999999999915, 0.0038999999999999205, 0.0035999999999999266, 0.0048999999999999, 0.004199999999999915, 0.0048999999999999, 0.004299999999999912, 0.0038999999999999205, 0.0048999999999999, 0.0038999999999999205, 0.003799999999999923, 0.0038999999999999205, 0.0035999999999999266, 0.00439999999999991, 0.003399999999999931, 0.004099999999999916, 0.0036999999999999247, 0.004599999999999906, 0.004199999999999915, 0.004099999999999916, 0.002899999999999941, 0.0035999999999999266, 0.0035999999999999266, 0.0032999999999999328, 0.00439999999999991, 0.002999999999999939, 0.002999999999999939, 0.0031999999999999347, 0.0038999999999999205, 0.0031999999999999347, 0.004299999999999912, 0.003399999999999931, 0.0031999999999999347, 0.003399999999999931, 0.0032999999999999328, 0.002799999999999943, 0.0020999999999999574, 0.002699999999999945, 0.0020999999999999574, 0.002999999999999939, 0.002899999999999941, 0.002499999999999949, 0.0017999999999999633, 0.0032999999999999328, 0.0023999999999999512, 0.002899999999999941, 0.002499999999999949, 0.002499999999999949, 0.002799999999999943, 0.0015999999999999673, 0.002799999999999943, 0.0031999999999999347, 0.0020999999999999574, 0.0032999999999999328, 0.0016999999999999654, 0.002199999999999955, 0.0015999999999999673, 0.0019999999999999593, 0.0011999999999999756, 0.0014999999999999695, 0.0014999999999999695, 0.0019999999999999593, 0.0015999999999999673, 0.0017999999999999633, 0.0012999999999999735, 0.0014999999999999695, 0.0013999999999999716, 0.0014999999999999695, 0.0010999999999999775, 0.0018999999999999614, 0.0010999999999999775, 0.0012999999999999735, 0.0009999999999999796, 0.0013999999999999716, 0.0010999999999999775, 0.0020999999999999574, 0.0014999999999999695, 0.0015999999999999673, 0.0012999999999999735, 0.0015999999999999673, 0.0011999999999999756, 0.0010999999999999775, 0.0010999999999999775, 0.0010999999999999775, 0.0007999999999999837, 0.0009999999999999796, 0.0004999999999999898, 0.0009999999999999796, 0.00039999999999999183, 0.0008999999999999817, 0.0009999999999999796, 0.0007999999999999837, 0.0004999999999999898, 0.0008999999999999817, 0.0015999999999999673, 0.0015999999999999673, 0.00039999999999999183, 0.0005999999999999878, 0.0007999999999999837, 0.0010999999999999775, 0.00039999999999999183, 0.0008999999999999817, 0.0008999999999999817, 0.0005999999999999878, 0.0006999999999999858, 0.0008999999999999817, 0.0009999999999999796, 0.0005999999999999878, 0.0004999999999999898, 0.0007999999999999837, 0.00019999999999999592, 0.0004999999999999898, 0.0004999999999999898, 0.0002999999999999939, 0.0008999999999999817, 0.00039999999999999183, 0.0002999999999999939, 0.0002999999999999939, 0.00039999999999999183, 0.0005999999999999878, 0.00039999999999999183, 0.0005999999999999878, 0.00039999999999999183, 0.0006999999999999858, 0.0004999999999999898, 0.00039999999999999183, 0.0002999999999999939, 0.0002999999999999939, 0.0004999999999999898, 0.0004999999999999898, 0.0002999999999999939, 9.999999999999796e-05, 0.0002999999999999939, 0.0002999999999999939, 0.00019999999999999592, 0.00039999999999999183, 