{"n_items": 400, "weights": [0.0023485071414018465, 0.00312225580963783, 0.003032165554479349, 0.0025815857749309687, 0.003021791391940534, 0.0015177886551326768, 0.0018368160844616616, 0.0022351851696268557, 0.002930054718517289, 0.001727415579861934, 0.0025282022743227635, 0.0013595722935760804, 0.0028474947014876435, 0.0018476413616226718, 0.002208051863311071, 0.0018609736247077197, 0.002858660583570832, 0.001985909024525984, 0.003083649400678418, 0.0031891257836204044, 0.002681486909558337, 0.0013663292275965114, 0.0026438742083011906, 0.0024165560709874185, 0.00210719866345897, 0.003322570053570932, 0.0027357664400187763, 0.002593523922779888, 0.002358580770085605, 0.00264760586977981, 0.002128519961682896, 0.0019615217912358073, 0.002505119679658063, 0.0026792260709760036, 0.0032582280711203255, 0.0022223295779020056, 0.0021021661007233953, 0.0027179792375082996, 0.0015405418610055467, 0.0025480479955800315, 0.0032975221585502383, 0.002462012855118877, 0.0021795661306921754, 0.002231632743967578, 0.003617961321953162, 0.0018765667817943592, 0.0014450839556108587, 0.002805094574955961, 0.0033823890668446383, 0.0022410475019409206, 0.0011393622752076094, 0.003799408590121115, 0.0025696657612858994, 0.0019903768434114885, 0.0026221472138865344, 0.002439327978405938, 0.0021423074506951066, 0.0028406673581706596, 0.0028386486364087474, 0.0030163590195374686, 0.002408552336519777, 0.0022487905467761327, 0.0005429042453608207, 0.0017408536071440211, 0.0021259319646610925, 0.0024967001406267777, 0.0035362306116093604, 0.0013384347602705955, 0.002472509923291381, 0.0016417211297490508, 0.0035656516379165733, 0.0024622005999180353, 0.0018554788841666182, 0.0023072626055213553, 0.0011551383028916473, 0.002818993968333801, 0.0026976212742864237, 0.0023863684784926316, 0.001965761132276324, 0.002519307132024379, 0.0028251417875301676, 0.0020163248055339172, 0.002638652558165073, 0.0021204525525987455, 0.0029415171585419416, 0.0024543337464066933, 0.0023324210950188148, 0.002729233003882624, 0.003403579173548126, 0.0027588367166362176, 0.002028910056536112, 0.0027872889978086094, 0.0022660574638266465, 0.002872432978433287, 0.0030298631600614405, 0.002233790025914371, 0.0027937799267215516, 0.002605015343715053, 0.0027687659392143667, 0.001636637210847713, 0.003551096979923783, 0.0023921951778005748, 0.0031713668960994847, 0.0021159053418617372, 0.0025309697548405526, 0.0019033037058679308, 0.002465555862041413, 0.002672761578714596, 0.0027143594684395944, 0.0025626517848935807, 0.0025250150822436674, 0.0031369437956039964, 0.00203268932624975, 0.003159087134378983, 0.0020411193143732406, 0.003259948398798226, 0.0026578112091798266, 0.00240924112008063, 0.003081992729377907, 0.002245050169518545, 0.002963986955042342, 0.0022150983277572684, 0.001272959413113753, 0.0014619152301545426, 0.0024758078902872905, 0.0030320110149275473, 0.002847459805417689, 0.0018991543049843812, 0.002376367596301153, 0.0022331113600756063, 0.0026013931338984193, 0.0009941529877855813, 0.0029656709018533317, 0.001520129528127387, 0.002665723005422767, 0.0020838094939788056, 0.0035652869671527754, 0.0022840451954228153, 0.0025050478033117472, 0.003440269474678423, 0.0033731037196719858, 0.0024095973358452235, 0.0025461137129177353, 0.0037036064350965147, 0.002557161955265105, 0.002838775043231068, 0.0019194480529843693, 0.0031976956009690254, 0.0033400933725370526, 0.0018670473272832371, 0.003063202189676057, 0.0017678944629331774, 0.0023814972887565874, 0.002236974088586402, 0.0027340651170832844, 0.0017943903493063127, 0.0028814407447025165, 0.0017319196718485349, 0.00285176580665324, 0.0016088542022602685, 0.0023249259444077593, 0.0027632669796567692, 0.0017316615420317435, 0.002154087353776251, 0.0023419320450772576, 0.002644955914236365, 0.002708643612445989, 0.0033530815439243057, 0.003005499906088547, 0.002199680156848802, 0.0026061552476918473, 0.0028100260060091252, 0.002914309863892783, 0.0025060552128128833, 0.0024583304898461345, 0.002780338313824786, 0.0020555848489272693, 0.002354643787123791, 0.0020581202879435254, 0.0026595723202936525, 0.0025159650480316956, 0.00341501302797197, 0.0026509978901086534, 0.002894775859879701, 0.002709459892943468, 0.0013500424891780887, 0.0024926388531947984, 0.002903846985153262, 0.0029054037153195995, 0.0026500166220070204, 0.002950029537182367, 0.0020227106423239224, 0.0023354692269907463, 0.002172404346834028, 0.002295109459052046, 0.002434307449447684, 0.0025995617978158653, 0.00211883344399097, 0.0017227030480641303, 0.0012525695651972304, 0.0014452808389321815, 0.0024552131468014663, 0.0028049975929917113, 0.0020452327135581975, 0.001548019568527886, 0.002151330677968606, 0.003942334281253622, 0.0037552688572786218, 0.003235541410189807, 0.002508890043204922, 0.0025494884157275808, 0.0017558837562335345, 0.001636391837230174, 0.002797224920654912, 0.0022139820079267133, 0.0035296735743178933, 0.002208036550209243, 0.002729587191981347, 0.003658881177014497, 0.0024500081305261746, 0.0026360094394737945, 0.0020702658463127043, 0.0029810853151990098, 0.002335487573889729, 0.001964196836782497, 0.00372770227226404, 0.002210866334293024, 0.0028681313664675875, 0.00148601132257997, 0.0017516222807631796, 0.002788456554893575, 0.002501592346203513, 0.001601008262321936, 0.001999495274738365, 0.0031766127747002966, 0.002465424003040691, 0.002017732637370418, 0.001959371362242736, 0.002759043648916077, 0.0010521020598413262, 0.003176668168617611, 0.002751811832047365, 0.0023239047695796456, 0.001593310593069899, 0.0029923666291502247, 0.0023412715219608992, 0.002522438152231927, 0.00302417770794378, 0.003581079317599946, 0.002337605835659126, 0.0016891846701834478, 0.0027690356340781, 0.0021665660502255446, 0.0015850310236929365, 0.002488605908840837, 0.003070955260687165, 0.0016947274169962245, 0.0016702123237149103, 0.0021061495999878323, 0.0021572542302884822, 0.0028816188023875868, 0.0013875264813840889, 0.0019439549181281225, 0.003006812996267617, 0.003313591352993166, 0.0032296685338243252, 0.0026236430603746256, 0.0016356391433413006, 0.003768007016816401, 0.0022479328426137997, 0.0017381974066158295, 0.0023738197435891387, 0.0028881156089393682, 0.0027536822011338174, 0.002362305518444065, 0.0030617286924328954, 0.0027640720067779972, 0.0015739346221453978, 0.002531711840907759, 0.00211385579316924, 0.0034371850027554926, 0.0017971165838883193, 0.003509015562983942, 0.0027216247942428865, 0.0022121132719237937, 0.0016401707882658166, 0.0027760781474924006, 0.0022311486255931806, 0.0025012163720279554, 0.0024617193031671834, 0.0019402434044070735, 0.0016247022321089506, 0.0011586577569785343, 0.0033258057807207726, 0.002567480320236313, 0.002260329264646519, 0.002212710801450574, 0.0034237475058553814, 0.002521912161242166, 0.0019229066221726377, 0.002995655475847323, 0.002572550836963043, 0.0029639425949174463, 0.002845657329818366, 0.001997642723279084, 0.002651229459529614, 0.0030907188824832537, 0.002791536219777201, 0.0028527429361604865, 0.003360608683745151, 0.002672099298932499, 0.0038213579564817433, 0.0035845611127170236, 0.002896498655700063, 0.00245168743306418, 0.0025732440284919797, 0.0018229084645994794, 0.0026477197137359703, 0.0034121066368061254, 0.0025712312976319683, 0.0035423944181962297, 0.0033127276774859546, 0.0017400271908105118, 0.0024579080171583684, 0.0025766075572617067, 0.0017086287095852658, 0.002349141425371791, 0.0033093110601227402, 0.0032296129150212673, 0.003020862578824519, 0.0026088241640242543, 0.0024385045708502323, 0.002095628224276141, 0.0013919164407969697, 0.003364629550417733, 0.0032237870664308414, 0.0032233173779162004, 0.0026696310357686263, 0.0019239739878051064, 0.001781888631145902, 0.002604130975484313, 0.0037240780258457223, 0.0019550647383039087, 0.0020599208395753747, 0.003182814492949809, 0.002379295811267799, 0.003498582717671149, 0.0022361364891156222, 0.0018470432424513993, 0.002526474060319573, 0.003147579083471817, 0.0024406025981602974, 0.0019855050775502113, 