{"n_items": 400, "weights": [9.999999999999745e-17, 9.999999999999745e-17, 9.999999999999745e-17, 9.999999999999745e-17, 9.999999999999745e-17, 9.999999999999745e-17, 9.999999999999745e-17, 9.999999999999745e-17, 9.999999999999745e-17, 9.999999999999745e-17, 9.999999999999745e-17, 9.999999999999745e-17, 9.999999999999745e-17, 9.999999999999745e-17, 9.999999999999745e-17, 9.999999999999745e-17, 9.999999999999745e-17, 9.999999999999745e-17, 9.999999999999745e-17, 9.999999999999745e-17, 9.999999999999745e-17, 9.999999999999745e-17, 9.999999999999745e-17, 9.999999999999745e-17, 9.999999999999745e-17, 9.999999999999745e-17, 9.999999999999745e-17, 9.999999999999745e-17, 9.999999999999745e-17, 9.999999999999745e-17, 9.999999999999745e-17, 9.999999999999745e-17, 9.999999999999745e-17, 9.999999999999745e-17, 9.999999999999745e-17, 9.999999999999745e-17, 9.999999999999745e-17, 9.999999999999745e-17, 9.999999999999745e-17, 9.999999999999745e-17, 9.999999999999745e-17, 9.999999999999745e-17, 9.999999999999745e-17, 9.999999999999745e-17, 9.999999999999745e-17, 9.999999999999745e-17, 9.999999999999745e-17, 9.999999999999745e-17, 9.999999999999745e-17, 9.999999999999745e-17, 9.999999999999745e-17, 9.999999999999745e-17, 9.999999999999745e-17, 9.999999999999745e-17, 9.999999999999745e-17, 9.999999999999745e-17, 9.999999999999745e-17, 9.999999999999745e-17, 9.999999999999745e-17, 9.999999999999745e-17, 9.999999999999745e-17, 9.999999999999745e-17, 9.999999999999745e-17, 9.999999999999745e-17, 9.999999999999745e-17, 9.999999999999745e-17, 9.999999999999745e-17, 9.999999999999745e-17, 9.999999999999745e-17, 9.999999999999745e-17, 9.999999999999745e-17, 9.999999999999745e-17, 9.999999999999745e-17, 9.999999999999745e-17, 9.999999999999745e-17, 9.999999999999745e-17, 9.999999999999745e-17, 9.999999999999745e-17, 9.999999999999745e-17, 9.999999999999745e-17, 9.999999999999745e-17, 9.999999999999745e-17, 9.999999999999745e-17, 9.999999999999745e-17, 9.999999999999745e-17, 9.999999999999745e-17, 9.999999999999745e-17, 9.999999999999745e-17, 9.999999999999745e-17, 9.999999999999745e-17, 9.999999999999745e-17, 9.999999999999745e-17, 9.999999999999745e-17, 9.999999999999745e-17, 9.999999999999745e-17, 9.999999999999745e-17, 9.999999999999745e-17, 9.999999999999745e-17, 9.999999999999745e-17, 9.999999999999745e-17, 9.999999999999745e-17, 9.999999999999745e-17, 9.999999999999745e-17, 9.999999999999745e-17, 9.999999999999745e-17, 9.999999999999745e-17, 9.999999999999745e-17, 9.999999999999745e-17, 9.999999999999745e-17, 9.999999999999745e-17, 9.999999999999745e-17, 9.999999999999745e-17, 9.999999999999745e-17, 9.999999999999745e-17, 9.999999999999745e-17, 9.999999999999745e-17, 9.999999999999745e-17, 9.999999999999745e-17, 9.999999999999745e-17, 9.999999999999745e-17, 9.999999999999745e-17, 9.999999999999745e-17, 9.999999999999745e-17, 9.999999999999745e-17, 9.999999999999745e-17, 9.999999999999745e-17, 9.999999999999745e-17, 9.999999999999745e-17, 9.999999999999745e-17, 9.999999999999745e-17, 9.999999999999745e-17, 9.999999999999745e-17, 9.999999999999745e-17, 9.999999999999745e-17, 9.999999999999745e-17, 9.999999999999746e-05, 9.999999999999745e-17, 9.999999999999746e-05, 9.999999999999745e-17, 9.999999999999745e-17, 9.999999999999746e-05, 0.00019999999999999491, 9.999999999999746e-05, 0.00019999999999999491, 9.999999999999746e-05, 0.0002999999999999924, 0.0007999999999999797, 0.0005999999999999848, 0.0004999999999999872, 0.0007999999999999797, 0.0008999999999999771, 0.0006999999999999822, 0.0011999999999999695, 0.0014999999999999619, 0.001299999999999967, 0.002699999999999931, 0.002899999999999926, 0.0035999999999999084, 0.002899999999999926, 0.0036999999999999056, 0.005399999999999862, 0.004899999999999875, 0.005199999999999868, 0.006599999999999832, 0.006199999999999842, 0.007699999999999804, 0.00819999999999979, 0.010399999999999736, 0.008399999999999786, 0.01259999999999968, 0.012799999999999674, 0.011099999999999718, 0.012699999999999677, 0.015399999999999608, 0.011599999999999704, 0.014499999999999631, 0.015599999999999602, 0.015099999999999615, 0.01379999999999965, 0.0156999999999996, 0.015899999999999595, 0.017199999999999563, 0.015899999999999595, 0.01609999999999959, 0.016299999999999586, 0.014999999999999618, 0.013399999999999659, 0.014399999999999634, 0.013999999999999643, 0.011099999999999718, 0.012099999999999693, 0.010699999999999727, 0.012099999999999693, 0.008599999999999781, 0.009199999999999766, 0.007999999999999795, 0.006599999999999832, 0.00589999999999985, 0.005399999999999862, 0.004299999999999891, 0.0037999999999999033, 0.0036999999999999056, 0.0036999999999999056, 0.0036999999999999056, 0.002199999999999944, 0.0013999999999999644, 0.0018999999999999516, 0.0029999999999999237, 0.0014999999999999619, 0.0009999999999999744, 0.0013999999999999644, 0.001099999999999972, 0.0014999999999999619, 0.00039999999999998983, 0.002199999999999944, 0.001299999999999967, 0.002199999999999944, 0.002199999999999944, 0.002399999999999939, 0.002799999999999929, 0.003299999999999916, 0.0034999999999999107, 0.004199999999999893, 0.0038999999999999005, 0.004499999999999885, 0.005399999999999862, 0.007499999999999809, 0.006799999999999827, 0.006899999999999825, 0.008699999999999779, 0.010499999999999732, 0.009499999999999759, 0.010799999999999725, 0.0117999999999997, 0.011399999999999709, 0.01099999999999972, 0.013399999999999659, 0.015399999999999608, 0.01409999999999964, 0.016699999999999576, 0.015399999999999608, 0.015599999999999602, 0.017399999999999558, 0.016599999999999577, 0.016599999999999577, 0.016799999999999572, 0.015099999999999615, 0.0157999999999996, 0.012799999999999674, 0.01299999999999967, 0.011499999999999707, 0.013599999999999654, 0.013499999999999656, 0.011299999999999713, 0.012299999999999686, 0.009599999999999756, 0.009999999999999745, 0.008899999999999773, 0.007099999999999819, 0.006499999999999835, 0.0072999999999998144, 0.005199999999999868, 0.005799999999999852, 0.0037999999999999033, 0.003299999999999916, 0.004299999999999891, 0.002199999999999944, 0.0018999999999999516, 0.002599999999999934, 0.002199999999999944, 0.0013999999999999644, 0.0006999999999999822, 0.0011999999999999695, 0.0007999999999999797, 0.001299999999999967, 0.0008999999999999771, 0.0004999999999999872, 0.0002999999999999924, 0.0002999999999999924, 9.999999999999746e-05, 9.999999999999745e-17, 9.999999999999746e-05, 9.999999999999745e-17, 9.999999999999746e-05, 9.999999999999745e-17, 9.999999999999746e-05, 9.999999999999745e-17, 9.999999999999745e-17, 9.999999999999746e-05, 9.999999999999745e-17, 9.999999999999745e-17, 9.999999999999745e-17, 9.999999999999745e-17, 9.999999999999745e-17, 9.999999999999745e-17, 9.999999999999745e-17, 9.999999999999745e-17, 9.999999999999745e-17, 9.999999999999745e-17, 9.999999999999745e-17, 9.999999999999745e-17, 9.999999999999745e-17, 9.999999999999745e-17, 9.999999999999745e-17, 9.999999999999745e-17, 9.999999999999745e-17, 9.999999999999745e-17, 9.999999999999745e-17, 9.999999999999745e-17, 9.999999999999745e-17, 9.999999999999745e-17, 9.999999999999745e-17, 9.999999999999745e-17, 9.999999999999745e-17, 9.999999999999745e-17, 9.999999999999745e-17, 9.999999999999745e-17, 9.999999999999745e-17, 9.999999999999745e-17, 9.999999999999745e-17, 9.999999999999745e-17, 9.999999999999745e-17, 9.999999999999745e-17, 9.999999999999745e-17, 9.999999999999745e-17, 9.999999999999745e-17, 9.999999999999745e-17, 9.999999999999745e-17, 9.999999999999745e-17, 9.999999999999745e-17, 9.999999999999745e-17, 9.999999999999745e-17, 9.999999999999745e-17, 9.999999999999745e-17, 9.999999999999745e-17, 9.999999999999745e-17, 9.999999999999745e-17, 9.999999999999745e-17, 9.999999999999745e-17, 9.999999999999745e-17, 9.999999999999745e-17, 9.999999999999745e-17, 9.999999999999745e-17, 9.999999999999745e-17, 9.999999999999745e-17, 9.999999999999745e-17, 9.999999999999745e-17, 9.999999999999745e-17, 9.999999999999745e-17, 9.999999999999745e-17, 9.999999999999745e-17, 