{"n_items": 200, "weights": [9.999999999999884e-17, 9.999999999999884e-17, 9.999999999999884e-17, 9.999999999999884e-17, 9.999999999999884e-17, 9.999999999999884e-17, 9.999999999999884e-17, 9.999999999999884e-17, 9.999999999999884e-17, 9.999999999999884e-17, 9.999999999999884e-17, 9.999999999999884e-17, 9.999999999999884e-17, 9.999999999999884e-17, 9.999999999999884e-17, 9.999999999999884e-17, 9.999999999999884e-17, 9.999999999999884e-17, 9.999999999999884e-17, 9.999999999999884e-17, 9.999999999999884e-17, 9.999999999999884e-17, 9.999999999999884e-17, 9.999999999999884e-17, 9.999999999999884e-17, 9.999999999999884e-17, 9.999999999999884e-17, 9.999999999999884e-17, 9.999999999999884e-17, 9.999999999999884e-17, 9.999999999999884e-17, 9.999999999999884e-05, 9.999999999999884e-05, 9.999999999999884e-17, 9.999999999999884e-05, 9.999999999999884e-17, 9.999999999999884e-05, 0.00039999999999999536, 0.000599999999999993, 0.0013999999999999837, 0.0018999999999999779, 0.002299999999999973, 0.003199999999999963, 0.004199999999999951, 0.007099999999999917, 0.006499999999999924, 0.010499999999999877, 0.015199999999999823, 0.01639999999999981, 0.018599999999999783, 0.020799999999999756, 0.025699999999999702, 0.02929999999999966, 0.03089999999999964, 0.03149999999999963, 0.030199999999999647, 0.030699999999999644, 0.029899999999999653, 0.028899999999999662, 0.02899999999999966, 0.02679999999999969, 0.01799999999999979, 0.016599999999999806, 0.01469999999999983, 0.01199999999999986, 0.011499999999999866, 0.007099999999999917, 0.005399999999999937, 0.004099999999999953, 0.003099999999999964, 0.0017999999999999791, 0.0013999999999999837, 0.0010999999999999873, 0.000599999999999993, 0.0002999999999999965, 9.999999999999884e-17, 9.999999999999884e-17, 9.999999999999884e-17, 9.999999999999884e-17, 9.999999999999884e-05, 9.999999999999884e-17, 0.0002999999999999965, 9.999999999999884e-05, 0.00019999999999999768, 0.0004999999999999942, 0.0009999999999999883, 0.0014999999999999825, 0.0025999999999999695, 0.002399999999999972, 0.0038999999999999547, 0.006399999999999926, 0.008299999999999903, 0.011499999999999866, 0.012599999999999853, 0.016899999999999804, 0.01629999999999981, 0.02249999999999974, 0.02319999999999973, 0.028199999999999673, 0.02909999999999966, 0.034599999999999596, 0.032399999999999624, 0.029599999999999654, 0.03109999999999964, 0.02939999999999966, 0.026899999999999688, 0.020399999999999762, 0.022799999999999734, 0.01779999999999979, 0.013899999999999838, 0.012999999999999848, 0.009999999999999884, 0.009999999999999884, 0.007099999999999917, 0.004599999999999946, 0.002499999999999971, 0.002299999999999973, 0.0014999999999999825, 0.0006999999999999919, 0.0004999999999999942, 0.0004999999999999942, 0.0002999999999999965, 9.999999999999884e-05, 0.0002999999999999965, 9.999999999999884e-17, 9.999999999999884e-17, 9.999999999999884e-17, 9.999999999999884e-17, 9.999999999999884e-17, 9.999999999999884e-17, 9.999999999999884e-17, 9.999999999999884e-17, 9.999999999999884e-17, 9.999999999999884e-17, 9.999999999999884e-17, 9.999999999999884e-17, 9.999999999999884e-17, 9.999999999999884e-17, 9.999999999999884e-17, 9.999999999999884e-17, 9.999999999999884e-17, 9.999999999999884e-17, 9.999999999999884e-17, 9.999999999999884e-17, 9.999999999999884e-17, 9.999999999999884e-17, 9.999999999999884e-17, 9.999999999999884e-17, 9.999999999999884e-17, 9.999999999999884e-17, 9.999999999999884e-17, 9.999999999999884e-17, 9.999999999999884e-17, 9.999999999999884e-17, 9.999999999999884e-17, 9.999999999999884e-17, 9.999999999999884e-17, 9.999999999999884e-17, 9.999999999999884e-17, 9.999999999999884e-17, 9.999999999999884e-17, 9.999999999999884e-17, 9.999999999999884e-17, 9.999999999999884e-17, 9.999999999999884e-17, 9.999999999999884e-17, 9.999999999999884e-17, 9.999999999999884e-17, 9.999999999999884e-17, 9.999999999999884e-17, 9.999999999999884e-17, 9.999999999999884e-17, 9.999999999999884e-17, 9.999999999999884e-17, 9.999999999999884e-17, 9.999999999999884e-17, 9.999999999999884e-17, 9.999999999999884e-17, 9.999999999999884e-17, 9.999999999999884e-17, 9.999999999999884e-17, 9.999999999999884e-17, 9.999999999999884e-17, 9.999999999999884e-17, 9.999999999999884e-17, 9.999999999999884e-17, 9.999999999999884e-17, 9.999999999999884e-17, 9.999999999999884e-17, 9.999999999999884e-17, 9.999999999999884e-17, 9.999999999999884e-17, 9.999999999999884e-17, 9.999999999999884e-17, 9.999999999999884e-17, 9.999999999999884e-17, 9.999999999999884e-17, 9.999999999999884e-17, 9.999999999999884e-17, 9.999999999999884e-17],