{"n_items": 600, "weights": [9.999999999999526e-17, 9.999999999999526e-17, 9.999999999999526e-17, 9.999999999999526e-17, 9.999999999999526e-17, 9.999999999999526e-17, 9.999999999999526e-17, 9.999999999999526e-17, 9.999999999999526e-17, 9.999999999999526e-17, 9.999999999999526e-17, 9.999999999999526e-17, 9.999999999999526e-17, 9.999999999999526e-17, 9.999999999999526e-17, 9.999999999999526e-17, 9.999999999999526e-17, 9.999999999999526e-17, 9.999999999999526e-17, 9.999999999999526e-17, 9.999999999999526e-17, 9.999999999999526e-17, 9.999999999999526e-17, 9.999999999999526e-17, 9.999999999999526e-17, 9.999999999999526e-17, 9.999999999999526e-17, 9.999999999999526e-17, 9.999999999999526e-17, 9.999999999999526e-17, 9.999999999999526e-17, 9.999999999999526e-17, 9.999999999999526e-17, 9.999999999999526e-17, 9.999999999999526e-17, 9.999999999999526e-17, 9.999999999999526e-17, 9.999999999999526e-17, 9.999999999999526e-17, 9.999999999999526e-17, 9.999999999999526e-17, 9.999999999999526e-17, 9.999999999999526e-17, 9.999999999999526e-17, 9.999999999999526e-17, 9.999999999999526e-17, 9.999999999999526e-17, 9.999999999999526e-17, 9.999999999999526e-17, 9.999999999999526e-17, 9.999999999999526e-17, 9.999999999999526e-17, 9.999999999999526e-17, 9.999999999999526e-17, 9.999999999999526e-17, 9.999999999999526e-17, 9.999999999999526e-17, 9.999999999999526e-17, 9.999999999999526e-17, 9.999999999999526e-17, 9.999999999999526e-17, 9.999999999999526e-17, 9.999999999999526e-17, 9.999999999999526e-17, 9.999999999999526e-17, 9.999999999999526e-17, 9.999999999999526e-17, 9.999999999999526e-17, 9.999999999999526e-17, 9.999999999999526e-17, 9.999999999999526e-17, 9.999999999999526e-17, 9.999999999999526e-17, 9.999999999999526e-17, 9.999999999999526e-17, 9.999999999999526e-17, 9.999999999999526e-17, 9.999999999999526e-17, 9.999999999999526e-17, 9.999999999999526e-17, 9.999999999999526e-17, 9.999999999999526e-17, 9.999999999999526e-17, 9.999999999999526e-17, 9.999999999999526e-17, 9.999999999999526e-17, 9.999999999999526e-17, 9.999999999999526e-17, 9.999999999999526e-17, 9.999999999999526e-17, 9.999999999999526e-17, 9.999999999999526e-17, 9.999999999999526e-17, 9.999999999999526e-17, 9.999999999999526e-17, 9.999999999999526e-17, 9.999999999999526e-17, 9.999999999999526e-17, 9.999999999999526e-17, 9.999999999999526e-17, 9.999999999999526e-17, 9.999999999999526e-17, 9.999999999999526e-17, 9.999999999999526e-17, 9.999999999999526e-17, 9.999999999999526e-17, 9.999999999999526e-17, 9.999999999999526e-17, 9.999999999999526e-17, 9.999999999999526e-17, 9.999999999999526e-17, 9.999999999999526e-17, 9.999999999999526e-17, 9.999999999999526e-17, 9.999999999999526e-17, 9.999999999999526e-17, 9.999999999999526e-17, 9.999999999999526e-17, 9.999999999999526e-17, 9.999999999999526e-17, 9.999999999999526e-17, 9.999999999999526e-17, 9.999999999999526e-17, 9.999999999999526e-17, 9.999999999999526e-17, 9.999999999999526e-17, 9.999999999999526e-17, 9.999999999999526e-17, 9.999999999999526e-17, 9.999999999999526e-17, 9.999999999999526e-17, 9.999999999999526e-17, 9.999999999999526e-17, 9.999999999999526e-17, 9.999999999999526e-17, 9.999999999999526e-17, 9.999999999999526e-17, 9.999999999999526e-17, 9.999999999999526e-17, 9.999999999999526e-17, 9.999999999999526e-17, 9.999999999999526e-17, 9.999999999999526e-17, 9.999999999999526e-17, 9.999999999999526e-17, 9.999999999999526e-17, 9.999999999999526e-17, 9.999999999999526e-17, 9.999999999999526e-17, 9.999999999999526e-17, 9.999999999999526e-17, 9.999999999999526e-17, 9.999999999999526e-17, 9.999999999999526e-17, 9.999999999999526e-17, 9.999999999999526e-17, 9.999999999999526e-17, 9.999999999999526e-17, 9.999999999999526e-17, 9.999999999999526e-17, 9.999999999999526e-17, 9.999999999999526e-17, 9.999999999999526e-17, 9.999999999999526e-17, 9.999999999999526e-17, 9.999999999999526e-17, 9.999999999999526e-17, 9.999999999999526e-17, 9.999999999999526e-17, 0.0002999999999999858, 9.999999999999526e-17, 9.999999999999526e-17, 0.00019999999999999055, 0.0005999999999999716, 0.0005999999999999716, 0.0005999999999999716, 0.0015999999999999244, 0.0007999999999999622, 0.0008999999999999575, 0.0008999999999999575, 0.0005999999999999716, 0.0014999999999999291, 0.0030999999999998533, 0.0030999999999998533, 0.00359999999999983, 0.0056999999999997305, 0.0054999999999997395, 0.006599999999999688, 0.008199999999999612, 0.00949999999999955, 0.010799999999999489, 0.009599999999999546, 0.011999999999999433, 0.01439999999999932, 0.01759999999999917, 0.015099999999999286, 0.015899999999999248, 0.020599999999999025, 0.020199999999999045, 0.023099999999998906, 0.022799999999998922, 0.020399999999999033, 0.018699999999999117, 0.019099999999999097, 0.021999999999998958, 0.019599999999999073, 0.017799999999999157, 0.019599999999999073, 0.01759999999999917, 0.015099999999999286, 0.013599999999999357, 0.011299999999999465, 0.010299999999999513, 0.009899999999999532, 0.008799999999999584, 0.007099999999999664, 0.004999999999999763, 0.0054999999999997395, 0.004099999999999806, 0.004099999999999806, 0.0027999999999998677, 0.002299999999999891, 0.001799999999999915, 0.0023999999999998866, 0.0015999999999999244, 0.0009999999999999527, 0.0009999999999999527, 0.0004999999999999764, 0.0004999999999999764, 0.00019999999999999055, 0.00019999999999999055, 9.999999999999526e-17, 9.999999999999527e-05, 9.999999999999526e-17, 9.999999999999526e-17, 9.999999999999526e-17, 9.999999999999526e-17, 9.999999999999526e-17, 9.999999999999526e-17, 9.999999999999526e-17, 9.999999999999526e-17, 9.999999999999526e-17, 9.999999999999526e-17, 9.999999999999526e-17, 9.999999999999526e-17, 9.999999999999526e-17, 9.999999999999526e-17, 9.999999999999526e-17, 9.999999999999526e-17, 9.999999999999526e-17, 9.999999999999526e-17, 9.999999999999526e-17, 9.999999999999526e-17, 9.999999999999526e-17, 9.999999999999526e-17, 9.999999999999526e-17, 9.999999999999526e-17, 9.999999999999526e-17, 9.999999999999526e-17, 9.999999999999526e-17, 9.999999999999526e-17, 9.999999999999526e-17, 9.999999999999526e-17, 9.999999999999526e-17, 9.999999999999526e-17, 9.999999999999526e-17, 9.999999999999526e-17, 9.999999999999526e-17, 9.999999999999526e-17, 9.999999999999526e-17, 9.999999999999526e-17, 9.999999999999526e-17, 9.999999999999526e-17, 9.999999999999526e-17, 9.999999999999526e-17, 9.999999999999526e-17, 9.999999999999526e-17, 9.999999999999526e-17, 9.999999999999526e-17, 9.999999999999526e-17, 9.999999999999526e-17, 9.999999999999526e-17, 9.999999999999526e-17, 9.999999999999526e-17, 9.999999999999526e-17, 9.999999999999526e-17, 9.999999999999526e-17, 9.999999999999526e-17, 9.999999999999526e-17, 9.999999999999526e-17, 9.999999999999526e-17, 9.999999999999526e-17, 9.999999999999526e-17, 9.999999999999526e-17, 9.999999999999526e-17, 9.999999999999526e-17, 9.999999999999526e-17, 9.999999999999526e-17, 9.999999999999527e-05, 9.999999999999526e-17, 9.999999999999526e-17, 9.999999999999527e-05, 0.00019999999999999055, 0.0003999999999999811, 9.999999999999527e-05, 0.0002999999999999858, 0.0007999999999999622, 0.0004999999999999764, 0.0004999999999999764, 0.0006999999999999669, 0.0011999999999999433, 0.002199999999999896, 0.0018999999999999102, 0.0020999999999999006, 0.003299999999999844, 0.00359999999999983, 0.004399999999999792, 0.005399999999999744, 0.00739999999999965, 0.007799999999999631, 0.009199999999999564, 0.00909999999999957, 0.009799999999999537, 0.013999999999999338, 0.013399999999999366, 0.017099999999999192, 0.016599999999999216, 0.017899999999999153, 0.018799999999999113, 0.02009999999999905, 0.023199999999998902, 0.021199999999998997, 0.021299999999998993, 0.020799999999999017, 0.019099999999999097, 0.019799999999999065, 0.02009999999999905, 0.0168999999999992, 0.019799999999999065, 0.017099999999999192, 0.0168999999999992, 0.013899999999999343, 0.012799999999999395, 0.010399999999999509, 0.010199999999999517, 0.008299999999999608, 0.006699999999999683, 0.006299999999999702, 0.0057999999999997255, 0.004199999999999801, 