{"n_items": 400, "weights": [9.999999999999769e-17, 9.999999999999769e-17, 9.999999999999769e-17, 9.999999999999769e-17, 9.999999999999769e-17, 9.999999999999769e-17, 9.999999999999769e-17, 9.999999999999769e-17, 9.999999999999769e-17, 9.999999999999769e-17, 9.999999999999769e-17, 9.999999999999769e-17, 9.999999999999769e-17, 9.999999999999769e-17, 9.999999999999769e-17, 9.999999999999769e-17, 9.999999999999769e-17, 9.999999999999769e-17, 9.999999999999769e-17, 9.999999999999769e-17, 9.999999999999769e-17, 9.999999999999769e-17, 9.999999999999769e-17, 9.999999999999769e-17, 9.999999999999769e-17, 9.999999999999769e-17, 9.999999999999769e-17, 9.999999999999769e-17, 9.999999999999769e-17, 9.999999999999769e-17, 9.999999999999769e-17, 9.999999999999769e-17, 9.999999999999769e-17, 9.999999999999769e-17, 9.999999999999769e-17, 9.999999999999769e-17, 9.999999999999769e-17, 9.999999999999769e-17, 9.999999999999769e-17, 9.999999999999769e-17, 9.999999999999769e-17, 9.999999999999769e-17, 9.999999999999769e-17, 9.999999999999769e-17, 9.999999999999769e-17, 9.999999999999769e-17, 9.999999999999769e-17, 9.999999999999769e-17, 9.999999999999769e-17, 9.999999999999769e-17, 9.999999999999769e-17, 9.999999999999769e-17, 9.999999999999769e-17, 9.999999999999769e-17, 9.999999999999769e-17, 9.999999999999769e-17, 9.999999999999769e-17, 9.999999999999769e-17, 9.999999999999769e-17, 9.999999999999769e-17, 9.999999999999769e-17, 9.999999999999769e-17, 9.999999999999769e-17, 9.999999999999769e-17, 9.999999999999769e-17, 9.999999999999769e-17, 9.999999999999769e-17, 9.999999999999769e-17, 9.999999999999769e-17, 9.999999999999769e-17, 9.999999999999769e-17, 9.999999999999769e-17, 9.999999999999769e-17, 9.999999999999769e-17, 9.999999999999769e-17, 9.999999999999769e-17, 9.999999999999769e-17, 9.999999999999769e-17, 9.999999999999769e-17, 9.999999999999769e-17, 9.999999999999769e-17, 9.999999999999769e-17, 9.999999999999769e-17, 9.999999999999769e-17, 9.999999999999769e-17, 9.999999999999769e-17, 9.999999999999769e-17, 9.999999999999769e-17, 9.999999999999769e-17, 9.999999999999769e-17, 9.999999999999769e-17, 9.999999999999769e-17, 9.999999999999769e-17, 9.999999999999769e-17, 9.999999999999769e-17, 9.999999999999769e-17, 9.999999999999769e-17, 9.999999999999769e-17, 9.999999999999769e-17, 9.999999999999769e-17, 9.999999999999769e-17, 9.999999999999769e-17, 9.999999999999769e-17, 9.999999999999769e-17, 9.999999999999769e-17, 9.999999999999769e-17, 9.999999999999769e-17, 9.999999999999769e-17, 9.999999999999769e-17, 9.999999999999769e-17, 9.999999999999769e-17, 9.999999999999769e-17, 9.999999999999769e-17, 9.999999999999769e-17, 9.999999999999769e-17, 9.999999999999769e-17, 9.999999999999769e-17, 9.999999999999769e-17, 9.999999999999769e-17, 9.999999999999769e-17, 9.999999999999769e-17, 9.999999999999769e-17, 9.999999999999769e-17, 9.999999999999769e-17, 9.999999999999769e-17, 9.999999999999769e-17, 9.999999999999769e-17, 9.999999999999769e-17, 9.999999999999769e-17, 9.999999999999769e-17, 9.999999999999769e-17, 9.999999999999769e-17, 9.999999999999769e-17, 9.999999999999769e-17, 9.999999999999769e-17, 9.999999999999769e-17, 9.999999999999769e-17, 9.999999999999769e-17, 9.999999999999769e-17, 9.999999999999769e-17, 9.999999999999769e-17, 9.999999999999769e-17, 9.999999999999769e-17, 9.999999999999769e-17, 9.999999999999769e-17, 9.999999999999769e-17, 9.999999999999769e-17, 9.999999999999769e-17, 9.999999999999769e-17, 0.00019999999999999537, 9.999999999999769e-05, 9.999999999999769e-17, 9.999999999999769e-17, 9.999999999999769e-17, 9.999999999999769e-05, 9.999999999999769e-05, 9.999999999999769e-05, 9.999999999999769e-05, 9.999999999999769e-17, 9.999999999999769e-05, 9.999999999999769e-17, 9.999999999999769e-17, 9.999999999999769e-17, 9.999999999999769e-05, 9.999999999999769e-05, 9.999999999999769e-17, 9.999999999999769e-05, 9.999999999999769e-17, 9.999999999999769e-05, 0.00039999999999999075, 0.00019999999999999537, 0.0002999999999999931, 0.00039999999999999075, 0.00019999999999999537, 0.00039999999999999075, 9.999999999999769e-05, 0.00019999999999999537, 0.00019999999999999537, 0.0004999999999999884, 0.00019999999999999537, 0.0007999999999999815, 0.0005999999999999862, 0.0009999999999999768, 0.0008999999999999792, 0.0011999999999999724, 0.0011999999999999724, 0.0009999999999999768, 0.0011999999999999724, 0.0010999999999999747, 0.0016999999999999607, 0.0016999999999999607, 0.001599999999999963, 0.0019999999999999536, 0.0032999999999999237, 0.002299999999999947, 0.0024999999999999424, 0.0018999999999999562, 0.0023999999999999447, 0.0029999999999999307, 0.002299999999999947, 0.004099999999999905, 0.004099999999999905, 0.0044999999999998964, 0.004199999999999903, 0.0042999999999999, 0.004699999999999892, 0.006099999999999859, 0.006799999999999843, 0.006999999999999838, 0.006399999999999852, 0.006199999999999857, 0.00689999999999984, 0.007499999999999827, 0.008799999999999798, 0.008899999999999795, 0.009499999999999781, 0.009799999999999774, 0.008299999999999808, 0.010099999999999767, 0.010999999999999746, 0.010599999999999755, 0.01209999999999972, 0.012899999999999702, 0.012499999999999711, 0.0129999999999997, 0.01339999999999969, 0.013299999999999692, 0.012699999999999706, 0.014299999999999669, 0.012799999999999704, 0.013899999999999678, 0.01599999999999963, 0.01559999999999964, 0.01379999999999968, 0.014499999999999664, 0.014599999999999662, 0.01639999999999962, 0.016199999999999624, 0.014699999999999661, 0.016199999999999624, 0.015899999999999633, 0.015099999999999652, 0.017499999999999596, 0.015699999999999638, 0.014999999999999654, 0.014199999999999671, 0.01649999999999962, 0.013499999999999688, 0.014399999999999667, 0.014799999999999659, 0.013199999999999695, 0.01639999999999962, 0.016699999999999614, 0.014899999999999657, 0.013999999999999676, 0.014199999999999671, 0.013199999999999695, 0.013599999999999685, 0.013099999999999697, 0.01339999999999969, 0.011899999999999725, 0.012399999999999713, 0.012299999999999716, 0.012599999999999709, 0.011399999999999737, 0.01169999999999973, 0.009799999999999774, 0.01039999999999976, 0.008799999999999798, 0.009899999999999772, 0.007499999999999827, 0.009899999999999772, 0.007599999999999825, 0.006999999999999838, 0.006099999999999859, 0.006299999999999854, 0.006099999999999859, 0.006699999999999845, 0.005899999999999864, 0.005899999999999864, 0.005299999999999878, 0.005099999999999882, 0.004699999999999892, 0.004699999999999892, 0.0035999999999999166, 0.0030999999999999283, 0.00389999999999991, 0.0027999999999999354, 0.003199999999999926, 0.0027999999999999354, 0.0023999999999999447, 0.0021999999999999494, 0.0017999999999999583, 0.0013999999999999677, 0.0011999999999999724, 0.0011999999999999724, 0.0013999999999999677, 0.0017999999999999583, 0.0017999999999999583, 0.0011999999999999724, 0.0013999999999999677, 0.0006999999999999838, 0.0011999999999999724, 0.00129999999999997, 0.0009999999999999768, 0.0009999999999999768, 0.0004999999999999884, 0.0004999999999999884, 9.999999999999769e-05, 0.00039999999999999075, 0.0005999999999999862, 0.0002999999999999931, 9.999999999999769e-05, 0.0002999999999999931, 0.0004999999999999884, 0.0002999999999999931, 0.00019999999999999537, 9.999999999999769e-05, 0.0002999999999999931, 0.00019999999999999537, 0.00019999999999999537, 9.999999999999769e-17, 0.0002999999999999931, 0.00019999999999999537, 0.00019999999999999537, 9.999999999999769e-05, 9.999999999999769e-17, 9.999999999999769e-17, 9.999999999999769e-17, 9.999999999999769e-17, 9.999999999999769e-17, 9.999999999999769e-05, 9.999999999999769e-05, 9.999999999999769e-17, 9.999999999999769e-17, 9.999999999999769e-17, 9.999999999999769e-17, 9.999999999999769e-17, 9.999999999999769e-17, 9.999999999999769e-17, 9.999999999999769e-17, 9.999999999999769e-17, 9.999999999999769e-17, 9.999999999999769e-17, 9.999999999999769e-17, 9.999999999999769e-17, 9.999999999999769e-17, 9.999999999999769e-17, 9.999999999999769e-17, 9.999999999999769e-17, 