{"n_items": 200, "weights": [9.99999999999996e-17, 9.99999999999996e-17, 0.0002999999999999988, 9.99999999999996e-05, 9.99999999999996e-05, 0.000499999999999998, 0.0001999999999999992, 9.99999999999996e-17, 0.0002999999999999988, 0.0002999999999999988, 0.0007999999999999968, 9.99999999999996e-05, 0.0006999999999999972, 0.0008999999999999964, 0.000499999999999998, 0.0005999999999999976, 0.0007999999999999968, 0.0007999999999999968, 0.0005999999999999976, 0.000499999999999998, 0.0011999999999999951, 0.0010999999999999955, 0.0011999999999999951, 0.0016999999999999932, 0.0010999999999999955, 0.0012999999999999947, 0.0017999999999999928, 0.002199999999999991, 0.0015999999999999936, 0.002299999999999991, 0.0013999999999999943, 0.0028999999999999885, 0.0018999999999999924, 0.0028999999999999885, 0.0023999999999999902, 0.003299999999999987, 0.0030999999999999877, 0.003999999999999984, 0.003199999999999987, 0.003499999999999986, 0.003899999999999984, 0.004299999999999983, 0.005599999999999977, 0.00499999999999998, 0.00499999999999998, 0.008199999999999968, 0.005199999999999979, 0.006499999999999974, 0.0058999999999999764, 0.007699999999999969, 0.007099999999999972, 0.00739999999999997, 0.006899999999999972, 0.007899999999999968, 0.009299999999999963, 0.010399999999999958, 0.00999999999999996, 0.009399999999999962, 0.013399999999999947, 0.010799999999999957, 0.01219999999999995, 0.009499999999999962, 0.012799999999999949, 0.011999999999999952, 0.013599999999999945, 0.012299999999999952, 0.012799999999999949, 0.014099999999999944, 0.014299999999999943, 0.015599999999999937, 0.015499999999999937, 0.014499999999999942, 0.01479999999999994, 0.015499999999999937, 0.015899999999999935, 0.015299999999999939, 0.017599999999999928, 0.014199999999999944, 0.016599999999999934, 0.01749999999999993, 0.014099999999999944, 0.01939999999999992, 0.018399999999999927, 0.014099999999999944, 0.016899999999999932, 0.015699999999999936, 0.01249999999999995, 0.016199999999999937, 0.012299999999999952, 0.014599999999999941, 0.014599999999999941, 0.016399999999999935, 0.01499999999999994, 0.013599999999999945, 0.015699999999999936, 0.013699999999999945, 0.012799999999999949, 0.009799999999999962, 0.013099999999999947, 0.011999999999999952, 0.013899999999999944, 0.009499999999999962, 0.012299999999999952, 0.010699999999999958, 0.008899999999999965, 0.009799999999999962, 0.009399999999999962, 0.008999999999999965, 0.007099999999999972, 0.006899999999999972, 0.006799999999999973, 0.007099999999999972, 0.006899999999999972, 0.008099999999999968, 0.0058999999999999764, 0.005599999999999977, 0.005499999999999978, 0.004599999999999982, 0.005299999999999979, 0.0058999999999999764, 0.003999999999999984, 0.004199999999999983, 0.003499999999999986, 0.004899999999999981, 0.003899999999999984, 0.003699999999999985, 0.0027999999999999887, 0.003799999999999985, 0.001999999999999992, 0.001999999999999992, 0.002999999999999988, 0.0027999999999999887, 0.0020999999999999916, 0.0015999999999999936, 0.0018999999999999924, 0.001999999999999992, 0.000999999999999996, 0.0018999999999999924, 0.0010999999999999955, 0.0008999999999999964, 0.0001999999999999992, 0.000499999999999998, 0.0011999999999999951, 0.0005999999999999976, 0.0007999999999999968, 0.000499999999999998, 0.0003999999999999984, 0.0002999999999999988, 0.0002999999999999988, 0.000499999999999998, 0.0002999999999999988, 0.0001999999999999992, 0.000499999999999998, 0.0002999999999999988, 0.0001999999999999992, 9.99999999999996e-17, 0.0003999999999999984, 0.0002999999999999988, 9.99999999999996e-05, 9.99999999999996e-05, 9.99999999999996e-05, 9.99999999999996e-17, 9.99999999999996e-17, 9.99999999999996e-05, 9.99999999999996e-17, 9.99999999999996e-17, 9.99999999999996e-17, 9.99999999999996e-17, 9.99999999999996e-05, 9.99999999999996e-05, 9.99999999999996e-17, 9.99999999999996e-17, 9.99999999999996e-17, 9.99999999999996e-17, 9.99999999999996e-17, 9.99999999999996e-17, 9.99999999999996e-17, 9.99999999999996e-17, 9.99999999999996e-17, 9.99999999999996e-17, 9.99999999999996e-17, 9.99999999999996e-17, 9.99999999999996e-17, 9.99999999999996e-17, 9.99999999999996e-17, 9.99999999999996e-17, 9.99999999999996e-17, 9.99999999999996e-17, 9.99999999999996e-17, 9.99999999999996e-17, 9.99999999999996e-17, 9.99999999999996e-17, 9.99999999999996e-17, 9.99999999999996e-17, 9.99999999999996e-17, 9.99999999999996e-17, 9.99999999999996e-17, 9.99999999999996e-17, 9.99999999999996e-17, 9.99999999999996e-17], "profits": [1.0, 1.0, 1.0, 1.0, 1.0, 1.0, 1.0, 1.0, 1.0, 1.0, 1.0, 1.0, 1.0, 1.0, 1.0, 1.0, 1.0, 1.0, 1.0, 1.0, 1.0, 1.0, 1.0, 1.0, 1.0, 1.0, 1.0, 1.0, 1.0, 1.0, 1.0, 1.0, 1.0, 1.0, 1.0, 1.0, 1.0, 1.0, 1.0, 1.0, 1.0, 1.0, 1.0, 1.0, 1.0, 1.0, 1.0, 1.0, 1.0, 1.0, 1.0, 1.0, 1.0, 1.0, 1.0, 1.0, 1.0, 1.0, 1.0, 1.0, 1.0, 1.0, 1.0, 1.0, 1.0, 1.0, 1.0, 1.0, 1.0, 1.0, 1.0, 1.0, 1.0, 1.0, 1.0, 1.0, 1.0, 1.0, 1.0, 1.0, 1.0, 1.0, 1.0, 1.0, 1.0, 1.0, 1.0, 1.0, 1.0, 1.0, 1.0, 1.0, 1.0, 1.0, 1.0, 1.0, 1.0, 1.0, 1.0, 1.0, 1.0, 1.0, 1.0, 1.0, 1.0, 1.0, 1.0, 1.0, 1.0, 1.0, 1.0, 1.0, 1.0, 1.0, 1.0, 1.0, 1.0, 1.0, 1.0, 1.0, 1.0, 1.0, 1.0, 1.0, 1.0, 1.0, 1.0, 1.0, 1.0, 1.0, 1.0, 1.0, 1.0, 1.0, 1.0, 1.0, 1.0, 1.0, 1.0, 1.0, 1.0, 1.0, 1.0, 1.0, 1.0, 1.0, 1.0, 1.0, 1.0, 1.0, 1.0, 1.0, 1.0, 1.0, 1.0, 1.0, 1.0, 1.0, 1.0, 1.0, 1.0, 1.0, 1.0, 1.0, 1.0, 1.0, 1.0, 1.0, 1.0, 1.0, 1.0, 1.0, 1.0, 1.0, 1.0, 1.0, 1.0, 1.0, 1.0, 1.0, 1.0, 1.0, 1.0, 1.0, 1.0, 1.0, 1.0, 1.0, 1.0, 1.0, 1.0, 1.0, 1.0, 1.0, 1.0, 1.0, 1.0, 1.0, 1.0, 1.0], "min_weight": 0.95, "max_distance": 3}