{"n_items": 400, "weights": [9.999999999999769e-17, 9.999999999999769e-17, 9.999999999999769e-17, 9.999999999999769e-17, 9.999999999999769e-17, 9.999999999999769e-17, 9.999999999999769e-17, 9.999999999999769e-05, 9.999999999999769e-17, 9.999999999999769e-17, 9.999999999999769e-17, 9.999999999999769e-17, 9.999999999999769e-17, 9.999999999999769e-17, 9.999999999999769e-17, 9.999999999999769e-05, 9.999999999999769e-17, 9.999999999999769e-17, 9.999999999999769e-17, 9.999999999999769e-05, 9.999999999999769e-17, 9.999999999999769e-05, 9.999999999999769e-17, 9.999999999999769e-17, 0.00019999999999999537, 0.00019999999999999537, 9.999999999999769e-05, 0.00039999999999999075, 0.00039999999999999075, 9.999999999999769e-05, 0.00019999999999999537, 9.999999999999769e-05, 0.00039999999999999075, 0.0002999999999999931, 0.0002999999999999931, 0.0002999999999999931, 0.0005999999999999862, 0.0004999999999999884, 0.0002999999999999931, 0.00019999999999999537, 0.00019999999999999537, 0.0005999999999999862, 0.0007999999999999815, 0.0010999999999999747, 0.0007999999999999815, 0.0011999999999999724, 0.0010999999999999747, 0.0006999999999999838, 0.0021999999999999494, 0.0007999999999999815, 0.0014999999999999653, 0.0013999999999999677, 0.0019999999999999536, 0.0018999999999999562, 0.0024999999999999424, 0.0020999999999999513, 0.002899999999999933, 0.0021999999999999494, 0.0020999999999999513, 0.0035999999999999166, 0.0027999999999999354, 0.00389999999999991, 0.0032999999999999237, 0.004899999999999887, 0.004999999999999885, 0.004699999999999892, 0.00519999999999988, 0.005399999999999875, 0.0073999999999998295, 0.005999999999999861, 0.008399999999999805, 0.006299999999999854, 0.006799999999999843, 0.006099999999999859, 0.009199999999999788, 0.0073999999999998295, 0.009299999999999786, 0.008699999999999798, 0.008999999999999793, 0.01079999999999975, 0.010199999999999765, 0.011199999999999741, 0.010599999999999755, 0.011399999999999737, 0.012799999999999704, 0.012199999999999718, 0.0129999999999997, 0.013899999999999678, 0.01379999999999968, 0.012799999999999704, 0.014599999999999662, 0.014099999999999674, 0.012899999999999702, 0.012399999999999713, 0.014399999999999667, 0.015899999999999633, 0.0171999999999996, 0.014999999999999654, 0.015299999999999647, 0.015299999999999647, 0.01519999999999965, 0.015899999999999633, 0.013899999999999678, 0.014099999999999674, 0.014999999999999654, 0.012399999999999713, 0.01649999999999962, 0.015099999999999652, 0.01599999999999963, 0.016199999999999624, 0.014199999999999671, 0.014699999999999661, 0.016299999999999624, 0.015299999999999647, 0.01559999999999964, 0.015399999999999645, 0.012699999999999706, 0.013899999999999678, 0.013999999999999676, 0.013299999999999692, 0.011999999999999723, 0.012899999999999702, 0.011299999999999739, 0.011899999999999725, 0.013099999999999697, 0.010299999999999762, 0.011799999999999727, 0.012499999999999711, 0.010199999999999765, 0.007999999999999815, 0.008699999999999798, 0.0085999999999998, 0.009299999999999786, 0.009199999999999788, 0.007099999999999836, 0.006399999999999852, 0.006699999999999845, 0.00519999999999988, 0.006599999999999847, 0.0073999999999998295, 0.004599999999999894, 0.004099999999999905, 0.004699999999999892, 0.005099999999999882, 0.005399999999999875, 0.0033999999999999213, 0.002899999999999933, 0.0035999999999999166, 0.00389999999999991, 0.003499999999999919, 0.003199999999999926, 0.003199999999999926, 0.0024999999999999424, 0.003499999999999919, 0.0029999999999999307, 0.0014999999999999653, 0.0018999999999999562, 0.0026999999999999377, 0.0013999999999999677, 0.0013999999999999677, 0.0013999999999999677, 0.00039999999999999075, 0.0014999999999999653, 0.0007999999999999815, 0.0004999999999999884, 0.0007999999999999815, 0.0007999999999999815, 0.0004999999999999884, 0.0009999999999999768, 0.0007999999999999815, 0.0004999999999999884, 0.0006999999999999838, 9.999999999999769e-05, 0.00039999999999999075, 0.00019999999999999537, 0.00039999999999999075, 0.0006999999999999838, 9.999999999999769e-05, 0.00019999999999999537, 0.00039999999999999075, 0.0002999999999999931, 9.999999999999769e-05, 9.999999999999769e-17, 9.999999999999769e-05, 9.999999999999769e-17, 9.999999999999769e-05, 9.999999999999769e-17, 9.999999999999769e-17, 9.999999999999769e-05, 9.999999999999769e-05, 9.999999999999769e-05, 9.999999999999769e-17, 9.999999999999769e-05, 9.999999999999769e-17, 9.999999999999769e-17, 9.999999999999769e-17, 9.999999999999769e-17, 9.999999999999769e-05, 9.999999999999769e-17, 9.999999999999769e-17, 9.999999999999769e-17, 9.999999999999769e-17, 9.999999999999769e-17, 9.999999999999769e-17, 9.999999999999769e-17, 9.999999999999769e-17, 9.999999999999769e-17, 9.999999999999769e-17, 9.999999999999769e-17, 9.999999999999769e-17, 9.999999999999769e-17, 9.999999999999769e-17, 9.999999999999769e-17, 9.999999999999769e-17, 9.999999999999769e-17, 9.999999999999769e-17, 9.999999999999769e-17, 9.999999999999769e-17, 9.999999999999769e-17, 9.999999999999769e-17, 9.999999999999769e-17, 9.999999999999769e-17, 9.999999999999769e-17, 9.999999999999769e-17, 9.999999999999769e-17, 9.999999999999769e-17, 9.999999999999769e-17, 9.999999999999769e-17, 9.999999999999769e-17, 9.999999999999769e-17, 9.999999999999769e-17, 9.999999999999769e-17, 9.999999999999769e-17, 9.999999999999769e-17, 9.999999999999769e-17, 9.999999999999769e-17, 9.999999999999769e-17, 9.999999999999769e-17, 9.999999999999769e-17, 9.999999999999769e-17, 9.999999999999769e-17, 9.999999999999769e-17, 9.999999999999769e-17, 9.999999999999769e-17, 9.999999999999769e-17, 9.999999999999769e-17, 9.999999999999769e-17, 9.999999999999769e-17, 9.999999999999769e-17, 9.999999999999769e-17, 9.999999999999769e-17, 9.999999999999769e-17, 9.999999999999769e-17, 9.999999999999769e-17, 9.999999999999769e-17, 9.999999999999769e-17, 9.999999999999769e-17, 9.999999999999769e-17, 9.999999999999769e-17, 9.999999999999769e-17, 9.999999999999769e-17, 9.999999999999769e-17, 9.999999999999769e-17, 9.999999999999769e-17, 9.999999999999769e-17, 9.999999999999769e-17, 9.999999999999769e-17, 9.999999999999769e-17, 9.999999999999769e-17, 9.999999999999769e-17, 9.999999999999769e-17, 9.999999999999769e-17, 9.999999999999769e-17, 9.999999999999769e-17, 9.999999999999769e-17, 9.999999999999769e-17, 9.999999999999769e-17, 9.999999999999769e-17, 9.999999999999769e-17, 9.999999999999769e-17, 9.999999999999769e-17, 9.999999999999769e-17, 9.999999999999769e-17, 9.999999999999769e-17, 9.999999999999769e-17, 9.999999999999769e-17, 9.999999999999769e-17, 9.999999999999769e-17, 9.999999999999769e-17, 9.999999999999769e-17, 9.999999999999769e-17, 9.999999999999769e-17, 9.999999999999769e-17, 9.999999999999769e-17, 9.999999999999769e-17, 9.999999999999769e-17, 9.999999999999769e-17, 9.999999999999769e-17, 9.999999999999769e-17, 9.999999999999769e-17, 9.999999999999769e-17, 9.999999999999769e-17, 9.999999999999769e-17, 9.999999999999769e-17, 9.999999999999769e-17, 9.999999999999769e-17, 9.999999999999769e-17, 9.999999999999769e-17, 9.999999999999769e-17, 9.999999999999769e-17, 9.999999999999769e-17, 9.999999999999769e-17, 9.999999999999769e-17, 9.999999999999769e-17, 9.999999999999769e-17, 9.999999999999769e-17, 9.999999999999769e-17, 9.999999999999769e-17, 9.999999999999769e-17, 9.999999999999769e-17, 9.999999999999769e-17, 9.999999999999769e-17, 9.999999999999769e-17, 9.999999999999769e-17, 9.999999999999769e-17, 9.999999999999769e-17, 9.999999999999769e-17, 9.999999999999769e-17, 9.999999999999769e-17, 9.999999999999769e-17, 9.999999999999769e-17, 9.999999999999769e-17, 9.999999999999769e-17, 9.999999999999769e-17, 9.999999999999769e-17, 9.999999999999769e-17, 9.999999999999769e-17, 9.999999999999769e-17, 9.999999999999769e-17, 9.999999999999769e-17, 9.999999999999769e-17, 9.999999999999769e-17, 9.999999999999769e-17, 9.999999999999769e-17, 9.999999999999769e-17, 9.999999999999769e-17, 9.999999999999769e-17, 9.999999999999769e-17, 9.999999999999769e-17, 9.999999999999769e-17, 