{"n_items": 200, "weights": [9.999999999999847e-17, 9.999999999999847e-17, 9.999999999999847e-17, 9.999999999999847e-17, 9.999999999999847e-17, 9.999999999999847e-17, 9.999999999999847e-17, 9.999999999999847e-17, 9.999999999999847e-17, 9.999999999999847e-17, 9.999999999999847e-17, 9.999999999999847e-17, 9.999999999999847e-17, 9.999999999999847e-17, 9.999999999999847e-17, 9.999999999999847e-17, 9.999999999999847e-17, 9.999999999999847e-17, 9.999999999999847e-17, 9.999999999999847e-17, 9.999999999999847e-17, 9.999999999999847e-17, 9.999999999999847e-17, 9.999999999999847e-17, 9.999999999999847e-17, 9.999999999999847e-17, 9.999999999999847e-17, 9.999999999999847e-17, 9.999999999999847e-17, 9.999999999999847e-17, 9.999999999999847e-17, 9.999999999999847e-17, 9.999999999999847e-17, 9.999999999999847e-17, 9.999999999999847e-17, 9.999999999999847e-17, 9.999999999999847e-17, 9.999999999999847e-17, 9.999999999999847e-17, 9.999999999999847e-17, 9.999999999999847e-17, 9.999999999999847e-17, 9.999999999999847e-17, 9.999999999999847e-17, 9.999999999999847e-17, 9.999999999999847e-17, 9.999999999999847e-17, 9.999999999999847e-17, 9.999999999999847e-17, 9.999999999999847e-05, 9.999999999999847e-17, 9.999999999999847e-17, 9.999999999999847e-17, 0.00019999999999999695, 0.00019999999999999695, 0.0004999999999999923, 0.0006999999999999893, 0.0009999999999999846, 0.003199999999999951, 0.003399999999999948, 0.005299999999999919, 0.006699999999999898, 0.007399999999999887, 0.01179999999999982, 0.01779999999999973, 0.020799999999999683, 0.026899999999999587, 0.03199999999999951, 0.03729999999999943, 0.04719999999999928, 0.048199999999999264, 0.05489999999999916, 0.06099999999999907, 0.05969999999999909, 0.06319999999999903, 0.064999999999999, 0.05829999999999911, 0.05959999999999909, 0.05689999999999913, 0.04809999999999927, 0.0393999999999994, 0.030999999999999528, 0.03199999999999951, 0.02569999999999961, 0.018699999999999713, 0.016599999999999747, 0.012299999999999813, 0.008899999999999865, 0.005699999999999913, 0.0041999999999999356, 0.002499999999999962, 0.002499999999999962, 0.001499999999999977, 0.0007999999999999878, 0.0002999999999999954, 0.00019999999999999695, 9.999999999999847e-17, 9.999999999999847e-05, 9.999999999999847e-17, 9.999999999999847e-17, 0.00019999999999999695, 9.999999999999847e-17, 9.999999999999847e-17, 9.999999999999847e-17, 9.999999999999847e-17, 9.999999999999847e-17, 9.999999999999847e-17, 9.999999999999847e-17, 9.999999999999847e-17, 9.999999999999847e-17, 9.999999999999847e-17, 9.999999999999847e-17, 9.999999999999847e-17, 9.999999999999847e-17, 9.999999999999847e-17, 9.999999999999847e-17, 9.999999999999847e-17, 9.999999999999847e-17, 9.999999999999847e-17, 9.999999999999847e-17, 9.999999999999847e-17, 9.999999999999847e-17, 9.999999999999847e-17, 9.999999999999847e-17, 9.999999999999847e-17, 9.999999999999847e-17, 9.999999999999847e-17, 9.999999999999847e-17, 9.999999999999847e-17, 9.999999999999847e-17, 9.999999999999847e-17, 9.999999999999847e-17, 9.999999999999847e-17, 9.999999999999847e-17, 9.999999999999847e-17, 9.999999999999847e-17, 9.999999999999847e-17, 9.999999999999847e-17, 9.999999999999847e-17, 9.999999999999847e-17, 9.999999999999847e-17, 9.999999999999847e-17, 9.999999999999847e-17, 9.999999999999847e-17, 9.999999999999847e-17, 9.999999999999847e-17, 9.999999999999847e-17, 9.999999999999847e-17, 9.999999999999847e-17, 9.999999999999847e-17, 9.999999999999847e-17, 9.999999999999847e-17, 9.999999999999847e-17, 9.999999999999847e-17, 9.999999999999847e-17, 9.999999999999847e-17, 9.999999999999847e-17, 9.999999999999847e-17, 9.999999999999847e-17, 9.999999999999847e-17, 9.999999999999847e-17, 9.999999999999847e-17, 9.999999999999847e-17, 9.999999999999847e-17, 9.999999999999847e-17, 9.999999999999847e-17, 9.999999999999847e-17, 9.999999999999847e-17, 9.999999999999847e-17, 9.999999999999847e-17, 9.999999999999847e-17, 9.999999999999847e-17, 9.999999999999847e-17, 9.999999999999847e-17, 9.999999999999847e-17, 9.999999999999847e-17, 9.999999999999847e-17, 9.999999999999847e-17, 9.999999999999847e-17, 9.999999999999847e-17, 9.999999999999847e-17, 9.999999999999847e-17, 9.999999999999847e-17, 9.999999999999847e-17, 9.999999999999847e-17, 9.999999999999847e-17, 9.999999999999847e-17, 9.999999999999847e-17, 9.999999999999847e-17, 9.999999999999847e-17, 9.999999999999847e-17, 9.999999999999847e-17, 9.999999999999847e-17, 9.999999999999847e-17, 9.999999999999847e-17, 9.999999999999847e-17, 9.999999999999847e-17, 9.999999999999847e-17, 9.999999999999847e-17, 9.999999999999847e-17], "profits": [1.0, 1.0, 1.0, 1.0, 1.0, 1.0, 1.0, 1.0, 1.0, 1.0, 1.0, 1.0, 1.0, 1.0, 1.0, 1.0, 1.0, 1.0, 1.0, 1.0, 1.0, 1.0, 1.0, 1.0, 1.0, 1.0, 1.0, 1.0, 1.0, 1.0, 1.0, 1.0, 1.0, 1.0, 1.0, 1.0, 1.0, 1.0, 1.0, 1.0, 1.0, 1.0, 1.0, 1.0, 1.0, 1.0, 1.0, 1.0, 1.0, 1.0, 1.0, 1.0, 1.0, 1.0, 1.0, 1.0, 1.0, 1.0, 1.0, 1.0, 1.0, 1.0, 1.0, 1.0, 1.0, 1.0, 1.0, 1.0, 1.0, 1.0, 1.0, 1.0, 1.0, 1.0, 1.0, 1.0, 1.0, 1.0, 1.0, 1.0, 1.0, 1.0, 1.0, 1.0, 1.0, 1.0, 1.0, 1.0, 1.0, 1.0, 1.0, 1.0, 1.0, 1.0, 1.0, 1.0, 1.0, 1.0, 1.0, 1.0, 1.0, 1.0, 1.0, 1.0, 1.0, 1.0, 1.0, 1.0, 1.0, 1.0, 1.0, 1.0, 1.0, 1.0, 1.0, 1.0, 1.0, 1.0, 1.0, 1.0, 1.0, 1.0, 1.0, 1.0, 1.0, 1.0, 1.0, 1.0, 1.0, 1.0, 1.0, 1.0, 1.0, 1.0, 1.0, 1.0, 1.0, 1.0, 1.0, 1.0, 1.0, 1.0, 1.0, 1.0, 1.0, 1.0, 1.0, 1.0, 1.0, 1.0, 1.0, 1.0, 1.0, 1.0, 1.0, 1.0, 1.0, 1.0, 1.0, 1.0, 1.0, 1.0, 1.0, 1.0, 1.0, 1.0, 1.0, 1.0, 1.0, 1.0, 1.0, 1.0, 1.0, 1.0, 1.0, 1.0, 1.0, 1.0, 1.0, 1.0, 1.0, 1.0, 1.0, 1.0, 1.0, 1.0, 1.0, 1.0, 1.0, 1.0, 1.0, 1.0, 1.0, 1.0, 1.0, 1.0, 1.0, 1.0, 1.0, 1.0], "min_weight": 0.95, "max_distance": 5}