{"n_items": 400, "weights": [9.99999999999977e-17, 9.99999999999977e-17, 9.99999999999977e-17, 9.99999999999977e-17, 9.99999999999977e-17, 9.99999999999977e-17, 9.99999999999977e-17, 9.99999999999977e-17, 9.99999999999977e-17, 9.99999999999977e-17, 9.99999999999977e-17, 9.99999999999977e-17, 9.99999999999977e-17, 9.99999999999977e-17, 9.99999999999977e-17, 9.99999999999977e-17, 9.99999999999977e-17, 9.99999999999977e-17, 9.99999999999977e-17, 9.99999999999977e-17, 9.99999999999977e-17, 9.99999999999977e-17, 9.99999999999977e-17, 9.99999999999977e-17, 9.99999999999977e-17, 9.99999999999977e-17, 9.99999999999977e-17, 9.99999999999977e-17, 9.99999999999977e-17, 9.99999999999977e-17, 9.99999999999977e-17, 9.99999999999977e-17, 9.99999999999977e-17, 9.99999999999977e-17, 9.99999999999977e-17, 9.99999999999977e-17, 9.99999999999977e-17, 9.99999999999977e-17, 9.99999999999977e-17, 9.99999999999977e-17, 9.99999999999977e-17, 9.99999999999977e-17, 9.99999999999977e-17, 9.99999999999977e-17, 9.99999999999977e-17, 9.99999999999977e-17, 9.99999999999977e-17, 9.99999999999977e-17, 9.99999999999977e-17, 9.99999999999977e-17, 9.99999999999977e-17, 9.99999999999977e-17, 9.99999999999977e-17, 9.99999999999977e-17, 9.99999999999977e-17, 9.99999999999977e-17, 9.99999999999977e-17, 9.99999999999977e-17, 9.99999999999977e-17, 9.99999999999977e-17, 9.99999999999977e-17, 9.99999999999977e-17, 9.99999999999977e-17, 9.99999999999977e-17, 9.99999999999977e-17, 9.99999999999977e-17, 9.99999999999977e-17, 9.99999999999977e-17, 9.99999999999977e-17, 9.99999999999977e-17, 9.99999999999977e-17, 9.99999999999977e-17, 9.99999999999977e-17, 9.99999999999977e-17, 9.99999999999977e-17, 9.99999999999977e-17, 9.99999999999977e-17, 9.99999999999977e-17, 9.99999999999977e-17, 9.99999999999977e-17, 9.99999999999977e-17, 9.99999999999977e-17, 9.99999999999977e-17, 9.99999999999977e-17, 9.99999999999977e-17, 9.99999999999977e-17, 9.99999999999977e-17, 9.99999999999977e-17, 9.99999999999977e-17, 9.99999999999977e-17, 9.99999999999977e-17, 9.99999999999977e-17, 9.99999999999977e-17, 9.99999999999977e-17, 9.99999999999977e-17, 9.99999999999977e-17, 9.99999999999977e-17, 9.99999999999977e-17, 9.99999999999977e-17, 9.99999999999977e-17, 9.99999999999977e-17, 9.99999999999977e-17, 9.99999999999977e-17, 9.99999999999977e-17, 9.99999999999977e-17, 9.99999999999977e-17, 9.99999999999977e-17, 9.99999999999977e-17, 9.99999999999977e-17, 9.99999999999977e-17, 9.99999999999977e-17, 9.99999999999977e-17, 9.99999999999977e-17, 9.99999999999977e-17, 9.99999999999977e-17, 9.99999999999977e-17, 9.99999999999977e-17, 9.99999999999977e-17, 9.99999999999977e-17, 9.99999999999977e-17, 9.99999999999977e-17, 9.99999999999977e-17, 9.99999999999977e-17, 9.99999999999977e-17, 9.99999999999977e-17, 9.99999999999977e-17, 9.99999999999977e-17, 9.99999999999977e-17, 9.99999999999977e-17, 9.99999999999977e-17, 9.99999999999977e-17, 9.99999999999977e-17, 9.99999999999977e-17, 9.99999999999977e-17, 9.99999999999977e-17, 9.99999999999977e-17, 9.99999999999977e-17, 9.99999999999977e-17, 9.99999999999977e-17, 9.99999999999977e-17, 9.99999999999977e-17, 9.99999999999977e-17, 9.99999999999977e-17, 9.99999999999977e-17, 9.99999999999977e-17, 9.99999999999977e-17, 9.99999999999977e-17, 9.99999999999977e-17, 9.99999999999977e-17, 9.99999999999977e-17, 9.99999999999977e-17, 9.99999999999977e-17, 9.99999999999977e-17, 9.99999999999977e-17, 9.99999999999977e-17, 9.99999999999977e-17, 9.99999999999977e-17, 9.99999999999977e-17, 9.99999999999977e-17, 9.99999999999977e-17, 9.999999999999771e-05, 9.99999999999977e-17, 9.99999999999977e-17, 9.99999999999977e-17, 9.99999999999977e-17, 9.99999999999977e-17, 9.99999999999977e-17, 9.99999999999977e-17, 9.99999999999977e-17, 9.99999999999977e-17, 9.99999999999977e-17, 9.99999999999977e-17, 9.99999999999977e-17, 9.99999999999977e-17, 9.99999999999977e-17, 9.999999999999771e-05, 9.999999999999771e-05, 9.99999999999977e-17, 9.999999999999771e-05, 9.999999999999771e-05, 9.99999999999977e-17, 9.99999999999977e-17, 9.99999999999977e-17, 9.99999999999977e-17, 0.00019999999999999543, 0.00019999999999999543, 9.999999999999771e-05, 9.999999999999771e-05, 0.00019999999999999543, 9.999999999999771e-05, 0.00019999999999999543, 0.00029999999999999314, 0.00029999999999999314, 0.0005999999999999863, 0.000699999999999984, 0.0004999999999999885, 0.00029999999999999314, 0.000699999999999984, 0.00039999999999999086, 0.0008999999999999794, 0.0005999999999999863, 0.0005999999999999863, 0.0010999999999999747, 0.0010999999999999747, 0.001399999999999968, 0.0010999999999999747, 0.0007999999999999817, 0.001699999999999961, 0.001699999999999961, 0.0017999999999999588, 0.0011999999999999726, 0.0025999999999999405, 0.003199999999999927, 0.0020999999999999517, 0.0025999999999999405, 0.0030999999999999288, 0.003199999999999927, 0.003699999999999915, 0.00349999999999992, 0.002799999999999936, 0.004099999999999906, 0.003799999999999913, 0.0032999999999999245, 0.005099999999999883, 0.00609999999999986, 0.0058999999999998646, 0.005499999999999874, 0.006899999999999842, 0.006799999999999844, 0.006299999999999855, 0.00739999999999983, 0.008499999999999805, 0.005999999999999862, 0.008799999999999798, 0.010199999999999767, 0.007899999999999819, 0.00959999999999978, 0.010199999999999767, 0.009799999999999776, 0.010099999999999769, 0.010199999999999767, 0.011699999999999731, 0.014199999999999675, 0.011999999999999724, 0.01129999999999974, 0.01219999999999972, 0.013499999999999691, 0.014999999999999656, 0.01219999999999972, 0.013299999999999696, 0.013299999999999696, 0.016199999999999628, 0.014699999999999663, 0.013499999999999691, 0.014299999999999672, 0.015399999999999647, 0.015999999999999633, 0.014999999999999656, 0.015399999999999647, 0.016899999999999613, 0.015399999999999647, 0.01699999999999961, 0.01439999999999967, 0.01479999999999966, 0.015399999999999647, 0.016399999999999623, 0.014499999999999668, 0.014199999999999675, 0.016099999999999632, 0.015999999999999633, 0.013699999999999686, 0.016499999999999623, 0.015799999999999637, 0.01399999999999968, 0.01439999999999967, 0.014199999999999675, 0.01269999999999971, 0.013399999999999693, 0.012499999999999713, 0.012999999999999703, 0.01269999999999971, 0.013799999999999684, 0.010599999999999757, 0.01049999999999976, 0.009799999999999776, 0.012499999999999713, 0.010399999999999762, 0.009999999999999771, 0.009999999999999771, 0.00919999999999979, 0.008399999999999807, 0.00699999999999984, 0.007999999999999816, 0.0058999999999998646, 0.006499999999999851, 0.007899999999999819, 0.006499999999999851, 0.005999999999999862, 0.004599999999999895, 0.005599999999999872, 0.00479999999999989, 0.004699999999999893, 0.003999999999999908, 0.004099999999999906, 0.004399999999999899, 0.003699999999999915, 0.0032999999999999245, 0.00349999999999992, 0.0015999999999999634, 0.0025999999999999405, 0.0020999999999999517, 0.0028999999999999334, 0.002399999999999945, 0.0017999999999999588, 0.001699999999999961, 0.001399999999999968, 0.0014999999999999656, 0.0014999999999999656, 0.0010999999999999747, 0.00039999999999999086, 0.0004999999999999885, 0.001399999999999968, 0.0012999999999999702, 0.000999999999999977, 0.0005999999999999863, 0.0005999999999999863, 0.0007999999999999817, 0.000999999999999977, 0.0005999999999999863, 0.00029999999999999314, 9.999999999999771e-05, 0.0005999999999999863, 0.00029999999999999314, 0.00029999999999999314, 9.999999999999771e-05, 9.999999999999771e-05, 9.999999999999771e-05, 0.00029999999999999314, 0.00019999999999999543, 0.00019999999999999543, 9.999999999999771e-05, 9.99999999999977e-17, 9.999999999999771e-05, 9.999999999999771e-05, 9.999999999999771e-05, 9.99999999999977e-17, 9.999999999999771e-05, 9.999999999999771e-05, 0.00019999999999999543, 9.99999999999977e-17, 9.99999999999977e-17, 9.99999999999977e-17, 0.00019999999999999543, 9.99999999999977e-17, 9.99999999999977e-17, 9.99999999999977e-17, 9.99999999999977e-17, 9.99999999999977e-17, 9.99999999999977e-17, 