{"n_items": 400, "weights": [9.999999999999816e-17, 9.999999999999816e-17, 9.999999999999816e-17, 9.999999999999816e-17, 9.999999999999816e-17, 9.999999999999816e-17, 9.999999999999816e-17, 9.999999999999816e-17, 9.999999999999816e-17, 9.999999999999816e-17, 9.999999999999816e-17, 9.999999999999816e-17, 9.999999999999816e-17, 9.999999999999816e-17, 9.999999999999816e-17, 9.999999999999816e-17, 9.999999999999816e-17, 9.999999999999816e-17, 9.999999999999816e-17, 9.999999999999816e-17, 9.999999999999816e-17, 9.999999999999816e-17, 9.999999999999816e-17, 9.999999999999816e-17, 9.999999999999816e-17, 9.999999999999816e-17, 9.999999999999816e-17, 9.999999999999816e-05, 9.999999999999816e-17, 9.999999999999816e-17, 9.999999999999816e-17, 9.999999999999816e-17, 9.999999999999816e-17, 9.999999999999816e-17, 9.999999999999816e-17, 9.999999999999816e-17, 9.999999999999816e-17, 9.999999999999816e-17, 9.999999999999816e-17, 9.999999999999816e-17, 9.999999999999816e-17, 9.999999999999816e-05, 9.999999999999816e-05, 9.999999999999816e-17, 9.999999999999816e-05, 9.999999999999816e-17, 9.999999999999816e-05, 9.999999999999816e-17, 9.999999999999816e-17, 9.999999999999816e-05, 9.999999999999816e-05, 9.999999999999816e-17, 0.00019999999999999632, 9.999999999999816e-17, 9.999999999999816e-17, 9.999999999999816e-17, 9.999999999999816e-05, 0.00019999999999999632, 0.0002999999999999945, 0.00039999999999999265, 9.999999999999816e-05, 9.999999999999816e-05, 9.999999999999816e-05, 9.999999999999816e-05, 0.00039999999999999265, 0.00019999999999999632, 0.000599999999999989, 0.0007999999999999853, 0.00019999999999999632, 0.00039999999999999265, 0.000599999999999989, 0.0006999999999999871, 0.0007999999999999853, 0.00039999999999999265, 0.0009999999999999816, 0.0007999999999999853, 0.0009999999999999816, 0.0006999999999999871, 0.0010999999999999797, 0.0016999999999999687, 0.0013999999999999742, 0.001299999999999976, 0.001199999999999978, 0.0010999999999999797, 0.002399999999999956, 0.002399999999999956, 0.003099999999999943, 0.0013999999999999742, 0.003099999999999943, 0.002499999999999954, 0.0032999999999999393, 0.001999999999999963, 0.002899999999999947, 0.0032999999999999393, 0.00379999999999993, 0.0027999999999999484, 0.0026999999999999503, 0.004499999999999917, 0.003599999999999934, 0.004999999999999908, 0.006099999999999888, 0.004499999999999917, 0.004399999999999919, 0.004999999999999908, 0.0053999999999999005, 0.005499999999999899, 0.005799999999999894, 0.005599999999999897, 0.006899999999999873, 0.007699999999999859, 0.006399999999999882, 0.00599999999999989, 0.006099999999999888, 0.006699999999999877, 0.007399999999999864, 0.007999999999999853, 0.007299999999999866, 0.007499999999999862, 0.00809999999999985, 0.009699999999999822, 0.009199999999999832, 0.006799999999999875, 0.008999999999999835, 0.008799999999999837, 0.008799999999999837, 0.0070999999999998694, 0.0070999999999998694, 0.008299999999999847, 0.00759999999999986, 0.006999999999999872, 0.00819999999999985, 0.010099999999999814, 0.00869999999999984, 0.008999999999999835, 0.008799999999999837, 0.007999999999999853, 0.008599999999999842, 0.006399999999999882, 0.006699999999999877, 0.0070999999999998694, 0.007499999999999862, 0.00869999999999984, 0.009599999999999824, 0.00869999999999984, 0.008599999999999842, 0.007899999999999855, 0.008499999999999844, 0.008299999999999847, 0.007899999999999855, 0.007199999999999868, 0.008299999999999847, 0.008599999999999842, 0.007399999999999864, 0.008299999999999847, 0.00759999999999986, 0.007999999999999853, 0.006499999999999881, 0.006899999999999873, 0.006899999999999873, 0.005499999999999899, 0.008599999999999842, 0.007299999999999866, 0.009399999999999827, 0.008399999999999845, 0.0077999999999998565, 0.0065999999999998785, 0.008999999999999835, 0.007899999999999855, 0.00929999999999983, 0.007699999999999859, 0.0065999999999998785, 0.00819999999999985, 0.008499999999999844, 0.008799999999999837, 0.007899999999999855, 0.00819999999999985, 0.00869999999999984, 0.007499999999999862, 0.00819999999999985, 0.006799999999999875, 0.007499999999999862, 0.00809999999999985, 0.006899999999999873, 0.008899999999999837, 0.008999999999999835, 0.009199999999999832, 0.009599999999999824, 0.008299999999999847, 0.008299999999999847, 0.006699999999999877, 0.0077999999999998565, 0.009099999999999832, 0.006399999999999882, 0.00759999999999986, 0.009099999999999832, 0.008499999999999844, 0.009199999999999832, 0.0070999999999998694, 0.008299999999999847, 0.0065999999999998785, 0.006299999999999885, 0.0070999999999998694, 0.006699999999999877, 0.0077999999999998565, 0.005699999999999895, 0.006299999999999885, 0.006099999999999888, 0.006899999999999873, 0.006199999999999886, 0.0070999999999998694, 0.004499999999999917, 0.005799999999999894, 0.00489999999999991, 0.00379999999999993, 0.004499999999999917, 0.0038999999999999283, 0.0046999999999999134, 0.004499999999999917, 0.0033999999999999374, 0.003699999999999932, 0.0041999999999999225, 0.0032999999999999393, 0.003699999999999932, 0.002899999999999947, 0.0033999999999999374, 0.0020999999999999613, 0.0021999999999999594, 0.0020999999999999613, 0.001999999999999963, 0.002299999999999958, 0.001299999999999976, 0.0021999999999999594, 0.0016999999999999687, 0.0009999999999999816, 0.0014999999999999725, 0.0008999999999999835, 0.0013999999999999742, 0.001199999999999978, 0.0009999999999999816, 0.0008999999999999835, 0.0004999999999999908, 0.0008999999999999835, 0.00039999999999999265, 0.0007999999999999853, 0.0006999999999999871, 0.00039999999999999265, 0.0006999999999999871, 0.000599999999999989, 0.00039999999999999265, 0.00039999999999999265, 0.0002999999999999945, 0.00039999999999999265, 0.00039999999999999265, 0.00039999999999999265, 9.999999999999816e-05, 0.000599999999999989, 0.0002999999999999945, 0.00019999999999999632, 0.00039999999999999265, 9.999999999999816e-17, 9.999999999999816e-17, 0.00019999999999999632, 9.999999999999816e-17, 9.999999999999816e-17, 9.999999999999816e-17, 9.999999999999816e-05, 9.999999999999816e-17, 9.999999999999816e-17, 9.999999999999816e-05, 9.999999999999816e-17, 9.999999999999816e-17, 9.999999999999816e-17, 9.999999999999816e-17, 9.999999999999816e-17, 9.999999999999816e-17, 9.999999999999816e-17, 9.999999999999816e-17, 9.999999999999816e-17, 9.999999999999816e-17, 9.999999999999816e-17, 9.999999999999816e-05, 9.999999999999816e-17, 9.999999999999816e-17, 9.999999999999816e-17, 9.999999999999816e-17, 9.999999999999816e-17, 9.999999999999816e-17, 9.999999999999816e-17, 9.999999999999816e-17, 9.999999999999816e-17, 9.999999999999816e-17, 9.999999999999816e-17, 9.999999999999816e-17, 9.999999999999816e-17, 9.999999999999816e-17, 9.999999999999816e-17, 9.999999999999816e-17, 9.999999999999816e-17, 9.999999999999816e-17, 9.999999999999816e-17, 9.999999999999816e-17, 9.999999999999816e-17, 9.999999999999816e-17, 9.999999999999816e-17, 9.999999999999816e-17, 9.999999999999816e-17, 9.999999999999816e-17, 9.999999999999816e-17, 9.999999999999816e-17, 9.999999999999816e-17, 9.999999999999816e-17, 9.999999999999816e-17, 9.999999999999816e-17, 9.999999999999816e-17, 9.999999999999816e-17, 9.999999999999816e-17, 9.999999999999816e-17, 9.999999999999816e-17, 9.999999999999816e-17, 9.999999999999816e-17, 9.999999999999816e-17, 9.999999999999816e-17, 9.999999999999816e-17, 9.999999999999816e-17, 9.999999999999816e-17, 9.999999999999816e-17, 9.999999999999816e-17, 9.999999999999816e-17, 9.999999999999816e-17, 9.999999999999816e-17, 9.999999999999816e-17, 9.999999999999816e-17, 9.999999999999816e-17, 9.999999999999816e-17, 9.999999999999816e-17, 9.999999999999816e-17, 9.999999999999816e-17, 9.999999999999816e-17, 9.999999999999816e-17, 9.999999999999816e-17, 9.999999999999816e-17, 9.999999999999816e-17, 9.999999999999816e-17, 9.999999999999816e-17, 9.999999999999816e-17, 9.999999999999816e-17, 9.999999999999816e-17, 9.999999999999816e-17, 9.999999999999816e-17, 9.999999999999816e-17, 9.999999999999816e-17, 9.999999999999816e-17, 