{"n_items": 600, "weights": [9.999999999999525e-17, 9.999999999999525e-17, 9.999999999999525e-17, 9.999999999999525e-17, 9.999999999999525e-17, 9.999999999999525e-17, 9.999999999999525e-17, 9.999999999999525e-17, 9.999999999999525e-17, 9.999999999999525e-17, 9.999999999999525e-17, 9.999999999999525e-17, 9.999999999999525e-17, 9.999999999999525e-17, 9.999999999999525e-17, 9.999999999999525e-17, 9.999999999999525e-17, 9.999999999999525e-17, 9.999999999999525e-17, 9.999999999999525e-17, 9.999999999999525e-17, 9.999999999999525e-17, 9.999999999999525e-17, 9.999999999999525e-17, 9.999999999999525e-17, 9.999999999999525e-17, 9.999999999999525e-17, 9.999999999999525e-17, 9.999999999999525e-17, 9.999999999999525e-17, 9.999999999999525e-17, 9.999999999999525e-17, 9.999999999999525e-17, 9.999999999999525e-17, 9.999999999999525e-17, 9.999999999999525e-17, 9.999999999999525e-17, 9.999999999999525e-17, 9.999999999999525e-17, 9.999999999999525e-17, 9.999999999999525e-17, 9.999999999999525e-17, 9.999999999999525e-17, 9.999999999999525e-17, 9.999999999999525e-17, 9.999999999999525e-17, 9.999999999999525e-17, 9.999999999999525e-05, 9.999999999999525e-17, 9.999999999999525e-17, 9.999999999999525e-17, 9.999999999999525e-17, 9.999999999999525e-17, 9.999999999999525e-17, 9.999999999999525e-17, 9.999999999999525e-17, 9.999999999999525e-17, 9.999999999999525e-17, 0.0001999999999999905, 9.999999999999525e-17, 9.999999999999525e-17, 9.999999999999525e-17, 9.999999999999525e-05, 9.999999999999525e-17, 9.999999999999525e-17, 9.999999999999525e-17, 0.00029999999999998577, 0.00029999999999998577, 0.00029999999999998577, 0.00029999999999998577, 0.000399999999999981, 0.0001999999999999905, 0.0004999999999999763, 0.0006999999999999668, 0.000399999999999981, 0.000799999999999962, 0.0005999999999999715, 0.0008999999999999573, 0.0014999999999999287, 0.0016999999999999192, 0.001199999999999943, 0.001999999999999905, 0.0018999999999999098, 0.001999999999999905, 0.0020999999999999, 0.004099999999999805, 0.0026999999999998718, 0.004399999999999791, 0.003599999999999829, 0.0038999999999998146, 0.006299999999999701, 0.006299999999999701, 0.0050999999999997575, 0.004899999999999767, 0.006999999999999668, 0.006799999999999677, 0.009299999999999559, 0.007299999999999653, 0.008499999999999596, 0.0083999999999996, 0.009499999999999549, 0.009399999999999555, 0.012999999999999384, 0.010799999999999487, 0.012999999999999384, 0.013799999999999344, 0.012599999999999402, 0.01409999999999933, 0.01709999999999919, 0.015199999999999278, 0.016299999999999225, 0.016899999999999197, 0.01669999999999921, 0.0188999999999991, 0.019499999999999074, 0.023699999999998875, 0.01809999999999914, 0.020899999999999006, 0.022899999999998914, 0.020799999999999014, 0.020799999999999014, 0.02129999999999899, 0.021799999999998966, 0.0231999999999989, 0.021999999999998954, 0.020699999999999018, 0.020099999999999046, 0.021399999999998982, 0.019299999999999085, 0.020299999999999038, 0.018199999999999137, 0.01809999999999914, 0.016899999999999197, 0.016099999999999236, 0.01809999999999914, 0.01829999999999913, 0.0167999999999992, 0.016499999999999217, 0.012999999999999384, 0.014399999999999316, 0.013999999999999336, 0.01349999999999936, 0.012399999999999411, 0.013299999999999368, 0.012799999999999392, 0.01199999999999943, 0.01009999999999952, 0.009799999999999535, 0.007399999999999649, 0.008999999999999573, 0.008499999999999596, 0.007099999999999663, 0.006699999999999682, 0.005499999999999739, 0.004599999999999781, 0.00399999999999981, 0.005199999999999753, 0.0049999999999997624, 0.0032999999999998434, 0.003599999999999829, 0.0036999999999998245, 0.0026999999999998718, 0.0020999999999999, 0.0012999999999999384, 0.001999999999999905, 0.0016999999999999192, 0.0017999999999999145, 0.001199999999999943, 0.0010999999999999478, 0.0010999999999999478, 0.0006999999999999668, 0.0010999999999999478, 0.0005999999999999715, 0.0001999999999999905, 0.000799999999999962, 9.999999999999525e-05, 9.999999999999525e-05, 0.0001999999999999905, 9.999999999999525e-05, 0.00029999999999998577, 0.00029999999999998577, 9.999999999999525e-05, 0.0001999999999999905, 0.0001999999999999905, 0.000399999999999981, 0.0001999999999999905, 9.999999999999525e-17, 9.999999999999525e-17, 9.999999999999525e-05, 9.999999999999525e-17, 9.999999999999525e-17, 9.999999999999525e-17, 9.999999999999525e-17, 9.999999999999525e-17, 9.999999999999525e-17, 9.999999999999525e-05, 9.999999999999525e-17, 9.999999999999525e-17, 9.999999999999525e-17, 9.999999999999525e-17, 9.999999999999525e-05, 9.999999999999525e-17, 9.999999999999525e-17, 9.999999999999525e-17, 9.999999999999525e-17, 9.999999999999525e-17, 9.999999999999525e-17, 9.999999999999525e-17, 9.999999999999525e-17, 9.999999999999525e-17, 9.999999999999525e-17, 9.999999999999525e-17, 9.999999999999525e-17, 9.999999999999525e-17, 9.999999999999525e-17, 9.999999999999525e-17, 9.999999999999525e-17, 9.999999999999525e-17, 9.999999999999525e-17, 9.999999999999525e-17, 9.999999999999525e-17, 9.999999999999525e-17, 9.999999999999525e-17, 9.999999999999525e-17, 9.999999999999525e-17, 9.999999999999525e-17, 9.999999999999525e-17, 9.999999999999525e-17, 9.999999999999525e-17, 9.999999999999525e-17, 9.999999999999525e-17, 9.999999999999525e-17, 9.999999999999525e-17, 9.999999999999525e-17, 9.999999999999525e-17, 9.999999999999525e-17, 9.999999999999525e-17, 9.999999999999525e-17, 9.999999999999525e-17, 9.999999999999525e-17, 9.999999999999525e-17, 9.999999999999525e-17, 9.999999999999525e-17, 9.999999999999525e-17, 9.999999999999525e-17, 9.999999999999525e-17, 9.999999999999525e-17, 9.999999999999525e-17, 9.999999999999525e-17, 9.999999999999525e-17, 9.999999999999525e-17, 9.999999999999525e-17, 9.999999999999525e-17, 9.999999999999525e-17, 9.999999999999525e-17, 9.999999999999525e-17, 9.999999999999525e-17, 9.999999999999525e-17, 9.999999999999525e-17, 9.999999999999525e-17, 9.999999999999525e-17, 9.999999999999525e-17, 9.999999999999525e-17, 9.999999999999525e-17, 9.999999999999525e-17, 9.999999999999525e-17, 9.999999999999525e-17, 9.999999999999525e-17, 9.999999999999525e-17, 9.999999999999525e-17, 9.999999999999525e-17, 9.999999999999525e-17, 9.999999999999525e-17, 9.999999999999525e-17, 9.999999999999525e-17, 9.999999999999525e-17, 9.999999999999525e-17, 9.999999999999525e-17, 9.999999999999525e-17, 9.999999999999525e-17, 9.999999999999525e-17, 9.999999999999525e-17, 9.999999999999525e-17, 9.999999999999525e-17, 9.999999999999525e-17, 9.999999999999525e-17, 9.999999999999525e-17, 9.999999999999525e-17, 9.999999999999525e-17, 9.999999999999525e-17, 9.999999999999525e-17, 9.999999999999525e-17, 9.999999999999525e-17, 9.999999999999525e-17, 9.999999999999525e-17, 9.999999999999525e-17, 9.999999999999525e-17, 9.999999999999525e-17, 9.999999999999525e-17, 9.999999999999525e-17, 9.999999999999525e-17, 9.999999999999525e-17, 9.999999999999525e-17, 9.999999999999525e-17, 9.999999999999525e-17, 9.999999999999525e-17, 9.999999999999525e-17, 9.999999999999525e-17, 9.999999999999525e-17, 9.999999999999525e-17, 9.999999999999525e-17, 9.999999999999525e-17, 9.999999999999525e-17, 9.999999999999525e-17, 9.999999999999525e-17, 9.999999999999525e-17, 9.999999999999525e-17, 9.999999999999525e-17, 9.999999999999525e-17, 9.999999999999525e-17, 9.999999999999525e-17, 9.999999999999525e-17, 9.999999999999525e-17, 9.999999999999525e-17, 9.999999999999525e-17, 9.999999999999525e-17, 9.999999999999525e-17, 9.999999999999525e-17, 9.999999999999525e-17, 9.999999999999525e-17, 9.999999999999525e-17, 9.999999999999525e-17, 9.999999999999525e-17, 9.999999999999525e-17, 9.999999999999525e-17, 9.999999999999525e-17, 9.999999999999525e-17, 9.999999999999525e-17, 9.999999999999525e-17, 9.999999999999525e-17, 9.999999999999525e-17, 9.999999999999525e-17, 9.999999999999525e-17, 9.999999999999525e-17, 9.999999999999525e-17, 9.999999999999525e-17, 9.999999999999525e-17, 9.999999999999525e-17, 9.999999999999525e-17, 9.999999999999525e-17, 