{"n_items": 200, "weights": [1.0117361392148795e-16, 1.0117361392148795e-16, 1.0117361392148795e-16, 1.0117361392148795e-16, 1.0117361392148795e-16, 1.0117361392148795e-16, 1.0117361392148795e-16, 1.0117361392148795e-16, 1.0117361392148795e-16, 1.0117361392148795e-16, 1.0117361392148795e-16, 1.0117361392148795e-16, 1.0117361392148795e-16, 1.0117361392148795e-16, 1.0117361392148795e-16, 1.0117361392148795e-16, 1.0117361392148795e-16, 1.0117361392148795e-16, 1.0117361392148795e-16, 1.0117361392148795e-16, 1.0117361392148795e-16, 1.0117361392148795e-16, 1.0117361392148795e-16, 1.0117361392148795e-16, 1.0117361392148795e-16, 0.0002023472278429759, 0.0002023472278429759, 0.0004046944556859518, 0.0004046944556859518, 0.0012140833670578554, 0.0019222986645082711, 0.002529340348037199, 0.0033387292594091026, 0.004350465398623982, 0.005665722379603325, 0.008093889113719036, 0.01042088223391326, 0.015378389316066169, 0.015985430999595096, 0.016693646297045513, 0.022561715904491814, 0.0251922298664505, 0.03166734115742573, 0.027923917442330675, 0.030554431404289362, 0.03217320922703317, 0.03328611898016954, 0.032780250910562095, 0.03065560501821085, 0.02660866046135133, 0.02377579927154967, 0.021651153379198422, 0.019627681100768662, 0.014063132335086825, 0.011736139214892603, 0.009004451639012428, 0.006171590449210765, 0.006272764063132253, 0.004552812626466958, 0.0032375556454876143, 0.002023472278429759, 0.0013152569809793434, 0.0014164305949008313, 0.0005058680696074397, 0.00010117361392148795, 0.00010117361392148795, 1.0117361392148795e-16, 1.0117361392148795e-16, 0.00010117361392148795, 1.0117361392148795e-16, 1.0117361392148795e-16, 1.0117361392148795e-16, 1.0117361392148795e-16, 1.0117361392148795e-16, 1.0117361392148795e-16, 1.0117361392148795e-16, 1.0117361392148795e-16, 1.0117361392148795e-16, 1.0117361392148795e-16, 1.0117361392148795e-16, 1.0117361392148795e-16, 1.0117361392148795e-16, 1.0117361392148795e-16, 1.0117361392148795e-16, 1.0117361392148795e-16, 1.0117361392148795e-16, 1.0117361392148795e-16, 1.0117361392148795e-16, 1.0117361392148795e-16, 1.0117361392148795e-16, 1.0117361392148795e-16, 1.0117361392148795e-16, 1.0117361392148795e-16, 1.0117361392148795e-16, 1.0117361392148795e-16, 1.0117361392148795e-16, 1.0117361392148795e-16, 1.0117361392148795e-16, 1.0117361392148795e-16, 1.0117361392148795e-16, 1.0117361392148795e-16, 1.0117361392148795e-16, 1.0117361392148795e-16, 1.0117361392148795e-16, 1.0117361392148795e-16, 1.0117361392148795e-16, 1.0117361392148795e-16, 1.0117361392148795e-16, 1.0117361392148795e-16, 1.0117361392148795e-16, 1.0117361392148795e-16, 1.0117361392148795e-16, 1.0117361392148795e-16, 1.0117361392148795e-16, 1.0117361392148795e-16, 1.0117361392148795e-16, 1.0117361392148795e-16, 1.0117361392148795e-16, 1.0117361392148795e-16, 1.0117361392148795e-16, 1.0117361392148795e-16, 1.0117361392148795e-16, 1.0117361392148795e-16, 1.0117361392148795e-16, 1.0117361392148795e-16, 1.0117361392148795e-16, 1.0117361392148795e-16, 1.0117361392148795e-16, 1.0117361392148795e-16, 1.0117361392148795e-16, 1.0117361392148795e-16, 1.0117361392148795e-16, 1.0117361392148795e-16, 1.0117361392148795e-16, 1.0117361392148795e-16, 1.0117361392148795e-16, 1.0117361392148795e-16, 1.0117361392148795e-16, 1.0117361392148795e-16, 1.0117361392148795e-16, 1.0117361392148795e-16, 1.0117361392148795e-16, 1.0117361392148795e-16, 1.0117361392148795e-16, 1.0117361392148795e-16, 1.0117361392148795e-16, 1.0117361392148795e-16, 1.0117361392148795e-16, 1.0117361392148795e-16, 1.0117361392148795e-16, 1.0117361392148795e-16, 1.0117361392148795e-16, 1.0117361392148795e-16, 1.0117361392148795e-16, 1.0117361392148795e-16, 1.0117361392148795e-16, 1.0117361392148795e-16, 1.0117361392148795e-16, 1.0117361392148795e-16, 1.0117361392148795e-16, 1.0117361392148795e-16, 1.0117361392148795e-16, 1.0117361392148795e-16, 1.0117361392148795e-16, 1.0117361392148795e-16, 1.0117361392148795e-16, 1.0117361392148795e-16, 1.0117361392148795e-16, 1.0117361392148795e-16, 0.00010117361392148795, 0.0004046944556859518, 0.0002023472278429759, 0.0005058680696074397, 0.0012140833670578554, 0.0010117361392148795, 0.0017199514366652952, 0.0035410764872520783, 0.0037434237150950544, 0.006373937677053741, 0.0083974099554835, 0.010319708619991772, 0.012646701740185994, 0.01689599352488849, 0.020942938081748005, 0.021448806151355446, 0.02428166734115711, 0.029441521651152994, 0.030756778632132338, 0.033589639821934, 0.035309591258599296, 0.033589639821934, 0.03217320922703317, 0.03065560501821085, 0.030352084176446387, 0.026507486847429845, 0.02670983407527282, 0.019121813031161224, 0.018615944961553783, 0.013557264265479386, 1.0117361392148795e-16], "profits": [1.0, 1.0, 1.0, 1.0, 1.0, 1.0, 1.0, 1.0, 1.0, 1.0, 1.0, 1.0, 1.0, 1.0, 1.0, 1.0, 1.0, 1.0, 1.0, 1.0, 1.0, 1.0, 1.0, 1.0, 1.0, 1.0, 1.0, 1.0, 1.0, 1.0, 1.0, 1.0, 1.0, 1.0, 1.0, 1.0, 0.1, 1.0, 1.0, 1.0, 1.0, 1.0, 1.0, 1.0, 1.0, 1.0, 0.1, 1.0, 1.0, 1.0, 1.0, 1.0, 1.0, 1.0, 1.0, 1.0, 1.0, 1.0, 1.0, 1.0, 1.0, 1.0, 1.0, 1.0, 1.0, 1.0, 1.0, 1.0, 1.0, 1.0, 1.0, 1.0, 1.0, 1.0, 1.0, 1.0, 1.0, 1.0, 1.0, 1.0, 1.0, 1.0, 1.0, 1.0, 1.0, 1.0, 1.0, 1.0, 1.0, 1.0, 1.0, 1.0, 1.0, 1.0, 1.0, 1.0, 1.0, 1.0, 1.0, 1.0, 1.0, 1.0, 1.0, 1.0, 1.0, 1.0, 1.0, 1.0, 1.0, 1.0, 1.0, 1.0, 1.0, 1.0, 1.0, 1.0, 1.0, 1.0, 1.0, 1.0, 1.0, 1.0, 1.0, 1.0, 1.0, 1.0, 1.0, 1.0, 1.0, 1.0, 1.0, 1.0, 1.0, 1.0, 1.0, 1.0, 1.0, 1.0, 1.0, 1.0, 1.0, 1.0, 1.0, 1.0, 1.0, 1.0, 1.0, 1.0, 1.0, 1.0, 1.0, 1.0, 1.0, 1.0, 1.0, 1.0, 1.0, 1.0, 1.0, 1.0, 1.0, 1.0, 1.0, 1.0, 1.0, 1.0, 1.0, 1.0, 1.0, 1.0, 1.0, 1.0, 1.0, 1.0, 1.0, 1.0, 1.0, 1.0, 1.0, 1.0, 1.0, 1.0, 1.0, 1.0, 1.0, 1.0, 1.0, 1.0, 1.0, 1.0, 1.0, 1.0, 1.0, 1.0, 1.0, 1.0, 1.0, 1.0, 1.0, 1.0], "min_weight": 0.95, "max_distance": 2}