{"n_items": 400, "weights": [9.999999999999916e-17, 9.999999999999916e-05, 9.999999999999916e-17, 9.999999999999916e-17, 9.999999999999916e-17, 9.999999999999916e-17, 9.999999999999916e-17, 0.00019999999999999833, 9.999999999999916e-17, 9.999999999999916e-17, 9.999999999999916e-05, 9.999999999999916e-17, 9.999999999999916e-05, 9.999999999999916e-17, 9.999999999999916e-17, 9.999999999999916e-17, 9.999999999999916e-17, 0.00019999999999999833, 9.999999999999916e-17, 9.999999999999916e-17, 9.999999999999916e-05, 9.999999999999916e-05, 9.999999999999916e-05, 9.999999999999916e-05, 9.999999999999916e-17, 9.999999999999916e-05, 9.999999999999916e-05, 9.999999999999916e-17, 9.999999999999916e-05, 9.999999999999916e-17, 9.999999999999916e-17, 9.999999999999916e-05, 9.999999999999916e-05, 9.999999999999916e-05, 0.00019999999999999833, 0.00019999999999999833, 9.999999999999916e-05, 0.00019999999999999833, 9.999999999999916e-05, 0.0002999999999999975, 0.0002999999999999975, 9.999999999999916e-17, 9.999999999999916e-05, 0.00019999999999999833, 0.00019999999999999833, 0.0002999999999999975, 0.00019999999999999833, 0.00039999999999999666, 0.0002999999999999975, 0.00019999999999999833, 0.00019999999999999833, 0.00039999999999999666, 0.0002999999999999975, 9.999999999999916e-05, 0.0004999999999999958, 0.000599999999999995, 0.000599999999999995, 0.00039999999999999666, 0.0004999999999999958, 0.0007999999999999933, 0.0002999999999999975, 0.0006999999999999941, 9.999999999999916e-05, 9.999999999999916e-05, 0.0007999999999999933, 0.00039999999999999666, 0.0002999999999999975, 0.00019999999999999833, 0.000599999999999995, 0.000599999999999995, 0.000599999999999995, 0.0002999999999999975, 0.0006999999999999941, 0.0008999999999999925, 0.000599999999999995, 0.00039999999999999666, 0.0004999999999999958, 0.0009999999999999916, 0.0007999999999999933, 0.00039999999999999666, 0.0009999999999999916, 0.00119999999999999, 0.0007999999999999933, 0.001299999999999989, 0.000599999999999995, 0.001799999999999985, 0.00119999999999999, 0.0015999999999999866, 0.0013999999999999883, 0.00119999999999999, 0.001799999999999985, 0.0020999999999999825, 0.00119999999999999, 0.0013999999999999883, 0.0021999999999999815, 0.001299999999999989, 0.0016999999999999858, 0.001999999999999983, 0.0013999999999999883, 0.0021999999999999815, 0.003099999999999974, 0.0015999999999999866, 0.0018999999999999842, 0.0032999999999999722, 0.0024999999999999792, 0.001999999999999983, 0.002599999999999978, 0.002299999999999981, 0.002899999999999976, 0.0026999999999999776, 0.0020999999999999825, 0.002599999999999978, 0.0031999999999999733, 0.0026999999999999776, 0.003699999999999969, 0.0037999999999999683, 0.002899999999999976, 0.0033999999999999716, 0.002899999999999976, 0.00359999999999997, 0.0037999999999999683, 0.0042999999999999644, 0.0037999999999999683, 0.0042999999999999644, 0.0024999999999999792, 0.003099999999999974, 0.0032999999999999722, 0.003999999999999966, 0.003999999999999966, 0.003999999999999966, 0.003099999999999974, 0.0042999999999999644, 0.005099999999999957, 0.00479999999999996, 0.0049999999999999585, 0.004099999999999966, 0.005599999999999953, 0.0056999999999999525, 0.005499999999999954, 0.006499999999999946, 0.0056999999999999525, 0.005799999999999952, 0.00599999999999995, 0.007599999999999937, 0.004899999999999959, 0.007599999999999937, 0.006799999999999943, 0.005599999999999953, 0.006299999999999947, 0.006799999999999943, 0.005399999999999955, 0.0070999999999999406, 0.007799999999999935, 0.006199999999999948, 0.007699999999999935, 0.008199999999999931, 0.007499999999999937, 0.007399999999999938, 0.00589999999999995, 0.006999999999999941, 0.007999999999999933, 0.00719999999999994, 0.007499999999999937, 0.006099999999999949, 0.007599999999999937, 0.0070999999999999406, 0.006899999999999943, 0.008899999999999925, 0.006499999999999946, 0.007599999999999937, 0.007799999999999935, 0.009899999999999918, 0.00829999999999993, 0.008799999999999926, 0.0070999999999999406, 0.0063999999999999465, 0.00829999999999993, 0.007699999999999935, 0.00719999999999994, 0.007299999999999939, 0.007799999999999935, 0.008199999999999931, 0.006899999999999943, 0.008599999999999929, 0.00939999999999992, 0.007899999999999933, 0.00849999999999993, 0.008199999999999931, 0.008099999999999932, 0.00829999999999993, 0.00719999999999994, 0.007499999999999937, 0.010199999999999914, 0.007699999999999935, 0.006799999999999943, 0.0070999999999999406, 0.00849999999999993, 0.007499999999999937, 0.00599999999999995, 0.006499999999999946, 0.007699999999999935, 0.008199999999999931, 0.007499999999999937, 0.006899999999999943, 0.008899999999999925, 0.006899999999999943, 0.007599999999999937, 0.007899999999999933, 0.007399999999999938, 0.007499999999999937, 0.006799999999999943, 0.007599999999999937, 0.006099999999999949, 0.005499999999999954, 0.006299999999999947, 0.006499999999999946, 0.006699999999999944, 0.00599999999999995, 0.007399999999999938, 0.006099999999999949, 0.0056999999999999525, 0.00589999999999995, 0.00599999999999995, 0.005199999999999956, 0.00589999999999995, 0.00479999999999996, 0.00469999999999996, 0.005099999999999957, 0.005799999999999952, 0.004199999999999965, 0.0065999999999999445, 0.005399999999999955, 0.004199999999999965, 0.005799999999999952, 0.005199999999999956, 0.0026999999999999776, 0.004899999999999959, 0.0037999999999999683, 0.005799999999999952, 0.0038999999999999673, 0.004899999999999959, 0.00359999999999997, 0.0032999999999999722, 0.0033999999999999716, 0.0038999999999999673, 0.005099999999999957, 0.0033999999999999716, 0.0032999999999999722, 0.00359999999999997, 0.0034999999999999706, 0.002899999999999976, 0.0038999999999999673, 0.0027999999999999766, 0.00239999999999998, 0.0024999999999999792, 0.00359999999999997, 0.001799999999999985, 0.0021999999999999815, 0.0026999999999999776, 0.0027999999999999766, 0.0026999999999999776, 0.0015999999999999866, 0.0021999999999999815, 0.002299999999999981, 0.002299999999999981, 0.0018999999999999842, 0.0016999999999999858, 0.002299999999999981, 0.0020999999999999825, 0.0016999999999999858, 0.0013999999999999883, 0.0009999999999999916, 0.001999999999999983, 0.0015999999999999866, 0.0015999999999999866, 0.001299999999999989, 0.0008999999999999925, 0.001299999999999989, 0.0010999999999999907, 0.0007999999999999933, 0.0009999999999999916, 0.0010999999999999907, 0.0004999999999999958, 0.0006999999999999941, 0.0009999999999999916, 0.0009999999999999916, 0.0007999999999999933, 0.0008999999999999925, 0.0006999999999999941, 0.00019999999999999833, 0.000599999999999995, 0.0006999999999999941, 0.0008999999999999925, 0.0006999999999999941, 0.0008999999999999925, 0.0010999999999999907, 0.0004999999999999958, 0.0008999999999999925, 0.00039999999999999666, 0.0004999999999999958, 0.0002999999999999975, 0.000599999999999995, 0.00019999999999999833, 0.0002999999999999975, 0.00019999999999999833, 0.00019999999999999833, 0.0002999999999999975, 0.0002999999999999975, 0.0002999999999999975, 0.000599999999999995, 9.999999999999916e-05, 0.00019999999999999833, 0.0004999999999999958, 0.0002999999999999975, 0.00019999999999999833, 0.0002999999999999975, 9.999999999999916e-05, 9.999999999999916e-17, 9.999999999999916e-05, 9.999999999999916e-17, 9.999999999999916e-17, 0.00019999999999999833, 9.999999999999916e-05, 0.0002999999999999975, 0.0002999999999999975, 0.00019999999999999833, 0.00019999999999999833, 9.999999999999916e-05, 0.0002999999999999975, 0.00019999999999999833, 9.999999999999916e-05, 9.999999999999916e-05, 9.999999999999916e-05, 0.00039999999999999666, 9.999999999999916e-05, 9.999999999999916e-17, 9.999999999999916e-05, 9.999999999999916e-17, 9.999999999999916e-17, 9.999999999999916e-17, 9.999999999999916e-05, 9.999999999999916e-17, 9.999999999999916e-17, 9.999999999999916e-17, 9.999999999999916e-17, 9.999999999999916e-05, 9.999999999999916e-17, 9.999999999999916e-17, 9.999999999999916e-17, 9.999999999999916e-05, 9.999999999999916e-17, 9.999999999999916e-17, 