{"n_items": 200, "weights": [9.99999999999996e-05, 9.99999999999996e-17, 9.99999999999996e-17, 9.99999999999996e-17, 9.99999999999996e-17, 9.99999999999996e-17, 0.0001999999999999992, 9.99999999999996e-17, 0.0001999999999999992, 0.0002999999999999988, 9.99999999999996e-05, 9.99999999999996e-17, 0.000499999999999998, 0.0001999999999999992, 0.0001999999999999992, 0.0003999999999999984, 0.0003999999999999984, 0.000499999999999998, 0.0005999999999999976, 0.0008999999999999964, 0.0005999999999999976, 0.0006999999999999972, 0.0011999999999999951, 0.000999999999999996, 0.0005999999999999976, 0.0007999999999999968, 0.0013999999999999943, 0.000999999999999996, 0.0011999999999999951, 0.0011999999999999951, 0.0013999999999999943, 0.001999999999999992, 0.0018999999999999924, 0.001999999999999992, 0.0027999999999999887, 0.0013999999999999943, 0.0025999999999999895, 0.0028999999999999885, 0.0030999999999999877, 0.003699999999999985, 0.003199999999999987, 0.004099999999999984, 0.003899999999999984, 0.003299999999999987, 0.003899999999999984, 0.005199999999999979, 0.00499999999999998, 0.005199999999999979, 0.006299999999999975, 0.0061999999999999755, 0.006299999999999975, 0.005599999999999977, 0.00759999999999997, 0.006799999999999973, 0.006999999999999972, 0.008299999999999967, 0.009099999999999964, 0.010699999999999958, 0.008899999999999965, 0.009099999999999964, 0.011899999999999952, 0.00999999999999996, 0.009299999999999963, 0.012399999999999951, 0.011099999999999955, 0.011099999999999955, 0.011799999999999953, 0.013099999999999947, 0.013299999999999947, 0.015299999999999939, 0.014299999999999943, 0.011899999999999952, 0.01509999999999994, 0.015299999999999939, 0.015299999999999939, 0.014899999999999941, 0.016199999999999937, 0.01719999999999993, 0.016499999999999935, 0.016199999999999937, 0.015299999999999939, 0.018199999999999928, 0.016799999999999933, 0.01729999999999993, 0.01479999999999994, 0.015799999999999936, 0.01519999999999994, 0.01499999999999994, 0.013199999999999948, 0.018799999999999924, 0.015599999999999937, 0.01509999999999994, 0.015899999999999935, 0.012799999999999949, 0.01519999999999994, 0.01469999999999994, 0.012399999999999951, 0.013199999999999948, 0.012799999999999949, 0.013899999999999944, 0.011499999999999955, 0.011699999999999953, 0.013999999999999945, 0.013299999999999947, 0.010599999999999958, 0.01249999999999995, 0.009899999999999961, 0.010499999999999957, 0.008899999999999965, 0.008999999999999965, 0.00999999999999996, 0.009799999999999962, 0.006599999999999974, 0.00759999999999997, 0.007099999999999972, 0.006799999999999973, 0.007999999999999967, 0.0058999999999999764, 0.006699999999999973, 0.006499999999999974, 0.005599999999999977, 0.004499999999999982, 0.005599999999999977, 0.0050999999999999795, 0.004499999999999982, 0.004499999999999982, 0.0030999999999999877, 0.0035999999999999856, 0.0030999999999999877, 0.0027999999999999887, 0.003299999999999987, 0.0027999999999999887, 0.0028999999999999885, 0.0025999999999999895, 0.0016999999999999932, 0.0011999999999999951, 0.001999999999999992, 0.0013999999999999943, 0.0010999999999999955, 0.0008999999999999964, 0.0013999999999999943, 0.0008999999999999964, 0.000999999999999996, 0.000999999999999996, 0.0008999999999999964, 0.0007999999999999968, 0.0006999999999999972, 0.000499999999999998, 0.0002999999999999988, 0.0005999999999999976, 0.000999999999999996, 0.0001999999999999992, 0.0002999999999999988, 0.0003999999999999984, 0.0005999999999999976, 0.0002999999999999988, 0.0002999999999999988, 0.0001999999999999992, 0.0001999999999999992, 9.99999999999996e-17, 0.0001999999999999992, 9.99999999999996e-17, 0.0001999999999999992, 9.99999999999996e-05, 9.99999999999996e-05, 9.99999999999996e-17, 0.0001999999999999992, 9.99999999999996e-05, 9.99999999999996e-17, 9.99999999999996e-17, 9.99999999999996e-05, 9.99999999999996e-17, 9.99999999999996e-17, 9.99999999999996e-17, 9.99999999999996e-05, 9.99999999999996e-17, 9.99999999999996e-05, 9.99999999999996e-17, 9.99999999999996e-17, 9.99999999999996e-17, 9.99999999999996e-17, 9.99999999999996e-17, 9.99999999999996e-17, 9.99999999999996e-17, 9.99999999999996e-17, 9.99999999999996e-17, 9.99999999999996e-17, 9.99999999999996e-17, 9.99999999999996e-17, 9.99999999999996e-17, 9.99999999999996e-17, 9.99999999999996e-17, 9.99999999999996e-17, 9.99999999999996e-17, 9.99999999999996e-17, 9.99999999999996e-17, 9.99999999999996e-17, 9.99999999999996e-17, 9.99999999999996e-17, 9.99999999999996e-17], "profits": [1.0, 1.0, 1.0, 1.0, 1.0, 1.0, 1.0, 1.0, 1.0, 1.0, 1.0, 1.0, 1.0, 1.0, 1.0, 1.0, 1.0, 1.0, 1.0, 1.0, 1.0, 1.0, 1.0, 1.0, 1.0, 1.0, 1.0, 1.0, 1.0, 1.0, 1.0, 1.0, 1.0, 1.0, 1.0, 1.0, 1.0, 1.0, 1.0, 1.0, 1.0, 1.0, 1.0, 1.0, 1.0, 1.0, 1.0, 1.0, 1.0, 1.0, 1.0, 1.0, 1.0, 1.0, 1.0, 1.0, 1.0, 1.0, 1.0, 1.0, 1.0, 1.0, 1.0, 1.0, 1.0, 1.0, 1.0, 1.0, 1.0, 1.0, 1.0, 1.0, 1.0, 1.0, 1.0, 1.0, 1.0, 1.0, 1.0, 1.0, 1.0, 1.0, 1.0, 1.0, 1.0, 1.0, 1.0, 1.0, 1.0, 1.0, 1.0, 1.0, 1.0, 1.0, 1.0, 1.0, 1.0, 1.0, 1.0, 1.0, 1.0, 1.0, 1.0, 1.0, 1.0, 1.0, 1.0, 1.0, 1.0, 1.0, 1.0, 1.0, 1.0, 1.0, 1.0, 1.0, 1.0, 1.0, 1.0, 1.0, 1.0, 1.0, 1.0, 1.0, 1.0, 1.0, 1.0, 1.0, 1.0, 1.0, 1.0, 1.0, 1.0, 1.0, 1.0, 1.0, 1.0, 1.0, 1.0, 1.0, 1.0, 1.0, 1.0, 1.0, 1.0, 1.0, 1.0, 1.0, 1.0, 1.0, 1.0, 1.0, 1.0, 1.0, 1.0, 1.0, 1.0, 1.0, 1.0, 1.0, 1.0, 1.0, 1.0, 1.0, 1.0, 1.0, 1.0, 1.0, 1.0, 1.0, 1.0, 1.0, 1.0, 1.0, 1.0, 1.0, 1.0, 1.0, 1.0, 1.0, 1.0, 1.0, 1.0, 1.0, 1.0, 1.0, 1.0, 1.0, 1.0, 1.0, 1.0, 1.0, 1.0, 1.0, 1.0, 1.0, 1.0, 1.0, 1.0, 1.0], "min_weight": 0.95, "max_distance": 5}