{"n_items": 200, "weights": [9.999999999999843e-17, 9.999999999999843e-17, 9.999999999999843e-17, 9.999999999999843e-17, 9.999999999999843e-17, 9.999999999999843e-17, 9.999999999999843e-17, 9.999999999999843e-17, 9.999999999999843e-17, 9.999999999999843e-17, 9.999999999999843e-17, 9.999999999999843e-17, 9.999999999999843e-17, 9.999999999999843e-17, 9.999999999999843e-17, 9.999999999999843e-17, 9.999999999999843e-17, 9.999999999999843e-17, 9.999999999999843e-17, 9.999999999999843e-17, 9.999999999999843e-17, 9.999999999999843e-17, 9.999999999999843e-17, 9.999999999999843e-17, 9.999999999999843e-17, 9.999999999999843e-17, 9.999999999999843e-17, 9.999999999999843e-17, 9.999999999999843e-17, 9.999999999999843e-17, 9.999999999999843e-17, 9.999999999999843e-17, 9.999999999999843e-17, 9.999999999999843e-17, 9.999999999999843e-17, 9.999999999999843e-17, 9.999999999999843e-17, 9.999999999999843e-17, 9.999999999999843e-17, 9.999999999999843e-17, 9.999999999999843e-17, 9.999999999999843e-17, 9.999999999999843e-17, 9.999999999999843e-17, 9.999999999999843e-17, 9.999999999999843e-17, 9.999999999999843e-17, 9.999999999999843e-17, 9.999999999999843e-17, 9.999999999999843e-17, 9.999999999999843e-17, 9.999999999999843e-17, 9.999999999999843e-17, 9.999999999999843e-17, 9.999999999999843e-17, 9.999999999999843e-17, 9.999999999999843e-17, 9.999999999999843e-05, 9.999999999999843e-17, 9.999999999999843e-17, 9.999999999999843e-05, 9.999999999999843e-17, 9.999999999999843e-17, 0.00019999999999999687, 0.00019999999999999687, 0.0008999999999999859, 0.0014999999999999766, 0.0021999999999999654, 0.0032999999999999484, 0.004399999999999931, 0.0070999999999998885, 0.00839999999999987, 0.01149999999999982, 0.018299999999999712, 0.021199999999999667, 0.02429999999999962, 0.03419999999999947, 0.038099999999999405, 0.04669999999999927, 0.05169999999999919, 0.05029999999999921, 0.06229999999999902, 0.06009999999999906, 0.06449999999999899, 0.060899999999999045, 0.060299999999999056, 0.057599999999999096, 0.05519999999999914, 0.048299999999999246, 0.0445999999999993, 0.03709999999999942, 0.028499999999999553, 0.02509999999999961, 0.0191999999999997, 0.015199999999999762, 0.010199999999999841, 0.008999999999999859, 0.006799999999999894, 0.003999999999999938, 0.0017999999999999718, 0.001999999999999969, 0.0010999999999999827, 0.000699999999999989, 0.00019999999999999687, 0.0002999999999999953, 0.0002999999999999953, 9.999999999999843e-17, 9.999999999999843e-17, 9.999999999999843e-17, 9.999999999999843e-17, 9.999999999999843e-17, 9.999999999999843e-17, 9.999999999999843e-17, 9.999999999999843e-17, 9.999999999999843e-17, 9.999999999999843e-17, 9.999999999999843e-17, 9.999999999999843e-17, 9.999999999999843e-17, 9.999999999999843e-17, 9.999999999999843e-17, 9.999999999999843e-17, 9.999999999999843e-17, 9.999999999999843e-17, 9.999999999999843e-17, 9.999999999999843e-17, 9.999999999999843e-17, 9.999999999999843e-17, 9.999999999999843e-17, 9.999999999999843e-17, 9.999999999999843e-17, 9.999999999999843e-17, 9.999999999999843e-17, 9.999999999999843e-17, 9.999999999999843e-17, 9.999999999999843e-17, 9.999999999999843e-17, 9.999999999999843e-17, 9.999999999999843e-17, 9.999999999999843e-17, 9.999999999999843e-17, 9.999999999999843e-17, 9.999999999999843e-17, 9.999999999999843e-17, 9.999999999999843e-17, 9.999999999999843e-17, 9.999999999999843e-17, 9.999999999999843e-17, 9.999999999999843e-17, 9.999999999999843e-17, 9.999999999999843e-17, 9.999999999999843e-17, 9.999999999999843e-17, 9.999999999999843e-17, 9.999999999999843e-17, 9.999999999999843e-17, 9.999999999999843e-17, 9.999999999999843e-17, 9.999999999999843e-17, 9.999999999999843e-17, 9.999999999999843e-17, 9.999999999999843e-17, 9.999999999999843e-17, 9.999999999999843e-17, 9.999999999999843e-17, 9.999999999999843e-17, 9.999999999999843e-17, 9.999999999999843e-17, 9.999999999999843e-17, 9.999999999999843e-17, 9.999999999999843e-17, 9.999999999999843e-17, 9.999999999999843e-17, 9.999999999999843e-17, 9.999999999999843e-17, 9.999999999999843e-17, 9.999999999999843e-17, 9.999999999999843e-17, 9.999999999999843e-17, 9.999999999999843e-17, 9.999999999999843e-17, 9.999999999999843e-17, 9.999999999999843e-17, 9.999999999999843e-17, 9.999999999999843e-17, 9.999999999999843e-17, 9.999999999999843e-17, 9.999999999999843e-17, 9.999999999999843e-17, 9.999999999999843e-17, 9.999999999999843e-17, 9.999999999999843e-17, 9.999999999999843e-17, 9.999999999999843e-17, 9.999999999999843e-17, 9.999999999999843e-17, 9.999999999999843e-17, 9.999999999999843e-17, 9.999999999999843e-17, 9.999999999999843e-17], "profits": [1.0, 1.0, 1.0, 1.0, 1.0, 1.0, 1.0, 1.0, 1.0, 1.0, 1.0, 1.0, 1.0, 1.0, 1.0, 1.0, 1.0, 1.0, 1.0, 1.0, 1.0, 1.0, 1.0, 1.0, 1.0, 1.0, 1.0, 1.0, 1.0, 1.0, 1.0, 1.0, 1.0, 1.0, 1.0, 1.0, 1.0, 1.0, 1.0, 1.0, 1.0, 1.0, 1.0, 1.0, 1.0, 1.0, 1.0, 1.0, 1.0, 1.0, 1.0, 1.0, 1.0, 1.0, 1.0, 1.0, 1.0, 1.0, 1.0, 1.0, 1.0, 1.0, 1.0, 1.0, 1.0, 1.0, 1.0, 1.0, 1.0, 1.0, 1.0, 1.0, 1.0, 1.0, 1.0, 1.0, 1.0, 1.0, 1.0, 1.0, 1.0, 1.0, 1.0, 1.0, 1.0, 1.0, 1.0, 1.0, 1.0, 1.0, 1.0, 1.0, 1.0, 1.0, 1.0, 1.0, 1.0, 1.0, 1.0, 1.0, 1.0, 1.0, 1.0, 1.0, 1.0, 1.0, 1.0, 1.0, 1.0, 1.0, 1.0, 1.0, 1.0, 1.0, 1.0, 1.0, 1.0, 1.0, 1.0, 1.0, 1.0, 1.0, 1.0, 1.0, 1.0, 1.0, 1.0, 1.0, 1.0, 1.0, 1.0, 1.0, 1.0, 1.0, 1.0, 1.0, 1.0, 1.0, 1.0, 1.0, 1.0, 1.0, 1.0, 1.0, 1.0, 1.0, 1.0, 1.0, 1.0, 1.0, 1.0, 1.0, 1.0, 1.0, 1.0, 1.0, 1.0, 1.0, 1.0, 1.0, 1.0, 1.0, 1.0, 1.0, 1.0, 1.0, 1.0, 1.0, 1.0, 1.0, 1.0, 1.0, 1.0, 1.0, 1.0, 1.0, 1.0, 1.0, 1.0, 1.0, 1.0, 1.0, 1.0, 1.0, 1.0, 1.0, 1.0, 1.0, 1.0, 1.0, 1.0, 1.0, 1.0, 1.0, 1.0, 1.0, 1.0, 1.0, 1.0, 1.0], "min_weight": 0.95, "max_distance": 3}