{"n_items": 200, "weights": [9.999999999999963e-17, 9.999999999999963e-17, 9.999999999999963e-17, 9.999999999999963e-17, 9.999999999999964e-05, 9.999999999999963e-17, 9.999999999999963e-17, 9.999999999999963e-17, 9.999999999999963e-17, 9.999999999999963e-17, 9.999999999999963e-17, 9.999999999999963e-17, 9.999999999999963e-17, 9.999999999999963e-17, 9.999999999999963e-17, 9.999999999999964e-05, 0.00019999999999999928, 0.00019999999999999928, 9.999999999999964e-05, 9.999999999999963e-17, 9.999999999999964e-05, 9.999999999999964e-05, 0.0002999999999999989, 9.999999999999964e-05, 0.00019999999999999928, 9.999999999999964e-05, 9.999999999999964e-05, 9.999999999999964e-05, 0.00039999999999999856, 0.00039999999999999856, 0.0002999999999999989, 0.0005999999999999978, 0.0008999999999999967, 0.0008999999999999967, 0.0006999999999999975, 0.0009999999999999963, 0.0006999999999999975, 0.0002999999999999989, 0.0009999999999999963, 0.001099999999999996, 0.0012999999999999952, 0.0014999999999999946, 0.001099999999999996, 0.0016999999999999938, 0.001099999999999996, 0.0020999999999999925, 0.0017999999999999934, 0.0020999999999999925, 0.0025999999999999903, 0.0016999999999999938, 0.002199999999999992, 0.001899999999999993, 0.0028999999999999894, 0.0025999999999999903, 0.0036999999999999867, 0.003899999999999986, 0.003299999999999988, 0.003899999999999986, 0.003299999999999988, 0.0048999999999999825, 0.005099999999999981, 0.004799999999999982, 0.005799999999999979, 0.0059999999999999784, 0.007699999999999972, 0.00549999999999998, 0.006399999999999977, 0.006599999999999976, 0.009799999999999965, 0.00839999999999997, 0.009899999999999964, 0.009699999999999964, 0.00809999999999997, 0.010199999999999963, 0.011999999999999957, 0.010199999999999963, 0.010199999999999963, 0.011099999999999959, 0.012999999999999953, 0.010699999999999961, 0.010299999999999962, 0.012399999999999954, 0.012099999999999956, 0.01379999999999995, 0.014199999999999949, 0.013999999999999948, 0.013499999999999951, 0.01599999999999994, 0.01659999999999994, 0.014199999999999949, 0.015599999999999944, 0.014799999999999947, 0.017399999999999936, 0.01609999999999994, 0.015599999999999944, 0.015399999999999943, 0.01329999999999995, 0.013999999999999948, 0.01699999999999994, 0.018099999999999936, 0.015399999999999943, 0.01699999999999994, 0.01879999999999993, 0.015899999999999942, 0.018699999999999932, 0.013999999999999948, 0.01369999999999995, 0.015199999999999944, 0.015399999999999943, 0.015199999999999944, 0.012799999999999954, 0.012299999999999955, 0.015299999999999944, 0.015299999999999944, 0.012699999999999954, 0.01369999999999995, 0.012999999999999953, 0.012999999999999953, 0.011599999999999958, 0.01119999999999996, 0.01079999999999996, 0.012199999999999956, 0.010499999999999962, 0.007899999999999971, 0.007199999999999974, 0.0073999999999999734, 0.007799999999999972, 0.00809999999999997, 0.007699999999999972, 0.006799999999999975, 0.00559999999999998, 0.007699999999999972, 0.004199999999999985, 0.005699999999999979, 0.005699999999999979, 0.0045999999999999834, 0.004699999999999983, 0.00549999999999998, 0.004399999999999984, 0.004099999999999985, 0.0033999999999999877, 0.0030999999999999886, 0.004399999999999984, 0.00269999999999999, 0.0022999999999999917, 0.0016999999999999938, 0.0025999999999999903, 0.0022999999999999917, 0.0022999999999999917, 0.002399999999999991, 0.0025999999999999903, 0.001899999999999993, 0.002199999999999992, 0.001099999999999996, 0.0012999999999999952, 0.0006999999999999975, 0.0011999999999999956, 0.0009999999999999963, 0.0006999999999999975, 0.0005999999999999978, 0.0006999999999999975, 0.0007999999999999971, 0.00019999999999999928, 0.0006999999999999975, 0.00019999999999999928, 0.0002999999999999989, 0.0006999999999999975, 0.00019999999999999928, 0.00019999999999999928, 9.999999999999964e-05, 0.0002999999999999989, 0.00019999999999999928, 9.999999999999964e-05, 9.999999999999963e-17, 9.999999999999964e-05, 9.999999999999963e-17, 9.999999999999964e-05, 9.999999999999964e-05, 9.999999999999964e-05, 9.999999999999963e-17, 9.999999999999963e-17, 9.999999999999963e-17, 0.00019999999999999928, 9.999999999999963e-17, 9.999999999999963e-17, 9.999999999999963e-17, 9.999999999999963e-17, 9.999999999999963e-17, 9.999999999999963e-17, 9.999999999999963e-17, 9.999999999999963e-17, 9.999999999999963e-17, 9.999999999999964e-05, 9.999999999999963e-17, 9.999999999999963e-17, 9.999999999999963e-17, 9.999999999999963e-17, 9.999999999999963e-17, 9.999999999999963e-17, 9.999999999999963e-17], "profits": [1.0, 1.0, 1.0, 1.0, 1.0, 1.0, 1.0, 1.0, 1.0, 1.0, 1.0, 1.0, 1.0, 1.0, 1.0, 1.0, 1.0, 1.0, 1.0, 1.0, 1.0, 1.0, 1.0, 1.0, 1.0, 1.0, 1.0, 1.0, 1.0, 1.0, 1.0, 1.0, 1.0, 1.0, 1.0, 1.0, 1.0, 1.0, 1.0, 1.0, 1.0, 1.0, 1.0, 1.0, 0.1, 1.0, 1.0, 1.0, 1.0, 1.0, 1.0, 1.0, 1.0, 1.0, 1.0, 1.0, 1.0, 1.0, 1.0, 1.0, 1.0, 1.0, 1.0, 1.0, 0.1, 1.0, 1.0, 1.0, 1.0, 1.0, 1.0, 1.0, 1.0, 1.0, 1.0, 1.0, 1.0, 1.0, 1.0, 1.0, 1.0, 1.0, 1.0, 1.0, 1.0, 1.0, 1.0, 1.0, 1.0, 1.0, 1.0, 1.0, 1.0, 1.0, 1.0, 1.0, 1.0, 1.0, 1.0, 1.0, 1.0, 1.0, 1.0, 1.0, 1.0, 1.0, 1.0, 1.0, 1.0, 1.0, 1.0, 1.0, 1.0, 1.0, 1.0, 1.0, 1.0, 1.0, 1.0, 1.0, 1.0, 1.0, 1.0, 1.0, 1.0, 1.0, 1.0, 1.0, 1.0, 1.0, 1.0, 1.0, 1.0, 1.0, 1.0, 1.0, 1.0, 1.0, 1.0, 1.0, 1.0, 1.0, 1.0, 1.0, 1.0, 1.0, 1.0, 1.0, 1.0, 1.0, 1.0, 1.0, 1.0, 1.0, 1.0, 1.0, 1.0, 1.0, 1.0, 1.0, 1.0, 1.0, 1.0, 1.0, 1.0, 1.0, 1.0, 1.0, 1.0, 1.0, 1.0, 1.0, 1.0, 1.0, 1.0, 1.0, 1.0, 1.0, 1.0, 1.0, 1.0, 1.0, 1.0, 1.0, 1.0, 1.0, 1.0, 1.0, 1.0, 1.0, 1.0, 1.0, 1.0, 1.0, 1.0, 1.0, 1.0, 1.0, 1.0, 1.0], "min_weight": 0.95, "max_distance": 2}