{"n_items": 600, "weights": [0.0015829203209931832, 0.001869283672106797, 0.001247988056473226, 0.0022219083051326946, 0.0017929023553052564, 0.001927587427418384, 0.0019666629057215643, 0.002128479092709916, 0.0014350389525573843, 0.0019288345638838506, 0.0018442284898823442, 0.000922540085972541, 0.0011390752583703792, 0.0014480438750158746, 0.0016044357369435806, 0.0015614750877365373, 0.0005248464713697647, 0.0018194807544721883, 0.0009893663594692363, 0.0014073026334363427, 0.001383152053750734, 0.0020421882392708864, 0.0015440841798061815, 0.0021067738121284705, 0.002193499890196065, 0.001136282306076148, 0.0014710274563146716, 0.0015398282143700927, 0.0007607089804672245, 0.0018015694336429278, 0.0018803472212620305, 0.0015310972770723281, 0.0015421324640507608, 0.001593052014577799, 0.0015991448066199289, 0.0019118363488786858, 0.0015584014350793066, 0.0016816179236373338, 0.0017185192862298334, 0.0016862091881232884, 0.002185334129452877, 0.0019299539419191665, 0.0016357098636372155, 0.0015811996104909396, 0.001915978677191154, 0.0019820972712293722, 0.001468267035526979, 0.0016404824775161741, 0.0015631971356430542, 0.0019700548629154784, 0.0015356122251907684, 0.0012737344632817388, 0.0015315971406953948, 0.0018419860161300896, 0.002420133818556979, 0.0014254005737156148, 0.0014237867850123397, 0.0019387016725520353, 0.0018811087821545961, 0.0020047848556375477, 0.0009201480863297957, 0.0019733910983812226, 0.001540027501648313, 0.0021035296692353714, 0.0005974718217966276, 0.001818676719267839, 0.0017101339306904745, 0.002385204032536295, 0.0014987027655691157, 0.0014221732437039753, 0.0017853090785167195, 0.001449994950733174, 0.0013964470408405099, 0.0014521650784395618, 0.0024018353634054582, 0.0016433115353422364, 0.0012378739534097318, 0.0018439615724430499, 0.002355655724289187, 0.002122553771291596, 0.0015856986431629153, 0.0019023516799604424, 0.001627554926244976, 0.0017011554932427437, 0.0018037916377119593, 0.0012696459350317341, 0.0013986779253704492, 0.0014808772934409194, 0.0013717551763933137, 0.00172277235355984, 0.002502745022830862, 0.0010323738764066272, 0.0008621297836813452, 0.001796058835775853, 0.0014957659513572953, 0.0016388855251315306, 0.0010232775046915181, 0.0014191544132612043, 0.0022071681474524012, 0.0019126472380765506, 0.0014731588724465454, 0.0015197836592328064, 0.0015678561883458657, 0.0019790677643153087, 0.0012638475296300284, 0.0010798312279367065, 0.001972473952446276, 0.0017287147266230984, 0.0010337238621387897, 0.0017173812467976158, 0.0020441987886896853, 0.0017854429489543382, 0.0014414494040276694, 0.0019446625118113802, 0.001756671004191907, 0.001898176733636973, 0.0022156283247155924, 0.001792620851201255, 0.0018270722474271073, 0.0018005509808918661, 0.0014688632157022295, 0.0016192308419415084, 0.0013851495633171143, 0.0019483775677686104, 0.0016225932455352535, 0.001605093254019698, 0.0016593579284476555, 0.0018374406565078117, 0.0015197749456179889, 0.000647312358303184, 0.0020309808710228198, 0.0021043631093644656, 0.0016525815697824194, 0.002079328794411701, 0.0012498142087135299, 0.0019632557467496605, 0.0015439081591459135, 0.0018336121304873714, 0.002232502260491685, 0.002362987708593942, 0.002189980002870106, 0.001767707017082537, 0.0022154939096841694, 0.0016763947927878444, 0.0024019282364977092, 0.0018315648214097245, 0.0020633213718377935, 0.002228866650174838, 0.0015149278308146778, 0.001920157652767737, 0.0018394158289446896, 0.0011848325633767112, 0.0012972294430288879, 0.002027247314271526, 0.0014153412661735757, 0.0015718155228283655, 0.0011419255655601352, 0.0015887531268243425, 0.002219843163272896, 0.0019028165783612446, 0.0018956488222406707, 0.0011164317123577106, 0.0013292533620442748, 0.002126713009196454, 0.0016355754700671805, 0.0015416620810266466, 0.0009360335544520207, 0.0026517282233902654, 0.0013579443184817787, 0.002209868295659022, 0.001081070250185832, 0.002081593407632545, 0.0018534443672950653, 0.0020843546256758966, 0.0017215003176213619, 0.0012977143117480399, 0.0013706961132693592, 0.0013534161409252884, 0.001551045689331417, 0.0014470153406580227, 0.0009064597559422031, 0.0014487731443801205, 0.0014827195291949994, 0.0018961895386374879, 0.0020263347336424414, 0.001659946572181616, 0.001436756312161686, 0.0023882281939070493, 0.0014265410878921518, 0.0017626526386866413, 0.0017408974839069776, 0.0020300575460584546, 0.0011033097302875613, 0.001539213574671368, 0.0014981484265585616, 0.0013577030165393307, 0.0018585077454110366, 0.0024678435759059444, 0.0015145097648932605, 0.0012878501030424662, 0.0022326573923319277, 0.0019856972142132797, 0.0017661297301755931, 0.0012413941976850038, 0.0016600984722163561, 0.002364450560252066, 0.0012347215342663547, 0.0010353949050303374, 0.001654292849860101, 0.0016188313237867024, 0.001753837224470272, 0.0015271347105939967, 0.0019320462449254863, 0.0016659090552237031, 0.0013635309711045342, 0.00232194877363066, 0.001900795682984204, 0.0019192379569710652, 0.0016547346160553664, 0.001132854609734548, 0.0012630026343229833, 0.0025199845546746607, 0.0013424717662901037, 0.0017713774566353974, 0.002269621410520074, 0.0014932313590430128, 0.002380176553166842, 0.0018634578408710278, 0.0023208188519290526, 0.001791888459372661, 0.0015144368309806078, 0.0019246108697173513, 0.002211589625881926, 0.0018458664083560088, 0.002283640154821544, 0.0018461537644257986, 0.0019089752749903086, 0.001533514832000755, 0.0014693759559951602, 0.0012429834113470012, 0.0015637131301690084, 0.002137188311862545, 0.0014920243196332689, 0.001707251139896638, 0.0016260869481105292, 0.0016058425926104105, 0.0009291874728911566, 0.0015398588247416598, 0.001521825690370309, 0.0014646685986824468, 0.0020993942634838034, 0.0013636366600815728, 0.0014457524654339247, 0.0017857934679098861, 0.0007321225137316901, 0.0019730441198517355, 0.0019164792942638542, 0.0014167759529621691, 0.0014798757581217328, 0.0018043273957823506, 0.000901991372734439, 0.0020573269598715914, 0.003071644626526912, 0.0017538036352286262, 0.0015092889102010312, 0.0012659115345974305, 0.0022684311914843076, 0.002387041202259089, 0.0022233689648014604, 0.0020108028736556057, 0.0008316040792564886, 0.0015555347103513146, 0.002338617839602924, 0.0017689761687541012, 0.001735835649527307, 0.0017642642975929678, 0.001591371899749692, 0.00252948152146522, 0.0016537457558885916, 0.0013414288333400471, 0.002123503902277982, 0.0015226170530321537, 0.0015519204239638116, 0.0018891772163066702, 0.0013183369980646498, 0.0014427504131191032, 0.0021013532903460534, 0.001388264684423407, 0.0013463669858780416, 0.0014538911817191917, 0.002223722981061827, 0.001684309399873542, 0.0014503278129714792, 0.0012057077506650502, 0.001060261105600589, 0.0015585166762717745, 0.0004151274948666335, 0.0013959207423466906, 0.001674465936467251, 0.0022449551378593184, 0.00133580405991435, 0.0010022922178900323, 0.0018364196337575071, 0.002178691449299689, 0.0021511528117931, 0.001458597227998238, 0.0020597359177118267, 0.0019631519339795736, 0.001957541181992563, 0.002089227576420085, 0.0015421382782113838, 0.0012900575985218823, 0.0018233222296742064, 0.001404329312777851, 0.0015857743097235312, 0.001499819298318367, 0.0014799352048107197, 0.0007215661824184903, 0.0014184020566817346, 0.0020009874262643394, 0.0014494243099886141, 0.0016723994593906388, 0.0017821619305415002, 0.001623577486281197, 0.001972210343978802, 0.0016747690319273173, 0.0011148271481956206, 0.0013975641437220668, 0.001549604971285985, 0.0016371936231329694, 0.0015751350468019203, 0.0021345225298097063, 0.002072446567550585, 0.0018362284805881622, 0.0016656808057655213, 0.0010003692563706826, 0.001020236786082824, 0.001931990333118878, 0.00147020361141939, 0.0013152881864345607, 0.0013378424337792095, 0.0011358928260594306, 0.001228762132303409, 0.0008881947942780312, 0.0013902006971452001, 0.0013754296323572701, 0.0015607638472125702, 0.0018109393302901827, 0.0015742113048911994, 0.001556956394156154, 