{"n_items": 400, "weights": [0.0042999999999999245, 0.004499999999999922, 0.003499999999999939, 0.0049999999999999125, 0.00399999999999993, 0.0042999999999999245, 0.005599999999999902, 0.0049999999999999125, 0.004599999999999919, 0.0051999999999999096, 0.005099999999999911, 0.005999999999999895, 0.005499999999999904, 0.005399999999999906, 0.006199999999999891, 0.006199999999999891, 0.006999999999999878, 0.006599999999999885, 0.006399999999999888, 0.005399999999999906, 0.00629999999999989, 0.006799999999999882, 0.006199999999999891, 0.007199999999999874, 0.006399999999999888, 0.007099999999999876, 0.006399999999999888, 0.00799999999999986, 0.006099999999999894, 0.006799999999999882, 0.0072999999999998726, 0.0077999999999998635, 0.006699999999999883, 0.007099999999999876, 0.00629999999999989, 0.0072999999999998726, 0.007099999999999876, 0.007399999999999871, 0.008099999999999859, 0.008699999999999848, 0.009299999999999838, 0.008199999999999857, 0.009499999999999835, 0.007699999999999866, 0.008399999999999854, 0.006399999999999888, 0.008799999999999846, 0.0077999999999998635, 0.009199999999999839, 0.008699999999999848, 0.009899999999999827, 0.009499999999999835, 0.008499999999999851, 0.008399999999999854, 0.00969999999999983, 0.008999999999999843, 0.008999999999999843, 0.008499999999999851, 0.008799999999999846, 0.008199999999999857, 0.010199999999999822, 0.009299999999999838, 0.009199999999999839, 0.008499999999999851, 0.01029999999999982, 0.008199999999999857, 0.00909999999999984, 0.008299999999999854, 0.009599999999999833, 0.009299999999999838, 0.00969999999999983, 0.007499999999999869, 0.009199999999999839, 0.007499999999999869, 0.010499999999999817, 0.007399999999999871, 0.008699999999999848, 0.00629999999999989, 0.009599999999999833, 0.008299999999999854, 0.006699999999999883, 0.009199999999999839, 0.009199999999999839, 0.007399999999999871, 0.008399999999999854, 0.0072999999999998726, 0.00969999999999983, 0.006999999999999878, 0.007499999999999869, 0.007199999999999874, 0.007399999999999871, 0.007099999999999876, 0.0072999999999998726, 0.006799999999999882, 0.006699999999999883, 0.006899999999999879, 0.006999999999999878, 0.007699999999999866, 0.006099999999999894, 0.007599999999999867, 0.007599999999999867, 0.006499999999999886, 0.0056999999999999005, 0.006199999999999891, 0.006599999999999885, 0.005599999999999902, 0.004499999999999922, 0.006099999999999894, 0.0049999999999999125, 0.005399999999999906, 0.006899999999999879, 0.00629999999999989, 0.0051999999999999096, 0.004699999999999918, 0.005999999999999895, 0.00399999999999993, 0.005099999999999911, 0.005099999999999911, 0.0042999999999999245, 0.005099999999999911, 0.004099999999999928, 0.004699999999999918, 0.004499999999999922, 0.0038999999999999317, 0.004199999999999927, 0.0042999999999999245, 0.004099999999999928, 0.003599999999999937, 0.004599999999999919, 0.003499999999999939, 0.004099999999999928, 0.0028999999999999495, 0.0024999999999999563, 0.003199999999999944, 0.003499999999999939, 0.0032999999999999423, 0.002799999999999951, 0.003499999999999939, 0.0022999999999999596, 0.0021999999999999615, 0.002699999999999953, 0.002399999999999958, 0.0025999999999999548, 0.0022999999999999596, 0.0024999999999999563, 0.002699999999999953, 0.0025999999999999548, 0.0014999999999999738, 0.0025999999999999548, 0.001199999999999979, 0.002399999999999958, 0.0025999999999999548, 0.001599999999999972, 0.001599999999999972, 0.0014999999999999738, 0.0017999999999999685, 0.0009999999999999825, 0.001199999999999979, 0.0020999999999999634, 0.0016999999999999704, 0.0013999999999999755, 0.00029999999999999477, 0.0009999999999999825, 0.001199999999999979, 0.0008999999999999843, 0.0010999999999999808, 0.001199999999999979, 0.000799999999999986, 0.000799999999999986, 0.0010999999999999808, 0.001199999999999979, 0.0008999999999999843, 0.0006999999999999877, 0.000399999999999993, 0.0006999999999999877, 0.000799999999999986, 0.0004999999999999912, 0.0004999999999999912, 0.000399999999999993, 0.0006999999999999877, 0.0004999999999999912, 0.000399999999999993, 0.00029999999999999477, 0.00029999999999999477, 0.000399999999999993, 0.0004999999999999912, 0.0001999999999999965, 0.0008999999999999843, 0.000799999999999986, 9.999999999999826e-05, 0.00029999999999999477, 0.000399999999999993, 0.0004999999999999912, 0.00029999999999999477, 0.0001999999999999965, 0.000399999999999993, 0.000399999999999993, 9.999999999999826e-05, 0.0001999999999999965, 0.00029999999999999477, 0.0004999999999999912, 0.00029999999999999477, 9.999999999999826e-05, 0.00029999999999999477, 0.0001999999999999965, 9.999999999999825e-17, 0.00029999999999999477, 0.0001999999999999965, 9.999999999999826e-05, 0.00029999999999999477, 9.999999999999826e-05, 0.0001999999999999965, 9.999999999999826e-05, 9.999999999999825e-17, 9.999999999999826e-05, 0.0001999999999999965, 9.999999999999826e-05, 9.999999999999825e-17, 9.999999999999825e-17, 9.999999999999825e-17, 9.999999999999825e-17, 9.999999999999825e-17, 0.0001999999999999965, 9.999999999999826e-05, 9.999999999999825e-17, 9.999999999999825e-17, 9.999999999999825e-17, 9.999999999999825e-17, 9.999999999999826e-05, 9.999999999999825e-17, 9.999999999999825e-17, 9.999999999999825e-17, 9.999999999999825e-17, 9.999999999999826e-05, 9.999999999999825e-17, 9.999999999999826e-05, 9.999999999999826e-05, 9.999999999999826e-05, 9.999999999999825e-17, 9.999999999999826e-05, 9.999999999999826e-05, 9.999999999999825e-17, 9.999999999999825e-17, 9.999999999999825e-17, 9.999999999999825e-17, 9.999999999999825e-17, 9.999999999999825e-17, 9.999999999999825e-17, 9.999999999999826e-05, 9.999999999999825e-17, 9.999999999999825e-17, 9.999999999999825e-17, 9.999999999999825e-17, 9.999999999999825e-17, 9.999999999999825e-17, 9.999999999999825e-17, 9.999999999999825e-17, 9.999999999999825e-17, 9.999999999999825e-17, 9.999999999999825e-17, 9.999999999999825e-17, 9.999999999999825e-17, 9.999999999999825e-17, 9.999999999999825e-17, 9.999999999999825e-17, 9.999999999999826e-05, 9.999999999999825e-17, 9.999999999999825e-17, 9.999999999999825e-17, 9.999999999999825e-17, 9.999999999999825e-17, 9.999999999999825e-17, 9.999999999999825e-17, 9.999999999999825e-17, 9.999999999999825e-17, 9.999999999999825e-17, 9.999999999999825e-17, 9.999999999999825e-17, 9.999999999999825e-17, 9.999999999999825e-17, 9.999999999999825e-17, 9.999999999999825e-17, 9.999999999999825e-17, 9.999999999999825e-17, 9.999999999999825e-17, 9.999999999999825e-17, 9.999999999999825e-17, 9.999999999999825e-17, 9.999999999999825e-17, 9.999999999999825e-17, 9.999999999999825e-17, 9.999999999999825e-17, 9.999999999999825e-17, 9.999999999999825e-17, 9.999999999999825e-17, 9.999999999999825e-17, 9.999999999999825e-17, 9.999999999999825e-17, 9.999999999999825e-17, 9.999999999999825e-17, 9.999999999999825e-17, 9.999999999999825e-17, 9.999999999999825e-17, 9.999999999999825e-17, 9.999999999999825e-17, 9.999999999999825e-17, 9.999999999999825e-17, 9.999999999999825e-17, 9.999999999999825e-17, 9.999999999999825e-17, 9.999999999999825e-17, 9.999999999999825e-17, 9.999999999999825e-17, 9.999999999999825e-17, 9.999999999999825e-17, 9.999999999999825e-17, 9.999999999999825e-17, 9.999999999999825e-17, 9.999999999999825e-17, 9.999999999999825e-17, 9.999999999999825e-17, 9.999999999999825e-17, 9.999999999999825e-17, 9.999999999999825e-17, 9.999999999999825e-17, 9.999999999999825e-17, 9.999999999999825e-17, 9.999999999999825e-17, 9.999999999999825e-17, 9.999999999999825e-17, 9.999999999999825e-17, 9.999999999999825e-17, 9.999999999999825e-17, 9.999999999999825e-17, 9.999999999999825e-17, 9.999999999999825e-17, 9.999999999999825e-17, 9.999999999999825e-17, 9.999999999999825e-17, 9.999999999999825e-17, 9.999999999999825e-17, 9.999999999999825e-17, 9.999999999999825e-17, 9.999999999999825e-17, 9.999999999999825e-17, 9.999999999999825e-17, 9.999999999999825e-17, 9.999999999999825e-17, 9.999999999999825e-17, 9.999999999999825e-17, 9.999999999999825e-17, 9.999999999999825e-17, 