{"n_items": 400, "weights": [9.999999999999773e-17, 9.999999999999773e-17, 9.999999999999773e-17, 9.999999999999773e-17, 9.999999999999773e-17, 9.999999999999773e-17, 9.999999999999773e-17, 9.999999999999773e-17, 9.999999999999773e-17, 9.999999999999773e-17, 9.999999999999773e-17, 9.999999999999773e-17, 9.999999999999773e-17, 9.999999999999773e-17, 9.999999999999773e-17, 9.999999999999773e-17, 9.999999999999773e-17, 9.999999999999773e-17, 9.999999999999773e-17, 9.999999999999773e-17, 9.999999999999773e-17, 9.999999999999773e-17, 9.999999999999773e-17, 9.999999999999773e-17, 9.999999999999773e-17, 9.999999999999773e-17, 9.999999999999773e-17, 9.999999999999773e-17, 9.999999999999773e-17, 9.999999999999773e-17, 9.999999999999773e-17, 9.999999999999773e-17, 9.999999999999773e-17, 9.999999999999773e-17, 9.999999999999773e-17, 9.999999999999773e-17, 9.999999999999773e-17, 9.999999999999773e-17, 9.999999999999773e-17, 9.999999999999773e-17, 9.999999999999773e-17, 9.999999999999773e-17, 9.999999999999773e-17, 9.999999999999773e-17, 9.999999999999773e-17, 9.999999999999773e-17, 9.999999999999773e-17, 9.999999999999773e-17, 9.999999999999773e-17, 9.999999999999773e-17, 9.999999999999773e-17, 9.999999999999773e-17, 9.999999999999773e-17, 9.999999999999773e-17, 9.999999999999773e-17, 9.999999999999773e-17, 9.999999999999773e-17, 9.999999999999773e-17, 9.999999999999773e-17, 9.999999999999773e-17, 9.999999999999773e-17, 9.999999999999773e-17, 9.999999999999773e-17, 9.999999999999773e-17, 9.999999999999773e-17, 9.999999999999773e-17, 9.999999999999773e-17, 9.999999999999773e-17, 9.999999999999773e-17, 9.999999999999773e-17, 9.999999999999773e-17, 9.999999999999773e-17, 9.999999999999773e-17, 9.999999999999773e-17, 9.999999999999773e-17, 9.999999999999773e-17, 9.999999999999773e-17, 9.999999999999773e-17, 9.999999999999773e-17, 9.999999999999773e-17, 9.999999999999773e-17, 9.999999999999773e-17, 9.999999999999773e-17, 9.999999999999773e-17, 9.999999999999773e-17, 9.999999999999773e-17, 9.999999999999773e-17, 9.999999999999773e-17, 9.999999999999773e-17, 9.999999999999773e-17, 9.999999999999773e-17, 9.999999999999773e-17, 9.999999999999773e-17, 9.999999999999773e-17, 9.999999999999773e-17, 9.999999999999773e-17, 9.999999999999773e-17, 9.999999999999773e-17, 9.999999999999773e-17, 9.999999999999773e-17, 9.999999999999773e-17, 9.999999999999773e-17, 9.999999999999773e-17, 9.999999999999773e-17, 9.999999999999773e-17, 9.999999999999773e-17, 9.999999999999773e-17, 9.999999999999773e-17, 9.999999999999773e-17, 9.999999999999773e-17, 9.999999999999773e-17, 9.999999999999773e-17, 9.999999999999773e-17, 9.999999999999773e-17, 9.999999999999773e-17, 9.999999999999773e-17, 9.999999999999773e-17, 9.999999999999773e-17, 9.999999999999773e-17, 9.999999999999773e-17, 9.999999999999773e-17, 9.999999999999773e-17, 9.999999999999773e-17, 9.999999999999773e-17, 9.999999999999773e-17, 9.999999999999773e-17, 9.999999999999773e-17, 9.999999999999773e-17, 9.999999999999773e-17, 9.999999999999773e-17, 9.999999999999773e-17, 9.999999999999773e-05, 9.999999999999773e-05, 9.999999999999773e-17, 9.999999999999773e-17, 9.999999999999773e-17, 9.999999999999773e-05, 9.999999999999773e-17, 9.999999999999773e-17, 9.999999999999773e-05, 9.999999999999773e-17, 9.999999999999773e-17, 9.999999999999773e-05, 9.999999999999773e-17, 9.999999999999773e-17, 9.999999999999773e-17, 9.999999999999773e-05, 9.999999999999773e-17, 9.999999999999773e-17, 9.999999999999773e-17, 9.999999999999773e-05, 9.999999999999773e-05, 9.999999999999773e-05, 9.999999999999773e-05, 9.999999999999773e-05, 9.999999999999773e-17, 0.00019999999999999546, 9.999999999999773e-05, 9.999999999999773e-05, 0.00019999999999999546, 0.0002999999999999932, 0.0002999999999999932, 9.999999999999773e-05, 9.999999999999773e-05, 9.999999999999773e-05, 0.0002999999999999932, 0.0002999999999999932, 0.0003999999999999909, 0.0003999999999999909, 0.0004999999999999886, 0.0003999999999999909, 0.0006999999999999841, 0.0004999999999999886, 0.0007999999999999818, 0.0005999999999999864, 0.0006999999999999841, 0.0013999999999999681, 0.001099999999999975, 0.0008999999999999795, 0.0012999999999999705, 0.0011999999999999728, 0.001099999999999975, 0.0018999999999999568, 0.001499999999999966, 0.00219999999999995, 0.00219999999999995, 0.0016999999999999613, 0.0024999999999999432, 0.002299999999999948, 0.002999999999999932, 0.0023999999999999456, 0.002599999999999941, 0.003299999999999925, 0.0030999999999999296, 0.0034999999999999203, 0.0034999999999999203, 0.004199999999999904, 0.0046999999999998935, 0.005499999999999875, 0.005899999999999865, 0.005799999999999868, 0.005999999999999864, 0.006699999999999848, 0.006799999999999845, 0.008899999999999797, 0.008999999999999795, 0.008599999999999804, 0.007399999999999832, 0.009199999999999792, 0.009599999999999782, 0.00749999999999983, 0.010799999999999754, 0.007799999999999823, 0.01139999999999974, 0.011099999999999747, 0.0087999999999998, 0.010699999999999757, 0.011699999999999733, 0.011599999999999736, 0.0131999999999997, 0.01099999999999975, 0.012199999999999723, 0.014099999999999679, 0.015299999999999652, 0.011999999999999728, 0.014899999999999662, 0.015199999999999655, 0.015299999999999652, 0.016599999999999622, 0.014099999999999679, 0.017199999999999608, 0.01589999999999964, 0.016499999999999626, 0.016599999999999622, 0.01669999999999962, 0.014699999999999666, 0.015499999999999648, 0.015299999999999652, 0.01849999999999958, 0.01499999999999966, 0.01499999999999966, 0.015499999999999648, 0.01619999999999963, 0.016899999999999617, 0.015499999999999648, 0.014699999999999666, 0.015599999999999645, 0.01279999999999971, 0.014399999999999672, 0.011599999999999736, 0.013999999999999681, 0.014399999999999672, 0.014499999999999671, 0.013099999999999702, 0.011999999999999728, 0.015099999999999657, 0.012399999999999719, 0.01099999999999975, 0.009899999999999775, 0.010699999999999757, 0.009799999999999778, 0.009499999999999785, 0.01009999999999977, 0.010199999999999768, 0.007199999999999836, 0.007099999999999838, 0.007799999999999823, 0.006399999999999855, 0.009399999999999787, 0.006199999999999859, 0.0055999999999998724, 0.00569999999999987, 0.005099999999999884, 0.005999999999999864, 0.004299999999999902, 0.0037999999999999137, 0.004199999999999904, 0.004499999999999897, 0.004199999999999904, 0.0038999999999999114, 0.0033999999999999226, 0.0033999999999999226, 0.0027999999999999362, 0.0030999999999999296, 0.0024999999999999432, 0.001499999999999966, 0.0018999999999999568, 0.001799999999999959, 0.0019999999999999545, 0.0018999999999999568, 0.001499999999999966, 0.0013999999999999681, 0.0007999999999999818, 0.0009999999999999773, 0.0008999999999999795, 0.0005999999999999864, 0.0006999999999999841, 0.0007999999999999818, 0.0004999999999999886, 0.0004999999999999886, 0.0007999999999999818, 0.0007999999999999818, 0.00019999999999999546, 0.0002999999999999932, 9.999999999999773e-05, 0.00019999999999999546, 9.999999999999773e-05, 0.00019999999999999546, 9.999999999999773e-05, 0.0002999999999999932, 0.00019999999999999546, 9.999999999999773e-05, 9.999999999999773e-17, 9.999999999999773e-05, 9.999999999999773e-05, 0.00019999999999999546, 9.999999999999773e-17, 9.999999999999773e-05, 9.999999999999773e-05, 9.999999999999773e-17, 9.999999999999773e-17, 9.999999999999773e-17, 9.999999999999773e-17, 9.999999999999773e-17, 9.999999999999773e-17, 9.999999999999773e-17, 9.999999999999773e-17, 9.999999999999773e-17, 9.999999999999773e-05, 9.999999999999773e-17, 9.999999999999773e-17, 9.999999999999773e-17, 9.999999999999773e-17, 9.999999999999773e-17, 0.00019999999999999546, 9.999999999999773e-17, 9.999999999999773e-17, 9.999999999999773e-17, 9.999999999999773e-17, 9.999999999999773e-17, 9.999999999999773e-17, 9.999999999999773e-17, 9.999999999999773e-17, 9.999999999999773e-17, 9.999999999999773e-17, 9.999999999999773e-17, 9.999999999999773e-17, 9.999999999999773e-17, 9.999999999999773e-17, 9.999999999999773e-17, 9.999999999999773e-17, 