{"n_items": 200, "weights": [9.999999999999843e-17, 9.999999999999843e-17, 9.999999999999843e-17, 9.999999999999843e-17, 9.999999999999843e-17, 9.999999999999843e-17, 9.999999999999843e-17, 9.999999999999843e-17, 9.999999999999843e-17, 9.999999999999843e-17, 9.999999999999843e-17, 9.999999999999843e-17, 9.999999999999843e-17, 9.999999999999843e-17, 9.999999999999843e-17, 9.999999999999843e-17, 9.999999999999843e-17, 9.999999999999843e-17, 9.999999999999843e-17, 9.999999999999843e-17, 9.999999999999843e-17, 9.999999999999843e-17, 9.999999999999843e-17, 9.999999999999843e-17, 9.999999999999843e-17, 9.999999999999843e-17, 9.999999999999843e-17, 9.999999999999843e-17, 9.999999999999843e-17, 9.999999999999843e-17, 9.999999999999843e-17, 9.999999999999843e-17, 9.999999999999843e-17, 9.999999999999843e-17, 9.999999999999843e-17, 9.999999999999843e-17, 9.999999999999843e-17, 9.999999999999843e-17, 9.999999999999843e-17, 9.999999999999843e-17, 9.999999999999843e-17, 9.999999999999843e-17, 9.999999999999843e-17, 9.999999999999843e-17, 9.999999999999843e-17, 9.999999999999843e-17, 9.999999999999843e-17, 9.999999999999843e-17, 9.999999999999843e-17, 9.999999999999843e-17, 9.999999999999843e-17, 9.999999999999843e-17, 9.999999999999843e-17, 9.999999999999843e-17, 9.999999999999843e-17, 9.999999999999843e-17, 9.999999999999843e-17, 9.999999999999843e-17, 9.999999999999843e-17, 9.999999999999843e-17, 9.999999999999843e-17, 9.999999999999843e-17, 9.999999999999843e-17, 9.999999999999843e-17, 9.999999999999843e-17, 9.999999999999843e-17, 9.999999999999843e-17, 9.999999999999843e-17, 9.999999999999843e-17, 9.999999999999843e-17, 9.999999999999843e-17, 9.999999999999843e-17, 9.999999999999843e-17, 9.999999999999843e-17, 9.999999999999843e-17, 9.999999999999843e-17, 9.999999999999843e-17, 9.999999999999843e-17, 9.999999999999843e-17, 9.999999999999843e-17, 9.999999999999843e-17, 9.999999999999843e-17, 9.999999999999843e-17, 9.999999999999843e-17, 9.999999999999843e-17, 9.999999999999843e-17, 9.999999999999843e-17, 0.0002999999999999953, 0.0007999999999999875, 0.0017999999999999718, 0.0046999999999999265, 0.009799999999999847, 0.019699999999999693, 0.025899999999999593, 0.03889999999999939, 0.04979999999999922, 0.057799999999999095, 0.06269999999999902, 0.062399999999999026, 0.0509999999999992, 0.04149999999999935, 0.02999999999999953, 0.018699999999999706, 0.011999999999999813, 0.006299999999999901, 0.0034999999999999454, 0.0017999999999999718, 0.00039999999999999373, 0.00019999999999999687, 9.999999999999843e-17, 9.999999999999843e-17, 9.999999999999843e-17, 9.999999999999843e-17, 9.999999999999843e-17, 9.999999999999843e-17, 9.999999999999843e-17, 9.999999999999843e-17, 9.999999999999843e-17, 9.999999999999843e-17, 9.999999999999843e-17, 9.999999999999843e-17, 9.999999999999843e-17, 9.999999999999843e-17, 9.999999999999843e-17, 9.999999999999843e-17, 9.999999999999843e-17, 9.999999999999843e-17, 9.999999999999843e-17, 9.999999999999843e-17, 9.999999999999843e-17, 9.999999999999843e-17, 9.999999999999843e-17, 9.999999999999843e-17, 9.999999999999843e-17, 9.999999999999843e-17, 9.999999999999843e-17, 9.999999999999843e-17, 9.999999999999843e-17, 9.999999999999843e-17, 9.999999999999843e-17, 9.999999999999843e-17, 9.999999999999843e-17, 9.999999999999843e-17, 9.999999999999843e-17, 9.999999999999843e-17, 9.999999999999843e-17, 9.999999999999843e-17, 9.999999999999843e-17, 9.999999999999843e-17, 9.999999999999843e-17, 9.999999999999843e-17, 9.999999999999843e-17, 9.999999999999843e-17, 9.999999999999843e-17, 9.999999999999843e-17, 9.999999999999843e-17, 9.999999999999843e-17, 9.999999999999843e-17, 9.999999999999843e-17, 9.999999999999843e-17, 9.999999999999843e-17, 9.999999999999843e-17, 9.999999999999843e-17, 9.999999999999843e-17, 9.999999999999843e-17, 9.999999999999843e-17, 9.999999999999843e-17, 9.999999999999843e-17, 9.999999999999843e-17, 9.999999999999843e-17, 9.999999999999843e-05, 9.999999999999843e-17, 9.999999999999843e-05, 0.0005999999999999906, 0.0009999999999999844, 0.0037999999999999406, 0.007599999999999881, 0.011099999999999827, 0.02099999999999967, 0.033499999999999475, 0.04149999999999935, 0.05179999999999919, 0.060499999999999055, 0.062399999999999026, 0.0576999999999991, 0.050099999999999215, 0.03769999999999941, 0.02509999999999961, 0.016999999999999734, 0.008499999999999867, 0.005599999999999912, 0.002299999999999964, 0.0005999999999999906, 0.00039999999999999373, 9.999999999999843e-17, 9.999999999999843e-17, 9.999999999999843e-17, 9.999999999999843e-17, 9.999999999999843e-17, 9.999999999999843e-17], "profits": [1.0, 1.0, 1.0, 1.0, 1.0, 1.0, 1.0, 1.0, 1.0, 1.0, 1.0, 1.0, 1.0, 1.0, 1.0, 1.0, 1.0, 1.0, 1.0, 1.0, 1.0, 1.0, 1.0, 1.0, 1.0, 1.0, 1.0, 1.0, 1.0, 1.0, 1.0, 1.0, 1.0, 1.0, 1.0, 1.0, 1.0, 1.0, 1.0, 1.0, 1.0, 1.0, 1.0, 1.0, 1.0, 1.0, 1.0, 1.0, 1.0, 1.0, 1.0, 1.0, 1.0, 1.0, 1.0, 1.0, 1.0, 1.0, 1.0, 1.0, 1.0, 1.0, 1.0, 1.0, 1.0, 1.0, 1.0, 1.0, 1.0, 1.0, 1.0, 1.0, 1.0, 1.0, 1.0, 1.0, 1.0, 1.0, 1.0, 1.0, 1.0, 1.0, 1.0, 1.0, 1.0, 1.0, 1.0, 1.0, 1.0, 1.0, 1.0, 1.0, 1.0, 1.0, 1.0, 1.0, 1.0, 1.0, 0.1, 0.1, 1.0, 1.0, 1.0, 1.0, 1.0, 1.0, 1.0, 1.0, 1.0, 1.0, 1.0, 1.0, 1.0, 1.0, 1.0, 1.0, 1.0, 1.0, 1.0, 1.0, 1.0, 1.0, 1.0, 1.0, 1.0, 1.0, 1.0, 1.0, 1.0, 1.0, 1.0, 1.0, 1.0, 1.0, 1.0, 1.0, 1.0, 1.0, 1.0, 1.0, 1.0, 1.0, 1.0, 1.0, 1.0, 1.0, 1.0, 1.0, 1.0, 1.0, 1.0, 1.0, 1.0, 1.0, 1.0, 1.0, 1.0, 1.0, 1.0, 1.0, 1.0, 1.0, 1.0, 1.0, 1.0, 1.0, 1.0, 1.0, 1.0, 1.0, 1.0, 1.0, 1.0, 1.0, 1.0, 1.0, 1.0, 1.0, 1.0, 1.0, 1.0, 1.0, 1.0, 1.0, 1.0, 1.0, 1.0, 1.0, 1.0, 1.0, 1.0, 1.0, 1.0, 1.0, 1.0, 1.0, 1.0, 1.0, 1.0, 1.0], "min_weight": 0.95, "max_distance": 5}