{"n_items": 600, "weights": [0.0013182584448686435, 0.0015514279216724963, 0.00209681973158537, 0.0021968782162416042, 0.0010187846366697506, 0.0019171237546506505, 0.002225294111515971, 0.0016646213736509013, 0.0014569797083743548, 0.001317378489882701, 0.001017923875280156, 0.001475623688204303, 0.0015847433627338766, 0.001181672158526659, 0.0018535635521655918, 0.001710654266872655, 0.0017233564708846133, 0.0015508191854479126, 0.0021221853550144423, 0.0019284690945897552, 0.0022702562427524354, 0.0009517855972182644, 0.001826862465958489, 0.001677528011804049, 0.001765802301017981, 0.0030953346543042483, 0.0017492324957493707, 0.0013683707506106197, 0.001924662856229706, 0.0026906422019291132, 0.0012689130363140743, 0.001335754745180009, 0.0014723669401320806, 0.0012387088804987607, 0.0018367576802933003, 0.0028828958306768827, 0.0017421611792063964, 0.0023284580730534156, 0.0017695472376867685, 0.0014555370845040377, 0.0018279651877466491, 0.0014709398295645484, 0.0017205055137687294, 0.0013807395585276494, 0.0017877347945335234, 0.0011323505415479916, 0.002020603592509394, 0.0017252444286881758, 0.001692072485319844, 0.0018851120248243583, 0.002247303945078208, 0.0025853685183132207, 0.0019125378869208252, 0.0019371063383340785, 0.0016181517574398324, 0.0015830452410539213, 0.0017720918625587112, 0.0016812778885446661, 0.0015809567286269722, 0.002349992717686891, 0.0016344173570999373, 0.0011649735595892976, 0.0016920573867502651, 0.001457799839620555, 0.0011466199925641465, 0.000988984503846066, 0.0021253690993802673, 0.0017336218188804824, 0.002466469137802778, 0.0007122415344490555, 0.0022552061996784444, 0.0021980774717114955, 0.0015229533985979915, 0.001695045602744267, 0.0019042287046214332, 0.0022490738568701762, 0.0012249269851727098, 0.001954751441273496, 0.001207341578143655, 0.0023613680002173417, 0.0017425734311581733, 0.0016826585561238116, 0.0016138077610512416, 0.0022893794455398986, 0.0018461348424585993, 0.001881623230004868, 0.0018703260900303055, 0.0022656765005101436, 0.0017715739937793442, 0.0017091297866306985, 0.0022483536889833173, 0.00253295936837173, 0.0018019211817601045, 0.001150363300584219, 0.0021228121625120034, 0.0012527678622983286, 0.0017765759514065673, 0.0014800953541503046, 0.0015225145004578288, 0.0014138202337624017, 0.0015697754452585002, 0.002227825477755414, 0.002019183190600259, 0.0020370357795973706, 0.0023025750013238758, 0.0019647322229289347, 0.0010549193349185147, 0.0014859841998978306, 0.0019450774244159736, 0.002031980752613433, 0.0009896737586335407, 0.001771395746606333, 0.0016177627708100066, 0.0026879331102306167, 0.0013497703424902997, 0.0010283615289343744, 0.0018701558952186157, 0.0006587756337407584, 0.002273007678945981, 0.0022101115064878125, 0.0024949012532783127, 0.0016910486563826883, 0.0006279725014725583, 0.0018092607833101353, 0.0016828900386205896, 0.0016557188141741385, 0.0016638444307822647, 0.0015699642788587157, 0.0015667374935795914, 0.001657976693852802, 0.0012274241490115333, 0.001540136293967857, 0.0018430037345096837, 0.0018775015302107674, 0.0018489250625097567, 0.0013586806921287164, 0.0009874507051227414, 0.0009918395925745398, 0.002222016309658245, 0.0013277287761896822, 0.0014162564996499896, 0.002755352258326436, 0.0011438957357055599, 0.0014066441340320906, 0.0020183826649083415, 0.0015674540271423164, 0.0021700651172308558, 0.002089063129531025, 0.001801795581086007, 0.0011578693374692034, 0.002393780115568812, 0.002175233347527585, 0.0016321850473204759, 0.0019182575455456963, 0.0010489054698036842, 0.0023344765157183246, 0.001739813412519047, 0.0011842807200869345, 0.0016291083983057152, 0.001880187500624732, 0.0016146709450445445, 0.002108468712135793, 0.001235222724373312, 0.0016742408856567732, 0.0012540006468678105, 0.0017935327327176804, 0.0019070123491870328, 0.002012947857996915, 0.002046970090644314, 0.0009639349103301154, 0.001814199104948605, 0.0017555895984380802, 0.002032299523842372, 0.0015670047903283033, 0.0011297529879719158, 0.0017895969050270792, 0.0020718674362560216, 0.0021442535599966706, 0.0017473285708611084, 0.0011398810027791891, 0.002908104394143654, 0.002684164820317649, 0.0018989118357118535, 0.0016339068774152657, 0.0014606111309988152, 0.0018257394823100327, 0.001664261664018669, 0.0016229099251685996, 0.001251306325216876, 0.0010571706999735458, 0.001174406721379451, 0.0012041092623914053, 0.0021208197726515954, 0.0019426298341805772, 0.002423229601556917, 0.0014268912374729341, 0.0011462241832903505, 0.0017506045162950714, 0.0024502497165141755, 0.00118788427202856, 0.0012175722887162127, 0.0020059857356500514, 0.0015280395899584702, 0.001299312241251216, 0.001548546895695224, 0.0018834631483848866, 0.0007521574713484878, 0.0013275856006308411, 0.0016187320732806113, 0.0021334780778288036, 0.001499055773575158, 0.0017657366610454599, 0.0022982389118105895, 0.0008862295858416191, 0.0013458337684119311, 0.0026269472618033157, 0.0017462831982374032, 0.0021981135681177484, 0.00117381387749612, 0.0021380276650598325, 0.002174680200741104, 0.00162492638848261, 0.001664522321113297, 0.0014889175284138634, 0.0017901919376067659, 0.00289064379327689, 0.0017557577799600468, 0.0020462999568445325, 0.0007843957256647376, 0.0017495300458523762, 0.001855488870487554, 0.0017780843503745905, 0.0014764110876570606, 0.0018065089164523804, 0.001530125971846049, 0.0012776379703961721, 0.0022369593220775163, 0.0016938408297204382, 0.0009517492608579836, 0.002054982559183579, 0.0020645258292607787, 0.0010359173731171124, 0.002047399130814544, 0.0020940556453861495, 0.0013907602341314887, 0.001961425836453565, 0.0013296354588907561, 0.0023475981920941134, 0.0016389237696006103, 0.0009533174317788342, 0.0021402318844072465, 0.0015896205060103885, 0.001953972270079218, 0.0014495159712543363, 0.0015935435131666426, 0.0007746576763422784, 0.002356724022431366, 0.0019071664848335594, 0.0011396524411862064, 0.00138003614830854, 0.0012366437858337324, 0.0006236004231880436, 0.001289362765169524, 0.0011112816790165966, 0.001559857534725692, 0.0017532743786409625, 0.0012506473900657574, 0.0021696190564119474, 0.002414192977948304, 0.001397336683422229, 0.0019704044133537564, 0.002037337827848548, 0.0016296768594085385, 0.0018808102778074467, 0.0014220263658388538, 0.002102084463572689, 0.00153727262531586, 0.0011286448221266392, 0.0014473144183560847, 0.0021502054645273056, 0.0020304080250753125, 0.0019484935781192445, 0.001397378263586943, 0.0021217631365545047, 0.0019499345335948482, 0.001452362593859139, 0.0014588911856237654, 0.0014065485888389584, 0.0019265485764851378, 0.0012205482225517072, 0.0020621044791242662, 0.0010612423609631773, 0.0021450307674937435, 0.0013427839506366512, 0.002290184572453066, 0.0018991629987045392, 0.001960215737999509, 0.001997068982997204, 0.0008134976726862649, 0.001802392372195078, 0.0013380794805485949, 0.0015830540601583394, 0.0015543069974572107, 0.0019995597565506235, 0.0013092924942922286, 0.0020972024885916444, 0.0021230244247511915, 0.0010167064652560204, 0.0014096855014856238, 0.001921135447356468, 0.001420825104422612, 0.0018192051435681209, 0.0020792959074647658, 0.0022940394409154386, 0.0015518078917496675, 0.0017431006938908756, 0.0016219586504624807, 0.0021312335212454493, 0.0016641183390444158, 0.001972023878504896, 0.0015809466044586606, 0.0009485393207625442, 0.001986023027409259, 0.002059552441320287, 0.0014053757751303902, 0.001987160024719718, 0.0011250091919776438, 0.0014684041344115797, 0.0011764750038392852, 0.0020605741551061097, 0.0016338056523892517, 0.0015314820025614725, 0.0028091351887103246, 0.0014094182152684777, 0.0020829302096876637, 0.0014114602958490788, 0.0009770220352608475, 0.0013000045745681485, 0.0012643625153351, 0.00101403506400259, 0.001240377150204884, 0.0013939577702372374, 0.001846761126471596, 0.0015671624197200306, 0.002416730046232043, 0.0018822842698726799, 0.0013459956924296987, 0.0016671368184950097, 0.002060109505354255, 0.0016176550694970127, 0.001409400602565003, 