{"n_items": 400, "weights": [9.999999999999909e-17, 9.99999999999991e-05, 9.99999999999991e-05, 9.999999999999909e-17, 9.999999999999909e-17, 9.999999999999909e-17, 9.999999999999909e-17, 9.999999999999909e-17, 9.999999999999909e-17, 9.999999999999909e-17, 9.999999999999909e-17, 9.999999999999909e-17, 9.999999999999909e-17, 0.0001999999999999982, 9.99999999999991e-05, 0.00029999999999999726, 9.99999999999991e-05, 9.99999999999991e-05, 9.999999999999909e-17, 0.0001999999999999982, 0.0001999999999999982, 9.99999999999991e-05, 9.99999999999991e-05, 9.999999999999909e-17, 9.999999999999909e-17, 9.99999999999991e-05, 9.99999999999991e-05, 0.0001999999999999982, 9.999999999999909e-17, 0.00029999999999999726, 9.99999999999991e-05, 0.0001999999999999982, 0.0001999999999999982, 0.00029999999999999726, 0.0001999999999999982, 9.99999999999991e-05, 9.99999999999991e-05, 9.99999999999991e-05, 0.0004999999999999955, 0.0005999999999999945, 0.0003999999999999964, 0.00029999999999999726, 0.0001999999999999982, 0.0003999999999999964, 9.99999999999991e-05, 0.0001999999999999982, 0.0004999999999999955, 0.0003999999999999964, 0.00029999999999999726, 0.0003999999999999964, 0.00029999999999999726, 0.0004999999999999955, 0.0004999999999999955, 0.00029999999999999726, 9.99999999999991e-05, 0.0006999999999999936, 0.0007999999999999928, 0.0007999999999999928, 0.0003999999999999964, 0.0007999999999999928, 0.0005999999999999945, 0.0004999999999999955, 0.0008999999999999918, 0.00109999999999999, 0.0008999999999999918, 0.001199999999999989, 0.001199999999999989, 0.001199999999999989, 0.001199999999999989, 0.0012999999999999882, 0.000999999999999991, 0.0016999999999999845, 0.00109999999999999, 0.00109999999999999, 0.0006999999999999936, 0.000999999999999991, 0.0015999999999999855, 0.001199999999999989, 0.002299999999999979, 0.0017999999999999837, 0.0012999999999999882, 0.0025999999999999765, 0.001999999999999982, 0.002099999999999981, 0.0015999999999999855, 0.0025999999999999765, 0.00219999999999998, 0.00219999999999998, 0.002399999999999978, 0.00219999999999998, 0.0018999999999999826, 0.0028999999999999738, 0.0027999999999999744, 0.0026999999999999754, 0.0026999999999999754, 0.002399999999999978, 0.0028999999999999738, 0.0027999999999999744, 0.003199999999999971, 0.002499999999999977, 0.003499999999999968, 0.003399999999999969, 0.00329999999999997, 0.0026999999999999754, 0.0026999999999999754, 0.0036999999999999663, 0.0028999999999999738, 0.004099999999999963, 0.004299999999999961, 0.0035999999999999674, 0.003999999999999964, 0.0050999999999999535, 0.0036999999999999663, 0.0036999999999999663, 0.005399999999999951, 0.0035999999999999674, 0.004099999999999963, 0.004599999999999958, 0.004199999999999962, 0.0050999999999999535, 0.006699999999999939, 0.004799999999999956, 0.004599999999999958, 0.0050999999999999535, 0.004999999999999954, 0.004299999999999961, 0.0052999999999999515, 0.00439999999999996, 0.004999999999999954, 0.006799999999999938, 0.006699999999999939, 0.0052999999999999515, 0.006199999999999943, 0.006899999999999937, 0.00549999999999995, 0.006199999999999943, 0.006199999999999943, 0.006399999999999942, 0.007499999999999932, 0.005699999999999948, 0.006399999999999942, 0.00769999999999993, 0.007299999999999933, 0.005699999999999948, 0.007599999999999931, 0.00769999999999993, 0.008899999999999918, 0.007899999999999928, 0.006999999999999936, 0.007399999999999933, 0.007599999999999931, 0.007799999999999929, 0.008399999999999923, 0.00879999999999992, 0.007199999999999935, 0.007799999999999929, 0.008499999999999923, 0.008699999999999921, 0.00879999999999992, 0.008399999999999923, 0.007599999999999931, 0.007299999999999933, 0.008499999999999923, 0.007499999999999932, 0.008699999999999921, 0.007999999999999927, 0.008099999999999927, 0.006899999999999937, 0.007099999999999935, 0.008099999999999927, 0.009199999999999917, 0.006999999999999936, 0.00879999999999992, 0.008399999999999923, 0.008299999999999924, 0.008099999999999927, 0.007099999999999935, 0.009199999999999917, 0.008399999999999923, 0.007799999999999929, 0.00989999999999991, 0.006899999999999937, 0.007799999999999929, 0.007599999999999931, 0.006499999999999941, 0.006099999999999945, 0.007999999999999927, 0.006199999999999943, 0.0057999999999999476, 0.009199999999999917, 0.005199999999999953, 0.00769999999999993, 0.007299999999999933, 0.006399999999999942, 0.007599999999999931, 0.00659999999999994, 0.007799999999999929, 0.005899999999999946, 0.007299999999999933, 0.00659999999999994, 0.0057999999999999476, 0.006799999999999938, 0.006899999999999937, 0.00549999999999995, 0.006299999999999943, 0.007299999999999933, 0.006199999999999943, 0.004299999999999961, 0.006099999999999945, 0.0052999999999999515, 0.0057999999999999476, 0.006299999999999943, 0.005199999999999953, 0.004999999999999954, 0.004299999999999961, 0.0057999999999999476, 0.0036999999999999663, 0.005599999999999949, 0.003499999999999968, 0.004199999999999962, 0.006199999999999943, 0.004099999999999963, 0.0030999999999999717, 0.004099999999999963, 0.004299999999999961, 0.003999999999999964, 0.004699999999999958, 0.005699999999999948, 0.0030999999999999717, 0.00439999999999996, 0.00329999999999997, 0.004099999999999963, 0.0035999999999999674, 0.004199999999999962, 0.003199999999999971, 0.003499999999999968, 0.0036999999999999663, 0.0027999999999999744, 0.002499999999999977, 0.0017999999999999837, 0.0038999999999999647, 0.0027999999999999744, 0.002299999999999979, 0.0028999999999999738, 0.00219999999999998, 0.00219999999999998, 0.0012999999999999882, 0.002099999999999981, 0.002399999999999978, 0.0027999999999999744, 0.0006999999999999936, 0.002499999999999977, 0.0025999999999999765, 0.0014999999999999864, 0.00109999999999999, 0.0016999999999999845, 0.00219999999999998, 0.001999999999999982, 0.0012999999999999882, 0.001999999999999982, 0.0017999999999999837, 0.000999999999999991, 0.0012999999999999882, 0.0013999999999999872, 0.0013999999999999872, 0.000999999999999991, 0.0006999999999999936, 0.0012999999999999882, 0.0016999999999999845, 0.0008999999999999918, 0.0007999999999999928, 0.0013999999999999872, 0.001199999999999989, 0.0012999999999999882, 0.0006999999999999936, 0.0008999999999999918, 0.0006999999999999936, 0.0003999999999999964, 0.0012999999999999882, 0.0005999999999999945, 0.0005999999999999945, 0.0005999999999999945, 0.0008999999999999918, 0.00029999999999999726, 0.0006999999999999936, 0.0003999999999999964, 0.000999999999999991, 0.0004999999999999955, 0.0003999999999999964, 0.000999999999999991, 0.0001999999999999982, 0.0007999999999999928, 0.0001999999999999982, 0.0006999999999999936, 9.999999999999909e-17, 9.99999999999991e-05, 0.0001999999999999982, 0.0001999999999999982, 0.0004999999999999955, 9.99999999999991e-05, 0.0004999999999999955, 0.0003999999999999964, 0.00029999999999999726, 9.99999999999991e-05, 0.00029999999999999726, 0.00029999999999999726, 0.0001999999999999982, 9.99999999999991e-05, 9.999999999999909e-17, 9.999999999999909e-17, 0.0003999999999999964, 0.0003999999999999964, 9.99999999999991e-05, 9.99999999999991e-05, 0.0001999999999999982, 0.0003999999999999964, 9.999999999999909e-17, 9.99999999999991e-05, 9.999999999999909e-17, 9.99999999999991e-05, 9.999999999999909e-17, 9.99999999999991e-05, 9.999999999999909e-17, 9.999999999999909e-17, 9.99999999999991e-05, 9.999999999999909e-17, 9.99999999999991e-05, 9.999999999999909e-17, 9.99999999999991e-05, 9.999999999999909e-17, 9.999999999999909e-17, 9.999999999999909e-17, 9.999999999999909e-17, 9.99999999999991e-05, 9.999999999999909e-17, 9.999999999999909e-17, 9.99999999999991e-05, 9.999999999999909e-17, 9.999999999999909e-17, 9.999999999999909e-17, 9.999999999999909e-17, 9.999999999999909e-17, 9.999999999999909e-17, 9.999999999999909e-17, 9.999999999999909e-17, 9.99999999999991e-05, 9.999999999999909e-17, 9.999999999999909e-17, 9.999999999999909e-17, 9.999999999999909e-17, 9.99999999999991e-05, 9.999999999999909e-17, 9.999999999999909e-17, 9.999999999999909e-17, 9.999999999999909e-17, 