{"n_items": 200, "weights": [0.012201220122012127, 0.012901290129012822, 0.012301230123012225, 0.01470147014701461, 0.015801580158015704, 0.015501550155015406, 0.017201720172017095, 0.016301630163016202, 0.01830183018301819, 0.016701670167016597, 0.0160016001600159, 0.019201920192019082, 0.019401940194019283, 0.020702070207020574, 0.018901890189018784, 0.016901690169016798, 0.017101710171016995, 0.018701870187018587, 0.01800180018001789, 0.01500150015001491, 0.015201520152015107, 0.01480148014801471, 0.014201420142014113, 0.01150115011501143, 0.012201220122012127, 0.012601260126012523, 0.009200920092009145, 0.009700970097009641, 0.010001000100009939, 0.007400740074007355, 0.00800080008000795, 0.006200620062006162, 0.007300730073007256, 0.0038003800380037767, 0.0048004800480047705, 0.0029002900290028824, 0.003000300030002982, 0.002700270027002684, 0.0019001900190018883, 0.0019001900190018883, 0.0012001200120011926, 0.0012001200120011926, 0.0014001400140013914, 0.00030003000300029816, 0.0009000900090008945, 0.0007000700070006957, 0.0008000800080007951, 0.00040004000400039756, 0.0005000500050004969, 0.00020002000200019878, 0.00010001000100009939, 0.00010001000100009939, 0.00020002000200019878, 0.00030003000300029816, 1.0001000100009939e-16, 0.00010001000100009939, 0.00030003000300029816, 0.00010001000100009939, 0.00010001000100009939, 1.0001000100009939e-16, 1.0001000100009939e-16, 1.0001000100009939e-16, 1.0001000100009939e-16, 1.0001000100009939e-16, 1.0001000100009939e-16, 1.0001000100009939e-16, 1.0001000100009939e-16, 1.0001000100009939e-16, 1.0001000100009939e-16, 1.0001000100009939e-16, 1.0001000100009939e-16, 1.0001000100009939e-16, 1.0001000100009939e-16, 1.0001000100009939e-16, 1.0001000100009939e-16, 1.0001000100009939e-16, 1.0001000100009939e-16, 1.0001000100009939e-16, 1.0001000100009939e-16, 1.0001000100009939e-16, 1.0001000100009939e-16, 1.0001000100009939e-16, 1.0001000100009939e-16, 1.0001000100009939e-16, 1.0001000100009939e-16, 1.0001000100009939e-16, 1.0001000100009939e-16, 1.0001000100009939e-16, 1.0001000100009939e-16, 1.0001000100009939e-16, 1.0001000100009939e-16, 1.0001000100009939e-16, 1.0001000100009939e-16, 1.0001000100009939e-16, 1.0001000100009939e-16, 1.0001000100009939e-16, 1.0001000100009939e-16, 0.00010001000100009939, 1.0001000100009939e-16, 1.0001000100009939e-16, 1.0001000100009939e-16, 1.0001000100009939e-16, 1.0001000100009939e-16, 1.0001000100009939e-16, 1.0001000100009939e-16, 1.0001000100009939e-16, 1.0001000100009939e-16, 0.00010001000100009939, 1.0001000100009939e-16, 0.00010001000100009939, 0.00020002000200019878, 1.0001000100009939e-16, 0.00020002000200019878, 1.0001000100009939e-16, 0.00030003000300029816, 0.00030003000300029816, 0.0007000700070006957, 0.0006000600060005963, 0.0005000500050004969, 0.0007000700070006957, 0.0010001000100009938, 0.0014001400140013914, 0.001800180018001789, 0.0013001300130012921, 0.002300230023002286, 0.0029002900290028824, 0.002700270027002684, 0.0026002600260025843, 0.0037003700370036776, 0.0052005200520051685, 0.004600460046004572, 0.0052005200520051685, 0.005700570057005665, 0.0065006500650064605, 0.0063006300630062614, 0.008400840084008349, 0.010401040104010337, 0.010701070107010635, 0.010801080108010735, 0.010801080108010735, 0.011001100110010932, 0.012401240124012324, 0.014001400140013914, 0.014901490149014809, 0.013401340134013319, 0.014301430143014214, 0.015601560156015505, 0.016701670167016597, 0.016201620162016102, 0.0160016001600159, 0.015501550155015406, 0.014401440144014312, 0.01500150015001491, 0.015701570157015603, 0.013501350135013418, 0.014501450145014411, 0.0166016601660165, 0.012801280128012722, 0.012701270127012623, 0.01150115011501143, 0.010301030103010237, 0.009600960096009541, 0.010201020102010138, 0.009600960096009541, 0.005700570057005665, 0.009300930093009243, 0.007800780078007752, 0.005800580058005765, 0.004200420042004174, 0.0048004800480047705, 0.004600460046004572, 0.0032003200320031805, 0.0038003800380037767, 0.003900390039003876, 0.001500150015001491, 0.0017001700170016897, 0.001500150015001491, 0.0014001400140013914, 0.0007000700070006957, 0.0008000800080007951, 0.0013001300130012921, 0.0007000700070006957, 0.0005000500050004969, 0.0006000600060005963, 0.00010001000100009939, 0.00040004000400039756, 0.00020002000200019878, 0.00020002000200019878, 0.00030003000300029816, 1.0001000100009939e-16, 0.00010001000100009939, 1.0001000100009939e-16, 0.00020002000200019878, 1.0001000100009939e-16, 1.0001000100009939e-16, 0.00010001000100009939, 1.0001000100009939e-16, 1.0001000100009939e-16, 1.0001000100009939e-16, 1.0001000100009939e-16], "profits": [1.0, 1.0, 1.0, 1.0, 1.0, 1.0, 1.0, 1.0, 1.0, 1.0, 1.0, 1.0, 0.1, 1.0, 0.1, 1.0, 1.0, 1.0, 1.0, 1.0, 1.0, 1.0, 1.0, 1.0, 1.0, 1.0, 1.0, 1.0, 1.0, 1.0, 1.0, 1.0, 1.0, 1.0, 1.0, 1.0, 1.0, 1.0, 1.0, 1.0, 1.0, 1.0, 1.0, 1.0, 1.0, 1.0, 1.0, 1.0, 1.0, 1.0, 1.0, 1.0, 1.0, 1.0, 1.0, 1.0, 1.0, 1.0, 1.0, 1.0, 1.0, 1.0, 1.0, 1.0, 1.0, 1.0, 1.0, 1.0, 1.0, 1.0, 1.0, 1.0, 1.0, 1.0, 1.0, 1.0, 1.0, 1.0, 1.0, 1.0, 1.0, 1.0, 1.0, 1.0, 1.0, 1.0, 1.0, 1.0, 1.0, 1.0, 1.0, 1.0, 1.0, 1.0, 1.0, 1.0, 1.0, 1.0, 1.0, 1.0, 1.0, 1.0, 1.0, 1.0, 1.0, 1.0, 1.0, 1.0, 1.0, 1.0, 1.0, 1.0, 1.0, 1.0, 1.0, 1.0, 1.0, 1.0, 1.0, 1.0, 1.0, 1.0, 1.0, 1.0, 1.0, 1.0, 1.0, 1.0, 1.0, 1.0, 1.0, 1.0, 1.0, 1.0, 1.0, 1.0, 1.0, 1.0, 1.0, 1.0, 1.0, 1.0, 1.0, 1.0, 1.0, 1.0, 1.0, 1.0, 1.0, 1.0, 1.0, 1.0, 1.0, 1.0, 1.0, 1.0, 1.0, 1.0, 1.0, 1.0, 1.0, 1.0, 1.0, 1.0, 1.0, 1.0, 1.0, 1.0, 1.0, 1.0, 1.0, 1.0, 1.0, 1.0, 1.0, 1.0, 1.0, 1.0, 1.0, 1.0, 1.0, 1.0, 1.0, 1.0, 1.0, 1.0, 1.0, 1.0, 1.0, 1.0, 1.0, 1.0, 1.0, 1.0, 1.0, 1.0, 1.0, 1.0, 1.0, 1.0], "min_weight": 0.95, "max_distance": 5}