{"n_items": 200, "weights": [9.999999999999847e-17, 9.999999999999847e-17, 9.999999999999847e-17, 9.999999999999847e-17, 9.999999999999847e-17, 9.999999999999847e-17, 9.999999999999847e-17, 9.999999999999847e-17, 9.999999999999847e-17, 9.999999999999847e-17, 9.999999999999847e-17, 9.999999999999847e-17, 9.999999999999847e-17, 9.999999999999847e-17, 9.999999999999847e-17, 9.999999999999847e-17, 9.999999999999847e-17, 9.999999999999847e-17, 9.999999999999847e-17, 9.999999999999847e-17, 9.999999999999847e-17, 9.999999999999847e-17, 9.999999999999847e-17, 9.999999999999847e-17, 9.999999999999847e-17, 9.999999999999847e-17, 9.999999999999847e-17, 9.999999999999847e-17, 9.999999999999847e-17, 9.999999999999847e-17, 9.999999999999847e-17, 9.999999999999847e-17, 9.999999999999847e-17, 9.999999999999847e-17, 9.999999999999847e-17, 9.999999999999847e-17, 9.999999999999847e-17, 9.999999999999847e-17, 9.999999999999847e-17, 9.999999999999847e-17, 9.999999999999847e-17, 9.999999999999847e-17, 9.999999999999847e-17, 9.999999999999847e-17, 9.999999999999847e-17, 9.999999999999847e-17, 9.999999999999847e-17, 9.999999999999847e-17, 9.999999999999847e-17, 9.999999999999847e-17, 9.999999999999847e-17, 9.999999999999847e-17, 9.999999999999847e-17, 9.999999999999847e-17, 9.999999999999847e-05, 9.999999999999847e-17, 0.0005999999999999908, 0.0008999999999999862, 0.002799999999999957, 0.005699999999999913, 0.009599999999999853, 0.020499999999999685, 0.029799999999999546, 0.04229999999999935, 0.05429999999999917, 0.05759999999999912, 0.05769999999999912, 0.06179999999999906, 0.05349999999999918, 0.04169999999999936, 0.02739999999999958, 0.015999999999999754, 0.008199999999999874, 0.0041999999999999356, 0.0034999999999999467, 0.0009999999999999846, 0.0007999999999999878, 9.999999999999847e-17, 9.999999999999847e-17, 9.999999999999847e-17, 9.999999999999847e-17, 9.999999999999847e-17, 9.999999999999847e-17, 9.999999999999847e-17, 9.999999999999847e-17, 9.999999999999847e-17, 9.999999999999847e-17, 9.999999999999847e-17, 9.999999999999847e-17, 9.999999999999847e-17, 9.999999999999847e-17, 9.999999999999847e-17, 9.999999999999847e-17, 9.999999999999847e-17, 9.999999999999847e-17, 9.999999999999847e-17, 9.999999999999847e-17, 9.999999999999847e-17, 9.999999999999847e-17, 9.999999999999847e-17, 9.999999999999847e-17, 9.999999999999847e-17, 9.999999999999847e-17, 9.999999999999847e-17, 9.999999999999847e-17, 9.999999999999847e-17, 9.999999999999847e-17, 9.999999999999847e-17, 9.999999999999847e-17, 9.999999999999847e-17, 9.999999999999847e-17, 9.999999999999847e-17, 9.999999999999847e-17, 9.999999999999847e-17, 9.999999999999847e-17, 9.999999999999847e-17, 9.999999999999847e-17, 9.999999999999847e-17, 9.999999999999847e-17, 9.999999999999847e-17, 9.999999999999847e-17, 9.999999999999847e-17, 9.999999999999847e-17, 9.999999999999847e-17, 9.999999999999847e-17, 9.999999999999847e-17, 9.999999999999847e-17, 9.999999999999847e-17, 9.999999999999847e-17, 9.999999999999847e-17, 9.999999999999847e-17, 9.999999999999847e-17, 9.999999999999847e-17, 9.999999999999847e-17, 9.999999999999847e-17, 9.999999999999847e-17, 9.999999999999847e-17, 9.999999999999847e-17, 9.999999999999847e-17, 9.999999999999847e-17, 9.999999999999847e-17, 9.999999999999847e-17, 9.999999999999847e-17, 9.999999999999847e-17, 9.999999999999847e-17, 9.999999999999847e-17, 9.999999999999847e-17, 9.999999999999847e-17, 9.999999999999847e-17, 9.999999999999847e-17, 9.999999999999847e-17, 9.999999999999847e-17, 9.999999999999847e-17, 9.999999999999847e-17, 9.999999999999847e-17, 9.999999999999847e-17, 9.999999999999847e-17, 9.999999999999847e-17, 9.999999999999847e-17, 9.999999999999847e-17, 9.999999999999847e-17, 9.999999999999847e-17, 9.999999999999847e-17, 9.999999999999847e-17, 9.999999999999847e-17, 9.999999999999847e-17, 9.999999999999847e-17, 9.999999999999847e-17, 9.999999999999847e-05, 9.999999999999847e-17, 0.0002999999999999954, 0.0004999999999999923, 0.0011999999999999817, 0.0028999999999999556, 0.0069999999999998935, 0.013399999999999796, 0.020499999999999685, 0.028499999999999564, 0.040099999999999386, 0.053999999999999174, 0.06319999999999903, 0.06249999999999904, 0.0587999999999991, 0.04749999999999927, 0.035299999999999464, 0.028999999999999557, 0.017199999999999736, 0.010199999999999845, 0.0038999999999999404, 0.0028999999999999556, 0.0004999999999999923, 0.0002999999999999954, 9.999999999999847e-05, 9.999999999999847e-05, 9.999999999999847e-17, 9.999999999999847e-17, 9.999999999999847e-17, 9.999999999999847e-17, 9.999999999999847e-17, 9.999999999999847e-17], "profits": [1.0, 1.0, 1.0, 1.0, 1.0, 1.0, 1.0, 1.0, 1.0, 1.0, 1.0, 1.0, 1.0, 1.0, 1.0, 1.0, 1.0, 1.0, 1.0, 1.0, 1.0, 1.0, 1.0, 1.0, 1.0, 1.0, 1.0, 1.0, 1.0, 1.0, 1.0, 1.0, 1.0, 1.0, 1.0, 1.0, 1.0, 1.0, 1.0, 1.0, 1.0, 1.0, 1.0, 1.0, 1.0, 1.0, 1.0, 1.0, 1.0, 1.0, 1.0, 1.0, 1.0, 1.0, 1.0, 1.0, 1.0, 1.0, 1.0, 1.0, 1.0, 1.0, 1.0, 1.0, 1.0, 1.0, 1.0, 1.0, 1.0, 1.0, 1.0, 1.0, 1.0, 1.0, 1.0, 1.0, 1.0, 1.0, 1.0, 1.0, 1.0, 1.0, 1.0, 1.0, 1.0, 1.0, 1.0, 1.0, 1.0, 1.0, 1.0, 1.0, 1.0, 1.0, 1.0, 1.0, 1.0, 1.0, 1.0, 1.0, 1.0, 1.0, 1.0, 1.0, 1.0, 1.0, 1.0, 1.0, 1.0, 1.0, 1.0, 1.0, 1.0, 1.0, 1.0, 1.0, 1.0, 1.0, 1.0, 1.0, 1.0, 1.0, 1.0, 1.0, 1.0, 1.0, 1.0, 1.0, 1.0, 1.0, 1.0, 1.0, 1.0, 1.0, 1.0, 1.0, 1.0, 1.0, 1.0, 1.0, 1.0, 1.0, 1.0, 1.0, 1.0, 1.0, 1.0, 1.0, 1.0, 1.0, 1.0, 1.0, 1.0, 1.0, 1.0, 1.0, 1.0, 1.0, 1.0, 1.0, 1.0, 1.0, 1.0, 1.0, 1.0, 1.0, 1.0, 1.0, 1.0, 1.0, 1.0, 1.0, 1.0, 1.0, 1.0, 1.0, 1.0, 1.0, 1.0, 1.0, 1.0, 1.0, 1.0, 1.0, 1.0, 1.0, 1.0, 1.0, 1.0, 1.0, 1.0, 1.0, 1.0, 1.0, 1.0, 1.0, 1.0, 1.0, 1.0, 1.0], "min_weight": 0.95, "max_distance": 3}