{"n_items": 400, "weights": [0.00039999999999999004, 0.0006999999999999825, 0.00019999999999999502, 0.0005999999999999851, 0.00029999999999999255, 0.0005999999999999851, 0.0004999999999999875, 0.0010999999999999725, 0.0006999999999999825, 0.0010999999999999725, 0.0010999999999999725, 0.0007999999999999801, 0.001399999999999965, 0.0011999999999999702, 0.0015999999999999602, 0.001799999999999955, 0.0014999999999999625, 0.001799999999999955, 0.0024999999999999376, 0.0014999999999999625, 0.002099999999999948, 0.0024999999999999376, 0.0018999999999999527, 0.0031999999999999204, 0.004099999999999898, 0.003499999999999913, 0.0037999999999999054, 0.0032999999999999176, 0.0048999999999998775, 0.0037999999999999054, 0.00559999999999986, 0.0051999999999998705, 0.006499999999999838, 0.0048999999999998775, 0.005699999999999858, 0.006899999999999828, 0.0070999999999998235, 0.006899999999999828, 0.006099999999999848, 0.0067999999999998305, 0.007699999999999808, 0.008999999999999776, 0.008199999999999796, 0.009899999999999753, 0.009799999999999755, 0.008199999999999796, 0.010699999999999734, 0.010599999999999736, 0.011899999999999704, 0.012199999999999695, 0.01119999999999972, 0.011499999999999714, 0.013699999999999659, 0.01409999999999965, 0.01319999999999967, 0.012799999999999681, 0.016599999999999587, 0.014199999999999647, 0.014899999999999629, 0.01409999999999965, 0.01559999999999961, 0.015799999999999606, 0.014499999999999638, 0.01409999999999965, 0.016299999999999593, 0.015799999999999606, 0.014499999999999638, 0.017899999999999555, 0.01689999999999958, 0.015199999999999622, 0.012599999999999686, 0.015099999999999624, 0.014199999999999647, 0.014999999999999626, 0.013399999999999666, 0.014199999999999647, 0.016799999999999583, 0.014499999999999638, 0.014599999999999636, 0.014799999999999631, 0.014899999999999629, 0.013899999999999654, 0.014499999999999638, 0.013799999999999656, 0.011599999999999711, 0.012899999999999679, 0.012799999999999681, 0.0119999999999997, 0.012699999999999684, 0.013999999999999652, 0.011099999999999723, 0.01119999999999972, 0.012599999999999686, 0.008899999999999778, 0.010299999999999743, 0.008899999999999778, 0.011899999999999704, 0.0067999999999998305, 0.006599999999999835, 0.006899999999999828, 0.007499999999999813, 0.006099999999999848, 0.008399999999999791, 0.00719999999999982, 0.007499999999999813, 0.0051999999999998705, 0.0067999999999998305, 0.005899999999999853, 0.0037999999999999054, 0.003699999999999908, 0.0038999999999999027, 0.004699999999999883, 0.004099999999999898, 0.0031999999999999204, 0.0033999999999999152, 0.0033999999999999152, 0.001799999999999955, 0.00279999999999993, 0.0023999999999999404, 0.002099999999999948, 0.0030999999999999227, 0.0025999999999999353, 0.0012999999999999676, 0.0018999999999999527, 0.0011999999999999702, 0.002099999999999948, 0.0007999999999999801, 0.0010999999999999725, 0.0011999999999999702, 0.0007999999999999801, 0.0010999999999999725, 0.0006999999999999825, 0.000999999999999975, 0.0005999999999999851, 0.0006999999999999825, 0.0010999999999999725, 0.0005999999999999851, 0.00019999999999999502, 0.0005999999999999851, 0.00019999999999999502, 9.999999999999751e-05, 0.00029999999999999255, 0.00019999999999999502, 0.00029999999999999255, 0.00029999999999999255, 0.0004999999999999875, 9.999999999999751e-17, 9.999999999999751e-17, 0.00019999999999999502, 0.00019999999999999502, 9.999999999999751e-17, 9.999999999999751e-05, 9.999999999999751e-17, 9.999999999999751e-17, 9.999999999999751e-05, 9.999999999999751e-17, 9.999999999999751e-17, 9.999999999999751e-17, 9.999999999999751e-17, 9.999999999999751e-17, 9.999999999999751e-17, 9.999999999999751e-17, 9.999999999999751e-17, 9.999999999999751e-17, 9.999999999999751e-05, 9.999999999999751e-17, 9.999999999999751e-17, 9.999999999999751e-17, 9.999999999999751e-17, 9.999999999999751e-17, 9.999999999999751e-17, 9.999999999999751e-17, 9.999999999999751e-17, 9.999999999999751e-17, 9.999999999999751e-17, 9.999999999999751e-17, 9.999999999999751e-17, 9.999999999999751e-17, 9.999999999999751e-17, 9.999999999999751e-17, 9.999999999999751e-17, 9.999999999999751e-17, 9.999999999999751e-17, 9.999999999999751e-17, 9.999999999999751e-17, 9.999999999999751e-17, 9.999999999999751e-17, 9.999999999999751e-17, 9.999999999999751e-17, 9.999999999999751e-17, 9.999999999999751e-17, 9.999999999999751e-17, 9.999999999999751e-17, 9.999999999999751e-17, 9.999999999999751e-17, 9.999999999999751e-17, 9.999999999999751e-17, 9.999999999999751e-17, 9.999999999999751e-17, 9.999999999999751e-17, 9.999999999999751e-17, 9.999999999999751e-17, 9.999999999999751e-17, 9.999999999999751e-17, 9.999999999999751e-17, 9.999999999999751e-17, 9.999999999999751e-17, 9.999999999999751e-17, 9.999999999999751e-17, 9.999999999999751e-17, 9.999999999999751e-17, 9.999999999999751e-17, 9.999999999999751e-17, 9.999999999999751e-17, 9.999999999999751e-17, 9.999999999999751e-17, 9.999999999999751e-17, 9.999999999999751e-17, 9.999999999999751e-17, 9.999999999999751e-17, 9.999999999999751e-17, 9.999999999999751e-17, 9.999999999999751e-17, 9.999999999999751e-17, 9.999999999999751e-17, 9.999999999999751e-17, 9.999999999999751e-17, 9.999999999999751e-17, 9.999999999999751e-17, 9.999999999999751e-17, 9.999999999999751e-17, 9.999999999999751e-17, 9.999999999999751e-17, 9.999999999999751e-17, 9.999999999999751e-17, 9.999999999999751e-17, 9.999999999999751e-17, 9.999999999999751e-17, 9.999999999999751e-17, 9.999999999999751e-17, 9.999999999999751e-17, 9.999999999999751e-17, 9.999999999999751e-17, 9.999999999999751e-17, 9.999999999999751e-17, 9.999999999999751e-17, 9.999999999999751e-17, 9.999999999999751e-17, 9.999999999999751e-17, 9.999999999999751e-17, 9.999999999999751e-17, 9.999999999999751e-17, 9.999999999999751e-17, 9.999999999999751e-17, 9.999999999999751e-17, 9.999999999999751e-17, 9.999999999999751e-17, 9.999999999999751e-17, 9.999999999999751e-17, 9.999999999999751e-17, 9.999999999999751e-17, 9.999999999999751e-17, 9.999999999999751e-17, 9.999999999999751e-17, 9.999999999999751e-17, 9.999999999999751e-17, 9.999999999999751e-17, 9.999999999999751e-17, 9.999999999999751e-17, 9.999999999999751e-17, 9.999999999999751e-17, 9.999999999999751e-17, 9.999999999999751e-17, 9.999999999999751e-17, 9.999999999999751e-17, 9.999999999999751e-17, 9.999999999999751e-17, 9.999999999999751e-17, 9.999999999999751e-17, 9.999999999999751e-17, 9.999999999999751e-17, 9.999999999999751e-17, 9.999999999999751e-17, 9.999999999999751e-17, 9.999999999999751e-17, 9.999999999999751e-17, 9.999999999999751e-17, 9.999999999999751e-17, 9.999999999999751e-17, 9.999999999999751e-17, 9.999999999999751e-17, 9.999999999999751e-17, 9.999999999999751e-17, 9.999999999999751e-17, 9.999999999999751e-17, 9.999999999999751e-17, 9.999999999999751e-17, 9.999999999999751e-17, 9.999999999999751e-17, 9.999999999999751e-17, 9.999999999999751e-17, 9.999999999999751e-17, 9.999999999999751e-17, 9.999999999999751e-17, 9.999999999999751e-17, 9.999999999999751e-17, 9.999999999999751e-17, 9.999999999999751e-17, 9.999999999999751e-17, 9.999999999999751e-17, 9.999999999999751e-17, 9.999999999999751e-17, 9.999999999999751e-17, 9.999999999999751e-17, 9.999999999999751e-17, 9.999999999999751e-17, 9.999999999999751e-17, 9.999999999999751e-17, 9.999999999999751e-17, 9.999999999999751e-17, 9.999999999999751e-17, 9.999999999999751e-17, 9.999999999999751e-17, 9.999999999999751e-17, 9.999999999999751e-17, 9.999999999999751e-17, 9.999999999999751e-17, 9.999999999999751e-17, 9.999999999999751e-17, 9.999999999999751e-17, 9.999999999999751e-17, 9.999999999999751e-17, 9.999999999999751e-17, 9.999999999999751e-17, 9.999999999999751e-17, 9.999999999999751e-17, 9.999999999999751e-17, 9.999999999999751e-17, 9.999999999999751e-17, 9.999999999999751e-17, 9.999999999999751e-17, 9.999999999999751e-17, 9.999999999999751e-17, 9.999999999999751e-17, 9.999999999999751e-17, 9.999999999999751e-17, 9.999999999999751e-17, 9.999999999999751e-17, 9.999999999999751e-17, 9.999999999999751e-17, 