{"n_items": 600, "weights": [0.0036999999999999173, 0.005299999999999881, 0.004799999999999893, 0.004299999999999904, 0.005299999999999881, 0.0051999999999998835, 0.004699999999999895, 0.004699999999999895, 0.004999999999999888, 0.0054999999999998765, 0.004699999999999895, 0.006399999999999857, 0.00579999999999987, 0.005999999999999866, 0.005699999999999873, 0.005599999999999875, 0.005999999999999866, 0.005099999999999886, 0.00579999999999987, 0.005399999999999879, 0.0065999999999998525, 0.005699999999999873, 0.005999999999999866, 0.0065999999999998525, 0.006099999999999863, 0.005699999999999873, 0.006199999999999861, 0.005999999999999866, 0.006999999999999843, 0.00759999999999983, 0.006499999999999855, 0.006299999999999859, 0.00759999999999983, 0.006499999999999855, 0.007199999999999839, 0.0065999999999998525, 0.006199999999999861, 0.006999999999999843, 0.0065999999999998525, 0.0068999999999998455, 0.007899999999999824, 0.005999999999999866, 0.006099999999999863, 0.005899999999999868, 0.006299999999999859, 0.004499999999999899, 0.005599999999999875, 0.0068999999999998455, 0.006799999999999848, 0.00579999999999987, 0.006499999999999855, 0.005899999999999868, 0.006099999999999863, 0.005599999999999875, 0.005999999999999866, 0.005399999999999879, 0.005699999999999873, 0.005899999999999868, 0.004599999999999897, 0.0038999999999999127, 0.004799999999999893, 0.004299999999999904, 0.004399999999999901, 0.0038999999999999127, 0.0054999999999998765, 0.004799999999999893, 0.005099999999999886, 0.004799999999999893, 0.0021999999999999507, 0.004299999999999904, 0.0034999999999999216, 0.004099999999999908, 0.004599999999999897, 0.003799999999999915, 0.0032999999999999263, 0.0025999999999999418, 0.0031999999999999286, 0.003399999999999924, 0.002499999999999944, 0.0032999999999999263, 0.0023999999999999464, 0.0025999999999999418, 0.002899999999999935, 0.0030999999999999305, 0.0022999999999999484, 0.0026999999999999394, 0.0034999999999999216, 0.002499999999999944, 0.0015999999999999643, 0.002499999999999944, 0.0025999999999999418, 0.0021999999999999507, 0.0021999999999999507, 0.0012999999999999709, 0.001699999999999962, 0.0019999999999999554, 0.0017999999999999598, 0.0015999999999999643, 0.0012999999999999709, 0.0013999999999999688, 0.0010999999999999753, 0.0010999999999999753, 0.0018999999999999575, 0.0005999999999999866, 0.0012999999999999709, 0.0017999999999999598, 0.0009999999999999777, 0.0015999999999999643, 0.0006999999999999844, 0.0005999999999999866, 0.0006999999999999844, 9.999999999999777e-05, 0.0007999999999999821, 0.0002999999999999933, 0.0008999999999999799, 0.0006999999999999844, 0.0005999999999999866, 0.0009999999999999777, 0.0009999999999999777, 0.0004999999999999888, 0.0003999999999999911, 0.0002999999999999933, 0.00019999999999999554, 0.0002999999999999933, 0.0002999999999999933, 0.0003999999999999911, 0.0003999999999999911, 0.0002999999999999933, 0.0002999999999999933, 0.0002999999999999933, 0.0002999999999999933, 9.999999999999775e-17, 9.999999999999777e-05, 9.999999999999775e-17, 0.0002999999999999933, 0.00019999999999999554, 0.00019999999999999554, 9.999999999999775e-17, 9.999999999999775e-17, 9.999999999999775e-17, 9.999999999999775e-17, 9.999999999999775e-17, 9.999999999999777e-05, 9.999999999999775e-17, 9.999999999999777e-05, 0.0003999999999999911, 9.999999999999775e-17, 9.999999999999775e-17, 9.999999999999777e-05, 9.999999999999777e-05, 9.999999999999777e-05, 0.00019999999999999554, 9.999999999999775e-17, 9.999999999999777e-05, 9.999999999999777e-05, 9.999999999999775e-17, 9.999999999999775e-17, 9.999999999999775e-17, 9.999999999999775e-17, 9.999999999999775e-17, 9.999999999999775e-17, 9.999999999999775e-17, 9.999999999999775e-17, 9.999999999999775e-17, 9.999999999999775e-17, 9.999999999999777e-05, 9.999999999999775e-17, 9.999999999999775e-17, 9.999999999999775e-17, 9.999999999999775e-17, 9.999999999999775e-17, 9.999999999999775e-17, 9.999999999999775e-17, 9.999999999999777e-05, 9.999999999999775e-17, 9.999999999999775e-17, 9.999999999999775e-17, 9.999999999999775e-17, 9.999999999999775e-17, 9.999999999999775e-17, 9.999999999999775e-17, 9.999999999999775e-17, 9.999999999999775e-17, 9.999999999999775e-17, 9.999999999999775e-17, 9.999999999999775e-17, 9.999999999999775e-17, 9.999999999999775e-17, 9.999999999999775e-17, 9.999999999999775e-17, 9.999999999999775e-17, 9.999999999999775e-17, 9.999999999999775e-17, 9.999999999999775e-17, 9.999999999999775e-17, 9.999999999999775e-17, 9.999999999999777e-05, 9.999999999999775e-17, 9.999999999999777e-05, 9.999999999999775e-17, 9.999999999999775e-17, 9.999999999999775e-17, 9.999999999999775e-17, 9.999999999999775e-17, 9.999999999999775e-17, 9.999999999999775e-17, 9.999999999999775e-17, 9.999999999999777e-05, 9.999999999999775e-17, 9.999999999999775e-17, 9.999999999999777e-05, 9.999999999999775e-17, 9.999999999999775e-17, 9.999999999999777e-05, 9.999999999999775e-17, 9.999999999999775e-17, 9.999999999999775e-17, 9.999999999999777e-05, 9.999999999999777e-05, 9.999999999999777e-05, 9.999999999999775e-17, 9.999999999999777e-05, 0.0004999999999999888, 9.999999999999777e-05, 9.999999999999777e-05, 9.999999999999777e-05, 9.999999999999777e-05, 9.999999999999777e-05, 9.999999999999777e-05, 0.0002999999999999933, 0.00019999999999999554, 9.999999999999775e-17, 9.999999999999777e-05, 9.999999999999777e-05, 0.00019999999999999554, 0.0004999999999999888, 0.00019999999999999554, 0.00019999999999999554, 0.0003999999999999911, 0.00019999999999999554, 0.00019999999999999554, 0.00019999999999999554, 0.0002999999999999933, 0.0003999999999999911, 0.0003999999999999911, 9.999999999999777e-05, 0.0002999999999999933, 0.0003999999999999911, 0.00019999999999999554, 0.0003999999999999911, 0.0004999999999999888, 0.0005999999999999866, 0.0004999999999999888, 0.0002999999999999933, 0.0010999999999999753, 0.0004999999999999888, 0.0007999999999999821, 0.0010999999999999753, 0.0010999999999999753, 0.0006999999999999844, 0.0009999999999999777, 0.0010999999999999753, 0.0013999999999999688, 0.0011999999999999732, 0.0013999999999999688, 0.0010999999999999753, 0.0015999999999999643, 0.0008999999999999799, 0.0008999999999999799, 0.0012999999999999709, 0.0014999999999999664, 0.0012999999999999709, 0.0017999999999999598, 0.0015999999999999643, 0.0013999999999999688, 0.0015999999999999643, 0.0022999999999999484, 0.002099999999999953, 0.0017999999999999598, 0.0021999999999999507, 0.0014999999999999664, 0.0017999999999999598, 0.0022999999999999484, 0.002899999999999935, 0.002899999999999935, 0.0034999999999999216, 0.0026999999999999394, 0.003999999999999911, 0.004099999999999908, 0.002899999999999935, 0.0026999999999999394, 0.003399999999999924, 0.002999999999999933, 0.0034999999999999216, 0.0030999999999999305, 0.0032999999999999263, 0.0036999999999999173, 0.002899999999999935, 0.003399999999999924, 0.0027999999999999375, 0.0032999999999999263, 0.004999999999999888, 0.003799999999999915, 0.0034999999999999216, 0.004999999999999888, 0.004399999999999901, 0.0035999999999999197, 0.003999999999999911, 0.003799999999999915, 0.005599999999999875, 0.004499999999999899, 0.0035999999999999197, 0.005399999999999879, 0.004499999999999899, 0.004699999999999895, 0.006099999999999863, 0.003999999999999911, 0.006299999999999859, 0.0036999999999999173, 0.006099999999999863, 0.005999999999999866, 0.005399999999999879, 0.005099999999999886, 0.004399999999999901, 0.00579999999999987, 0.0048999999999998906, 0.005599999999999875, 0.005099999999999886, 0.006399999999999857, 0.0051999999999998835, 0.0054999999999998765, 0.005299999999999881, 0.005999999999999866, 0.003999999999999911, 0.006399999999999857, 0.005299999999999881, 0.006199999999999861, 0.007699999999999828, 0.004799999999999893, 0.005999999999999866, 0.004399999999999901, 0.004799999999999893, 0.0054999999999998765, 0.005299999999999881, 0.004599999999999897, 0.004999999999999888, 0.0048999999999998906, 0.004499999999999899, 0.005299999999999881, 0.003399999999999924, 0.004499999999999899, 