{"n_items": 600, "weights": [9.999999999999636e-17, 9.999999999999636e-17, 9.999999999999636e-17, 9.999999999999636e-17, 9.999999999999636e-17, 9.999999999999636e-17, 9.999999999999636e-17, 9.999999999999636e-17, 9.999999999999636e-17, 9.999999999999636e-17, 9.999999999999636e-17, 9.999999999999636e-17, 9.999999999999636e-17, 9.999999999999636e-17, 9.999999999999636e-17, 9.999999999999636e-17, 9.999999999999636e-17, 9.999999999999636e-17, 9.999999999999636e-17, 9.999999999999636e-17, 9.999999999999636e-17, 9.999999999999636e-17, 9.999999999999636e-17, 9.999999999999636e-17, 9.999999999999636e-17, 9.999999999999636e-17, 9.999999999999636e-17, 9.999999999999636e-17, 9.999999999999636e-17, 9.999999999999636e-17, 9.999999999999636e-17, 9.999999999999636e-17, 9.999999999999636e-17, 9.999999999999636e-17, 9.999999999999636e-17, 9.999999999999636e-17, 9.999999999999636e-17, 9.999999999999636e-17, 9.999999999999636e-17, 9.999999999999636e-17, 9.999999999999636e-17, 9.999999999999636e-17, 9.999999999999636e-17, 9.999999999999636e-17, 9.999999999999636e-17, 9.999999999999636e-17, 9.999999999999636e-17, 9.999999999999636e-17, 9.999999999999636e-17, 9.999999999999636e-17, 9.999999999999636e-17, 9.999999999999636e-17, 9.999999999999636e-17, 9.999999999999636e-17, 9.999999999999636e-17, 9.999999999999636e-17, 9.999999999999636e-17, 9.999999999999636e-17, 9.999999999999636e-17, 9.999999999999636e-17, 9.999999999999636e-17, 9.999999999999636e-17, 9.999999999999636e-17, 9.999999999999636e-17, 9.999999999999636e-17, 9.999999999999636e-17, 9.999999999999636e-17, 9.999999999999636e-17, 9.999999999999636e-17, 9.999999999999636e-17, 9.999999999999636e-17, 9.999999999999636e-17, 9.999999999999636e-17, 9.999999999999636e-17, 9.999999999999636e-17, 9.999999999999636e-17, 9.999999999999636e-17, 9.999999999999636e-17, 9.999999999999636e-17, 9.999999999999636e-17, 9.999999999999636e-17, 9.999999999999636e-17, 9.999999999999636e-17, 9.999999999999636e-17, 9.999999999999636e-17, 9.999999999999636e-17, 9.999999999999636e-17, 9.999999999999636e-17, 9.999999999999636e-17, 9.999999999999636e-17, 9.999999999999636e-17, 9.999999999999636e-17, 9.999999999999636e-17, 9.999999999999636e-17, 9.999999999999636e-17, 9.999999999999636e-17, 9.999999999999636e-17, 9.999999999999636e-17, 9.999999999999636e-17, 9.999999999999636e-17, 9.999999999999636e-17, 9.999999999999636e-17, 9.999999999999636e-17, 9.999999999999636e-17, 9.999999999999636e-17, 9.999999999999636e-17, 9.999999999999636e-17, 9.999999999999636e-17, 9.999999999999636e-17, 9.999999999999636e-17, 9.999999999999636e-17, 9.999999999999636e-17, 9.999999999999636e-17, 9.999999999999636e-17, 9.999999999999636e-17, 9.999999999999636e-17, 9.999999999999636e-17, 9.999999999999636e-17, 9.999999999999636e-17, 9.999999999999636e-17, 9.999999999999636e-17, 9.999999999999636e-17, 9.999999999999636e-17, 9.999999999999636e-05, 9.999999999999636e-17, 9.999999999999636e-17, 9.999999999999636e-17, 9.999999999999636e-17, 9.999999999999636e-17, 9.999999999999636e-17, 9.999999999999636e-17, 9.999999999999636e-17, 0.00019999999999999272, 9.999999999999636e-05, 9.999999999999636e-05, 9.999999999999636e-05, 0.00019999999999999272, 9.999999999999636e-17, 0.00039999999999998544, 0.0002999999999999891, 0.00039999999999998544, 9.999999999999636e-05, 0.0007999999999999709, 0.00039999999999998544, 0.00039999999999998544, 0.0006999999999999745, 0.0006999999999999745, 0.0004999999999999818, 0.0006999999999999745, 0.0009999999999999636, 0.00109999999999996, 0.0015999999999999417, 0.00109999999999996, 0.0011999999999999563, 0.0017999999999999345, 0.001999999999999927, 0.00219999999999992, 0.001399999999999949, 0.0028999999999998944, 0.003099999999999887, 0.0028999999999998944, 0.001999999999999927, 0.0034999999999998726, 0.003399999999999876, 0.004099999999999851, 0.003399999999999876, 0.005399999999999803, 0.004299999999999844, 0.0045999999999998325, 0.004499999999999837, 0.006299999999999771, 0.006299999999999771, 0.006399999999999767, 0.007299999999999735, 0.007999999999999709, 0.006999999999999745, 0.006399999999999767, 0.009299999999999661, 0.007399999999999731, 0.009499999999999655, 0.011899999999999567, 0.011099999999999596, 0.011399999999999586, 0.010499999999999617, 0.009799999999999644, 0.011499999999999582, 0.0109999999999996, 0.00959999999999965, 0.011199999999999592, 0.008599999999999688, 0.01069999999999961, 0.010299999999999625, 0.009399999999999659, 0.009499999999999655, 0.00989999999999964, 0.011299999999999588, 0.009399999999999659, 0.010099999999999632, 0.009199999999999665, 0.008299999999999698, 0.01069999999999961, 0.008699999999999684, 0.008699999999999684, 0.00879999999999968, 0.00879999999999968, 0.0066999999999997565, 0.006499999999999764, 0.006099999999999778, 0.007499999999999727, 0.005899999999999786, 0.006399999999999767, 0.008099999999999705, 0.003999999999999854, 0.0052999999999998075, 0.004499999999999837, 0.005899999999999786, 0.0045999999999998325, 0.0029999999999998908, 0.003599999999999869, 0.004499999999999837, 0.00329999999999988, 0.002799999999999898, 0.002499999999999909, 0.0022999999999999163, 0.0017999999999999345, 0.0015999999999999417, 0.0023999999999999126, 0.001699999999999938, 0.0011999999999999563, 0.0011999999999999563, 0.0009999999999999636, 0.0008999999999999672, 0.0008999999999999672, 0.0007999999999999709, 0.0005999999999999782, 0.0004999999999999818, 0.0007999999999999709, 0.0009999999999999636, 0.0002999999999999891, 0.00019999999999999272, 0.00039999999999998544, 0.00019999999999999272, 0.0002999999999999891, 9.999999999999636e-05, 9.999999999999636e-05, 0.00019999999999999272, 9.999999999999636e-17, 9.999999999999636e-17, 9.999999999999636e-05, 9.999999999999636e-17, 9.999999999999636e-17, 9.999999999999636e-17, 9.999999999999636e-05, 9.999999999999636e-17, 9.999999999999636e-17, 9.999999999999636e-17, 9.999999999999636e-17, 9.999999999999636e-05, 9.999999999999636e-17, 9.999999999999636e-17, 9.999999999999636e-17, 9.999999999999636e-17, 9.999999999999636e-17, 9.999999999999636e-17, 9.999999999999636e-17, 9.999999999999636e-17, 9.999999999999636e-17, 9.999999999999636e-17, 9.999999999999636e-17, 9.999999999999636e-17, 9.999999999999636e-17, 9.999999999999636e-17, 9.999999999999636e-17, 9.999999999999636e-17, 9.999999999999636e-17, 9.999999999999636e-17, 9.999999999999636e-17, 9.999999999999636e-17, 9.999999999999636e-17, 9.999999999999636e-17, 9.999999999999636e-17, 9.999999999999636e-17, 9.999999999999636e-17, 9.999999999999636e-17, 9.999999999999636e-17, 9.999999999999636e-17, 9.999999999999636e-17, 9.999999999999636e-17, 9.999999999999636e-17, 9.999999999999636e-17, 9.999999999999636e-17, 9.999999999999636e-17, 9.999999999999636e-17, 9.999999999999636e-17, 9.999999999999636e-17, 9.999999999999636e-17, 9.999999999999636e-17, 9.999999999999636e-17, 9.999999999999636e-17, 9.999999999999636e-17, 9.999999999999636e-17, 9.999999999999636e-17, 9.999999999999636e-17, 9.999999999999636e-17, 9.999999999999636e-17, 9.999999999999636e-17, 9.999999999999636e-17, 9.999999999999636e-17, 9.999999999999636e-17, 9.999999999999636e-17, 9.999999999999636e-17, 9.999999999999636e-17, 9.999999999999636e-17, 9.999999999999636e-17, 9.999999999999636e-17, 9.999999999999636e-17, 9.999999999999636e-17, 9.999999999999636e-17, 9.999999999999636e-17, 9.999999999999636e-17, 9.999999999999636e-17, 9.999999999999636e-17, 9.999999999999636e-17, 9.999999999999636e-17, 9.999999999999636e-17, 9.999999999999636e-17, 9.999999999999636e-17, 9.999999999999636e-17, 9.999999999999636e-17, 9.999999999999636e-17, 9.999999999999636e-17, 9.999999999999636e-17, 9.999999999999636e-17, 9.999999999999636e-17, 9.999999999999636e-17, 9.999999999999636e-17, 9.999999999999636e-17, 9.999999999999636e-17, 9.999999999999636e-17, 9.999999999999636e-17, 9.999999999999636e-17, 9.999999999999636e-17, 9.999999999999636e-17, 9.999999999999636e-17, 9.999999999999636e-17, 9.999999999999636e-17, 9.999999999999636e-17, 9.999999999999636e-17, 9.999999999999636e-17, 