{"n_items": 200, "weights": [0.0016999999999999893, 0.0015999999999999899, 0.0020999999999999864, 0.0020999999999999864, 0.0015999999999999899, 0.0012999999999999917, 0.0016999999999999893, 0.0017999999999999885, 0.002799999999999982, 0.0025999999999999834, 0.0030999999999999804, 0.002799999999999982, 0.002999999999999981, 0.004299999999999972, 0.0037999999999999757, 0.0036999999999999763, 0.00459999999999997, 0.005399999999999966, 0.005399999999999966, 0.006199999999999961, 0.006699999999999958, 0.006499999999999959, 0.006499999999999959, 0.006899999999999956, 0.006799999999999957, 0.006899999999999956, 0.008599999999999944, 0.008899999999999943, 0.008499999999999945, 0.00809999999999995, 0.009099999999999941, 0.010799999999999931, 0.011599999999999926, 0.009999999999999936, 0.010299999999999934, 0.011199999999999929, 0.012799999999999919, 0.012999999999999918, 0.013599999999999914, 0.010799999999999931, 0.012499999999999921, 0.01269999999999992, 0.012999999999999918, 0.01389999999999991, 0.013299999999999916, 0.0157999999999999, 0.0159999999999999, 0.014499999999999907, 0.016399999999999897, 0.015499999999999901, 0.0155999999999999, 0.0160999999999999, 0.016599999999999893, 0.017999999999999884, 0.017699999999999886, 0.01729999999999989, 0.016499999999999893, 0.014899999999999905, 0.01709999999999989, 0.016599999999999893, 0.016699999999999892, 0.015499999999999901, 0.01679999999999989, 0.013299999999999916, 0.017499999999999887, 0.0157999999999999, 0.01679999999999989, 0.014399999999999908, 0.012299999999999922, 0.01399999999999991, 0.014999999999999904, 0.012399999999999922, 0.011599999999999926, 0.012299999999999922, 0.013799999999999911, 0.012199999999999923, 0.01269999999999992, 0.011699999999999926, 0.00939999999999994, 0.008999999999999942, 0.00939999999999994, 0.010199999999999935, 0.00799999999999995, 0.008399999999999946, 0.008599999999999944, 0.008299999999999946, 0.008699999999999944, 0.006899999999999956, 0.006699999999999958, 0.006999999999999955, 0.005099999999999967, 0.004999999999999968, 0.006099999999999961, 0.00459999999999997, 0.00469999999999997, 0.005099999999999967, 0.0063999999999999595, 0.002799999999999982, 0.0037999999999999757, 0.0037999999999999757, 0.002999999999999981, 0.0036999999999999763, 0.002999999999999981, 0.0025999999999999834, 0.0019999999999999875, 0.0018999999999999879, 0.002299999999999985, 0.0020999999999999864, 0.0017999999999999885, 0.0017999999999999885, 0.0009999999999999937, 0.0012999999999999917, 0.0007999999999999949, 0.0011999999999999923, 0.001099999999999993, 0.001099999999999993, 0.0004999999999999969, 0.0009999999999999937, 0.001099999999999993, 0.00019999999999999874, 0.0006999999999999955, 0.0002999999999999981, 0.0002999999999999981, 0.0002999999999999981, 0.00019999999999999874, 0.0002999999999999981, 0.0006999999999999955, 0.0002999999999999981, 0.0004999999999999969, 9.999999999999937e-05, 9.999999999999936e-17, 9.999999999999937e-05, 9.999999999999936e-17, 9.999999999999937e-05, 9.999999999999937e-05, 9.999999999999936e-17, 9.999999999999936e-17, 9.999999999999936e-17, 0.00019999999999999874, 9.999999999999936e-17, 9.999999999999936e-17, 9.999999999999937e-05, 9.999999999999936e-17, 9.999999999999937e-05, 9.999999999999937e-05, 9.999999999999936e-17, 9.999999999999936e-17, 9.999999999999936e-17, 9.999999999999936e-17, 9.999999999999936e-17, 9.999999999999936e-17, 9.999999999999936e-17, 9.999999999999936e-17, 9.999999999999936e-17, 9.999999999999936e-17, 9.999999999999936e-17, 9.999999999999936e-17, 9.999999999999936e-17, 9.999999999999936e-17, 9.999999999999936e-17, 9.999999999999936e-17, 9.999999999999936e-17, 9.999999999999936e-17, 9.999999999999936e-17, 9.999999999999936e-17, 9.999999999999936e-17, 9.999999999999936e-17, 9.999999999999936e-17, 9.999999999999936e-17, 9.999999999999936e-17, 9.999999999999936e-17, 9.999999999999936e-17, 9.999999999999936e-17, 9.999999999999936e-17, 9.999999999999936e-17, 9.999999999999936e-17, 9.999999999999936e-17, 9.999999999999936e-17, 9.999999999999936e-17, 9.999999999999936e-17, 9.999999999999936e-17, 9.999999999999936e-17, 9.999999999999936e-17, 9.999999999999936e-17, 9.999999999999936e-17, 9.999999999999936e-17, 9.999999999999936e-17, 9.999999999999936e-17, 9.999999999999936e-17, 9.999999999999936e-17, 9.999999999999936e-17, 9.999999999999936e-17, 9.999999999999936e-17, 9.999999999999936e-17, 9.999999999999936e-17, 9.999999999999936e-17, 9.999999999999936e-17, 9.999999999999936e-17, 9.999999999999936e-17, 9.999999999999936e-17], "profits": [1.0, 1.0, 1.0, 1.0, 1.0, 1.0, 1.0, 1.0, 1.0, 1.0, 1.0, 1.0, 1.0, 1.0, 1.0, 1.0, 1.0, 1.0, 1.0, 1.0, 1.0, 1.0, 1.0, 1.0, 1.0, 1.0, 1.0, 1.0, 1.0, 1.0, 1.0, 1.0, 1.0, 1.0, 1.0, 1.0, 1.0, 1.0, 1.0, 1.0, 1.0, 1.0, 1.0, 1.0, 1.0, 1.0, 1.0, 1.0, 1.0, 1.0, 1.0, 1.0, 1.0, 1.0, 1.0, 1.0, 1.0, 1.0, 1.0, 1.0, 1.0, 1.0, 1.0, 1.0, 1.0, 1.0, 1.0, 1.0, 1.0, 1.0, 1.0, 1.0, 1.0, 1.0, 1.0, 1.0, 1.0, 1.0, 1.0, 1.0, 1.0, 1.0, 1.0, 1.0, 1.0, 1.0, 1.0, 1.0, 1.0, 1.0, 1.0, 1.0, 1.0, 1.0, 1.0, 1.0, 1.0, 1.0, 1.0, 1.0, 1.0, 1.0, 1.0, 1.0, 1.0, 1.0, 1.0, 1.0, 1.0, 1.0, 1.0, 1.0, 1.0, 1.0, 1.0, 1.0, 1.0, 1.0, 1.0, 1.0, 1.0, 1.0, 1.0, 1.0, 1.0, 1.0, 1.0, 1.0, 1.0, 1.0, 1.0, 1.0, 1.0, 1.0, 1.0, 1.0, 1.0, 1.0, 1.0, 1.0, 1.0, 1.0, 1.0, 1.0, 1.0, 1.0, 1.0, 1.0, 1.0, 1.0, 1.0, 1.0, 1.0, 1.0, 1.0, 1.0, 1.0, 1.0, 1.0, 1.0, 1.0, 1.0, 1.0, 1.0, 1.0, 1.0, 1.0, 1.0, 1.0, 1.0, 1.0, 1.0, 1.0, 1.0, 1.0, 1.0, 1.0, 1.0, 1.0, 1.0, 1.0, 1.0, 1.0, 1.0, 1.0, 1.0, 1.0, 1.0, 1.0, 1.0, 1.0, 1.0, 1.0, 1.0, 1.0, 1.0, 1.0, 1.0, 1.0, 1.0], "min_weight": 0.95, "max_distance": 2}