{"n_items": 400, "weights": [9.999999999999763e-17, 9.999999999999763e-17, 9.999999999999763e-17, 9.999999999999763e-17, 9.999999999999763e-17, 9.999999999999763e-17, 9.999999999999763e-17, 9.999999999999763e-17, 9.999999999999763e-17, 9.999999999999763e-17, 9.999999999999763e-17, 9.999999999999763e-17, 9.999999999999763e-17, 9.999999999999763e-17, 9.999999999999763e-17, 9.999999999999763e-17, 9.999999999999763e-17, 9.999999999999763e-17, 9.999999999999763e-17, 9.999999999999763e-17, 9.999999999999763e-17, 9.999999999999763e-17, 9.999999999999763e-17, 9.999999999999763e-17, 9.999999999999763e-17, 9.999999999999763e-17, 9.999999999999763e-17, 9.999999999999763e-17, 9.999999999999763e-17, 9.999999999999763e-17, 9.999999999999763e-17, 9.999999999999763e-17, 9.999999999999763e-17, 9.999999999999763e-17, 9.999999999999763e-17, 9.999999999999763e-17, 9.999999999999763e-17, 9.999999999999763e-17, 9.999999999999763e-17, 9.999999999999763e-17, 9.999999999999763e-17, 9.999999999999763e-17, 9.999999999999763e-17, 9.999999999999763e-17, 9.999999999999763e-17, 9.999999999999763e-17, 9.999999999999763e-17, 9.999999999999763e-17, 9.999999999999763e-17, 9.999999999999763e-17, 9.999999999999763e-17, 9.999999999999763e-17, 9.999999999999763e-17, 9.999999999999763e-17, 9.999999999999763e-17, 9.999999999999763e-17, 9.999999999999763e-17, 9.999999999999763e-17, 9.999999999999763e-17, 9.999999999999763e-17, 9.999999999999763e-17, 9.999999999999763e-17, 9.999999999999763e-17, 9.999999999999763e-17, 9.999999999999763e-17, 9.999999999999763e-17, 9.999999999999763e-17, 9.999999999999763e-17, 9.999999999999763e-17, 9.999999999999763e-17, 9.999999999999763e-05, 9.999999999999763e-17, 9.999999999999763e-17, 9.999999999999763e-17, 9.999999999999763e-17, 9.999999999999763e-17, 9.999999999999763e-17, 9.999999999999763e-17, 9.999999999999763e-17, 9.999999999999763e-17, 9.999999999999763e-17, 9.999999999999763e-17, 9.999999999999763e-17, 9.999999999999763e-17, 0.0002999999999999929, 9.999999999999763e-17, 0.0002999999999999929, 9.999999999999763e-05, 0.00019999999999999527, 9.999999999999763e-17, 0.0004999999999999882, 0.0007999999999999811, 0.0005999999999999859, 0.0005999999999999859, 0.0006999999999999834, 0.0004999999999999882, 0.0008999999999999787, 0.0012999999999999694, 0.0016999999999999598, 0.0020999999999999504, 0.0027999999999999336, 0.0016999999999999598, 0.0033999999999999196, 0.0045999999999998915, 0.004099999999999903, 0.005699999999999865, 0.0042999999999998985, 0.006199999999999853, 0.0057999999999998626, 0.00719999999999983, 0.0084999999999998, 0.009699999999999771, 0.009199999999999783, 0.009899999999999767, 0.011499999999999727, 0.01139999999999973, 0.012999999999999692, 0.01439999999999966, 0.015299999999999639, 0.011899999999999718, 0.013899999999999671, 0.014899999999999648, 0.015799999999999627, 0.016799999999999603, 0.016399999999999613, 0.015999999999999622, 0.0168999999999996, 0.015999999999999622, 0.016199999999999617, 0.014299999999999662, 0.013999999999999669, 0.01349999999999968, 0.012399999999999706, 0.011299999999999732, 0.012799999999999697, 0.01049999999999975, 0.009399999999999778, 0.010699999999999746, 0.009499999999999776, 0.008299999999999804, 0.008699999999999795, 0.006499999999999846, 0.006599999999999844, 0.005299999999999874, 0.005699999999999865, 0.004399999999999896, 0.0033999999999999196, 0.0033999999999999196, 0.002199999999999948, 0.0022999999999999458, 0.0014999999999999645, 0.0011999999999999717, 0.0017999999999999575, 0.0008999999999999787, 0.0012999999999999694, 0.0005999999999999859, 0.00039999999999999053, 0.0005999999999999859, 0.0006999999999999834, 0.0002999999999999929, 0.0004999999999999882, 0.00019999999999999527, 9.999999999999763e-05, 0.00019999999999999527, 9.999999999999763e-17, 0.00019999999999999527, 9.999999999999763e-17, 9.999999999999763e-17, 9.999999999999763e-05, 9.999999999999763e-17, 9.999999999999763e-17, 9.999999999999763e-17, 9.999999999999763e-17, 9.999999999999763e-17, 9.999999999999763e-17, 9.999999999999763e-17, 9.999999999999763e-17, 9.999999999999763e-17, 9.999999999999763e-17, 9.999999999999763e-17, 9.999999999999763e-17, 9.999999999999763e-17, 9.999999999999763e-17, 9.999999999999763e-17, 9.999999999999763e-17, 9.999999999999763e-17, 9.999999999999763e-17, 9.999999999999763e-17, 9.999999999999763e-17, 9.999999999999763e-17, 9.999999999999763e-17, 9.999999999999763e-17, 9.999999999999763e-17, 9.999999999999763e-17, 9.999999999999763e-17, 9.999999999999763e-17, 9.999999999999763e-17, 9.999999999999763e-17, 9.999999999999763e-17, 9.999999999999763e-17, 9.999999999999763e-17, 9.999999999999763e-17, 9.999999999999763e-17, 9.999999999999763e-17, 9.999999999999763e-17, 9.999999999999763e-17, 9.999999999999763e-17, 9.999999999999763e-17, 9.999999999999763e-17, 9.999999999999763e-17, 9.999999999999763e-17, 9.999999999999763e-17, 9.999999999999763e-17, 9.999999999999763e-17, 9.999999999999763e-17, 9.999999999999763e-17, 9.999999999999763e-17, 9.999999999999763e-17, 9.999999999999763e-17, 9.999999999999763e-17, 9.999999999999763e-17, 9.999999999999763e-17, 9.999999999999763e-17, 9.999999999999763e-17, 9.999999999999763e-17, 9.999999999999763e-17, 9.999999999999763e-17, 9.999999999999763e-17, 9.999999999999763e-17, 9.999999999999763e-17, 9.999999999999763e-17, 9.999999999999763e-17, 9.999999999999763e-17, 9.999999999999763e-17, 9.999999999999763e-17, 9.999999999999763e-17, 9.999999999999763e-17, 9.999999999999763e-17, 9.999999999999763e-17, 9.999999999999763e-17, 9.999999999999763e-17, 9.999999999999763e-17, 9.999999999999763e-17, 9.999999999999763e-17, 9.999999999999763e-17, 9.999999999999763e-17, 9.999999999999763e-17, 9.999999999999763e-17, 9.999999999999763e-17, 9.999999999999763e-17, 9.999999999999763e-17, 9.999999999999763e-17, 9.999999999999763e-17, 9.999999999999763e-17, 9.999999999999763e-17, 9.999999999999763e-17, 9.999999999999763e-17, 9.999999999999763e-17, 9.999999999999763e-17, 9.999999999999763e-05, 9.999999999999763e-05, 0.00019999999999999527, 9.999999999999763e-17, 9.999999999999763e-05, 9.999999999999763e-05, 9.999999999999763e-17, 0.00039999999999999053, 0.0006999999999999834, 0.00019999999999999527, 0.0002999999999999929, 0.00039999999999999053, 0.0006999999999999834, 0.0006999999999999834, 0.0008999999999999787, 0.0012999999999999694, 0.0012999999999999694, 0.0007999999999999811, 0.0012999999999999694, 0.0019999999999999528, 0.0027999999999999336, 0.002199999999999948, 0.003299999999999922, 0.0045999999999998915, 0.0036999999999999126, 0.004999999999999882, 0.0045999999999998915, 0.0063999999999998485, 0.008599999999999797, 0.007499999999999823, 0.007499999999999823, 0.009999999999999764, 0.009799999999999769, 0.011699999999999723, 0.009799999999999769, 0.011599999999999725, 0.0126999999999997, 0.01309999999999969, 0.014299999999999662, 0.015099999999999643, 0.015199999999999641, 0.01439999999999966, 0.014299999999999662, 0.014899999999999648, 0.015699999999999627, 0.015999999999999622, 0.015599999999999632, 0.015599999999999632, 0.01479999999999965, 0.013599999999999678, 0.014899999999999648, 0.014699999999999653, 0.01439999999999966, 0.011499999999999727, 0.009899999999999767, 0.011899999999999718, 0.010699999999999746, 0.010799999999999744, 0.008199999999999806, 0.009599999999999774, 0.007999999999999811, 0.007399999999999825, 0.0069999999999998345, 0.00549999999999987, 0.005399999999999872, 0.0025999999999999387, 0.002699999999999936, 0.0030999999999999266, 0.0019999999999999528, 0.0023999999999999434, 0.0016999999999999598, 0.0017999999999999575, 0.0013999999999999668, 0.0007999999999999811, 0.001099999999999974, 0.0007999999999999811, 0.0005999999999999859, 0.00039999999999999053, 0.0007999999999999811, 0.0005999999999999859, 0.0002999999999999929, 0.00039999999999999053, 0.00019999999999999527, 0.0002999999999999929, 9.999999999999763e-17, 9.999999999999763e-05, 9.999999999999763e-17, 9.999999999999763e-17, 9.999999999999763e-17, 9.999999999999763e-17, 9.999999999999763e-17, 