{"n_items": 400, "weights": [0.0027707432871778375, 0.002270724766136969, 0.0020809565727181022, 0.002542030751179078, 0.002443575794772703, 0.0026390031713372153, 0.003252788616020258, 0.0016600225038122208, 0.002751758570244824, 0.0015924204296043226, 0.0020827031690963233, 0.002752503028445742, 0.002951129880533396, 0.003072209758057713, 0.001881232463255592, 0.002363068962076534, 0.001768146048899506, 0.0023584859850840313, 0.0027498716795275376, 0.002689325127102813, 0.0017989456120703553, 0.0019787899934485234, 0.0026614695041061237, 0.0021178646094433136, 0.002287864956743945, 0.0026446401582540012, 0.0022725291441964596, 0.0029746763438599218, 0.0020145553289800714, 0.002147200487684594, 0.002635992672576904, 0.002064466514126109, 0.0018755061770860564, 0.0020187789417060857, 0.0030974960921644834, 0.0025589906491744925, 0.0025913142689518993, 0.002215707772307184, 0.002696104708540787, 0.00295444519187853, 0.002520944720517574, 0.0030178163340027825, 0.003634496444872732, 0.0024037842134771955, 0.003375388107639241, 0.0027405267744150664, 0.0029790286091714606, 0.0024175296067728007, 0.0026239224579042964, 0.0024223383428347263, 0.003013356219300253, 0.003668804425355414, 0.002300283839466083, 0.001659441482334372, 0.001355568213841838, 0.0021203222770858465, 0.0025776941275502457, 0.0024745811312169913, 0.003601109104244615, 0.004049085276735105, 0.0018457293527971066, 0.0021312278308037507, 0.0015851017553287106, 0.0014915797301470897, 0.0014155066267945672, 0.001317293001851479, 0.0026623770427912836, 0.002025131143794068, 0.0020859870975048476, 0.002920925298812105, 0.0026748511208206163, 0.0030141099468994114, 0.0024098977506332975, 0.002452924790830879, 0.003388133660262798, 0.004342149767982299, 0.002622142445238843, 0.0022456786395146848, 0.0017188096909794843, 0.00210851956825619, 0.0021695901606790906, 0.0026990969273971693, 0.003230783214929965, 0.00210690581100013, 0.0022309186571633417, 0.0031225226776967767, 0.0024037176105548763, 0.0027623826808183256, 0.0029126305323092187, 0.0036910580997411863, 0.002448549543572016, 0.003243891861074934, 0.002421566527778592, 0.00251811754083676, 0.0026351260556381484, 0.002563304985989836, 0.002546325423547319, 0.002206792240802335, 0.0031533693670084, 0.002903085635888009, 0.0011335357814437881, 0.0022286528113873946, 0.001966923182711496, 0.0032023385901591194, 0.003019276891032223, 0.002573827101894799, 0.0013063708592323908, 0.0029910919777321873, 0.0020734256869894435, 0.003167487359296479, 0.0022113406907183246, 0.0031498434414253935, 0.001834116183629216, 0.0010873504948619734, 0.002146263102616715, 0.0017557035556342799, 0.0028822418305616687, 0.0022538208935211695, 0.0025461269272209373, 0.0034829289913553573, 0.0027046053523715192, 0.003678740659251075, 0.0024787155234943766, 0.0015722691040837707, 0.0024384805106703713, 0.0020716948533336887, 0.0030618032372839036, 0.0031341857388099714, 0.0014803598741832842, 0.0021421322780574626, 0.0025980000599469047, 0.0020835428861372273, 0.0017475622675177888, 0.0019921648542690264, 0.003644108780528747, 0.0016893101005301145, 0.0020782559819351584, 0.0031454959121482015, 0.003433320514045527, 0.002482526711641798, 0.002186351642566329, 0.0026947989165298563, 0.0027119884809014964, 0.003758701026306273, 0.0028446766936070416, 0.0016347734643233694, 0.003962611608347871, 0.003251802217016977, 0.0015475806686925907, 0.0012747399383234413, 0.0032243479461216916, 0.0021165225476301014, 0.0026312173058848226, 0.0022287358430530613, 0.00217413468187532, 0.0035913453145649723, 0.002264548379420805, 0.002358447230708288, 0.0025174364900341774, 0.0028802534072727842, 0.0021931750413322643, 0.0022253288263088095, 0.002434090447343178, 0.002015688636404509, 0.0024726284644242128, 0.00242957718394128, 0.00249191253926663, 0.00206213070623575, 0.003008394559725659, 0.002381860826049512, 0.0031418662455132357, 0.002325269529220191, 0.002097596408469005, 0.003280573133916663, 0.0029296046125882294, 0.002798593217947945, 0.002695323688094585, 0.0022257437305088206, 0.002668583265415695, 0.0027969073481105364, 0.002161121589189944, 0.003029180683457017, 0.002928419308124834, 0.0023410515319052514, 0.003082771010162313, 0.0028638583861382593, 0.0020323089214222584, 0.0021387710946710443, 0.003448621296769437, 0.002832955576213848, 0.002588789164294082, 0.003647945524925205, 0.0025228338348476905, 0.0025320578871034184, 0.00254491599620217, 0.0026046315125801737, 0.002508839796539576, 0.0036619703565430547, 0.0030868999257798414, 0.002693152661149944, 0.002374983666623977, 0.0021044601945929106, 0.0035561010006314123, 0.0010054658460993606, 0.0018004672540370904, 0.0014118361755989226, 0.002532769744611402, 0.0021935761305929193, 0.00336081778703403, 0.0017654620483770706, 0.0017453535100373238, 0.002437606416552108, 0.002097912648422783, 0.0022450745568984923, 0.0027083473480520232, 0.0030316442376932752, 0.00218294635600282, 0.002367048945057805, 0.0029026879916636858, 0.00243308458872162, 0.0027751950557010747, 0.002369495299160083, 0.002081312791688196, 0.0011803808536641654, 0.003192202166760207, 0.002227919379763907, 0.0037816919561934935, 0.0024700896016923834, 0.0024044756739209335, 0.0018520523484924537, 0.003042499735032035, 0.0022982739513651576, 0.0024470042303887775, 0.0023171796448854696, 0.002823296940084367, 0.0032772998096906414, 0.002777355483995701, 0.0018198949798851013, 0.002394363900143334, 0.0021217179159370163, 0.0020597255570644034, 0.001991665127031214, 0.004342087006770634, 0.002429003284486526, 0.002843867991469388, 0.0020534011915043665, 0.0016545352408188789, 0.0020098055933337297, 0.002515291243153096, 0.0027826902483695853, 0.0021770649326360615, 0.0023490030573245506, 0.002190579334777524, 0.0023938000174229747, 0.001917912717852147, 0.0024363610804646963, 0.002388530502502289, 0.002413113002628745, 0.0018653477947054161, 0.002489512978908635, 0.0017415959903876322, 0.002517569966110097, 0.0026967024529940564, 0.002229379786378995, 0.0019350263226079222, 0.0025937821474597, 0.0035259349081318407, 0.003492321186081145, 0.0030435956202302565, 0.002452822363155161, 0.0017857996316331445, 0.0026535064469136414, 0.002530079366008319, 0.0023480629781910353, 0.002344755650940868, 0.002670837355587021, 0.002970801908742643, 0.0030686969390191004, 0.0027441659543227127, 0.0024010573250518117, 0.0027758740099605252, 0.003045893490430976, 0.003091696532181265, 0.0017433842851178332, 0.002302011314434635, 0.0022925850919426273, 0.001739664014786186, 0.002629623966301963, 0.003171484998230855, 0.0025479569759951, 0.003306818431693858, 0.0025285908152605885, 0.0024767782100811606, 0.0014188046004550464, 0.0032401007412057614, 0.002573258250382999, 0.0017450216446486225, 0.002180680840172159, 0.0016944026357554106, 0.0031576282316512563, 0.002658435343409935, 0.0019574566434956524, 0.0029684618567913166, 0.0037182627267918354, 0.0025417260135143422, 0.0026912220691210163, 0.0012790109223164577, 0.003131199553955038, 0.0018720763977263057, 0.002390875899633877, 0.0028541634223292357, 0.001689197332408177, 0.0022110655606473167, 0.0022306200133250754, 0.002999394511553375, 0.002426501867316495, 0.0027050180698547106, 0.0009667584110316784, 0.0013777442529869126, 0.002524071882142383, 0.003401157352115549, 0.0011066850035494952, 0.002498260285103428, 0.0016779414321038857, 0.00260414806614299, 0.0038230367180374742, 0.002170205548549416, 0.003084800659046554, 0.002366162727396104, 0.0031086913944142953, 0.0022624843232064477, 0.0021297645650817003, 0.0018496415501835564, 0.002879310353612583, 0.002661843295943659, 0.002429288952915243, 0.0028731035500543655, 0.0021502906105687267, 0.001849266286947983, 0.0024817001036481416, 0.00223812721557156, 0.0028117332226715534, 0.0024933431763964195, 0.0027046331023778208, 0.002602279830450539, 0.003797069805123714, 0.002749177313164296, 0.0019714462205328866, 0.002476413541257283, 0.004083770148137097, 0.002602731004010252, 0.002954886838078445, 0.003019054381552438, 0.0029341268526275675, 