{"n_items": 400, "weights": [9.999999999999767e-17, 9.999999999999767e-17, 9.999999999999767e-17, 9.999999999999767e-17, 9.999999999999767e-17, 9.999999999999767e-17, 9.999999999999767e-17, 9.999999999999767e-17, 9.999999999999767e-17, 9.999999999999767e-17, 9.999999999999767e-17, 9.999999999999767e-17, 9.999999999999767e-17, 9.999999999999767e-17, 9.999999999999767e-17, 9.999999999999767e-17, 9.999999999999767e-17, 9.999999999999767e-17, 9.999999999999767e-17, 9.999999999999767e-17, 9.999999999999767e-17, 9.999999999999767e-17, 9.999999999999767e-17, 9.999999999999767e-17, 9.999999999999767e-17, 9.999999999999767e-17, 9.999999999999767e-17, 9.999999999999767e-17, 9.999999999999767e-05, 9.999999999999767e-17, 9.999999999999767e-17, 9.999999999999767e-17, 9.999999999999767e-17, 9.999999999999767e-17, 9.999999999999767e-17, 9.999999999999767e-17, 9.999999999999767e-17, 9.999999999999767e-17, 9.999999999999767e-17, 9.999999999999767e-17, 9.999999999999767e-17, 9.999999999999767e-17, 9.999999999999767e-17, 9.999999999999767e-17, 9.999999999999767e-05, 9.999999999999767e-17, 9.999999999999767e-17, 0.00019999999999999535, 9.999999999999767e-17, 9.999999999999767e-17, 9.999999999999767e-17, 9.999999999999767e-17, 9.999999999999767e-17, 9.999999999999767e-05, 9.999999999999767e-17, 0.00019999999999999535, 9.999999999999767e-17, 9.999999999999767e-17, 0.00019999999999999535, 0.00019999999999999535, 0.00029999999999999303, 9.999999999999767e-17, 0.0003999999999999907, 0.0003999999999999907, 0.0004999999999999884, 0.00029999999999999303, 0.0007999999999999814, 0.0006999999999999837, 0.00029999999999999303, 0.0004999999999999884, 0.0006999999999999837, 0.0004999999999999884, 0.00029999999999999303, 0.000899999999999979, 0.0003999999999999907, 0.0003999999999999907, 0.0004999999999999884, 0.0014999999999999651, 0.0013999999999999675, 0.0005999999999999861, 0.0011999999999999721, 0.0018999999999999558, 0.001799999999999958, 0.0012999999999999698, 0.002499999999999942, 0.001799999999999958, 0.0018999999999999558, 0.003099999999999928, 0.003599999999999916, 0.0032999999999999232, 0.003599999999999916, 0.0028999999999999326, 0.003099999999999928, 0.003099999999999928, 0.004399999999999898, 0.003599999999999916, 0.003999999999999907, 0.004899999999999886, 0.004899999999999886, 0.0056999999999998675, 0.005899999999999863, 0.005299999999999877, 0.006499999999999849, 0.005899999999999863, 0.006899999999999839, 0.006799999999999842, 0.0085999999999998, 0.007799999999999818, 0.008399999999999805, 0.008999999999999791, 0.010499999999999756, 0.008799999999999796, 0.009299999999999784, 0.011099999999999742, 0.011899999999999723, 0.010599999999999754, 0.010599999999999754, 0.012299999999999714, 0.012999999999999698, 0.012599999999999707, 0.013199999999999693, 0.012099999999999719, 0.013199999999999693, 0.013499999999999686, 0.012099999999999719, 0.015699999999999634, 0.013499999999999686, 0.016099999999999625, 0.016199999999999624, 0.012599999999999707, 0.015599999999999637, 0.01679999999999961, 0.014899999999999653, 0.01419999999999967, 0.01639999999999962, 0.017399999999999596, 0.017999999999999582, 0.018299999999999574, 0.016599999999999615, 0.013399999999999688, 0.014399999999999665, 0.014699999999999658, 0.015099999999999648, 0.0170999999999996, 0.014699999999999658, 0.014799999999999655, 0.012599999999999707, 0.013099999999999695, 0.0128999999999997, 0.011999999999999721, 0.01249999999999971, 0.01679999999999961, 0.012799999999999702, 0.012699999999999705, 0.010799999999999749, 0.012299999999999714, 0.01159999999999973, 0.011399999999999735, 0.010699999999999751, 0.011499999999999733, 0.01159999999999973, 0.009699999999999775, 0.008999999999999791, 0.009999999999999768, 0.007599999999999823, 0.009299999999999784, 0.008299999999999808, 0.006899999999999839, 0.008099999999999812, 0.006099999999999858, 0.006199999999999856, 0.0065999999999998464, 0.005799999999999865, 0.006799999999999842, 0.004399999999999898, 0.004899999999999886, 0.004199999999999903, 0.0037999999999999115, 0.0037999999999999115, 0.0034999999999999185, 0.0029999999999999302, 0.0042999999999999, 0.003099999999999928, 0.0028999999999999326, 0.0019999999999999536, 0.0023999999999999443, 0.002199999999999949, 0.0015999999999999628, 0.0018999999999999558, 0.001799999999999958, 0.000899999999999979, 0.0009999999999999768, 0.0019999999999999536, 0.0013999999999999675, 0.0013999999999999675, 0.0009999999999999768, 0.0010999999999999745, 0.0009999999999999768, 0.0006999999999999837, 0.0009999999999999768, 0.0005999999999999861, 0.0004999999999999884, 0.0003999999999999907, 0.00029999999999999303, 0.00029999999999999303, 0.0006999999999999837, 0.00019999999999999535, 0.0004999999999999884, 9.999999999999767e-17, 0.00019999999999999535, 0.00019999999999999535, 0.00019999999999999535, 0.00019999999999999535, 9.999999999999767e-17, 0.00019999999999999535, 9.999999999999767e-05, 9.999999999999767e-05, 0.00019999999999999535, 9.999999999999767e-17, 9.999999999999767e-17, 9.999999999999767e-05, 9.999999999999767e-17, 9.999999999999767e-17, 9.999999999999767e-17, 0.00019999999999999535, 9.999999999999767e-17, 9.999999999999767e-05, 9.999999999999767e-17, 9.999999999999767e-17, 9.999999999999767e-17, 9.999999999999767e-05, 9.999999999999767e-17, 9.999999999999767e-05, 9.999999999999767e-17, 9.999999999999767e-17, 9.999999999999767e-17, 9.999999999999767e-17, 9.999999999999767e-17, 9.999999999999767e-17, 9.999999999999767e-17, 9.999999999999767e-17, 9.999999999999767e-17, 9.999999999999767e-17, 9.999999999999767e-17, 9.999999999999767e-17, 9.999999999999767e-17, 9.999999999999767e-17, 9.999999999999767e-17, 9.999999999999767e-17, 9.999999999999767e-17, 9.999999999999767e-17, 9.999999999999767e-17, 9.999999999999767e-17, 9.999999999999767e-17, 9.999999999999767e-17, 9.999999999999767e-17, 9.999999999999767e-17, 9.999999999999767e-17, 9.999999999999767e-17, 9.999999999999767e-17, 9.999999999999767e-17, 9.999999999999767e-17, 9.999999999999767e-17, 9.999999999999767e-17, 9.999999999999767e-17, 9.999999999999767e-17, 9.999999999999767e-17, 9.999999999999767e-17, 9.999999999999767e-17, 9.999999999999767e-17, 9.999999999999767e-17, 9.999999999999767e-17, 9.999999999999767e-17, 9.999999999999767e-17, 9.999999999999767e-17, 9.999999999999767e-17, 9.999999999999767e-17, 9.999999999999767e-17, 9.999999999999767e-17, 9.999999999999767e-17, 9.999999999999767e-17, 9.999999999999767e-17, 9.999999999999767e-17, 9.999999999999767e-17, 9.999999999999767e-17, 9.999999999999767e-17, 9.999999999999767e-17, 9.999999999999767e-17, 9.999999999999767e-17, 9.999999999999767e-17, 9.999999999999767e-17, 9.999999999999767e-17, 9.999999999999767e-17, 9.999999999999767e-17, 9.999999999999767e-17, 9.999999999999767e-17, 9.999999999999767e-17, 9.999999999999767e-17, 9.999999999999767e-17, 9.999999999999767e-17, 9.999999999999767e-17, 9.999999999999767e-17, 9.999999999999767e-17, 9.999999999999767e-17, 9.999999999999767e-17, 9.999999999999767e-17, 9.999999999999767e-17, 9.999999999999767e-17, 9.999999999999767e-17, 9.999999999999767e-17, 9.999999999999767e-17, 9.999999999999767e-17, 9.999999999999767e-17, 9.999999999999767e-17, 9.999999999999767e-17, 9.999999999999767e-17, 9.999999999999767e-17, 9.999999999999767e-17, 9.999999999999767e-17, 9.999999999999767e-17, 9.999999999999767e-17, 9.999999999999767e-17, 9.999999999999767e-17, 9.999999999999767e-17, 9.999999999999767e-17, 9.999999999999767e-17, 9.999999999999767e-17, 9.999999999999767e-17, 9.999999999999767e-17, 9.999999999999767e-17, 9.999999999999767e-17, 9.999999999999767e-17, 9.999999999999767e-17, 9.999999999999767e-17, 9.999999999999767e-17, 9.999999999999767e-17, 9.999999999999767e-17, 9.999999999999767e-17, 9.999999999999767e-17, 9.999999999999767e-17, 9.999999999999767e-17, 9.999999999999767e-17, 9.999999999999767e-17, 9.999999999999767e-17, 9.999999999999767e-17, 9.999999999999767e-17, 9.999999999999767e-17, 9.999999999999767e-17, 9.999999999999767e-17, 9.999999999999767e-17, 