{"n_items": 200, "weights": [9.99999999999985e-17, 9.99999999999985e-17, 9.99999999999985e-17, 9.99999999999985e-17, 9.99999999999985e-17, 9.99999999999985e-17, 9.99999999999985e-17, 9.99999999999985e-17, 9.99999999999985e-17, 9.99999999999985e-17, 9.99999999999985e-17, 9.99999999999985e-17, 9.99999999999985e-17, 9.99999999999985e-17, 9.99999999999985e-17, 9.99999999999985e-17, 9.99999999999985e-17, 9.99999999999985e-17, 9.99999999999985e-17, 9.99999999999985e-17, 9.99999999999985e-17, 9.99999999999985e-17, 9.99999999999985e-17, 9.99999999999985e-17, 9.99999999999985e-17, 9.99999999999985e-17, 9.99999999999985e-17, 9.99999999999985e-17, 9.99999999999985e-17, 9.99999999999985e-17, 9.99999999999985e-17, 9.99999999999985e-17, 9.99999999999985e-17, 9.99999999999985e-17, 9.99999999999985e-17, 9.99999999999985e-17, 9.99999999999985e-17, 9.99999999999985e-17, 9.99999999999985e-17, 9.99999999999985e-17, 9.99999999999985e-17, 9.99999999999985e-17, 9.99999999999985e-17, 9.99999999999985e-17, 9.99999999999985e-17, 9.99999999999985e-17, 9.99999999999985e-17, 9.99999999999985e-17, 9.99999999999985e-17, 9.99999999999985e-17, 9.99999999999985e-17, 9.99999999999985e-17, 9.99999999999985e-17, 9.99999999999985e-17, 9.99999999999985e-17, 9.99999999999985e-17, 9.99999999999985e-17, 9.99999999999985e-17, 9.99999999999985e-17, 9.99999999999985e-17, 9.99999999999985e-17, 9.999999999999849e-05, 9.99999999999985e-17, 9.999999999999849e-05, 9.999999999999849e-05, 0.0004999999999999924, 0.0006999999999999895, 0.0009999999999999848, 0.001399999999999979, 0.0026999999999999594, 0.0038999999999999413, 0.004999999999999925, 0.007999999999999879, 0.009199999999999861, 0.013099999999999803, 0.018799999999999716, 0.023499999999999646, 0.028899999999999565, 0.03489999999999947, 0.041399999999999375, 0.049899999999999244, 0.049099999999999255, 0.058499999999999115, 0.06289999999999905, 0.060799999999999084, 0.06789999999999898, 0.06319999999999905, 0.06029999999999909, 0.060199999999999095, 0.05069999999999923, 0.043499999999999345, 0.034699999999999474, 0.0327999999999995, 0.026899999999999594, 0.022299999999999664, 0.016099999999999757, 0.01449999999999978, 0.010299999999999844, 0.006199999999999906, 0.005199999999999922, 0.003099999999999953, 0.0026999999999999594, 0.0018999999999999714, 0.0010999999999999834, 0.0008999999999999864, 0.0002999999999999955, 0.00039999999999999395, 9.999999999999849e-05, 9.99999999999985e-17, 9.999999999999849e-05, 9.999999999999849e-05, 9.99999999999985e-17, 9.99999999999985e-17, 9.99999999999985e-17, 9.99999999999985e-17, 9.99999999999985e-17, 9.99999999999985e-17, 9.99999999999985e-17, 9.99999999999985e-17, 9.99999999999985e-17, 9.99999999999985e-17, 9.99999999999985e-17, 9.99999999999985e-17, 9.99999999999985e-17, 9.99999999999985e-17, 9.99999999999985e-17, 9.99999999999985e-17, 9.99999999999985e-17, 9.99999999999985e-17, 9.99999999999985e-17, 9.99999999999985e-17, 9.99999999999985e-17, 9.99999999999985e-17, 9.99999999999985e-17, 9.99999999999985e-17, 9.99999999999985e-17, 9.99999999999985e-17, 9.99999999999985e-17, 9.99999999999985e-17, 9.99999999999985e-17, 9.99999999999985e-17, 9.99999999999985e-17, 9.99999999999985e-17, 9.99999999999985e-17, 9.99999999999985e-17, 9.99999999999985e-17, 9.99999999999985e-17, 9.99999999999985e-17, 9.99999999999985e-17, 9.99999999999985e-17, 9.99999999999985e-17, 9.99999999999985e-17, 9.99999999999985e-17, 9.99999999999985e-17, 9.99999999999985e-17, 9.99999999999985e-17, 9.99999999999985e-17, 9.99999999999985e-17, 9.99999999999985e-17, 9.99999999999985e-17, 9.99999999999985e-17, 9.99999999999985e-17, 9.99999999999985e-17, 9.99999999999985e-17, 9.99999999999985e-17, 9.99999999999985e-17, 9.99999999999985e-17, 9.99999999999985e-17, 9.99999999999985e-17, 9.99999999999985e-17, 9.99999999999985e-17, 9.99999999999985e-17, 9.99999999999985e-17, 9.99999999999985e-17, 9.99999999999985e-17, 9.99999999999985e-17, 9.99999999999985e-17, 9.99999999999985e-17, 9.99999999999985e-17, 9.99999999999985e-17, 9.99999999999985e-17, 9.99999999999985e-17, 9.99999999999985e-17, 9.99999999999985e-17, 9.99999999999985e-17, 9.99999999999985e-17, 9.99999999999985e-17, 9.99999999999985e-17, 9.99999999999985e-17, 9.99999999999985e-17, 9.99999999999985e-17, 9.99999999999985e-17, 9.99999999999985e-17, 9.99999999999985e-17, 9.99999999999985e-17, 9.99999999999985e-17, 9.99999999999985e-17, 9.99999999999985e-17, 9.99999999999985e-17, 9.99999999999985e-17], "profits": [1.0, 1.0, 1.0, 1.0, 1.0, 1.0, 1.0, 1.0, 1.0, 1.0, 1.0, 1.0, 1.0, 1.0, 1.0, 1.0, 1.0, 1.0, 1.0, 1.0, 1.0, 1.0, 1.0, 1.0, 1.0, 1.0, 1.0, 1.0, 1.0, 1.0, 1.0, 1.0, 1.0, 1.0, 1.0, 1.0, 1.0, 1.0, 1.0, 1.0, 1.0, 1.0, 1.0, 1.0, 1.0, 1.0, 1.0, 1.0, 1.0, 1.0, 1.0, 1.0, 1.0, 1.0, 1.0, 1.0, 1.0, 1.0, 1.0, 1.0, 1.0, 1.0, 1.0, 1.0, 1.0, 1.0, 1.0, 1.0, 1.0, 1.0, 1.0, 1.0, 1.0, 1.0, 1.0, 1.0, 0.1, 0.1, 1.0, 1.0, 1.0, 1.0, 1.0, 1.0, 1.0, 1.0, 1.0, 1.0, 1.0, 1.0, 1.0, 1.0, 1.0, 1.0, 1.0, 1.0, 1.0, 1.0, 1.0, 1.0, 1.0, 1.0, 1.0, 1.0, 1.0, 1.0, 1.0, 1.0, 1.0, 1.0, 1.0, 1.0, 1.0, 1.0, 1.0, 1.0, 1.0, 1.0, 1.0, 1.0, 1.0, 1.0, 1.0, 1.0, 1.0, 1.0, 1.0, 1.0, 1.0, 1.0, 1.0, 1.0, 1.0, 1.0, 1.0, 1.0, 1.0, 1.0, 1.0, 1.0, 1.0, 1.0, 1.0, 1.0, 1.0, 1.0, 1.0, 1.0, 1.0, 1.0, 1.0, 1.0, 1.0, 1.0, 1.0, 1.0, 1.0, 1.0, 1.0, 1.0, 1.0, 1.0, 1.0, 1.0, 1.0, 1.0, 1.0, 1.0, 1.0, 1.0, 1.0, 1.0, 1.0, 1.0, 1.0, 1.0, 1.0, 1.0, 1.0, 1.0, 1.0, 1.0, 1.0, 1.0, 1.0, 1.0, 1.0, 1.0, 1.0, 1.0, 1.0, 1.0, 1.0, 1.0, 1.0, 1.0, 1.0, 1.0, 1.0, 1.0], "min_weight": 0.95, "max_distance": 5}