{"n_items": 200, "weights": [9.999999999999843e-17, 9.999999999999843e-17, 9.999999999999843e-17, 9.999999999999843e-17, 9.999999999999843e-17, 9.999999999999843e-17, 9.999999999999843e-17, 9.999999999999843e-17, 9.999999999999843e-17, 9.999999999999843e-17, 9.999999999999843e-17, 9.999999999999843e-17, 9.999999999999843e-17, 9.999999999999843e-17, 9.999999999999843e-17, 9.999999999999843e-17, 9.999999999999843e-17, 9.999999999999843e-17, 9.999999999999843e-17, 9.999999999999843e-17, 9.999999999999843e-17, 9.999999999999843e-17, 9.999999999999843e-17, 9.999999999999843e-17, 9.999999999999843e-17, 9.999999999999843e-17, 9.999999999999843e-17, 9.999999999999843e-17, 9.999999999999843e-17, 9.999999999999843e-17, 9.999999999999843e-17, 9.999999999999843e-17, 9.999999999999843e-17, 9.999999999999843e-17, 9.999999999999843e-17, 9.999999999999843e-17, 9.999999999999843e-17, 9.999999999999843e-17, 9.999999999999843e-17, 9.999999999999843e-17, 9.999999999999843e-17, 9.999999999999843e-17, 9.999999999999843e-17, 9.999999999999843e-17, 9.999999999999843e-17, 9.999999999999843e-17, 9.999999999999843e-17, 9.999999999999843e-17, 9.999999999999843e-17, 9.999999999999843e-17, 9.999999999999843e-17, 9.999999999999843e-05, 9.999999999999843e-05, 0.0002999999999999953, 0.0008999999999999859, 0.0008999999999999859, 0.003699999999999942, 0.009899999999999845, 0.016199999999999746, 0.02429999999999962, 0.03429999999999946, 0.049099999999999235, 0.056599999999999116, 0.064699999999999, 0.061499999999999035, 0.0509999999999992, 0.04399999999999931, 0.03449999999999946, 0.021399999999999666, 0.012499999999999805, 0.007999999999999875, 0.003899999999999939, 0.001399999999999978, 0.000699999999999989, 9.999999999999843e-17, 9.999999999999843e-17, 9.999999999999843e-17, 9.999999999999843e-17, 9.999999999999843e-17, 9.999999999999843e-17, 9.999999999999843e-17, 9.999999999999843e-17, 9.999999999999843e-17, 9.999999999999843e-17, 9.999999999999843e-17, 9.999999999999843e-17, 9.999999999999843e-17, 9.999999999999843e-17, 9.999999999999843e-17, 9.999999999999843e-17, 9.999999999999843e-17, 9.999999999999843e-17, 9.999999999999843e-17, 9.999999999999843e-17, 9.999999999999843e-17, 0.0002999999999999953, 9.999999999999843e-05, 0.0014999999999999766, 0.0028999999999999547, 0.005399999999999915, 0.01219999999999981, 0.02099999999999967, 0.032499999999999495, 0.044299999999999305, 0.05439999999999915, 0.06549999999999898, 0.06009999999999906, 0.05849999999999909, 0.04599999999999928, 0.03689999999999942, 0.02749999999999957, 0.01539999999999976, 0.007999999999999875, 0.003999999999999938, 0.0021999999999999654, 0.0008999999999999859, 0.00039999999999999373, 9.999999999999843e-17, 9.999999999999843e-17, 9.999999999999843e-17, 9.999999999999843e-17, 9.999999999999843e-17, 9.999999999999843e-17, 9.999999999999843e-17, 9.999999999999843e-17, 9.999999999999843e-17, 9.999999999999843e-17, 9.999999999999843e-17, 9.999999999999843e-17, 9.999999999999843e-17, 9.999999999999843e-17, 9.999999999999843e-17, 9.999999999999843e-17, 9.999999999999843e-17, 9.999999999999843e-17, 9.999999999999843e-17, 9.999999999999843e-17, 9.999999999999843e-17, 9.999999999999843e-17, 9.999999999999843e-17, 9.999999999999843e-17, 9.999999999999843e-17, 9.999999999999843e-17, 9.999999999999843e-17, 9.999999999999843e-17, 9.999999999999843e-17, 9.999999999999843e-17, 9.999999999999843e-17, 9.999999999999843e-17, 9.999999999999843e-17, 9.999999999999843e-17, 9.999999999999843e-17, 9.999999999999843e-17, 9.999999999999843e-17, 9.999999999999843e-17, 9.999999999999843e-17, 9.999999999999843e-17, 9.999999999999843e-17, 9.999999999999843e-17, 9.999999999999843e-17, 9.999999999999843e-17, 9.999999999999843e-17, 9.999999999999843e-17, 9.999999999999843e-17, 9.999999999999843e-17, 9.999999999999843e-17, 9.999999999999843e-17, 9.999999999999843e-17, 9.999999999999843e-17, 9.999999999999843e-17, 9.999999999999843e-17, 9.999999999999843e-17, 9.999999999999843e-17, 9.999999999999843e-17, 9.999999999999843e-17, 9.999999999999843e-17, 9.999999999999843e-17, 9.999999999999843e-17, 9.999999999999843e-17, 9.999999999999843e-17, 9.999999999999843e-17, 9.999999999999843e-17, 9.999999999999843e-17, 9.999999999999843e-17, 9.999999999999843e-17, 9.999999999999843e-17, 9.999999999999843e-17, 9.999999999999843e-17, 9.999999999999843e-17, 9.999999999999843e-17, 9.999999999999843e-17, 9.999999999999843e-17, 9.999999999999843e-17, 9.999999999999843e-17, 9.999999999999843e-17, 9.999999999999843e-17, 9.999999999999843e-17, 9.999999999999843e-17, 9.999999999999843e-17, 9.999999999999843e-17], "profits": [1.0, 1.0, 1.0, 1.0, 1.0, 1.0, 1.0, 1.0, 1.0, 1.0, 1.0, 1.0, 1.0, 1.0, 1.0, 1.0, 1.0, 1.0, 1.0, 1.0, 1.0, 1.0, 1.0, 1.0, 1.0, 1.0, 1.0, 1.0, 1.0, 1.0, 1.0, 1.0, 1.0, 1.0, 1.0, 1.0, 1.0, 1.0, 1.0, 1.0, 1.0, 1.0, 1.0, 1.0, 1.0, 1.0, 1.0, 1.0, 1.0, 1.0, 1.0, 1.0, 1.0, 1.0, 1.0, 1.0, 1.0, 1.0, 1.0, 1.0, 1.0, 1.0, 1.0, 1.0, 1.0, 1.0, 1.0, 1.0, 1.0, 1.0, 1.0, 1.0, 1.0, 1.0, 1.0, 1.0, 1.0, 1.0, 1.0, 1.0, 1.0, 1.0, 1.0, 1.0, 1.0, 1.0, 1.0, 1.0, 1.0, 1.0, 1.0, 1.0, 1.0, 1.0, 1.0, 1.0, 1.0, 1.0, 1.0, 1.0, 1.0, 1.0, 1.0, 1.0, 1.0, 1.0, 1.0, 1.0, 1.0, 1.0, 1.0, 1.0, 1.0, 1.0, 1.0, 1.0, 1.0, 1.0, 1.0, 1.0, 1.0, 1.0, 1.0, 1.0, 1.0, 1.0, 1.0, 1.0, 1.0, 1.0, 1.0, 1.0, 1.0, 1.0, 1.0, 1.0, 1.0, 1.0, 1.0, 1.0, 1.0, 1.0, 1.0, 1.0, 1.0, 1.0, 1.0, 1.0, 1.0, 1.0, 1.0, 1.0, 1.0, 1.0, 1.0, 1.0, 1.0, 1.0, 1.0, 1.0, 1.0, 1.0, 1.0, 1.0, 1.0, 1.0, 1.0, 1.0, 1.0, 1.0, 1.0, 1.0, 1.0, 1.0, 1.0, 1.0, 1.0, 1.0, 1.0, 1.0, 1.0, 1.0, 1.0, 1.0, 1.0, 1.0, 1.0, 1.0, 1.0, 1.0, 1.0, 1.0, 1.0, 1.0, 1.0, 1.0, 1.0, 1.0, 1.0, 1.0], "min_weight": 0.95, "max_distance": 5}