{"n_items": 200, "weights": [0.00010004001600640216, 1.0004001600640216e-16, 0.00010004001600640216, 0.00010004001600640216, 0.00010004001600640216, 0.0005002000800320108, 0.00040016006402560864, 0.00030012004801920647, 0.0005002000800320108, 0.00030012004801920647, 0.0010004001600640215, 0.0007002801120448151, 0.0005002000800320108, 0.001300520208083228, 0.0011004401760704237, 0.0014005602240896302, 0.0022008803521408474, 0.001800720288115239, 0.0027010804321728585, 0.00370148059223688, 0.0034013605442176735, 0.00370148059223688, 0.0046018407362945, 0.005902360944377728, 0.006702681072428945, 0.007102841136454554, 0.007302921168467358, 0.0075030012004801624, 0.009703881552621009, 0.009603841536614607, 0.008903561424569792, 0.011904761904761857, 0.012905162064825879, 0.015906362545017944, 0.013205282112845084, 0.01580632252901154, 0.01300520208083228, 0.014705882352941117, 0.014405762304921911, 0.014105642256902704, 0.01760704281712678, 0.012905162064825879, 0.01750700280112038, 0.017406962785113975, 0.015606242496998737, 0.016106442577030748, 0.013505402160864292, 0.014505802320928313, 0.012705082032813075, 0.01200480192076826, 0.015606242496998737, 0.012905162064825879, 0.01110444177671064, 0.008903561424569792, 0.009903961584633815, 0.009103641456582597, 0.008903561424569792, 0.005902360944377728, 0.006302521008403336, 0.005802320928371326, 0.005402160864345717, 0.003901560624249684, 0.004201680672268891, 0.004001600640256086, 0.002501000400160054, 0.0027010804321728585, 0.002601040416166456, 0.001900760304121641, 0.002000800320128043, 0.001300520208083228, 0.0009003601440576195, 0.0011004401760704237, 0.0006002400960384129, 0.0012004801920768259, 0.0005002000800320108, 0.0007002801120448151, 0.00010004001600640216, 0.00030012004801920647, 0.00030012004801920647, 0.00010004001600640216, 0.00010004001600640216, 0.00010004001600640216, 0.00010004001600640216, 0.00010004001600640216, 1.0004001600640216e-16, 1.0004001600640216e-16, 1.0004001600640216e-16, 1.0004001600640216e-16, 1.0004001600640216e-16, 1.0004001600640216e-16, 1.0004001600640216e-16, 1.0004001600640216e-16, 1.0004001600640216e-16, 1.0004001600640216e-16, 1.0004001600640216e-16, 1.0004001600640216e-16, 1.0004001600640216e-16, 1.0004001600640216e-16, 1.0004001600640216e-16, 1.0004001600640216e-16, 1.0004001600640216e-16, 1.0004001600640216e-16, 1.0004001600640216e-16, 1.0004001600640216e-16, 1.0004001600640216e-16, 1.0004001600640216e-16, 1.0004001600640216e-16, 1.0004001600640216e-16, 1.0004001600640216e-16, 1.0004001600640216e-16, 0.00010004001600640216, 1.0004001600640216e-16, 1.0004001600640216e-16, 1.0004001600640216e-16, 1.0004001600640216e-16, 0.00010004001600640216, 1.0004001600640216e-16, 1.0004001600640216e-16, 1.0004001600640216e-16, 1.0004001600640216e-16, 1.0004001600640216e-16, 1.0004001600640216e-16, 1.0004001600640216e-16, 1.0004001600640216e-16, 1.0004001600640216e-16, 0.00030012004801920647, 0.0005002000800320108, 0.00040016006402560864, 0.00030012004801920647, 0.0006002400960384129, 0.0010004001600640215, 0.00040016006402560864, 0.00040016006402560864, 0.00030012004801920647, 0.001300520208083228, 0.0009003601440576195, 0.0015006002400960324, 0.002000800320128043, 0.0027010804321728585, 0.001900760304121641, 0.0027010804321728585, 0.0047018807523009016, 0.003801520608243282, 0.004501800720288098, 0.0049019607843137055, 0.007002801120448151, 0.00650260104041614, 0.005902360944377728, 0.00650260104041614, 0.009103641456582597, 0.009503801520608205, 0.009103641456582597, 0.010804321728691434, 0.012204881952781063, 0.012304921968787465, 0.013105242096838682, 0.01340536214485789, 0.012605042016806673, 0.01430572228891551, 0.016106442577030748, 0.017106842737094768, 0.014705882352941117, 0.016306522609043552, 0.015206082432973129, 0.015006002400960325, 0.015006002400960325, 0.015006002400960325, 0.015006002400960325, 0.01530612244897953, 0.012905162064825879, 0.011904761904761857, 0.013505402160864292, 0.012905162064825879, 0.010104041616646619, 0.01340536214485789, 0.009203681472589, 0.010004001600640217, 0.008103241296518574, 0.007002801120448151, 0.00790316126450577, 0.006602641056422542, 0.005202080832332912, 0.005002000800320108, 0.005202080832332912, 0.005002000800320108, 0.0047018807523009016, 0.0035014005602240755, 0.0014005602240896302, 0.003001200480192065, 0.001800720288115239, 0.0014005602240896302, 0.001800720288115239, 0.0016006402561024346, 0.0011004401760704237, 0.00040016006402560864, 0.0010004001600640215, 0.0007002801120448151, 0.0007002801120448151, 0.00030012004801920647, 1.0004001600640216e-16],