{"n_items": 600, "weights": [9.999999999999644e-17, 9.999999999999644e-17, 9.999999999999644e-17, 9.999999999999644e-17, 9.999999999999644e-17, 9.999999999999644e-17, 9.999999999999644e-17, 9.999999999999644e-17, 9.999999999999644e-17, 9.999999999999644e-17, 9.999999999999644e-17, 9.999999999999644e-17, 9.999999999999644e-17, 9.999999999999644e-17, 9.999999999999644e-17, 9.999999999999644e-17, 9.999999999999644e-17, 9.999999999999644e-17, 9.999999999999644e-17, 9.999999999999644e-17, 9.999999999999644e-17, 9.999999999999644e-17, 9.999999999999644e-17, 9.999999999999644e-17, 9.999999999999644e-17, 9.999999999999644e-17, 9.999999999999644e-17, 9.999999999999644e-17, 9.999999999999644e-17, 9.999999999999644e-17, 9.999999999999644e-17, 9.999999999999644e-17, 9.999999999999644e-17, 9.999999999999644e-17, 9.999999999999644e-17, 9.999999999999644e-17, 9.999999999999644e-17, 9.999999999999644e-17, 9.999999999999644e-17, 9.999999999999644e-17, 9.999999999999644e-17, 9.999999999999644e-17, 9.999999999999644e-17, 9.999999999999644e-17, 9.999999999999644e-17, 9.999999999999644e-17, 9.999999999999644e-17, 9.999999999999644e-17, 9.999999999999644e-17, 9.999999999999644e-17, 9.999999999999644e-17, 9.999999999999644e-17, 9.999999999999644e-17, 9.999999999999644e-17, 9.999999999999644e-17, 9.999999999999644e-17, 9.999999999999644e-17, 9.999999999999644e-17, 9.999999999999644e-17, 9.999999999999644e-17, 9.999999999999644e-17, 9.999999999999644e-17, 9.999999999999644e-17, 9.999999999999644e-17, 9.999999999999644e-17, 9.999999999999644e-17, 9.999999999999644e-17, 9.999999999999644e-17, 9.999999999999644e-17, 9.999999999999644e-17, 9.999999999999644e-17, 9.999999999999644e-17, 9.999999999999644e-17, 9.999999999999644e-17, 9.999999999999644e-17, 9.999999999999644e-17, 9.999999999999644e-17, 9.999999999999644e-17, 9.999999999999644e-17, 9.999999999999644e-17, 9.999999999999644e-17, 9.999999999999644e-17, 9.999999999999644e-17, 9.999999999999644e-17, 9.999999999999644e-17, 9.999999999999644e-17, 9.999999999999644e-17, 9.999999999999644e-17, 9.999999999999644e-17, 9.999999999999644e-17, 9.999999999999644e-17, 9.999999999999644e-17, 9.999999999999644e-17, 9.999999999999644e-17, 9.999999999999644e-17, 9.999999999999644e-17, 9.999999999999644e-17, 9.999999999999644e-17, 9.999999999999644e-17, 9.999999999999644e-17, 9.999999999999644e-17, 9.999999999999644e-17, 9.999999999999644e-17, 9.999999999999644e-17, 9.999999999999644e-17, 9.999999999999644e-17, 9.999999999999644e-17, 9.999999999999644e-17, 9.999999999999644e-17, 9.999999999999644e-17, 9.999999999999644e-17, 9.999999999999644e-17, 9.999999999999644e-17, 9.999999999999644e-17, 9.999999999999644e-17, 9.999999999999644e-17, 9.999999999999644e-17, 9.999999999999644e-17, 9.999999999999644e-17, 9.999999999999644e-17, 9.999999999999644e-17, 9.999999999999644e-17, 9.999999999999644e-17, 9.999999999999644e-17, 9.999999999999644e-17, 9.999999999999644e-17, 9.999999999999644e-17, 9.999999999999644e-17, 9.999999999999644e-17, 9.999999999999644e-17, 9.999999999999644e-17, 9.999999999999644e-17, 9.999999999999644e-17, 9.999999999999644e-17, 9.999999999999644e-17, 9.999999999999644e-17, 9.999999999999644e-17, 9.999999999999644e-17, 9.999999999999644e-17, 9.999999999999644e-17, 9.999999999999644e-17, 9.999999999999644e-17, 9.999999999999644e-17, 9.999999999999644e-17, 9.999999999999644e-17, 9.999999999999644e-17, 9.999999999999644e-17, 9.999999999999644e-17, 9.999999999999644e-17, 9.999999999999644e-17, 9.999999999999644e-17, 9.999999999999644e-17, 9.999999999999644e-17, 9.999999999999644e-17, 9.999999999999644e-17, 9.999999999999644e-17, 9.999999999999644e-17, 9.999999999999644e-17, 9.999999999999644e-05, 9.999999999999644e-05, 9.999999999999644e-05, 9.999999999999644e-17, 9.999999999999644e-17, 9.999999999999644e-17, 9.999999999999644e-17, 9.999999999999644e-17, 9.999999999999644e-17, 9.999999999999644e-17, 9.999999999999644e-05, 0.00019999999999999288, 9.999999999999644e-17, 9.999999999999644e-17, 9.999999999999644e-17, 0.00019999999999999288, 9.999999999999644e-17, 9.999999999999644e-17, 9.999999999999644e-17, 9.999999999999644e-05, 0.00019999999999999288, 9.999999999999644e-17, 0.0002999999999999893, 9.999999999999644e-17, 9.999999999999644e-17, 9.999999999999644e-05, 0.00019999999999999288, 9.999999999999644e-05, 0.00019999999999999288, 0.0002999999999999893, 0.00039999999999998576, 0.00019999999999999288, 0.0004999999999999821, 0.0005999999999999786, 0.00039999999999998576, 9.999999999999644e-05, 0.00039999999999998576, 9.999999999999644e-05, 0.0002999999999999893, 0.00019999999999999288, 0.00039999999999998576, 0.0002999999999999893, 9.999999999999644e-05, 0.0002999999999999893, 9.999999999999644e-05, 0.0007999999999999715, 0.00039999999999998576, 0.0007999999999999715, 0.0008999999999999679, 0.0005999999999999786, 0.0004999999999999821, 0.0010999999999999608, 0.0004999999999999821, 0.00019999999999999288, 0.0007999999999999715, 0.0004999999999999821, 0.0007999999999999715, 0.0005999999999999786, 0.0009999999999999642, 0.0013999999999999501, 0.0011999999999999572, 0.001599999999999943, 0.0014999999999999465, 0.0020999999999999253, 0.0016999999999999394, 0.0016999999999999394, 0.0017999999999999358, 0.0021999999999999216, 0.0013999999999999501, 0.0018999999999999323, 0.0019999999999999285, 0.0020999999999999253, 0.0020999999999999253, 0.002699999999999904, 0.0024999999999999107, 0.002699999999999904, 0.0023999999999999144, 0.0023999999999999144, 0.0028999999999998966, 0.0032999999999998825, 0.0032999999999998825, 0.003399999999999879, 0.004799999999999829, 0.003899999999999861, 0.003499999999999875, 0.0032999999999998825, 0.003999999999999857, 0.005399999999999808, 0.004099999999999854, 0.004099999999999854, 0.0048999999999998255, 0.006199999999999779, 0.004499999999999839, 0.005399999999999808, 0.006199999999999779, 0.006099999999999783, 0.004599999999999836, 0.006499999999999768, 0.0055999999999998004, 0.005199999999999815, 0.005199999999999815, 0.008099999999999712, 0.005999999999999786, 0.006499999999999768, 0.006899999999999754, 0.007799999999999722, 0.007999999999999714, 0.007799999999999722, 0.006899999999999754, 0.008599999999999693, 0.006899999999999754, 0.007799999999999722, 0.007899999999999718, 0.008299999999999703, 0.009499999999999661, 0.009499999999999661, 0.008799999999999687, 0.008099999999999712, 0.008499999999999697, 0.008399999999999701, 0.009099999999999676, 0.010899999999999611, 0.011299999999999597, 0.009799999999999651, 0.01039999999999963, 0.009799999999999651, 0.009799999999999651, 0.009799999999999651, 0.01149999999999959, 0.010899999999999611, 0.010599999999999622, 0.009699999999999653, 0.007699999999999725, 0.013099999999999532, 0.01209999999999957, 0.010299999999999632, 0.011299999999999597, 0.009699999999999653, 0.009299999999999668, 0.009799999999999651, 0.011999999999999572, 0.009899999999999647, 0.010299999999999632, 0.010999999999999607, 0.011099999999999605, 0.009799999999999651, 0.01149999999999959, 0.01179999999999958, 0.009599999999999657, 0.011999999999999572, 0.012299999999999561, 0.009899999999999647, 0.009699999999999653, 0.008399999999999701, 0.008799999999999687, 0.010299999999999632, 0.008499999999999697, 0.01039999999999963, 0.008499999999999697, 0.009999999999999643, 0.007399999999999736, 0.008499999999999697, 0.008799999999999687, 0.007199999999999743, 0.008799999999999687, 0.008299999999999703, 0.006899999999999754, 0.007599999999999729, 0.009199999999999672, 0.006899999999999754, 0.007499999999999733, 0.007599999999999729, 0.006899999999999754, 0.006299999999999775, 0.005399999999999808, 0.006399999999999772, 0.006599999999999765, 0.00589999999999979, 0.005499999999999804, 0.005699999999999796, 0.006899999999999754, 0.006099999999999783, 0.005699999999999796, 0.005399999999999808, 0.004499999999999839, 0.004399999999999843, 0.003999999999999857, 0.0041999999999998506, 0.003999999999999857, 0.004099999999999854, 0.0030999999999998893, 0.004799999999999829, 0.002699999999999904, 