{"n_items": 200, "weights": [0.006094328339844235, 0.0066127628149134825, 0.005176238461389341, 0.00427379971458683, 0.0039976961145923315, 0.005507419490517183, 0.007192164504605348, 0.005458437910429572, 0.0048714259894442145, 0.004864739997801659, 0.0055815886834594194, 0.005121045197453786, 0.006130613389259726, 0.005263238124554924, 0.004775972870349924, 0.006034155978974688, 0.006279976611388225, 0.003737288825454991, 0.0034308584128749536, 0.004567412444742409, 0.003927238527907402, 0.0027980255045357305, 0.004582322814421014, 0.004062094782418019, 0.004019018450101939, 0.005128268545822478, 0.007066590198420382, 0.0060107308027530105, 0.0032508593379436965, 0.003786537030137671, 0.005247911595233496, 0.0022536853930053926, 0.003194616595425717, 0.004354326148897486, 0.005773672402884554, 0.004653731328095557, 0.004905521214644726, 0.005540533334525886, 0.003955084153320203, 0.006736507863006717, 0.006995276685581495, 0.005937767184727925, 0.006853708050071581, 0.006449817387934421, 0.002089363751432314, 0.005365098345258638, 0.005443943967510446, 0.0068239102147033106, 0.00506255288851374, 0.0054395082789903595, 0.005283950699826138, 0.006328031549068941, 0.004243641021155277, 0.005119264936217354, 0.006292472690898232, 0.00564416919245905, 0.004277110640678946, 0.004937078770701163, 0.00515948343934371, 0.0059271154628572215, 0.0036400106759176686, 0.005458185877496685, 0.007909659708547817, 0.005248538807819836, 0.003632203449462501, 0.005603915374163874, 0.005232341880175643, 0.004346586166223586, 0.003898564154631876, 0.004862304643141942, 0.003891720408607101, 0.004638162119623591, 0.003123131097526307, 0.005203727999444111, 0.005015633938419979, 0.003778514261795413, 0.005696696157635451, 0.003256762315365213, 0.006767152115073247, 0.002720206474841172, 0.003669318220418804, 0.006318870858035554, 0.004040684843149198, 0.004525833892219953, 0.004623744390681421, 0.005226338657211058, 0.0058342035474065225, 0.0035703616929836745, 0.0033965912518950365, 0.006465024786863593, 0.005750447538845518, 0.005839582766312996, 0.0057993041547074785, 0.006658143533915456, 0.005942431794110756, 0.005520798730481665, 0.004568437178924783, 0.003985763049001851, 0.004679952337717358, 0.004926721535863686, 0.0037781336767084917, 0.006756566049315937, 0.006014747543129554, 0.005672853353517522, 0.005840098096048448, 0.006187220313543223, 0.0058279203716284506, 0.0027882319138981047, 0.0032644745097590005, 0.005645972612426495, 0.005470122308801226, 0.004042676043491077, 0.0033192979036239722, 0.0063414799090345505, 0.005649867607391677, 0.0051141690526060836, 0.005174816764470408, 0.0042691593185037215, 0.005267352204297673, 0.0063677173072158085, 0.0033040919120292185, 0.0044550046183408154, 0.0058380977845089305, 0.005559243752657962, 0.007339165976965275, 0.006472839298154845, 0.004402625081236173, 0.009200247720393193, 0.004495869956288503, 0.006674290256168733, 0.00484117596069701, 0.005417209807155, 0.0038593906584262067, 0.0066121966896007505, 0.00456354505841046, 0.007641087611668328, 0.0035749760772590036, 0.005399916909658373, 0.005675025752223239, 0.004091657283116178, 0.004788578634182808, 0.003796514952151955, 0.004491890526501065, 0.007314951833518923, 0.004061219610007841, 0.002324804081216496, 0.0031163109327059543, 0.005099504150987706, 0.0035987774740860417, 0.007611232859828683, 0.0036619429606087888, 0.0053799604142602785, 0.007236068608055685, 0.003640033018511995, 0.005547480822182701, 0.0019233797302520559, 0.004911850094755118, 0.004897450611690837, 0.0040896863033130955, 0.004593464873011747, 0.005047559375642964, 0.006178839255054257, 0.005733177825551277, 0.004438535430542056, 0.0029208021925735098, 0.003537962373138777, 0.00459105269178167, 0.00469700677721092, 0.004216178265326899, 0.005286659887228887, 0.004315588183150397, 0.005273647639098065, 0.0024451509146272946, 0.004401849641637229, 0.005838872096281056, 0.002979168996343221, 0.006175992220257654, 0.005964458146975233, 0.004296820954184078, 0.005879972388169448, 0.004722201109495183, 0.00482273005246548, 0.0035920571685296833, 0.004025726412063207, 0.0045845410817246714, 0.004182825752459766, 0.003904822577221059, 0.004329900651140114, 0.005074302315257816, 0.006164657308176966, 0.004988708755634052, 0.004839710298734141, 0.003904575785488965, 0.0053778211695888044, 0.0068229054579979145, 0.004924136987067112, 0.006106104508398136, 0.0065071402862193995, 0.003685944390242486, 0.007765977716392799], "profits": [1.0, 1.0, 1.0, 1.0, 1.0, 1.0, 1.0, 1.0, 1.0, 1.0, 1.0, 1.0, 1.0, 1.0, 1.0, 1.0, 1.0, 1.0, 1.0, 1.0, 1.0, 1.0, 1.0, 1.0, 1.0, 1.0, 1.0, 1.0, 1.0, 1.0, 1.0, 1.0, 1.0, 1.0, 1.0, 1.0, 1.0, 1.0, 1.0, 1.0, 1.0, 1.0, 1.0, 1.0, 1.0, 1.0, 1.0, 1.0, 1.0, 1.0, 1.0, 1.0, 1.0, 1.0, 1.0, 1.0, 1.0, 1.0, 1.0, 1.0, 1.0, 1.0, 1.0, 1.0, 1.0, 1.0, 1.0, 1.0, 1.0, 1.0, 1.0, 1.0, 1.0, 1.0, 1.0, 1.0, 1.0, 1.0, 1.0, 1.0, 1.0, 1.0, 1.0, 1.0, 1.0, 1.0, 1.0, 1.0, 1.0, 1.0, 1.0, 1.0, 1.0, 1.0, 1.0, 1.0, 1.0, 1.0, 1.0, 1.0, 1.0, 1.0, 1.0, 1.0, 1.0, 1.0, 1.0, 1.0, 1.0, 1.0, 1.0, 1.0, 1.0, 1.0, 1.0, 1.0, 1.0, 1.0, 1.0, 1.0, 1.0, 1.0, 1.0, 1.0, 1.0, 1.0, 1.0, 1.0, 1.0, 1.0, 1.0, 1.0, 1.0, 1.0, 1.0, 1.0, 1.0, 1.0, 1.0, 1.0, 1.0, 1.0, 1.0, 1.0, 1.0, 1.0, 1.0, 1.0, 1.0, 1.0, 1.0, 1.0, 1.0, 1.0, 1.0, 1.0, 1.0, 1.0, 1.0, 1.0, 1.0, 1.0, 1.0, 1.0, 1.0, 1.0, 1.0, 1.0, 1.0, 1.0, 1.0, 1.0, 1.0, 1.0, 1.0, 1.0, 1.0, 1.0, 1.0, 1.0, 1.0, 1.0, 1.0, 1.0, 1.0, 1.0, 1.0, 1.0, 1.0, 1.0, 1.0, 1.0, 1.0, 1.0, 1.0, 1.0, 1.0, 1.0, 1.0, 1.0], "min_weight": 0.95, "max_distance": 5}