{"n_items": 600, "weights": [0.0006999999999999738, 0.0012999999999999514, 0.0021999999999999177, 0.0025999999999999027, 0.0017999999999999325, 0.0012999999999999514, 0.0017999999999999325, 0.002799999999999895, 0.0014999999999999439, 0.0034999999999998687, 0.003599999999999865, 0.0026999999999998987, 0.0037999999999998577, 0.0028999999999998914, 0.0043999999999998355, 0.004999999999999813, 0.004599999999999827, 0.005099999999999809, 0.00559999999999979, 0.0059999999999997755, 0.00559999999999979, 0.007099999999999734, 0.007799999999999707, 0.007699999999999711, 0.008399999999999685, 0.006599999999999753, 0.009499999999999644, 0.010599999999999603, 0.009299999999999652, 0.010199999999999617, 0.012299999999999539, 0.010099999999999621, 0.009799999999999632, 0.010199999999999617, 0.011699999999999561, 0.010099999999999621, 0.010799999999999595, 0.010399999999999611, 0.011099999999999584, 0.010099999999999621, 0.010199999999999617, 0.011999999999999551, 0.010599999999999603, 0.012699999999999524, 0.00959999999999964, 0.00989999999999963, 0.009499999999999644, 0.007499999999999719, 0.011299999999999576, 0.009699999999999636, 0.010299999999999613, 0.011099999999999584, 0.008899999999999667, 0.008199999999999692, 0.007499999999999719, 0.006499999999999757, 0.007699999999999711, 0.006499999999999757, 0.006499999999999757, 0.006299999999999764, 0.005399999999999797, 0.004699999999999824, 0.003599999999999865, 0.004199999999999843, 0.004599999999999827, 0.004499999999999831, 0.004499999999999831, 0.0036999999999998614, 0.0018999999999999289, 0.0028999999999998914, 0.0021999999999999177, 0.0032999999999998764, 0.0021999999999999177, 0.0021999999999999177, 0.001999999999999925, 0.0017999999999999325, 0.0005999999999999775, 0.0009999999999999625, 0.0012999999999999514, 0.0008999999999999663, 0.0009999999999999625, 0.0010999999999999589, 0.00029999999999998875, 0.000399999999999985, 0.00079999999999997, 0.0008999999999999663, 0.0005999999999999775, 0.00029999999999998875, 9.999999999999625e-05, 9.999999999999625e-05, 0.000399999999999985, 0.0001999999999999925, 0.000399999999999985, 9.999999999999625e-17, 0.00029999999999998875, 9.999999999999625e-17, 9.999999999999625e-17, 9.999999999999625e-17, 9.999999999999625e-05, 9.999999999999625e-17, 9.999999999999625e-05, 9.999999999999625e-05, 9.999999999999625e-17, 9.999999999999625e-17, 9.999999999999625e-17, 9.999999999999625e-17, 9.999999999999625e-17, 9.999999999999625e-17, 9.999999999999625e-17, 9.999999999999625e-17, 9.999999999999625e-05, 9.999999999999625e-17, 9.999999999999625e-05, 9.999999999999625e-17, 9.999999999999625e-17, 9.999999999999625e-17, 9.999999999999625e-17, 9.999999999999625e-17, 9.999999999999625e-17, 9.999999999999625e-17, 9.999999999999625e-17, 9.999999999999625e-17, 9.999999999999625e-17, 9.999999999999625e-17, 9.999999999999625e-17, 9.999999999999625e-17, 9.999999999999625e-17, 9.999999999999625e-17, 9.999999999999625e-17, 9.999999999999625e-17, 9.999999999999625e-17, 9.999999999999625e-17, 9.999999999999625e-17, 9.999999999999625e-17, 9.999999999999625e-17, 9.999999999999625e-17, 9.999999999999625e-17, 9.999999999999625e-17, 9.999999999999625e-17, 9.999999999999625e-17, 9.999999999999625e-17, 9.999999999999625e-17, 9.999999999999625e-17, 9.999999999999625e-17, 9.999999999999625e-17, 9.999999999999625e-17, 9.999999999999625e-17, 9.999999999999625e-17, 9.999999999999625e-17, 9.999999999999625e-17, 9.999999999999625e-17, 9.999999999999625e-17, 9.999999999999625e-17, 9.999999999999625e-17, 9.999999999999625e-17, 9.999999999999625e-17, 9.999999999999625e-17, 9.999999999999625e-17, 9.999999999999625e-17, 9.999999999999625e-17, 9.999999999999625e-17, 9.999999999999625e-17, 9.999999999999625e-17, 9.999999999999625e-17, 9.999999999999625e-17, 9.999999999999625e-17, 9.999999999999625e-17, 9.999999999999625e-17, 9.999999999999625e-17, 9.999999999999625e-17, 9.999999999999625e-17, 9.999999999999625e-17, 9.999999999999625e-17, 9.999999999999625e-17, 9.999999999999625e-17, 9.999999999999625e-17, 9.999999999999625e-17, 9.999999999999625e-17, 9.999999999999625e-17, 9.999999999999625e-17, 9.999999999999625e-17, 9.999999999999625e-17, 9.999999999999625e-17, 9.999999999999625e-17, 9.999999999999625e-17, 9.999999999999625e-17, 9.999999999999625e-17, 9.999999999999625e-17, 9.999999999999625e-17, 9.999999999999625e-17, 9.999999999999625e-17, 9.999999999999625e-17, 9.999999999999625e-17, 9.999999999999625e-17, 9.999999999999625e-17, 9.999999999999625e-17, 9.999999999999625e-17, 9.999999999999625e-17, 9.999999999999625e-17, 9.999999999999625e-17, 9.999999999999625e-17, 9.999999999999625e-17, 9.999999999999625e-17, 9.999999999999625e-17, 9.999999999999625e-17, 9.999999999999625e-17, 9.999999999999625e-17, 9.999999999999625e-17, 9.999999999999625e-17, 9.999999999999625e-17, 9.999999999999625e-17, 9.999999999999625e-17, 9.999999999999625e-17, 9.999999999999625e-17, 9.999999999999625e-17, 9.999999999999625e-17, 9.999999999999625e-17, 9.999999999999625e-17, 9.999999999999625e-17, 9.999999999999625e-17, 9.999999999999625e-17, 9.999999999999625e-17, 9.999999999999625e-17, 9.999999999999625e-17, 9.999999999999625e-17, 9.999999999999625e-17, 9.999999999999625e-17, 9.999999999999625e-17, 9.999999999999625e-17, 9.999999999999625e-17, 9.999999999999625e-17, 9.999999999999625e-17, 9.999999999999625e-17, 9.999999999999625e-17, 9.999999999999625e-17, 9.999999999999625e-17, 9.999999999999625e-17, 9.999999999999625e-05, 9.999999999999625e-17, 9.999999999999625e-17, 9.999999999999625e-17, 9.999999999999625e-17, 9.999999999999625e-17, 9.999999999999625e-05, 9.999999999999625e-17, 9.999999999999625e-17, 9.999999999999625e-17, 9.999999999999625e-17, 9.999999999999625e-05, 0.0001999999999999925, 9.999999999999625e-17, 0.0001999999999999925, 9.999999999999625e-05, 9.999999999999625e-05, 9.999999999999625e-05, 9.999999999999625e-17, 9.999999999999625e-05, 9.999999999999625e-05, 0.00029999999999998875, 9.999999999999625e-17, 9.999999999999625e-05, 0.0001999999999999925, 0.00029999999999998875, 0.000399999999999985, 0.0001999999999999925, 0.000399999999999985, 0.00029999999999998875, 0.00079999999999997, 0.000399999999999985, 0.0008999999999999663, 0.0008999999999999663, 0.0006999999999999738, 0.0009999999999999625, 0.0009999999999999625, 0.001999999999999925, 0.0008999999999999663, 0.0022999999999999137, 0.0017999999999999325, 0.0024999999999999064, 0.0017999999999999325, 0.00239999999999991, 0.0020999999999999214, 0.0034999999999998687, 0.003599999999999865, 0.0028999999999998914, 0.004699999999999824, 0.004099999999999846, 0.005499999999999794, 0.005099999999999809, 0.005099999999999809, 0.00639999999999976, 0.00559999999999979, 0.006299999999999764, 0.006099999999999771, 0.0067999999999997455, 0.008499999999999681, 0.007099999999999734, 0.006899999999999741, 0.008399999999999685, 0.009199999999999655, 0.008599999999999677, 0.009399999999999648, 0.0075999999999997155, 0.009799999999999632, 0.008399999999999685, 0.011599999999999566, 0.00989999999999963, 0.010799999999999595, 0.010099999999999621, 0.010599999999999603, 0.008699999999999673, 0.011299999999999576, 0.010299999999999613, 0.010899999999999592, 0.010999999999999588, 0.012499999999999532, 0.010899999999999592, 0.008699999999999673, 0.010599999999999603, 0.009199999999999655, 0.01149999999999957, 0.009499999999999644, 0.009399999999999648, 0.008699999999999673, 0.008599999999999677, 0.008599999999999677, 0.007899999999999704, 0.008499999999999681, 0.005899999999999779, 0.006899999999999741, 0.006699999999999749, 0.006999999999999737, 0.004699999999999824, 0.006299999999999764, 0.004299999999999839, 0.0033999999999998727, 0.004999999999999813, 0.004999999999999813, 0.0034999999999998687, 0.004199999999999843, 0.00399999999999985, 0.0030999999999998837, 0.0025999999999999027, 0.0025999999999999027, 0.001999999999999925, 0.0012999999999999514, 0.0024999999999999064, 0.0016999999999999364, 0.0010999999999999589, 0.0017999999999999325, 0.0008999999999999663, 0.0010999999999999589,