{"n_items": 600, "weights": [9.99999999999964e-17, 9.99999999999964e-17, 9.99999999999964e-05, 9.99999999999964e-17, 9.99999999999964e-17, 9.99999999999964e-05, 9.99999999999964e-17, 9.99999999999964e-17, 9.99999999999964e-17, 9.99999999999964e-17, 9.99999999999964e-05, 9.99999999999964e-17, 9.99999999999964e-05, 9.99999999999964e-17, 9.99999999999964e-05, 0.0003999999999999856, 9.99999999999964e-05, 0.0001999999999999928, 9.99999999999964e-05, 0.0001999999999999928, 0.0001999999999999928, 0.0001999999999999928, 9.99999999999964e-05, 0.0003999999999999856, 0.000499999999999982, 0.0006999999999999748, 0.0007999999999999712, 0.0005999999999999784, 0.0007999999999999712, 0.0005999999999999784, 0.0008999999999999676, 0.0007999999999999712, 0.0005999999999999784, 0.0002999999999999892, 0.0011999999999999567, 0.001499999999999946, 0.0017999999999999351, 0.0017999999999999351, 0.0018999999999999315, 0.0028999999999998957, 0.003799999999999863, 0.0017999999999999351, 0.004199999999999849, 0.0035999999999998702, 0.003799999999999863, 0.0035999999999998702, 0.004299999999999845, 0.0043999999999998415, 0.004499999999999838, 0.00499999999999982, 0.005499999999999802, 0.00639999999999977, 0.005699999999999795, 0.006299999999999773, 0.0064999999999997655, 0.008699999999999687, 0.0071999999999997405, 0.008099999999999708, 0.007999999999999712, 0.008399999999999698, 0.010399999999999625, 0.00859999999999969, 0.009899999999999643, 0.008299999999999702, 0.010099999999999637, 0.008299999999999702, 0.010599999999999618, 0.011499999999999585, 0.010699999999999614, 0.011199999999999597, 0.008899999999999679, 0.01079999999999961, 0.011199999999999597, 0.010299999999999629, 0.009499999999999658, 0.008699999999999687, 0.009799999999999648, 0.01079999999999961, 0.011499999999999585, 0.009499999999999658, 0.009499999999999658, 0.010299999999999629, 0.010199999999999633, 0.00969999999999965, 0.007999999999999712, 0.006299999999999773, 0.006899999999999752, 0.006999999999999748, 0.007999999999999712, 0.006999999999999748, 0.006199999999999777, 0.00499999999999982, 0.006299999999999773, 0.005799999999999791, 0.004499999999999838, 0.005499999999999802, 0.005499999999999802, 0.004699999999999831, 0.003499999999999874, 0.004299999999999845, 0.003499999999999874, 0.0027999999999998994, 0.0036999999999998666, 0.0020999999999999244, 0.0027999999999998994, 0.002599999999999906, 0.0016999999999999388, 0.0013999999999999497, 0.0023999999999999135, 0.0008999999999999676, 0.001499999999999946, 0.0015999999999999424, 0.0010999999999999604, 0.000499999999999982, 0.0008999999999999676, 0.0005999999999999784, 0.000999999999999964, 0.000499999999999982, 0.0006999999999999748, 0.0008999999999999676, 0.0003999999999999856, 0.0003999999999999856, 0.0002999999999999892, 9.99999999999964e-05, 0.0003999999999999856, 9.99999999999964e-17, 9.99999999999964e-17, 9.99999999999964e-17, 9.99999999999964e-17, 9.99999999999964e-17, 9.99999999999964e-05, 9.99999999999964e-17, 9.99999999999964e-17, 0.0001999999999999928, 9.99999999999964e-17, 9.99999999999964e-17, 9.99999999999964e-17, 0.0001999999999999928, 9.99999999999964e-17, 9.99999999999964e-17, 9.99999999999964e-17, 9.99999999999964e-17, 9.99999999999964e-17, 9.99999999999964e-17, 9.99999999999964e-17, 9.99999999999964e-17, 9.99999999999964e-17, 9.99999999999964e-17, 9.99999999999964e-17, 9.99999999999964e-17, 9.99999999999964e-17, 9.99999999999964e-17, 9.99999999999964e-17, 9.99999999999964e-17, 9.99999999999964e-17, 9.99999999999964e-17, 9.99999999999964e-17, 9.99999999999964e-17, 9.99999999999964e-17, 9.99999999999964e-17, 9.99999999999964e-17, 9.99999999999964e-17, 9.99999999999964e-17, 9.99999999999964e-17, 9.99999999999964e-17, 9.99999999999964e-17, 9.99999999999964e-17, 9.99999999999964e-17, 9.99999999999964e-17, 9.99999999999964e-17, 9.99999999999964e-17, 9.99999999999964e-17, 9.99999999999964e-17, 9.99999999999964e-17, 9.99999999999964e-17, 9.99999999999964e-17, 9.99999999999964e-17, 9.99999999999964e-17, 9.99999999999964e-17, 9.99999999999964e-17, 9.99999999999964e-17, 9.99999999999964e-17, 9.99999999999964e-17, 9.99999999999964e-17, 9.99999999999964e-17, 9.99999999999964e-17, 9.99999999999964e-17, 9.99999999999964e-17, 9.99999999999964e-17, 9.99999999999964e-17, 9.99999999999964e-17, 9.99999999999964e-17, 9.99999999999964e-17, 9.99999999999964e-17, 9.99999999999964e-17, 9.99999999999964e-17, 9.99999999999964e-17, 9.99999999999964e-17, 9.99999999999964e-17, 9.99999999999964e-17, 9.99999999999964e-17, 9.99999999999964e-17, 9.99999999999964e-17, 9.99999999999964e-17, 9.99999999999964e-17, 9.99999999999964e-17, 9.99999999999964e-17, 9.99999999999964e-17, 9.99999999999964e-17, 9.99999999999964e-17, 9.99999999999964e-17, 9.99999999999964e-17, 9.99999999999964e-17, 9.99999999999964e-17, 9.99999999999964e-17, 9.99999999999964e-17, 9.99999999999964e-17, 9.99999999999964e-17, 9.99999999999964e-17, 9.99999999999964e-17, 9.99999999999964e-17, 9.99999999999964e-17, 9.99999999999964e-17, 9.99999999999964e-17, 9.99999999999964e-17, 9.99999999999964e-17, 9.99999999999964e-17, 9.99999999999964e-17, 9.99999999999964e-17, 9.99999999999964e-17, 9.99999999999964e-17, 9.99999999999964e-17, 9.99999999999964e-17, 9.99999999999964e-17, 9.99999999999964e-17, 9.99999999999964e-17, 9.99999999999964e-17, 9.99999999999964e-17, 9.99999999999964e-17, 9.99999999999964e-17, 9.99999999999964e-17, 9.99999999999964e-17, 9.99999999999964e-17, 9.99999999999964e-17, 9.99999999999964e-17, 9.99999999999964e-17, 9.99999999999964e-17, 9.99999999999964e-17, 9.99999999999964e-17, 9.99999999999964e-17, 9.99999999999964e-17, 9.99999999999964e-17, 9.99999999999964e-17, 9.99999999999964e-17, 9.99999999999964e-17, 9.99999999999964e-17, 9.99999999999964e-17, 9.99999999999964e-17, 9.99999999999964e-17, 0.0001999999999999928, 9.99999999999964e-17, 9.99999999999964e-05, 0.0001999999999999928, 9.99999999999964e-17, 9.99999999999964e-17, 0.0002999999999999892, 9.99999999999964e-05, 9.99999999999964e-17, 9.99999999999964e-17, 9.99999999999964e-05, 9.99999999999964e-05, 0.0002999999999999892, 9.99999999999964e-05, 0.0001999999999999928, 9.99999999999964e-05, 0.0001999999999999928, 0.0005999999999999784, 0.0005999999999999784, 0.0001999999999999928, 0.0003999999999999856, 0.0001999999999999928, 0.0002999999999999892, 0.0008999999999999676, 0.0011999999999999567, 0.0008999999999999676, 0.0006999999999999748, 0.0013999999999999497, 0.0015999999999999424, 0.0015999999999999424, 0.001299999999999953, 0.00249999999999991, 0.0018999999999999315, 0.0017999999999999351, 0.0027999999999998994, 0.003199999999999885, 0.003299999999999881, 0.0026999999999999026, 0.003299999999999881, 0.004299999999999845, 0.004899999999999824, 0.004199999999999849, 0.006299999999999773, 0.006799999999999755, 0.005999999999999784, 0.00639999999999977, 0.0050999999999998165, 0.006799999999999755, 0.006999999999999748, 0.0071999999999997405, 0.007899999999999716, 0.008999999999999677, 0.008899999999999679, 0.009399999999999662, 0.010999999999999604, 0.007999999999999712, 0.010499999999999622, 0.009499999999999658, 0.01079999999999961, 0.01139999999999959, 0.009899999999999643, 0.011799999999999575, 0.01139999999999959, 0.009899999999999643, 0.011499999999999585, 0.009899999999999643, 0.009799999999999648, 0.012299999999999558, 0.011999999999999568, 0.00969999999999965, 0.010099999999999637, 0.010399999999999625, 0.009099999999999673, 0.010099999999999637, 0.008799999999999683, 0.008099999999999708, 0.00859999999999969, 0.008199999999999704, 0.007599999999999726, 0.008099999999999708, 0.007299999999999737, 0.007599999999999726, 0.006599999999999762, 0.0071999999999997405, 0.0064999999999997655, 0.006299999999999773, 0.005499999999999802, 0.004799999999999827, 0.003299999999999881, 0.004599999999999834, 0.0050999999999998165, 0.003799999999999863, 0.003199999999999885, 0.0035999999999998702, 0.002299999999999917, 0.003199999999999885, 0.00249999999999991, 0.002999999999999892, 0.0016999999999999388, 0.0017999999999999351, 