{"n_items": 600, "weights": [0.010999999999999614, 0.012899999999999547, 0.008499999999999702, 0.009899999999999652, 0.011799999999999585, 0.010299999999999638, 0.009899999999999652, 0.010099999999999646, 0.009899999999999652, 0.011799999999999585, 0.008599999999999698, 0.011899999999999583, 0.01109999999999961, 0.010399999999999635, 0.010699999999999625, 0.010899999999999617, 0.011299999999999604, 0.009099999999999681, 0.00999999999999965, 0.009299999999999673, 0.010299999999999638, 0.008699999999999694, 0.010099999999999646, 0.0113999999999996, 0.011899999999999583, 0.009299999999999673, 0.0113999999999996, 0.009799999999999656, 0.009599999999999663, 0.010099999999999646, 0.011299999999999604, 0.011999999999999579, 0.008099999999999715, 0.00999999999999965, 0.009799999999999656, 0.010399999999999635, 0.010299999999999638, 0.010099999999999646, 0.008699999999999694, 0.007799999999999726, 0.010299999999999638, 0.009299999999999673, 0.00739999999999974, 0.009199999999999677, 0.008499999999999702, 0.00799999999999972, 0.009299999999999673, 0.00999999999999965, 0.008699999999999694, 0.008799999999999692, 0.009299999999999673, 0.00799999999999972, 0.007899999999999723, 0.008399999999999705, 0.00799999999999972, 0.006399999999999776, 0.007199999999999747, 0.007599999999999733, 0.009299999999999673, 0.006399999999999776, 0.006599999999999768, 0.007599999999999733, 0.010599999999999627, 0.006599999999999768, 0.007499999999999737, 0.008099999999999715, 0.006899999999999758, 0.008299999999999709, 0.007199999999999747, 0.006599999999999768, 0.006699999999999765, 0.006599999999999768, 0.007099999999999751, 0.006199999999999782, 0.0056999999999998, 0.005999999999999789, 0.006099999999999786, 0.006599999999999768, 0.006099999999999786, 0.006499999999999772, 0.004799999999999831, 0.005599999999999803, 0.0058999999999997926, 0.006099999999999786, 0.006399999999999776, 0.00539999999999981, 0.006099999999999786, 0.003899999999999863, 0.005999999999999789, 0.004699999999999835, 0.004799999999999831, 0.004999999999999825, 0.004899999999999828, 0.004899999999999828, 0.004199999999999852, 0.004299999999999849, 0.004099999999999856, 0.006199999999999782, 0.0037999999999998664, 0.004399999999999846, 0.004499999999999842, 0.003899999999999863, 0.004399999999999846, 0.00399999999999986, 0.0037999999999998664, 0.004099999999999856, 0.003899999999999863, 0.00399999999999986, 0.0033999999999998805, 0.0035999999999998737, 0.004099999999999856, 0.003199999999999888, 0.004999999999999825, 0.004399999999999846, 0.002199999999999923, 0.004299999999999849, 0.002599999999999909, 0.0024999999999999124, 0.0018999999999999332, 0.003899999999999863, 0.003199999999999888, 0.0024999999999999124, 0.0024999999999999124, 0.002099999999999926, 0.002599999999999909, 0.0027999999999999015, 0.00369999999999987, 0.0013999999999999508, 0.0014999999999999473, 0.002199999999999923, 0.002099999999999926, 0.0022999999999999193, 0.0028999999999998983, 0.0014999999999999473, 0.002199999999999923, 0.00199999999999993, 0.0008999999999999684, 0.0016999999999999403, 0.0010999999999999615, 0.002599999999999909, 0.002099999999999926, 0.0014999999999999473, 0.0014999999999999473, 0.00199999999999993, 0.00199999999999993, 0.0016999999999999403, 0.002099999999999926, 0.0011999999999999578, 0.0011999999999999578, 0.001599999999999944, 0.0014999999999999473, 0.0006999999999999754, 0.0014999999999999473, 0.0008999999999999684, 0.0011999999999999578, 0.0011999999999999578, 0.000799999999999972, 0.0011999999999999578, 0.0011999999999999578, 0.0008999999999999684, 0.0010999999999999615, 0.0008999999999999684, 0.0010999999999999615, 0.0011999999999999578, 0.0010999999999999615, 0.0006999999999999754, 0.0013999999999999508, 0.0006999999999999754, 0.0014999999999999473, 0.0010999999999999615, 0.000799999999999972, 0.0004999999999999824, 0.000999999999999965, 0.0004999999999999824, 0.000799999999999972, 0.0006999999999999754, 0.0005999999999999789, 0.000199999999999993, 0.0004999999999999824, 0.000399999999999986, 0.000399999999999986, 0.000199999999999993, 0.0006999999999999754, 0.00029999999999998946, 0.000399999999999986, 0.000799999999999972, 0.00029999999999998946, 0.0004999999999999824, 0.0005999999999999789, 0.0005999999999999789, 0.000199999999999993, 0.000399999999999986, 0.0006999999999999754, 0.0005999999999999789, 0.0004999999999999824, 9.99999999999965e-05, 0.00029999999999998946, 0.000399999999999986, 9.999999999999649e-17, 0.0006999999999999754, 9.99999999999965e-05, 0.0006999999999999754, 0.00029999999999998946, 0.000199999999999993, 0.00029999999999998946, 9.99999999999965e-05, 9.99999999999965e-05, 0.000199999999999993, 0.00029999999999998946, 9.99999999999965e-05, 0.00029999999999998946, 0.00029999999999998946, 0.000199999999999993, 0.00029999999999998946, 0.0004999999999999824, 0.00029999999999998946, 0.000199999999999993, 0.00029999999999998946, 9.99999999999965e-05, 0.00029999999999998946, 0.000199999999999993, 9.99999999999965e-05, 9.99999999999965e-05, 0.000199999999999993, 9.999999999999649e-17, 9.999999999999649e-17, 9.99999999999965e-05, 9.999999999999649e-17, 0.000199999999999993, 9.99999999999965e-05, 0.0004999999999999824, 9.99999999999965e-05, 9.99999999999965e-05, 9.99999999999965e-05, 9.99999999999965e-05, 9.99999999999965e-05, 9.99999999999965e-05, 9.99999999999965e-05, 9.999999999999649e-17, 9.999999999999649e-17, 9.999999999999649e-17, 0.00029999999999998946, 9.99999999999965e-05, 0.000199999999999993, 0.000199999999999993, 9.99999999999965e-05, 0.000199999999999993, 9.999999999999649e-17, 9.999999999999649e-17, 9.999999999999649e-17, 9.99999999999965e-05, 9.999999999999649e-17, 9.999999999999649e-17, 9.999999999999649e-17, 9.999999999999649e-17, 9.999999999999649e-17, 9.999999999999649e-17, 9.999999999999649e-17, 9.999999999999649e-17, 9.999999999999649e-17, 9.999999999999649e-17, 9.999999999999649e-17, 9.99999999999965e-05, 9.999999999999649e-17, 9.999999999999649e-17, 9.99999999999965e-05, 9.999999999999649e-17, 9.999999999999649e-17, 9.99999999999965e-05, 9.99999999999965e-05, 9.999999999999649e-17, 9.999999999999649e-17, 9.999999999999649e-17, 9.999999999999649e-17, 9.999999999999649e-17, 9.999999999999649e-17, 9.99999999999965e-05, 9.999999999999649e-17, 9.999999999999649e-17, 9.999999999999649e-17, 9.999999999999649e-17, 9.999999999999649e-17, 9.999999999999649e-17, 9.99999999999965e-05, 9.999999999999649e-17, 9.999999999999649e-17, 9.99999999999965e-05, 9.999999999999649e-17, 9.999999999999649e-17, 9.999999999999649e-17, 9.999999999999649e-17, 9.999999999999649e-17, 9.999999999999649e-17, 9.999999999999649e-17, 9.999999999999649e-17, 9.999999999999649e-17, 9.999999999999649e-17, 9.999999999999649e-17, 9.999999999999649e-17, 9.999999999999649e-17, 9.999999999999649e-17, 9.999999999999649e-17, 9.999999999999649e-17, 9.999999999999649e-17, 9.999999999999649e-17, 9.999999999999649e-17, 9.999999999999649e-17, 9.999999999999649e-17, 9.999999999999649e-17, 9.999999999999649e-17, 9.999999999999649e-17, 9.999999999999649e-17, 9.999999999999649e-17, 9.999999999999649e-17, 9.999999999999649e-17, 9.999999999999649e-17, 9.999999999999649e-17, 9.999999999999649e-17, 9.999999999999649e-17, 9.999999999999649e-17, 9.999999999999649e-17, 9.999999999999649e-17, 9.999999999999649e-17, 9.999999999999649e-17, 9.999999999999649e-17, 9.999999999999649e-17, 9.999999999999649e-17, 9.999999999999649e-17, 9.999999999999649e-17, 9.999999999999649e-17, 9.999999999999649e-17, 9.999999999999649e-17, 9.999999999999649e-17, 9.999999999999649e-17, 9.999999999999649e-17, 9.999999999999649e-17, 9.999999999999649e-17, 9.999999999999649e-17, 9.999999999999649e-17, 9.999999999999649e-17, 9.999999999999649e-17, 9.999999999999649e-17, 9.999999999999649e-17, 9.999999999999649e-17, 9.999999999999649e-17, 9.999999999999649e-17, 9.999999999999649e-17, 9.999999999999649e-17, 9.999999999999649e-17, 9.999999999999649e-17, 9.999999999999649e-17, 9.999999999999649e-17, 9.999999999999649e-17, 9.999999999999649e-17, 