{"n_items": 400, "weights": [9.999999999999843e-17, 9.999999999999843e-17, 9.999999999999843e-17, 9.999999999999843e-17, 9.999999999999843e-17, 9.999999999999843e-17, 9.999999999999843e-17, 9.999999999999843e-17, 9.999999999999843e-17, 9.999999999999843e-17, 9.999999999999843e-17, 9.999999999999843e-17, 9.999999999999843e-17, 9.999999999999843e-17, 9.999999999999843e-17, 9.999999999999843e-17, 9.999999999999843e-17, 9.999999999999843e-17, 9.999999999999843e-17, 9.999999999999843e-17, 9.999999999999843e-17, 9.999999999999843e-17, 9.999999999999843e-17, 9.999999999999843e-17, 9.999999999999843e-17, 9.999999999999843e-17, 9.999999999999843e-17, 9.999999999999843e-17, 9.999999999999843e-05, 9.999999999999843e-17, 9.999999999999843e-17, 9.999999999999843e-17, 9.999999999999843e-17, 9.999999999999843e-17, 9.999999999999843e-17, 9.999999999999843e-17, 9.999999999999843e-17, 9.999999999999843e-17, 9.999999999999843e-05, 9.999999999999843e-17, 9.999999999999843e-17, 9.999999999999843e-17, 9.999999999999843e-17, 9.999999999999843e-17, 9.999999999999843e-05, 9.999999999999843e-05, 9.999999999999843e-05, 9.999999999999843e-17, 9.999999999999843e-05, 9.999999999999843e-17, 9.999999999999843e-17, 0.00039999999999999373, 9.999999999999843e-05, 9.999999999999843e-05, 0.00019999999999999687, 0.00019999999999999687, 0.00019999999999999687, 0.00019999999999999687, 0.0002999999999999953, 0.00019999999999999687, 0.0002999999999999953, 0.00019999999999999687, 0.000699999999999989, 0.0004999999999999922, 0.0005999999999999906, 0.0005999999999999906, 9.999999999999843e-05, 0.00039999999999999373, 0.00039999999999999373, 0.0008999999999999859, 0.0005999999999999906, 0.0007999999999999875, 0.0004999999999999922, 0.0008999999999999859, 0.001599999999999975, 0.0007999999999999875, 0.0017999999999999718, 0.0014999999999999766, 0.0008999999999999859, 0.0014999999999999766, 0.001399999999999978, 0.002499999999999961, 0.0032999999999999484, 0.0028999999999999547, 0.00319999999999995, 0.002299999999999964, 0.0028999999999999547, 0.0021999999999999654, 0.00319999999999995, 0.0032999999999999484, 0.00319999999999995, 0.003999999999999938, 0.002799999999999956, 0.003699999999999942, 0.003899999999999939, 0.003699999999999942, 0.004399999999999931, 0.0037999999999999406, 0.004999999999999922, 0.005699999999999911, 0.005099999999999921, 0.004099999999999936, 0.004799999999999925, 0.005199999999999918, 0.006499999999999898, 0.006899999999999892, 0.0063999999999999, 0.007199999999999887, 0.006299999999999901, 0.0063999999999999, 0.006799999999999894, 0.0063999999999999, 0.006899999999999892, 0.00769999999999988, 0.007999999999999875, 0.008099999999999873, 0.009299999999999855, 0.007599999999999881, 0.00839999999999987, 0.009399999999999853, 0.006999999999999891, 0.00839999999999987, 0.00829999999999987, 0.007999999999999875, 0.006299999999999901, 0.00769999999999988, 0.00829999999999987, 0.008799999999999862, 0.006799999999999894, 0.007999999999999875, 0.006199999999999903, 0.0070999999999998885, 0.007899999999999876, 0.00769999999999988, 0.007299999999999886, 0.006999999999999891, 0.006099999999999905, 0.006999999999999891, 0.009699999999999848, 0.006299999999999901, 0.007499999999999883, 0.005599999999999912, 0.005599999999999912, 0.005499999999999914, 0.006499999999999898, 0.005799999999999909, 0.004799999999999925, 0.005199999999999918, 0.0034999999999999454, 0.0046999999999999265, 0.0059999999999999064, 0.004599999999999928, 0.003999999999999938, 0.0046999999999999265, 0.0048999999999999235, 0.004199999999999935, 0.0032999999999999484, 0.003899999999999939, 0.0029999999999999532, 0.0034999999999999454, 0.003399999999999947, 0.0035999999999999435, 0.003399999999999947, 0.004599999999999928, 0.002799999999999956, 0.0032999999999999484, 0.0029999999999999532, 0.0030999999999999513, 0.0026999999999999576, 0.001599999999999975, 0.002299999999999964, 0.00319999999999995, 0.0020999999999999673, 0.002599999999999959, 0.0032999999999999484, 0.0028999999999999547, 0.0032999999999999484, 0.003699999999999942, 0.0037999999999999406, 0.0034999999999999454, 0.004999999999999922, 0.0030999999999999513, 0.003899999999999939, 0.0028999999999999547, 0.004399999999999931, 0.003899999999999939, 0.0046999999999999265, 0.004999999999999922, 0.004399999999999931, 0.005199999999999918, 0.006199999999999903, 0.0059999999999999064, 0.004199999999999935, 0.005699999999999911, 0.003899999999999939, 0.005399999999999915, 0.006499999999999898, 0.006199999999999903, 0.007499999999999883, 0.0070999999999998885, 0.005599999999999912, 0.006899999999999892, 0.006499999999999898, 0.007499999999999883, 0.006599999999999897, 0.008099999999999873, 0.007899999999999876, 0.008899999999999861, 0.007899999999999876, 0.007499999999999883, 0.008899999999999861, 0.007899999999999876, 0.007399999999999884, 0.007299999999999886, 0.007899999999999876, 0.008899999999999861, 0.00829999999999987, 0.010299999999999839, 0.008599999999999865, 0.008499999999999867, 0.00769999999999988, 0.009299999999999855, 0.00769999999999988, 0.006899999999999892, 0.007899999999999876, 0.006999999999999891, 0.006799999999999894, 0.006499999999999898, 0.007499999999999883, 0.006899999999999892, 0.006199999999999903, 0.007399999999999884, 0.004999999999999922, 0.005499999999999914, 0.005099999999999921, 0.006199999999999903, 0.005399999999999915, 0.005199999999999918, 0.0046999999999999265, 0.004099999999999936, 0.004099999999999936, 0.005099999999999921, 0.005099999999999921, 0.0035999999999999435, 0.004499999999999929, 0.0035999999999999435, 0.0037999999999999406, 0.003899999999999939, 0.002799999999999956, 0.002799999999999956, 0.0035999999999999435, 0.003399999999999947, 0.001999999999999969, 0.0029999999999999532, 0.0012999999999999796, 0.0020999999999999673, 0.002599999999999959, 0.0014999999999999766, 0.0023999999999999625, 0.0014999999999999766, 0.001399999999999978, 0.0007999999999999875, 0.0014999999999999766, 0.001399999999999978, 0.0009999999999999844, 0.0011999999999999812, 0.000699999999999989, 0.0005999999999999906, 0.0007999999999999875, 0.0009999999999999844, 0.000699999999999989, 0.000699999999999989, 0.00039999999999999373, 0.000699999999999989, 0.0005999999999999906, 0.0002999999999999953, 0.0004999999999999922, 0.00039999999999999373, 0.00019999999999999687, 0.0005999999999999906, 0.00039999999999999373, 0.00039999999999999373, 0.0002999999999999953, 0.00039999999999999373, 9.999999999999843e-05, 0.00019999999999999687, 0.00019999999999999687, 9.999999999999843e-17, 9.999999999999843e-17, 9.999999999999843e-17, 9.999999999999843e-17, 0.00019999999999999687, 9.999999999999843e-17, 9.999999999999843e-17, 9.999999999999843e-17, 9.999999999999843e-17, 9.999999999999843e-17, 9.999999999999843e-17, 9.999999999999843e-17, 9.999999999999843e-17, 9.999999999999843e-17, 9.999999999999843e-17, 9.999999999999843e-17, 9.999999999999843e-17, 9.999999999999843e-17, 9.999999999999843e-17, 9.999999999999843e-05, 9.999999999999843e-17, 9.999999999999843e-17, 9.999999999999843e-17, 9.999999999999843e-17, 9.999999999999843e-17, 9.999999999999843e-17, 9.999999999999843e-17, 9.999999999999843e-17, 9.999999999999843e-17, 9.999999999999843e-17, 9.999999999999843e-17, 9.999999999999843e-17, 9.999999999999843e-17, 9.999999999999843e-17, 9.999999999999843e-17, 9.999999999999843e-17, 9.999999999999843e-17, 9.999999999999843e-17, 9.999999999999843e-17, 9.999999999999843e-17, 9.999999999999843e-17, 9.999999999999843e-17, 9.999999999999843e-17, 9.999999999999843e-17, 9.999999999999843e-17, 9.999999999999843e-17, 9.999999999999843e-17, 9.999999999999843e-17, 9.999999999999843e-17, 9.999999999999843e-17, 9.999999999999843e-17, 9.999999999999843e-17, 9.999999999999843e-17, 9.999999999999843e-17, 9.999999999999843e-17, 9.999999999999843e-17, 9.999999999999843e-17, 9.999999999999843e-17, 9.999999999999843e-17, 9.999999999999843e-17, 9.999999999999843e-17, 9.999999999999843e-17, 9.999999999999843e-17, 9.999999999999843e-17, 9.999999999999843e-17, 9.999999999999843e-17, 