{"n_items": 600, "weights": [9.999999999999644e-17, 9.999999999999644e-17, 9.999999999999644e-17, 9.999999999999644e-17, 9.999999999999644e-17, 9.999999999999644e-17, 9.999999999999644e-17, 9.999999999999644e-17, 9.999999999999644e-17, 9.999999999999644e-17, 9.999999999999644e-17, 9.999999999999644e-17, 9.999999999999644e-17, 9.999999999999644e-17, 9.999999999999644e-17, 9.999999999999644e-17, 9.999999999999644e-17, 9.999999999999644e-17, 9.999999999999644e-17, 9.999999999999644e-17, 9.999999999999644e-17, 9.999999999999644e-17, 9.999999999999644e-17, 9.999999999999644e-17, 9.999999999999644e-17, 9.999999999999644e-17, 9.999999999999644e-17, 9.999999999999644e-17, 9.999999999999644e-17, 9.999999999999644e-17, 9.999999999999644e-17, 9.999999999999644e-17, 9.999999999999644e-17, 9.999999999999644e-17, 9.999999999999644e-17, 9.999999999999644e-17, 9.999999999999644e-17, 9.999999999999644e-17, 9.999999999999644e-17, 9.999999999999644e-17, 9.999999999999644e-17, 9.999999999999644e-17, 9.999999999999644e-17, 9.999999999999644e-17, 9.999999999999644e-17, 9.999999999999644e-17, 9.999999999999644e-17, 9.999999999999644e-17, 9.999999999999644e-17, 9.999999999999644e-17, 9.999999999999644e-17, 9.999999999999644e-17, 9.999999999999644e-17, 9.999999999999644e-17, 9.999999999999644e-17, 9.999999999999644e-17, 9.999999999999644e-17, 9.999999999999644e-17, 9.999999999999644e-17, 9.999999999999644e-17, 9.999999999999644e-17, 9.999999999999644e-17, 9.999999999999644e-17, 9.999999999999644e-17, 9.999999999999644e-17, 9.999999999999644e-17, 9.999999999999644e-17, 9.999999999999644e-17, 9.999999999999644e-17, 9.999999999999644e-17, 9.999999999999644e-17, 9.999999999999644e-17, 9.999999999999644e-17, 9.999999999999644e-17, 9.999999999999644e-17, 9.999999999999644e-17, 9.999999999999644e-17, 9.999999999999644e-17, 9.999999999999644e-17, 9.999999999999644e-17, 9.999999999999644e-17, 9.999999999999644e-17, 9.999999999999644e-17, 9.999999999999644e-17, 9.999999999999644e-17, 9.999999999999644e-17, 9.999999999999644e-17, 9.999999999999644e-17, 9.999999999999644e-17, 9.999999999999644e-17, 9.999999999999644e-17, 9.999999999999644e-17, 9.999999999999644e-17, 9.999999999999644e-17, 9.999999999999644e-17, 9.999999999999644e-05, 9.999999999999644e-05, 9.999999999999644e-17, 9.999999999999644e-17, 9.999999999999644e-17, 9.999999999999644e-17, 9.999999999999644e-17, 9.999999999999644e-17, 0.00019999999999999288, 9.999999999999644e-17, 9.999999999999644e-17, 9.999999999999644e-05, 9.999999999999644e-17, 0.00019999999999999288, 9.999999999999644e-05, 9.999999999999644e-05, 9.999999999999644e-17, 9.999999999999644e-17, 9.999999999999644e-17, 9.999999999999644e-05, 9.999999999999644e-17, 0.00019999999999999288, 0.00019999999999999288, 0.00019999999999999288, 0.0002999999999999893, 0.00019999999999999288, 0.0004999999999999821, 0.0007999999999999715, 0.0005999999999999786, 0.00039999999999998576, 0.0005999999999999786, 0.00019999999999999288, 0.0007999999999999715, 0.0006999999999999751, 0.0007999999999999715, 0.0012999999999999538, 0.0013999999999999501, 0.0013999999999999501, 0.0011999999999999572, 0.0023999999999999144, 0.001599999999999943, 0.003199999999999886, 0.0023999999999999144, 0.0023999999999999144, 0.0023999999999999144, 0.0032999999999998825, 0.003699999999999868, 0.0030999999999998893, 0.003699999999999868, 0.004399999999999843, 0.004999999999999821, 0.0042999999999998465, 0.004599999999999836, 0.0055999999999998004, 0.006299999999999775, 0.005499999999999804, 0.006599999999999765, 0.006599999999999765, 0.007099999999999747, 0.007199999999999743, 0.005999999999999786, 0.007699999999999725, 0.008999999999999678, 0.008799999999999687, 0.007899999999999718, 0.008199999999999708, 0.008499999999999697, 0.009999999999999643, 0.008999999999999678, 0.010199999999999636, 0.011899999999999576, 0.010199999999999636, 0.01149999999999959, 0.011399999999999593, 0.009399999999999666, 0.012699999999999547, 0.011599999999999586, 0.01009999999999964, 0.011199999999999601, 0.007999999999999714, 0.009499999999999661, 0.009099999999999676, 0.009099999999999676, 0.009499999999999661, 0.008999999999999678, 0.01009999999999964, 0.009199999999999672, 0.009599999999999657, 0.007399999999999736, 0.008399999999999701, 0.009099999999999676, 0.007999999999999714, 0.007599999999999729, 0.007499999999999733, 0.006199999999999779, 0.006299999999999775, 0.006399999999999772, 0.005499999999999804, 0.004799999999999829, 0.0048999999999998255, 0.0042999999999998465, 0.0037999999999998647, 0.003399999999999879, 0.0035999999999998715, 0.0028999999999998966, 0.0030999999999998893, 0.0018999999999999323, 0.0018999999999999323, 0.002699999999999904, 0.002299999999999918, 0.001599999999999943, 0.0017999999999999358, 0.0013999999999999501, 0.0009999999999999642, 0.0013999999999999501, 0.0007999999999999715, 0.0009999999999999642, 0.0007999999999999715, 0.0002999999999999893, 0.0007999999999999715, 0.0002999999999999893, 0.00039999999999998576, 0.0005999999999999786, 0.0004999999999999821, 0.0006999999999999751, 0.0002999999999999893, 0.0002999999999999893, 9.999999999999644e-05, 0.0002999999999999893, 9.999999999999644e-05, 9.999999999999644e-05, 9.999999999999644e-05, 0.00019999999999999288, 9.999999999999644e-17, 0.00019999999999999288, 9.999999999999644e-17, 9.999999999999644e-17, 9.999999999999644e-17, 9.999999999999644e-17, 9.999999999999644e-05, 9.999999999999644e-17, 9.999999999999644e-17, 9.999999999999644e-17, 9.999999999999644e-17, 9.999999999999644e-17, 9.999999999999644e-17, 9.999999999999644e-17, 9.999999999999644e-17, 9.999999999999644e-17, 9.999999999999644e-05, 9.999999999999644e-17, 9.999999999999644e-17, 9.999999999999644e-17, 9.999999999999644e-17, 9.999999999999644e-05, 9.999999999999644e-17, 9.999999999999644e-17, 9.999999999999644e-17, 9.999999999999644e-17, 9.999999999999644e-17, 9.999999999999644e-17, 9.999999999999644e-17, 9.999999999999644e-17, 9.999999999999644e-17, 9.999999999999644e-17, 9.999999999999644e-17, 9.999999999999644e-17, 9.999999999999644e-17, 9.999999999999644e-17, 9.999999999999644e-17, 9.999999999999644e-17, 9.999999999999644e-17, 9.999999999999644e-17, 9.999999999999644e-17, 9.999999999999644e-17, 9.999999999999644e-17, 9.999999999999644e-17, 9.999999999999644e-17, 9.999999999999644e-17, 9.999999999999644e-17, 9.999999999999644e-17, 9.999999999999644e-17, 9.999999999999644e-17, 9.999999999999644e-17, 9.999999999999644e-17, 9.999999999999644e-17, 9.999999999999644e-17, 9.999999999999644e-17, 9.999999999999644e-17, 9.999999999999644e-17, 9.999999999999644e-17, 9.999999999999644e-17, 9.999999999999644e-17, 9.999999999999644e-17, 9.999999999999644e-17, 9.999999999999644e-17, 9.999999999999644e-17, 9.999999999999644e-17, 9.999999999999644e-17, 9.999999999999644e-17, 9.999999999999644e-17, 9.999999999999644e-17, 9.999999999999644e-17, 9.999999999999644e-17, 9.999999999999644e-17, 9.999999999999644e-17, 9.999999999999644e-17, 9.999999999999644e-17, 9.999999999999644e-17, 9.999999999999644e-17, 9.999999999999644e-17, 9.999999999999644e-17, 9.999999999999644e-17, 9.999999999999644e-17, 9.999999999999644e-17, 9.999999999999644e-17, 9.999999999999644e-17, 9.999999999999644e-17, 9.999999999999644e-17, 9.999999999999644e-17, 9.999999999999644e-17, 9.999999999999644e-17, 9.999999999999644e-17, 9.999999999999644e-17, 9.999999999999644e-17, 9.999999999999644e-17, 9.999999999999644e-17, 9.999999999999644e-17, 9.999999999999644e-17, 9.999999999999644e-17, 9.999999999999644e-17, 9.999999999999644e-17, 9.999999999999644e-17, 9.999999999999644e-17, 9.999999999999644e-17, 9.999999999999644e-17, 9.999999999999644e-17, 9.999999999999644e-17, 9.999999999999644e-17, 9.999999999999644e-17, 9.999999999999644e-17, 9.999999999999644e-17, 9.999999999999644e-17, 9.999999999999644e-17, 9.999999999999644e-17, 9.999999999999644e-17, 9.999999999999644e-17, 9.999999999999644e-17, 9.999999999999644e-17, 9.999999999999644e-17, 9.999999999999644e-17, 9.999999999999644e-17, 9.999999999999644e-17, 