{"n_items": 600, "weights": [9.999999999999758e-17, 9.999999999999758e-17, 9.999999999999758e-17, 9.999999999999758e-17, 9.999999999999758e-17, 9.999999999999758e-17, 9.999999999999758e-17, 9.999999999999758e-17, 9.999999999999758e-17, 9.999999999999758e-17, 9.999999999999758e-17, 9.999999999999758e-17, 9.999999999999758e-17, 9.999999999999758e-17, 9.999999999999758e-17, 9.999999999999758e-17, 9.999999999999758e-17, 9.999999999999758e-17, 9.999999999999758e-17, 9.999999999999758e-17, 9.999999999999758e-17, 9.999999999999758e-17, 9.999999999999758e-17, 9.999999999999758e-17, 9.999999999999758e-17, 9.999999999999758e-17, 9.999999999999758e-17, 9.999999999999758e-17, 9.999999999999758e-17, 9.999999999999758e-17, 9.999999999999758e-17, 9.999999999999758e-17, 9.999999999999758e-17, 9.999999999999758e-17, 9.999999999999758e-17, 9.999999999999758e-17, 9.999999999999758e-17, 9.999999999999758e-17, 9.999999999999758e-17, 9.999999999999758e-17, 9.999999999999758e-17, 9.999999999999758e-17, 9.999999999999758e-17, 9.999999999999758e-17, 9.999999999999758e-17, 9.999999999999758e-17, 9.999999999999758e-17, 9.999999999999758e-17, 9.999999999999758e-17, 9.999999999999758e-17, 9.999999999999758e-17, 9.999999999999758e-17, 9.999999999999758e-17, 9.999999999999758e-17, 9.999999999999758e-17, 9.999999999999758e-05, 9.999999999999758e-17, 9.999999999999758e-17, 9.999999999999758e-17, 9.999999999999758e-17, 0.00019999999999999516, 9.999999999999758e-05, 9.999999999999758e-17, 9.999999999999758e-17, 9.999999999999758e-05, 9.999999999999758e-05, 9.999999999999758e-17, 9.999999999999758e-17, 9.999999999999758e-05, 9.999999999999758e-05, 9.999999999999758e-17, 9.999999999999758e-17, 9.999999999999758e-17, 9.999999999999758e-17, 9.999999999999758e-17, 9.999999999999758e-05, 9.999999999999758e-17, 9.999999999999758e-17, 9.999999999999758e-17, 0.00019999999999999516, 9.999999999999758e-17, 9.999999999999758e-17, 0.00019999999999999516, 0.00019999999999999516, 9.999999999999758e-05, 9.999999999999758e-05, 9.999999999999758e-05, 0.00019999999999999516, 0.00019999999999999516, 0.0003999999999999903, 9.999999999999758e-17, 0.00019999999999999516, 0.0003999999999999903, 0.00019999999999999516, 9.999999999999758e-05, 0.00029999999999999276, 0.0003999999999999903, 9.999999999999758e-17, 9.999999999999758e-05, 0.0003999999999999903, 0.00029999999999999276, 0.0004999999999999879, 0.0003999999999999903, 0.0006999999999999831, 0.0005999999999999855, 0.0005999999999999855, 0.00029999999999999276, 0.0007999999999999806, 0.0005999999999999855, 0.0003999999999999903, 0.00029999999999999276, 0.00019999999999999516, 0.0003999999999999903, 0.0003999999999999903, 0.0009999999999999757, 0.0003999999999999903, 0.0008999999999999782, 0.0014999999999999638, 0.0004999999999999879, 0.0013999999999999662, 0.0009999999999999757, 0.0010999999999999734, 0.0006999999999999831, 0.0008999999999999782, 0.001199999999999971, 0.0015999999999999613, 0.001199999999999971, 0.0015999999999999613, 0.002099999999999949, 0.0008999999999999782, 0.0015999999999999613, 0.0008999999999999782, 0.0015999999999999613, 0.0017999999999999564, 0.0019999999999999515, 0.001899999999999954, 0.0022999999999999444, 0.00289999999999993, 0.002399999999999942, 0.0029999999999999276, 0.00289999999999993, 0.002399999999999942, 0.002599999999999937, 0.001899999999999954, 0.00329999999999992, 0.0027999999999999323, 0.0027999999999999323, 0.001899999999999954, 0.002199999999999947, 0.0036999999999999104, 0.0024999999999999393, 0.00289999999999993, 0.0027999999999999323, 0.003999999999999903, 0.0029999999999999276, 0.0024999999999999393, 0.004399999999999894, 0.0034999999999999155, 0.0031999999999999225, 0.003799999999999908, 0.003999999999999903, 0.004299999999999896, 0.004099999999999901, 0.003999999999999903, 0.004099999999999901, 0.004999999999999879, 0.004499999999999891, 0.005099999999999876, 0.005199999999999874, 0.004499999999999891, 0.004899999999999882, 0.005999999999999855, 0.004299999999999896, 0.0035999999999999127, 0.005499999999999867, 0.004899999999999882, 0.005599999999999865, 0.004799999999999884, 0.004599999999999889, 0.004499999999999891, 0.005299999999999872, 0.005999999999999855, 0.004199999999999898, 0.004399999999999894, 0.005999999999999855, 0.004399999999999894, 0.00659999999999984, 0.006299999999999847, 0.005099999999999876, 0.004899999999999882, 0.005499999999999867, 0.004299999999999896, 0.005699999999999862, 0.006399999999999845, 0.006899999999999833, 0.005399999999999869, 0.0046999999999998866, 0.004499999999999891, 0.006399999999999845, 0.006399999999999845, 0.006099999999999852, 0.00329999999999992, 0.004199999999999898, 0.004599999999999889, 0.004999999999999879, 0.004399999999999894, 0.004799999999999884, 0.0046999999999998866, 0.004299999999999896, 0.004299999999999896, 0.005599999999999865, 0.005099999999999876, 0.0029999999999999276, 0.0035999999999999127, 0.004099999999999901, 0.004299999999999896, 0.0027999999999999323, 0.004599999999999889, 0.0031999999999999225, 0.004099999999999901, 0.0029999999999999276, 0.005199999999999874, 0.004899999999999882, 0.0026999999999999347, 0.004299999999999896, 0.0029999999999999276, 0.00329999999999992, 0.003099999999999925, 0.0031999999999999225, 0.003399999999999918, 0.0027999999999999323, 0.00289999999999993, 0.0024999999999999393, 0.0019999999999999515, 0.00329999999999992, 0.00289999999999993, 0.0038999999999999057, 0.002399999999999942, 0.00329999999999992, 0.0017999999999999564, 0.0027999999999999323, 0.0022999999999999444, 0.002199999999999947, 0.0026999999999999347, 0.0024999999999999393, 0.0017999999999999564, 0.0027999999999999323, 0.0017999999999999564, 0.0024999999999999393, 0.0026999999999999347, 0.0026999999999999347, 0.00289999999999993, 0.002199999999999947, 0.0013999999999999662, 0.0017999999999999564, 0.0027999999999999323, 0.00289999999999993, 0.002099999999999949, 0.0015999999999999613, 0.0031999999999999225, 0.002199999999999947, 0.00289999999999993, 0.0022999999999999444, 0.002599999999999937, 0.0019999999999999515, 0.0022999999999999444, 0.002099999999999949, 0.002199999999999947, 0.002199999999999947, 0.002099999999999949, 0.0036999999999999104, 0.0024999999999999393, 0.0035999999999999127, 0.0024999999999999393, 0.00289999999999993, 0.0027999999999999323, 0.003099999999999925, 0.003399999999999918, 0.004399999999999894, 0.002199999999999947, 0.0029999999999999276, 0.0027999999999999323, 0.004099999999999901, 0.0035999999999999127, 0.0031999999999999225, 0.0027999999999999323, 0.004999999999999879, 0.0038999999999999057, 0.003799999999999908, 0.0046999999999998866, 0.004299999999999896, 0.0036999999999999104, 0.004999999999999879, 0.0038999999999999057, 0.0035999999999999127, 0.004499999999999891, 0.003399999999999918, 0.003999999999999903, 0.005399999999999869, 0.004199999999999898, 0.0034999999999999155, 0.005099999999999876, 0.004499999999999891, 0.004099999999999901, 0.006499999999999843, 0.003799999999999908, 0.004999999999999879, 0.004899999999999882, 0.004299999999999896, 0.003999999999999903, 0.005199999999999874, 0.004599999999999889, 0.004199999999999898, 0.0046999999999998866, 0.005299999999999872, 0.005899999999999858, 0.006399999999999845, 0.005599999999999865, 0.005499999999999867, 0.00619999999999985, 0.00579999999999986, 0.004499999999999891, 0.005699999999999862, 0.004899999999999882, 0.004499999999999891, 0.00659999999999984, 0.004299999999999896, 0.004299999999999896, 0.005599999999999865, 0.005199999999999874, 0.004399999999999894, 0.004599999999999889, 0.004399999999999894, 0.0036999999999999104, 0.005499999999999867, 0.0036999999999999104, 0.004999999999999879, 0.004899999999999882, 0.004899999999999882, 0.005099999999999876, 0.004899999999999882, 0.004499999999999891, 0.004599999999999889, 0.0035999999999999127, 0.003799999999999908, 0.003999999999999903, 0.004099999999999901, 0.006299999999999847, 0.005299999999999872, 0.004799999999999884, 0.003799999999999908, 0.003099999999999925, 0.0026999999999999347, 