{"n_items": 400, "weights": [9.999999999999767e-17, 9.999999999999767e-17, 9.999999999999767e-17, 9.999999999999767e-17, 9.999999999999767e-17, 9.999999999999767e-17, 9.999999999999767e-17, 9.999999999999767e-17, 9.999999999999767e-17, 9.999999999999767e-17, 9.999999999999767e-17, 9.999999999999767e-17, 9.999999999999767e-17, 9.999999999999767e-17, 9.999999999999767e-17, 9.999999999999767e-17, 9.999999999999767e-17, 9.999999999999767e-17, 9.999999999999767e-17, 9.999999999999767e-17, 9.999999999999767e-17, 9.999999999999767e-17, 9.999999999999767e-17, 9.999999999999767e-17, 9.999999999999767e-17, 9.999999999999767e-17, 9.999999999999767e-17, 9.999999999999767e-17, 9.999999999999767e-17, 9.999999999999767e-17, 9.999999999999767e-17, 9.999999999999767e-17, 9.999999999999767e-17, 9.999999999999767e-17, 9.999999999999767e-17, 9.999999999999767e-17, 9.999999999999767e-17, 9.999999999999767e-17, 9.999999999999767e-17, 9.999999999999767e-17, 9.999999999999767e-17, 9.999999999999767e-17, 9.999999999999767e-17, 9.999999999999767e-17, 9.999999999999767e-17, 9.999999999999767e-17, 9.999999999999767e-17, 9.999999999999767e-17, 9.999999999999767e-17, 9.999999999999767e-17, 9.999999999999767e-17, 9.999999999999767e-17, 9.999999999999767e-17, 9.999999999999767e-17, 9.999999999999767e-17, 9.999999999999767e-17, 9.999999999999767e-17, 9.999999999999767e-17, 9.999999999999767e-17, 9.999999999999767e-17, 9.999999999999767e-17, 9.999999999999767e-17, 9.999999999999767e-17, 9.999999999999767e-17, 9.999999999999767e-17, 9.999999999999767e-17, 9.999999999999767e-17, 9.999999999999767e-17, 9.999999999999767e-17, 9.999999999999767e-17, 9.999999999999767e-17, 9.999999999999767e-17, 9.999999999999767e-17, 9.999999999999767e-17, 9.999999999999767e-17, 9.999999999999767e-17, 9.999999999999767e-17, 9.999999999999767e-17, 9.999999999999767e-17, 9.999999999999767e-17, 9.999999999999767e-17, 9.999999999999767e-17, 9.999999999999767e-17, 9.999999999999767e-17, 9.999999999999767e-17, 9.999999999999767e-17, 9.999999999999767e-17, 9.999999999999767e-17, 9.999999999999767e-17, 9.999999999999767e-17, 9.999999999999767e-17, 9.999999999999767e-17, 9.999999999999767e-17, 9.999999999999767e-17, 9.999999999999767e-17, 9.999999999999767e-17, 9.999999999999767e-17, 9.999999999999767e-17, 9.999999999999767e-17, 9.999999999999767e-17, 9.999999999999767e-17, 9.999999999999767e-17, 9.999999999999767e-17, 9.999999999999767e-17, 9.999999999999767e-17, 9.999999999999767e-17, 9.999999999999767e-17, 9.999999999999767e-17, 9.999999999999767e-17, 9.999999999999767e-17, 9.999999999999767e-17, 9.999999999999767e-17, 9.999999999999767e-17, 9.999999999999767e-17, 9.999999999999767e-17, 9.999999999999767e-17, 9.999999999999767e-17, 9.999999999999767e-17, 9.999999999999767e-17, 9.999999999999767e-17, 9.999999999999767e-17, 9.999999999999767e-17, 9.999999999999767e-17, 9.999999999999767e-17, 9.999999999999767e-17, 9.999999999999767e-17, 9.999999999999767e-17, 9.999999999999767e-17, 9.999999999999767e-17, 9.999999999999767e-17, 9.999999999999767e-17, 9.999999999999767e-17, 9.999999999999767e-17, 9.999999999999767e-05, 9.999999999999767e-17, 0.00019999999999999535, 9.999999999999767e-17, 9.999999999999767e-05, 0.00029999999999999303, 9.999999999999767e-05, 9.999999999999767e-05, 0.00029999999999999303, 0.00019999999999999535, 0.0006999999999999837, 0.000899999999999979, 0.0003999999999999907, 0.0005999999999999861, 0.0005999999999999861, 0.0013999999999999675, 0.0015999999999999628, 0.0012999999999999698, 0.0031999999999999256, 0.003099999999999928, 0.0042999999999999, 0.0037999999999999115, 0.003599999999999916, 0.003999999999999907, 0.0037999999999999115, 0.007199999999999832, 0.005799999999999865, 0.0059999999999998605, 0.008499999999999803, 0.007999999999999815, 0.009299999999999784, 0.008699999999999798, 0.010099999999999765, 0.012799999999999702, 0.013599999999999684, 0.013499999999999686, 0.013999999999999674, 0.015599999999999637, 0.014699999999999658, 0.01679999999999961, 0.015599999999999637, 0.014799999999999655, 0.014399999999999665, 0.013699999999999681, 0.014299999999999667, 0.01499999999999965, 0.01669999999999961, 0.013499999999999686, 0.015599999999999637, 0.013999999999999674, 0.013399999999999688, 0.014399999999999665, 0.01159999999999973, 0.01119999999999974, 0.01249999999999971, 0.011499999999999733, 0.00989999999999977, 0.008999999999999791, 0.007699999999999821, 0.006799999999999842, 0.006199999999999856, 0.0062999999999998535, 0.004399999999999898, 0.003399999999999921, 0.0042999999999999, 0.004099999999999905, 0.003099999999999928, 0.0029999999999999302, 0.0014999999999999651, 0.0009999999999999768, 0.0016999999999999604, 0.000899999999999979, 0.0007999999999999814, 0.0009999999999999768, 0.0006999999999999837, 0.0005999999999999861, 0.00029999999999999303, 0.0004999999999999884, 0.0003999999999999907, 0.00029999999999999303, 9.999999999999767e-17, 9.999999999999767e-05, 9.999999999999767e-17, 9.999999999999767e-05, 9.999999999999767e-17, 9.999999999999767e-05, 9.999999999999767e-17, 9.999999999999767e-05, 9.999999999999767e-05, 9.999999999999767e-17, 9.999999999999767e-17, 9.999999999999767e-17, 9.999999999999767e-17, 9.999999999999767e-17, 9.999999999999767e-05, 9.999999999999767e-17, 9.999999999999767e-17, 9.999999999999767e-17, 9.999999999999767e-17, 9.999999999999767e-05, 9.999999999999767e-17, 9.999999999999767e-17, 9.999999999999767e-17, 9.999999999999767e-17, 9.999999999999767e-17, 9.999999999999767e-17, 9.999999999999767e-17, 9.999999999999767e-05, 9.999999999999767e-17, 9.999999999999767e-17, 9.999999999999767e-17, 9.999999999999767e-17, 9.999999999999767e-17, 0.00019999999999999535, 0.0003999999999999907, 9.999999999999767e-05, 9.999999999999767e-17, 0.0004999999999999884, 0.00019999999999999535, 0.00019999999999999535, 0.0003999999999999907, 0.0005999999999999861, 0.0006999999999999837, 0.0006999999999999837, 0.0012999999999999698, 0.0015999999999999628, 0.0010999999999999745, 0.002199999999999949, 0.0018999999999999558, 0.003099999999999928, 0.0026999999999999373, 0.002799999999999935, 0.0032999999999999232, 0.0037999999999999115, 0.004499999999999896, 0.0056999999999998675, 0.005799999999999865, 0.00729999999999983, 0.007699999999999821, 0.008699999999999798, 0.009099999999999789, 0.009399999999999782, 0.009699999999999775, 0.010899999999999747, 0.013399999999999688, 0.014099999999999672, 0.014499999999999662, 0.013999999999999674, 0.015799999999999634, 0.014899999999999653, 0.015399999999999641, 0.015799999999999634, 0.01669999999999961, 0.015099999999999648, 0.01249999999999971, 0.015599999999999637, 0.016599999999999615, 0.012299999999999714, 0.015699999999999634, 0.01459999999999966, 0.014699999999999658, 0.014399999999999665, 0.012599999999999707, 0.012599999999999707, 0.010999999999999744, 0.008399999999999805, 0.009799999999999772, 0.00989999999999977, 0.008999999999999791, 0.0056999999999998675, 0.006399999999999851, 0.005199999999999879, 0.004899999999999886, 0.0047999999999998886, 0.0047999999999998886, 0.004599999999999893, 0.0031999999999999256, 0.0026999999999999373, 0.002199999999999949, 0.0016999999999999604, 0.0014999999999999651, 0.0014999999999999651, 0.000899999999999979, 0.0006999999999999837, 0.0005999999999999861, 9.999999999999767e-05, 0.0003999999999999907, 0.0004999999999999884, 0.00029999999999999303, 0.00019999999999999535, 9.999999999999767e-05, 0.0003999999999999907, 0.00019999999999999535, 9.999999999999767e-05, 9.999999999999767e-17, 9.999999999999767e-17, 9.999999999999767e-05, 9.999999999999767e-17, 9.999999999999767e-17, 9.999999999999767e-17, 9.999999999999767e-17, 9.999999999999767e-17, 9.999999999999767e-17, 9.999999999999767e-17, 9.999999999999767e-17, 9.999999999999767e-17, 9.999999999999767e-17, 9.999999999999767e-17, 9.999999999999767e-17, 9.999999999999767e-17, 9.999999999999767e-17, 9.999999999999767e-17, 9.999999999999767e-17, 9.999999999999767e-17, 9.999999999999767e-17, 9.999999999999767e-17, 9.999999999999767e-17, 