{"n_items": 600, "weights": [0.0018867675327593723, 0.0011307105273061712, 0.0019292700526111325, 0.0012503987136176908, 0.0019925477369846264, 0.0021040229468471472, 0.0015488601428647313, 0.001751489954056351, 0.0014549354398132775, 0.001419103530511431, 0.001538429728844876, 0.0021444617150080366, 0.00164697252239156, 0.0017733194212356015, 0.0024148447138192847, 0.0017866048056148088, 0.0012509059992492407, 0.0020567887692275644, 0.0018946030968208412, 0.0019652019770568015, 0.0015991503834382294, 0.0024304226715333847, 0.0016327068343296538, 0.0018794827100035274, 0.0013429887692060637, 0.001817796950195137, 0.001555511875782473, 0.0016855977513296277, 0.0016837490551170058, 0.001603370387284748, 0.0017709986386910566, 0.0025271874625311624, 0.0015248368669843314, 0.0011613670679746447, 0.002147506678075727, 0.0018907454648350679, 0.0014254860914261127, 0.0014373342289311054, 0.0022028948665119897, 0.0010870808406262884, 0.0012975224549190566, 0.0022477833219615682, 0.0014719393161327005, 0.0017832413932706178, 0.0011927615501886963, 0.0017463491422750892, 0.0019310002100472376, 0.0018481478933503428, 0.0013205244304460874, 0.0013221031442741346, 0.0012465109586220367, 0.0008394088045664508, 0.002731697161728633, 0.0019584219014618844, 0.0016363654563001306, 0.0015739211606652197, 0.0014698414639730823, 0.0012478596344198502, 0.0016631984689040168, 0.0018509511944921023, 0.0019349272591743958, 0.0016188943638965178, 0.001850961313261379, 0.0016844713130035201, 0.0020770931678015963, 0.001952491451573804, 0.0016138562308619685, 0.0006520296565813582, 0.0010117988718186162, 0.0018123434227883821, 0.001953270173107054, 0.0013052056597859629, 0.001807780223046013, 0.0024146832096367883, 0.0020020682941099977, 0.0016166982975227907, 0.0013952503669827669, 0.0013518313509000347, 0.0019292493846086653, 0.0021619034771515346, 0.001895426992726558, 0.002406855245833318, 0.0011796703228833124, 0.0017489629113042339, 0.0007592284584587828, 0.0020627635765622255, 0.0018466653237642935, 0.0020776084755596133, 0.0015337551574608247, 0.0011559762417889601, 0.0022322475917204176, 0.0015741351828117377, 0.00179189553212683, 0.0017164246817440488, 0.0017911305808397094, 0.001700967126924657, 0.0016585085497523389, 0.0019050176093226893, 0.001308018359166147, 0.0023165841492329485, 0.002409561405576183, 0.0011804663826407514, 0.002064559750989564, 0.001191367714054662, 0.0008197993635173083, 0.001287371614346998, 0.0018731153076919132, 0.0018210845793299067, 0.0019269180035895739, 0.002333180775337952, 0.00130051869183074, 0.001892947987760105, 0.0014688388832554218, 0.0016738234804287027, 0.001594317861920445, 0.0016265486696761815, 0.0016302221947542832, 0.002185180883417075, 0.002382500357152312, 0.0021419410633037586, 0.0018175518502896975, 0.0015780723769836702, 0.0015226239474616342, 0.002605700743330045, 0.0015403010952742759, 0.0018705647006602574, 0.0007209927195638608, 0.0013015712452363935, 0.0017577892237403627, 0.0013893348857922558, 0.0022378119795696334, 0.0014574442437050603, 0.001249442734595251, 0.001225354833872388, 0.0007257589092071735, 0.001437166680016596, 0.0016166198582769702, 0.0016812877226081659, 0.0021917687619233193, 0.0006448955416785665, 0.00143553567512203, 0.0021175491884582597, 0.0017640745982713455, 0.0012072989161339212, 0.0016407744781099256, 0.0018018153566733118, 0.0015673234688755825, 0.0015665006770737924, 0.0026222402668773367, 0.001515058871071925, 0.0025076147599687403, 0.0020520296558868625, 0.0015101217474364622, 0.0018807013908178063, 0.0018062734555655917, 0.0004874296379053891, 0.001054181846939675, 0.0008395836808511952, 0.002133205154112862, 0.0015019848298250648, 0.0012497194634265745, 0.0020575236111275326, 0.002006710404902406, 0.0018419785883652415, 0.002910733735646654, 0.0020399820666399844, 0.0008897024761596552, 0.002006834081101546, 0.001136445263924025, 0.0018236529451594698, 0.0009988403542025574, 0.0016422126179871969, 0.0013239030228310816, 0.0023772790655570714, 0.0020476845617588236, 0.0015706770097177886, 0.0015834509660106663, 0.001602816002915122, 0.0009161629043389211, 0.0013113590476332784, 0.0014914220094920873, 0.0016534088302155824, 0.002150867097498498, 0.0012964349301624505, 0.0012592740896471737, 0.001633866980760866, 0.002301298641373717, 0.0019147930564408983, 0.0020482264750538693, 0.0020510374656749464, 0.002030805347196223, 0.0019373323045708479, 0.001733796271546243, 0.0011255611618860516, 0.002103010061412638, 0.0020377401535759277, 0.001969708430478016, 0.0016024954249479607, 0.0017984333052573319, 0.0015991155619309867, 0.0015792302232511982, 0.0011978026289622625, 0.0010944705865684424, 0.00095486426721083, 0.0009610200186793197, 0.0013807620527939964, 0.0020831766403670115, 0.0016220901617443083, 0.0014978140217969226, 0.0017042668755682523, 0.0008259821889973669, 0.001382924380780511, 0.0024083377715605867, 0.0015888297526842397, 0.0009431611522283299, 0.002589452305193674, 0.001508372926863598, 0.0021355389329717495, 0.0018862844190770912, 0.0026701695986295015, 0.0016922965985848985, 0.002018693319909778, 0.0017340989768604605, 0.001265068450822565, 0.001053733706483761, 0.000737328041139453, 0.0018023068306571362, 0.0008032343814156517, 0.001749034304195431, 0.0018256979647267016, 0.001582136555342665, 0.0019851210877963907, 0.001450032294233287, 0.0010537188235295915, 0.0023826254769615846, 0.002289661503436628, 0.0007866304215640033, 0.001971250659198962, 0.0010276749018905346, 0.0012281337421484275, 0.0021821743912632256, 0.0015525898192652028, 0.0007860284038988595, 0.0014563861368213104, 0.002300290786375452, 0.0013089145707619466, 0.001893602904805155, 0.0014908602837298821, 0.0023980585980216476, 0.001883961604992731, 0.001258119521713176, 0.0011937006719366123, 0.0015669005480237089, 0.0020878226113910155, 0.001590719525672048, 0.001501072925651501, 0.002040008073114792, 0.0013673371875636052, 0.0024028669420539718, 0.0018843735468541825, 0.0018500472011828252, 0.0015483357336957607, 0.0016037126211655057, 0.0019418284741701778, 0.001582309163989269, 0.0016357581244662398, 0.001498509622643128, 0.0015830385941441978, 0.0016970644392892533, 0.002045308366234577, 0.0016105781125798115, 0.0014335451578285892, 0.0016762270817208941, 0.0023631630305665547, 0.001293771832120079, 0.0022672377265212243, 0.0025066146182850914, 0.0020903860876495543, 0.002074762814307323, 0.0013431514611082756, 0.0016762236143008224, 0.0017689687892824542, 0.00147359783304997, 0.0013695639480124546, 0.0018007729463290238, 0.0013147800448388256, 0.0026071490525691613, 0.0024954561842879465, 0.0015785370580984576, 0.0013517513568877043, 0.0019043034681661666, 0.001117306037350675, 0.001744957944819893, 0.0019072327641895814, 0.0012074702145616057, 0.0016811293574843348, 0.001803148830781001, 0.0019437718638838262, 0.0004163429211473973, 0.0019068408205375584, 0.0017029435848444788, 0.0009693548077240138, 0.00111340485271243, 0.0015975608891240615, 0.0008854026601757051, 0.0020518026486706217, 0.0026009414877622952, 0.0013583985136156008, 0.0019925660656444975, 0.0010780464278164032, 0.0019366625262238137, 0.0014532000157377364, 0.0016521279702686803, 0.001375462080349016, 0.0022881316061990303, 0.001792938840221918, 0.0010283010307180266, 0.001691021515298709, 0.0011937708951178206, 0.0011863244429230699, 0.001698553396652953, 0.0012785107215723508, 0.0018348632450022155, 0.0007313083580420771, 0.0017800142623378588, 0.001514475868199704, 0.0014391673939151224, 0.0008736982496115672, 0.0014685022755061062, 0.001742368125375705, 0.0018360556627021421, 0.0017013801442550627, 0.0013291994884010146, 0.0015431822071765165, 0.001992294086790543, 0.0014830065872687619, 0.0026063547988674474, 0.0019943074986421418, 0.0022960317863480345, 0.0011890437999251087, 0.001258851289356472, 0.0019981714691940686, 0.001303830313300239, 0.001752172228010623, 0.0018543105434810395, 0.000740412113558293, 0.001607232433245671, 0.0012107592823813785, 0.0015342656648422207, 0.0011171087697199903, 