{"n_items": 400, "weights": [9.999999999999888e-17, 9.999999999999888e-17, 9.999999999999888e-17, 9.999999999999888e-17, 9.999999999999888e-17, 9.999999999999888e-17, 9.999999999999888e-17, 9.999999999999888e-17, 9.999999999999888e-17, 9.999999999999888e-17, 9.999999999999888e-17, 9.999999999999888e-17, 9.999999999999888e-17, 9.999999999999888e-17, 9.999999999999888e-17, 9.999999999999888e-17, 9.999999999999888e-17, 9.999999999999888e-17, 9.999999999999888e-17, 9.999999999999888e-17, 9.999999999999888e-17, 9.999999999999888e-17, 9.999999999999888e-17, 9.999999999999888e-17, 9.999999999999888e-17, 9.999999999999888e-17, 9.999999999999888e-17, 9.999999999999888e-17, 9.999999999999888e-17, 9.999999999999888e-17, 9.999999999999888e-17, 9.999999999999888e-17, 9.999999999999888e-17, 9.999999999999888e-17, 9.999999999999888e-17, 9.999999999999888e-17, 9.999999999999888e-17, 9.999999999999888e-17, 9.999999999999888e-17, 9.999999999999888e-17, 9.999999999999888e-17, 9.999999999999888e-17, 9.999999999999888e-17, 9.999999999999888e-17, 9.999999999999888e-17, 9.999999999999888e-17, 9.999999999999888e-17, 9.999999999999888e-17, 9.999999999999888e-17, 9.999999999999888e-17, 9.999999999999888e-17, 9.999999999999888e-17, 9.999999999999888e-17, 9.999999999999888e-17, 9.999999999999888e-17, 9.999999999999888e-17, 9.999999999999888e-17, 9.999999999999888e-17, 9.999999999999888e-17, 9.999999999999888e-17, 9.999999999999888e-17, 9.999999999999888e-17, 9.999999999999888e-17, 9.999999999999888e-17, 9.999999999999888e-17, 9.999999999999887e-05, 9.999999999999888e-17, 9.999999999999888e-17, 9.999999999999888e-17, 9.999999999999888e-17, 9.999999999999888e-17, 9.999999999999887e-05, 9.999999999999887e-05, 9.999999999999888e-17, 9.999999999999888e-17, 9.999999999999888e-17, 9.999999999999888e-17, 9.999999999999888e-17, 9.999999999999888e-17, 9.999999999999888e-17, 9.999999999999888e-17, 9.999999999999888e-17, 9.999999999999888e-17, 9.999999999999887e-05, 9.999999999999888e-17, 9.999999999999888e-17, 9.999999999999888e-17, 9.999999999999887e-05, 9.999999999999888e-17, 0.0002999999999999966, 9.999999999999887e-05, 9.999999999999888e-17, 9.999999999999887e-05, 9.999999999999888e-17, 9.999999999999887e-05, 9.999999999999887e-05, 9.999999999999887e-05, 0.00019999999999999773, 9.999999999999887e-05, 0.0002999999999999966, 0.0002999999999999966, 9.999999999999887e-05, 0.0002999999999999966, 0.00019999999999999773, 9.999999999999887e-05, 0.00039999999999999547, 0.0002999999999999966, 0.00039999999999999547, 0.0005999999999999932, 0.0002999999999999966, 0.0006999999999999921, 0.0002999999999999966, 0.0007999999999999909, 0.00039999999999999547, 0.0005999999999999932, 0.0007999999999999909, 0.0005999999999999932, 0.0007999999999999909, 0.0016999999999999808, 0.0010999999999999875, 0.0018999999999999785, 0.0017999999999999798, 0.0009999999999999887, 0.0011999999999999865, 0.0016999999999999808, 0.0020999999999999765, 0.0028999999999999673, 0.002199999999999975, 0.002599999999999971, 0.002399999999999973, 0.0027999999999999683, 0.0026999999999999694, 0.0032999999999999627, 0.0029999999999999662, 0.004499999999999949, 0.0040999999999999535, 0.003799999999999957, 0.004199999999999953, 0.003999999999999955, 0.004499999999999949, 0.0033999999999999616, 0.004499999999999949, 0.003799999999999957, 0.005899999999999933, 0.005499999999999938, 0.0057999999999999345, 0.00529999999999994, 0.0063999999999999274, 0.005699999999999936, 0.006799999999999923, 0.005699999999999936, 0.007399999999999916, 0.00799999999999991, 0.006799999999999923, 0.006899999999999922, 0.00619999999999993, 0.006599999999999925, 0.007399999999999916, 0.007399999999999916, 0.006699999999999925, 0.008999999999999899, 0.008999999999999899, 0.006999999999999921, 0.00799999999999991, 0.00789999999999991, 0.007599999999999914, 0.006899999999999922, 0.00799999999999991, 0.007799999999999912, 0.006899999999999922, 0.008999999999999899, 0.0088999999999999, 0.006999999999999921, 0.008999999999999899, 0.006499999999999927, 0.008199999999999907, 0.007499999999999916, 0.006999999999999921, 0.008299999999999906, 0.00799999999999991, 0.0059999999999999325, 0.005899999999999933, 0.007799999999999912, 0.006599999999999925, 0.006599999999999925, 0.006599999999999925, 0.005899999999999933, 0.004599999999999948, 0.006699999999999925, 0.005499999999999938, 0.00529999999999994, 0.00529999999999994, 0.004499999999999949, 0.004999999999999944, 0.0040999999999999535, 0.00439999999999995, 0.004499999999999949, 0.004699999999999947, 0.0033999999999999616, 0.0028999999999999673, 0.003799999999999957, 0.002499999999999972, 0.003099999999999965, 0.0020999999999999765, 0.0031999999999999637, 0.002399999999999973, 0.0018999999999999785, 0.0019999999999999775, 0.002399999999999973, 0.0015999999999999819, 0.0014999999999999831, 0.0020999999999999765, 0.0012999999999999854, 0.0013999999999999842, 0.0014999999999999831, 0.0011999999999999865, 0.0012999999999999854, 0.0017999999999999798, 0.0006999999999999921, 0.0007999999999999909, 9.999999999999888e-17, 0.0009999999999999887, 0.0004999999999999944, 0.0008999999999999899, 0.0004999999999999944, 0.0008999999999999899, 0.0004999999999999944, 0.00039999999999999547, 0.0006999999999999921, 0.0004999999999999944, 0.0004999999999999944, 0.00019999999999999773, 0.0006999999999999921, 9.999999999999887e-05, 0.0002999999999999966, 0.0007999999999999909, 0.0006999999999999921, 0.0005999999999999932, 0.0007999999999999909, 0.0007999999999999909, 0.0006999999999999921, 0.0006999999999999921, 0.0004999999999999944, 0.0011999999999999865, 0.0016999999999999808, 0.0007999999999999909, 0.0014999999999999831, 0.0012999999999999854, 0.0010999999999999875, 0.0007999999999999909, 0.0009999999999999887, 0.0010999999999999875, 0.0019999999999999775, 0.0012999999999999854, 0.0019999999999999775, 0.002599999999999971, 0.002399999999999973, 0.002599999999999971, 0.002399999999999973, 0.0033999999999999616, 0.0026999999999999694, 0.002399999999999973, 0.0033999999999999616, 0.003899999999999956, 0.0033999999999999616, 0.003099999999999965, 0.00439999999999995, 0.0040999999999999535, 0.004599999999999948, 0.004299999999999951, 0.004299999999999951, 0.004699999999999947, 0.004599999999999948, 0.004899999999999944, 0.005899999999999933, 0.004899999999999944, 0.006699999999999925, 0.006099999999999931, 0.006899999999999922, 0.00619999999999993, 0.00809999999999991, 0.006799999999999923, 0.006699999999999925, 0.006999999999999921, 0.006899999999999922, 0.008299999999999906, 0.007799999999999912, 0.008299999999999906, 0.008299999999999906, 0.006999999999999921, 0.006999999999999921, 0.007599999999999914, 0.0057999999999999345, 0.008599999999999903, 0.008999999999999899, 0.00789999999999991, 0.00799999999999991, 0.0088999999999999, 0.00799999999999991, 0.008699999999999902, 0.006499999999999927, 0.006999999999999921, 0.009399999999999895, 0.008599999999999903, 0.0076999999999999135, 0.0057999999999999345, 0.007299999999999918, 0.0076999999999999135, 0.006799999999999923, 0.006799999999999923, 0.0057999999999999345, 0.00789999999999991, 0.006099999999999931, 0.00529999999999994, 0.004699999999999947, 0.005599999999999937, 0.006799999999999923, 0.005499999999999938, 0.006799999999999923, 0.0057999999999999345, 0.004699999999999947, 0.003999999999999955, 0.004599999999999948, 0.003899999999999956, 0.00529999999999994, 0.0033999999999999616, 0.0034999999999999606, 0.003699999999999958, 0.0035999999999999596, 0.003899999999999956, 0.0033999999999999616, 0.002599999999999971, 0.002399999999999973, 0.0031999999999999637, 0.0017999999999999798, 0.0026999999999999694, 0.0018999999999999785, 0.002599999999999971, 0.0017999999999999798, 0.0016999999999999808, 0.0018999999999999785, 0.002399999999999973, 0.0018999999999999785, 0.0007999999999999909, 0.0007999999999999909, 0.0004999999999999944, 0.0012999999999999854, 0.0004999999999999944, 0.0007999999999999909, 0.0004999999999999944, 0.0004999999999999944, 0.0005999999999999932, 0.0008999999999999899,