{"n_items": 600, "weights": [9.999999999999835e-17, 9.999999999999835e-17, 9.999999999999835e-17, 9.999999999999835e-17, 9.999999999999835e-17, 9.999999999999835e-17, 9.999999999999835e-17, 9.999999999999835e-17, 9.999999999999835e-17, 9.999999999999835e-17, 9.999999999999835e-17, 9.999999999999835e-17, 9.999999999999835e-17, 9.999999999999835e-17, 9.999999999999835e-17, 9.999999999999835e-17, 9.999999999999835e-17, 9.999999999999835e-17, 9.999999999999835e-17, 9.999999999999835e-17, 9.999999999999835e-17, 9.999999999999835e-17, 9.999999999999835e-17, 9.999999999999835e-17, 9.999999999999835e-17, 9.999999999999835e-17, 9.999999999999835e-17, 9.999999999999835e-17, 9.999999999999835e-17, 9.999999999999835e-17, 9.999999999999835e-17, 9.999999999999835e-17, 9.999999999999835e-17, 9.999999999999835e-17, 9.999999999999835e-17, 9.999999999999835e-17, 9.999999999999835e-17, 9.999999999999835e-17, 9.999999999999835e-17, 9.999999999999835e-17, 9.999999999999835e-17, 9.999999999999835e-17, 9.999999999999835e-17, 9.999999999999835e-17, 9.999999999999835e-17, 9.999999999999835e-17, 9.999999999999835e-17, 9.999999999999835e-17, 9.999999999999835e-17, 9.999999999999835e-17, 9.999999999999835e-17, 9.999999999999835e-17, 9.999999999999835e-17, 9.999999999999835e-05, 9.999999999999835e-05, 9.999999999999835e-17, 9.999999999999835e-05, 9.999999999999835e-05, 9.999999999999835e-05, 9.999999999999835e-17, 9.999999999999835e-05, 9.999999999999835e-17, 9.999999999999835e-17, 9.999999999999835e-17, 9.999999999999835e-17, 9.999999999999835e-05, 9.999999999999835e-17, 9.999999999999835e-05, 0.0001999999999999967, 9.999999999999835e-17, 9.999999999999835e-05, 0.0001999999999999967, 9.999999999999835e-17, 9.999999999999835e-17, 0.0001999999999999967, 9.999999999999835e-17, 0.00029999999999999504, 0.0004999999999999918, 0.00029999999999999504, 9.999999999999835e-17, 0.0003999999999999934, 0.0004999999999999918, 0.00029999999999999504, 0.0001999999999999967, 9.999999999999835e-17, 0.0001999999999999967, 9.999999999999835e-17, 0.0001999999999999967, 0.0003999999999999934, 9.999999999999835e-17, 0.00029999999999999504, 0.0003999999999999934, 0.0005999999999999901, 0.0001999999999999967, 0.0001999999999999967, 0.00029999999999999504, 0.0005999999999999901, 0.0004999999999999918, 0.00029999999999999504, 0.0007999999999999868, 0.0009999999999999835, 0.0007999999999999868, 0.00029999999999999504, 0.00029999999999999504, 0.0008999999999999851, 0.0004999999999999918, 0.0007999999999999868, 0.0008999999999999851, 0.0011999999999999802, 0.0007999999999999868, 0.001699999999999972, 0.0010999999999999819, 0.0010999999999999819, 0.001499999999999975, 0.0013999999999999768, 0.0010999999999999819, 0.0005999999999999901, 0.0009999999999999835, 0.0011999999999999802, 0.0011999999999999802, 0.001499999999999975, 0.001499999999999975, 0.0026999999999999555, 0.0017999999999999702, 0.0023999999999999603, 0.0018999999999999686, 0.0018999999999999686, 0.001999999999999967, 0.002299999999999962, 0.002299999999999962, 0.003499999999999942, 0.002899999999999952, 0.0027999999999999536, 0.002599999999999957, 0.002599999999999957, 0.0032999999999999453, 0.0036999999999999386, 0.0031999999999999472, 0.002599999999999957, 0.004099999999999932, 0.00419999999999993, 0.0036999999999999386, 0.00299999999999995, 0.0031999999999999472, 0.004399999999999927, 0.002899999999999952, 0.005099999999999915, 0.0031999999999999472, 0.005099999999999915, 0.004799999999999921, 0.003999999999999934, 0.003799999999999937, 0.00419999999999993, 0.003799999999999937, 0.0038999999999999356, 0.004599999999999924, 0.004399999999999927, 0.005599999999999907, 0.005199999999999914, 0.003999999999999934, 0.003999999999999934, 0.005099999999999915, 0.0036999999999999386, 0.006199999999999897, 0.004899999999999919, 0.005399999999999911, 0.005799999999999904, 0.004899999999999919, 0.004599999999999924, 0.006199999999999897, 0.005299999999999912, 0.0059999999999999, 0.005199999999999914, 0.005599999999999907, 0.005299999999999912, 0.005399999999999911, 0.006799999999999888, 0.006199999999999897, 0.006099999999999899, 0.005899999999999903, 0.004699999999999922, 0.007199999999999881, 0.004899999999999919, 0.004099999999999932, 0.0059999999999999, 0.005099999999999915, 0.005499999999999909, 0.004399999999999927, 0.004499999999999926, 0.004299999999999929, 0.004499999999999926, 0.004399999999999927, 0.004899999999999919, 0.005499999999999909, 0.004499999999999926, 0.006899999999999885, 0.004899999999999919, 0.004099999999999932, 0.004499999999999926, 0.00299999999999995, 0.003799999999999937, 0.003499999999999942, 0.0035999999999999405, 0.003999999999999934, 0.003999999999999934, 0.004899999999999919, 0.0031999999999999472, 0.003499999999999942, 0.0032999999999999453, 0.003799999999999937, 0.0035999999999999405, 0.0024999999999999584, 0.0027999999999999536, 0.0032999999999999453, 0.0027999999999999536, 0.0018999999999999686, 0.0021999999999999637, 0.003499999999999942, 0.002599999999999957, 0.0030999999999999487, 0.003399999999999944, 0.0035999999999999405, 0.002099999999999965, 0.0024999999999999584, 0.001699999999999972, 0.0024999999999999584, 0.002899999999999952, 0.0026999999999999555, 0.001999999999999967, 0.0012999999999999785, 0.0013999999999999768, 0.001499999999999975, 0.001499999999999975, 0.0018999999999999686, 0.002599999999999957, 0.001999999999999967, 0.0010999999999999819, 0.001499999999999975, 0.0010999999999999819, 0.001999999999999967, 0.0007999999999999868, 0.0013999999999999768, 0.0006999999999999884, 0.0008999999999999851, 0.0010999999999999819, 0.0008999999999999851, 0.0011999999999999802, 0.0009999999999999835, 0.0007999999999999868, 0.0003999999999999934, 0.0007999999999999868, 0.0003999999999999934, 0.0009999999999999835, 0.0009999999999999835, 0.0010999999999999819, 0.0007999999999999868, 0.0004999999999999918, 9.999999999999835e-05, 0.0006999999999999884, 0.0006999999999999884, 0.0006999999999999884, 0.0001999999999999967, 0.0003999999999999934, 0.0004999999999999918, 0.0005999999999999901, 9.999999999999835e-17, 0.0004999999999999918, 9.999999999999835e-05, 0.0003999999999999934, 0.00029999999999999504, 0.0005999999999999901, 0.0003999999999999934, 0.00029999999999999504, 9.999999999999835e-05, 0.0005999999999999901, 0.0001999999999999967, 0.0001999999999999967, 9.999999999999835e-05, 0.0001999999999999967, 9.999999999999835e-17, 0.0001999999999999967, 0.0001999999999999967, 0.0001999999999999967, 0.00029999999999999504, 9.999999999999835e-05, 0.0001999999999999967, 9.999999999999835e-17, 0.0001999999999999967, 9.999999999999835e-17, 9.999999999999835e-05, 9.999999999999835e-05, 0.0001999999999999967, 0.00029999999999999504, 9.999999999999835e-17, 0.0003999999999999934, 9.999999999999835e-05, 9.999999999999835e-17, 0.00029999999999999504, 0.0005999999999999901, 9.999999999999835e-17, 0.0001999999999999967, 0.0003999999999999934, 0.0001999999999999967, 0.0003999999999999934, 0.00029999999999999504, 0.00029999999999999504, 0.0001999999999999967, 9.999999999999835e-05, 0.0001999999999999967, 0.0001999999999999967, 0.0003999999999999934, 0.0003999999999999934, 0.0007999999999999868, 0.00029999999999999504, 0.0003999999999999934, 0.0003999999999999934, 0.0011999999999999802, 9.999999999999835e-05, 0.0003999999999999934, 0.0008999999999999851, 0.0006999999999999884, 0.0005999999999999901, 0.0003999999999999934, 0.0010999999999999819, 0.0007999999999999868, 0.0010999999999999819, 0.0010999999999999819, 0.0006999999999999884, 0.001499999999999975, 0.0010999999999999819, 0.0010999999999999819, 0.0009999999999999835, 0.0010999999999999819, 0.0011999999999999802, 0.001499999999999975, 0.001699999999999972, 0.0013999999999999768, 0.001699999999999972, 0.0013999999999999768, 0.0011999999999999802, 0.0011999999999999802, 0.0015999999999999736, 0.002099999999999965, 0.0021999999999999637, 0.0010999999999999819, 0.001699999999999972, 0.002099999999999965, 0.0023999999999999603, 0.0018999999999999686, 0.0017999999999999702, 