{"n_items": 400, "weights": [1.0008006405123961e-16, 1.0008006405123961e-16, 1.0008006405123961e-16, 1.0008006405123961e-16, 1.0008006405123961e-16, 1.0008006405123961e-16, 1.0008006405123961e-16, 1.0008006405123961e-16, 1.0008006405123961e-16, 1.0008006405123961e-16, 1.0008006405123961e-16, 1.0008006405123961e-16, 1.0008006405123961e-16, 1.0008006405123961e-16, 1.0008006405123961e-16, 1.0008006405123961e-16, 1.0008006405123961e-16, 1.0008006405123961e-16, 1.0008006405123961e-16, 1.0008006405123961e-16, 1.0008006405123961e-16, 1.0008006405123961e-16, 1.0008006405123961e-16, 1.0008006405123961e-16, 1.0008006405123961e-16, 1.0008006405123961e-16, 1.0008006405123961e-16, 1.0008006405123961e-16, 1.0008006405123961e-16, 1.0008006405123961e-16, 1.0008006405123961e-16, 1.0008006405123961e-16, 1.0008006405123961e-16, 1.0008006405123961e-16, 1.0008006405123961e-16, 1.0008006405123961e-16, 1.0008006405123961e-16, 1.0008006405123961e-16, 1.0008006405123961e-16, 1.0008006405123961e-16, 1.0008006405123961e-16, 1.0008006405123961e-16, 1.0008006405123961e-16, 1.0008006405123961e-16, 1.0008006405123961e-16, 1.0008006405123961e-16, 1.0008006405123961e-16, 1.0008006405123961e-16, 1.0008006405123961e-16, 1.0008006405123961e-16, 1.0008006405123961e-16, 1.0008006405123961e-16, 1.0008006405123961e-16, 1.0008006405123961e-16, 1.0008006405123961e-16, 1.0008006405123961e-16, 1.0008006405123961e-16, 1.0008006405123961e-16, 1.0008006405123961e-16, 1.0008006405123961e-16, 1.0008006405123961e-16, 1.0008006405123961e-16, 1.0008006405123961e-16, 1.0008006405123961e-16, 1.0008006405123961e-16, 1.0008006405123961e-16, 1.0008006405123961e-16, 1.0008006405123961e-16, 1.0008006405123961e-16, 1.0008006405123961e-16, 1.0008006405123961e-16, 1.0008006405123961e-16, 1.0008006405123961e-16, 1.0008006405123961e-16, 1.0008006405123961e-16, 1.0008006405123961e-16, 1.0008006405123961e-16, 1.0008006405123961e-16, 1.0008006405123961e-16, 1.0008006405123961e-16, 1.0008006405123961e-16, 1.0008006405123961e-16, 1.0008006405123961e-16, 1.0008006405123961e-16, 1.0008006405123961e-16, 1.0008006405123961e-16, 1.0008006405123961e-16, 1.0008006405123961e-16, 1.0008006405123961e-16, 1.0008006405123961e-16, 1.0008006405123961e-16, 1.0008006405123961e-16, 1.0008006405123961e-16, 1.0008006405123961e-16, 1.0008006405123961e-16, 1.0008006405123961e-16, 1.0008006405123961e-16, 1.0008006405123961e-16, 1.0008006405123961e-16, 1.0008006405123961e-16, 1.0008006405123961e-16, 0.0001000800640512396, 1.0008006405123961e-16, 1.0008006405123961e-16, 1.0008006405123961e-16, 1.0008006405123961e-16, 0.0001000800640512396, 1.0008006405123961e-16, 1.0008006405123961e-16, 1.0008006405123961e-16, 1.0008006405123961e-16, 1.0008006405123961e-16, 1.0008006405123961e-16, 0.0001000800640512396, 1.0008006405123961e-16, 1.0008006405123961e-16, 0.0001000800640512396, 1.0008006405123961e-16, 1.0008006405123961e-16, 1.0008006405123961e-16, 1.0008006405123961e-16, 1.0008006405123961e-16, 1.0008006405123961e-16, 1.0008006405123961e-16, 1.0008006405123961e-16, 0.0001000800640512396, 1.0008006405123961e-16, 1.0008006405123961e-16, 1.0008006405123961e-16, 1.0008006405123961e-16, 1.0008006405123961e-16, 1.0008006405123961e-16, 1.0008006405123961e-16, 0.0001000800640512396, 1.0008006405123961e-16, 0.0001000800640512396, 0.0001000800640512396, 0.0002001601281024792, 0.0001000800640512396, 1.0008006405123961e-16, 1.0008006405123961e-16, 1.0008006405123961e-16, 0.0001000800640512396, 1.0008006405123961e-16, 1.0008006405123961e-16, 0.00030024019215371884, 0.00030024019215371884, 1.0008006405123961e-16, 0.0001000800640512396, 0.00030024019215371884, 0.0002001601281024792, 1.0008006405123961e-16, 0.0002001601281024792, 1.0008006405123961e-16, 0.00030024019215371884, 1.0008006405123961e-16, 0.00030024019215371884, 0.0002001601281024792, 0.0004003202562049584, 0.0002001601281024792, 0.0006004803843074377, 0.00030024019215371884, 0.000500400320256198, 0.0002001601281024792, 0.0002001601281024792, 0.0004003202562049584, 0.00030024019215371884, 0.0008006405124099168, 0.00030024019215371884, 0.00030024019215371884, 0.000500400320256198, 0.0002001601281024792, 0.0006004803843074377, 0.00030024019215371884, 0.000500400320256198, 0.000500400320256198, 0.0007005604483586773, 0.001000800640512396, 0.000500400320256198, 0.0004003202562049584, 0.000500400320256198, 0.0007005604483586773, 0.0009007205764611565, 0.0006004803843074377, 0.0008006405124099168, 0.000500400320256198, 0.0006004803843074377, 0.0012009607686148754, 0.0011008807045636358, 0.0008006405124099168, 0.0012009607686148754, 0.001000800640512396, 0.001501200960768594, 0.0012009607686148754, 0.0009007205764611565, 0.001301040832666115, 0.001000800640512396, 0.001000800640512396, 0.0009007205764611565, 0.001801441152922313, 0.0014011208967173545, 0.0017013610888710732, 0.0016012810248198337, 0.001501200960768594, 0.0027021617293834692, 0.0016012810248198337, 0.0022017614091272716, 0.0027021617293834692, 0.002001601281024792, 0.0027021617293834692, 0.002001601281024792, 0.0017013610888710732, 0.002902321857485949, 0.003102481985588428, 0.0032025620496396673, 0.0019015212169735526, 0.0022017614091272716, 0.001501200960768594, 0.001501200960768594, 0.003803042433947105, 0.0032025620496396673, 0.003002401921537188, 0.002802241793434709, 0.0027021617293834692, 0.0034027221777421465, 0.004403522818254543, 0.0034027221777421465, 0.003302642113690907, 0.003602882305844626, 0.0034027221777421465, 0.00510408326661322, 0.0037029623698958654, 0.0042033626901520635, 0.004303442754203303, 0.0042033626901520635, 0.004003202562049584, 0.00500400320256198, 0.005604483586869418, 0.0037029623698958654, 0.006004803843074376, 0.004903923138510741, 0.004903923138510741, 0.004603682946357022, 0.004903923138510741, 0.006405124099279335, 0.004803843074459501, 0.005604483586869418, 0.006004803843074376, 0.005804643714971898, 0.005804643714971898, 0.0054043234587669384, 0.00520416333066446, 0.006305044035228096, 0.00500400320256198, 0.006905524419535533, 0.0053042433947156995, 0.0059047237790231365, 0.006204963971176856, 0.00760608486789421, 0.007105684547638012, 0.004703763010408262, 0.006705364291433054, 0.006805444355484293, 0.008006405124099168, 0.007305844675740491, 0.008506805444355366, 0.006605284227381814, 0.00510408326661322, 0.006605284227381814, 0.009007205764611564, 0.008006405124099168, 0.006905524419535533, 0.006905524419535533, 0.007405924739791731, 0.007205764611689252, 0.0070056044835867725, 0.009507606084867762, 0.006605284227381814, 0.007405924739791731, 0.00760608486789421, 0.008706965572457846, 0.008706965572457846, 0.006905524419535533, 0.009707766212970242, 0.007205764611689252, 0.008206565252201647, 0.00770616493194545, 0.005804643714971898, 0.007806244995996689, 0.007506004803842971, 0.006505204163330574, 0.007305844675740491, 0.0070056044835867725, 0.00770616493194545, 0.008306645316252888, 0.008907125700560325, 0.00770616493194545, 0.008807045636509086, 0.006505204163330574, 0.009907926341072721, 0.008907125700560325, 0.007806244995996689, 0.008506805444355366, 0.007506004803842971, 0.007305844675740491, 0.008706965572457846, 0.007806244995996689, 0.007305844675740491, 0.006004803843074376, 0.009107285828662805, 0.0070056044835867725, 0.008306645316252888, 0.008306645316252888, 0.007506004803842971, 0.00770616493194545, 0.0070056044835867725, 0.00500400320256198, 0.006905524419535533, 0.008306645316252888, 0.00760608486789421, 0.006505204163330574, 0.0070056044835867725, 0.006605284227381814, 0.007205764611689252, 0.006505204163330574, 0.006805444355484293, 0.00500400320256198, 0.00510408326661322, 0.006004803843074376, 0.006305044035228096, 0.007405924739791731, 0.005604483586869418, 0.0059047237790231365, 0.0042033626901520635, 0.006104883907125616, 0.005604483586869418, 0.004703763010408262, 0.00520416333066446, 0.004603682946357022, 0.0053042433947156995, 0.005804643714971898, 0.00520416333066446, 0.004703763010408262, 0.00520416333066446, 0.004603682946357022, 0.00500400320256198, 