{"n_items": 600, "weights": [9.999999999999644e-17, 9.999999999999644e-17, 9.999999999999644e-17, 9.999999999999644e-17, 9.999999999999644e-17, 9.999999999999644e-17, 9.999999999999644e-17, 9.999999999999644e-17, 9.999999999999644e-17, 9.999999999999644e-17, 9.999999999999644e-17, 9.999999999999644e-17, 9.999999999999644e-17, 9.999999999999644e-17, 9.999999999999644e-17, 9.999999999999644e-17, 9.999999999999644e-17, 9.999999999999644e-17, 9.999999999999644e-17, 9.999999999999644e-17, 9.999999999999644e-17, 9.999999999999644e-17, 9.999999999999644e-17, 9.999999999999644e-17, 9.999999999999644e-17, 9.999999999999644e-17, 9.999999999999644e-17, 9.999999999999644e-17, 9.999999999999644e-17, 9.999999999999644e-17, 9.999999999999644e-17, 9.999999999999644e-17, 9.999999999999644e-17, 9.999999999999644e-17, 9.999999999999644e-17, 9.999999999999644e-17, 9.999999999999644e-17, 9.999999999999644e-17, 9.999999999999644e-17, 9.999999999999644e-17, 9.999999999999644e-17, 9.999999999999644e-17, 9.999999999999644e-17, 9.999999999999644e-17, 9.999999999999644e-17, 9.999999999999644e-17, 9.999999999999644e-17, 9.999999999999644e-17, 9.999999999999644e-17, 9.999999999999644e-17, 9.999999999999644e-17, 9.999999999999644e-17, 9.999999999999644e-17, 9.999999999999644e-17, 9.999999999999644e-17, 9.999999999999644e-17, 9.999999999999644e-17, 9.999999999999644e-17, 9.999999999999644e-17, 9.999999999999644e-17, 9.999999999999644e-17, 9.999999999999644e-17, 9.999999999999644e-17, 9.999999999999644e-17, 9.999999999999644e-17, 9.999999999999644e-17, 9.999999999999644e-17, 9.999999999999644e-17, 9.999999999999644e-17, 9.999999999999644e-17, 9.999999999999644e-17, 9.999999999999644e-17, 9.999999999999644e-17, 9.999999999999644e-17, 9.999999999999644e-17, 9.999999999999644e-17, 9.999999999999644e-17, 9.999999999999644e-17, 9.999999999999644e-17, 9.999999999999644e-17, 9.999999999999644e-17, 9.999999999999644e-17, 9.999999999999644e-17, 9.999999999999644e-17, 9.999999999999644e-17, 9.999999999999644e-17, 9.999999999999644e-17, 9.999999999999644e-17, 9.999999999999644e-17, 9.999999999999644e-17, 9.999999999999644e-17, 9.999999999999644e-17, 9.999999999999644e-17, 9.999999999999644e-17, 9.999999999999644e-17, 9.999999999999644e-17, 9.999999999999644e-17, 9.999999999999644e-17, 9.999999999999644e-17, 9.999999999999644e-17, 9.999999999999644e-17, 9.999999999999644e-17, 9.999999999999644e-17, 9.999999999999644e-17, 9.999999999999644e-17, 9.999999999999644e-17, 9.999999999999644e-17, 9.999999999999644e-17, 9.999999999999644e-17, 9.999999999999644e-17, 9.999999999999644e-17, 9.999999999999644e-17, 9.999999999999644e-17, 9.999999999999644e-17, 9.999999999999644e-17, 9.999999999999644e-17, 9.999999999999644e-17, 9.999999999999644e-17, 9.999999999999644e-17, 9.999999999999644e-17, 9.999999999999644e-17, 9.999999999999644e-17, 9.999999999999644e-17, 9.999999999999644e-17, 9.999999999999644e-17, 9.999999999999644e-17, 9.999999999999644e-17, 9.999999999999644e-17, 9.999999999999644e-17, 9.999999999999644e-17, 9.999999999999644e-17, 9.999999999999644e-17, 9.999999999999644e-17, 9.999999999999644e-17, 9.999999999999644e-17, 9.999999999999644e-17, 9.999999999999644e-17, 9.999999999999644e-17, 9.999999999999644e-17, 9.999999999999644e-17, 9.999999999999644e-17, 9.999999999999644e-17, 9.999999999999644e-17, 9.999999999999644e-17, 9.999999999999644e-17, 9.999999999999644e-17, 9.999999999999644e-17, 9.999999999999644e-17, 9.999999999999644e-17, 9.999999999999644e-17, 9.999999999999644e-17, 9.999999999999644e-17, 9.999999999999644e-17, 9.999999999999644e-17, 9.999999999999644e-17, 9.999999999999644e-17, 9.999999999999644e-17, 9.999999999999644e-17, 9.999999999999644e-17, 9.999999999999644e-17, 9.999999999999644e-17, 9.999999999999644e-17, 9.999999999999644e-17, 9.999999999999644e-17, 9.999999999999644e-17, 9.999999999999644e-17, 9.999999999999644e-17, 9.999999999999644e-17, 9.999999999999644e-17, 9.999999999999644e-17, 9.999999999999644e-17, 9.999999999999644e-17, 9.999999999999644e-17, 9.999999999999644e-17, 9.999999999999644e-17, 9.999999999999644e-17, 9.999999999999644e-17, 9.999999999999644e-17, 9.999999999999644e-17, 9.999999999999644e-17, 9.999999999999644e-17, 9.999999999999644e-17, 9.999999999999644e-05, 0.00019999999999999288, 9.999999999999644e-17, 9.999999999999644e-05, 9.999999999999644e-17, 9.999999999999644e-05, 9.999999999999644e-17, 9.999999999999644e-05, 0.00019999999999999288, 0.0005999999999999786, 9.999999999999644e-05, 0.00039999999999998576, 0.00039999999999998576, 0.0004999999999999821, 0.0006999999999999751, 0.0004999999999999821, 0.0008999999999999679, 0.0002999999999999893, 0.0005999999999999786, 0.0004999999999999821, 0.0006999999999999751, 0.0009999999999999642, 0.0009999999999999642, 0.0009999999999999642, 0.0009999999999999642, 0.0014999999999999465, 0.0016999999999999394, 0.0017999999999999358, 0.0021999999999999216, 0.0024999999999999107, 0.0027999999999999002, 0.002699999999999904, 0.003699999999999868, 0.003499999999999875, 0.0028999999999998966, 0.0041999999999998506, 0.003699999999999868, 0.005299999999999811, 0.0037999999999998647, 0.004999999999999821, 0.003699999999999868, 0.0042999999999998465, 0.006199999999999779, 0.005699999999999796, 0.006399999999999772, 0.006299999999999775, 0.006599999999999765, 0.007999999999999714, 0.007399999999999736, 0.007199999999999743, 0.006799999999999758, 0.010299999999999632, 0.009099999999999676, 0.008499999999999697, 0.010999999999999607, 0.008899999999999682, 0.009299999999999668, 0.009299999999999668, 0.011199999999999601, 0.009399999999999666, 0.009799999999999651, 0.011199999999999601, 0.011199999999999601, 0.01009999999999964, 0.012399999999999557, 0.009899999999999647, 0.009799999999999651, 0.010999999999999607, 0.011099999999999605, 0.01149999999999959, 0.008499999999999697, 0.009899999999999647, 0.010199999999999636, 0.010299999999999632, 0.007199999999999743, 0.006399999999999772, 0.009399999999999666, 0.007999999999999714, 0.008999999999999678, 0.00699999999999975, 0.007099999999999747, 0.006499999999999768, 0.005399999999999808, 0.005699999999999796, 0.005299999999999811, 0.005399999999999808, 0.004999999999999821, 0.004499999999999839, 0.004499999999999839, 0.0035999999999998715, 0.003699999999999868, 0.0035999999999998715, 0.003199999999999886, 0.0028999999999998966, 0.002699999999999904, 0.0019999999999999285, 0.0020999999999999253, 0.0017999999999999358, 0.0028999999999998966, 0.0013999999999999501, 0.0019999999999999285, 0.0010999999999999608, 0.0007999999999999715, 0.0010999999999999608, 0.0009999999999999642, 0.0010999999999999608, 0.0005999999999999786, 0.00039999999999998576, 0.0005999999999999786, 0.0005999999999999786, 0.00039999999999998576, 0.0005999999999999786, 0.0004999999999999821, 0.00039999999999998576, 0.00039999999999998576, 9.999999999999644e-05, 0.00019999999999999288, 9.999999999999644e-05, 0.00019999999999999288, 9.999999999999644e-05, 9.999999999999644e-05, 9.999999999999644e-05, 9.999999999999644e-05, 9.999999999999644e-17, 0.0002999999999999893, 9.999999999999644e-17, 9.999999999999644e-17, 9.999999999999644e-17, 9.999999999999644e-17, 9.999999999999644e-05, 9.999999999999644e-17, 9.999999999999644e-17, 9.999999999999644e-17, 9.999999999999644e-17, 9.999999999999644e-17, 9.999999999999644e-17, 0.00019999999999999288, 9.999999999999644e-05, 9.999999999999644e-17, 9.999999999999644e-05, 9.999999999999644e-05, 9.999999999999644e-17, 9.999999999999644e-17, 9.999999999999644e-05, 9.999999999999644e-05, 9.999999999999644e-05, 9.999999999999644e-17, 9.999999999999644e-17, 9.999999999999644e-17, 0.00039999999999998576, 0.00039999999999998576, 0.0002999999999999893, 0.00039999999999998576, 0.0004999999999999821, 0.00039999999999998576, 0.0002999999999999893, 0.00039999999999998576, 0.0008999999999999679, 0.0004999999999999821, 0.0011999999999999572, 0.0009999999999999642, 0.0007999999999999715, 0.00039999999999998576, 0.0009999999999999642, 0.0012999999999999538, 0.0013999999999999501, 