{"n_items": 200, "weights": [9.999999999999894e-17, 9.999999999999894e-17, 9.999999999999894e-17, 9.999999999999894e-17, 9.999999999999894e-17, 9.999999999999894e-17, 9.999999999999894e-17, 9.999999999999894e-17, 9.999999999999894e-17, 9.999999999999894e-17, 9.999999999999894e-17, 9.999999999999894e-17, 9.999999999999894e-17, 9.999999999999894e-17, 9.999999999999894e-17, 9.999999999999894e-17, 9.999999999999894e-17, 9.999999999999894e-17, 9.999999999999894e-17, 9.999999999999894e-17, 9.999999999999894e-17, 9.999999999999894e-17, 9.999999999999894e-17, 9.999999999999894e-17, 9.999999999999894e-17, 9.999999999999894e-17, 9.999999999999894e-17, 9.999999999999894e-17, 9.999999999999894e-17, 9.999999999999894e-17, 9.999999999999894e-17, 9.999999999999894e-17, 9.999999999999894e-17, 9.999999999999894e-17, 9.999999999999894e-17, 9.999999999999894e-17, 9.999999999999894e-17, 9.999999999999894e-17, 9.999999999999894e-17, 9.999999999999894e-17, 9.999999999999894e-17, 9.999999999999894e-17, 9.999999999999894e-17, 9.999999999999894e-17, 9.999999999999894e-17, 9.999999999999894e-17, 9.999999999999894e-17, 9.999999999999894e-17, 9.999999999999894e-17, 9.999999999999894e-17, 9.999999999999894e-17, 9.999999999999894e-17, 9.999999999999894e-17, 9.999999999999894e-17, 9.999999999999894e-17, 9.999999999999894e-17, 9.999999999999894e-17, 9.999999999999894e-17, 9.999999999999894e-17, 9.999999999999894e-17, 9.999999999999894e-17, 9.999999999999894e-17, 9.999999999999894e-17, 9.999999999999894e-17, 9.999999999999894e-17, 9.999999999999894e-17, 9.999999999999894e-17, 9.999999999999894e-17, 9.999999999999894e-17, 9.999999999999894e-17, 9.999999999999894e-17, 9.999999999999894e-17, 9.999999999999894e-17, 9.999999999999894e-17, 9.999999999999894e-17, 9.999999999999894e-17, 9.999999999999894e-17, 9.999999999999894e-17, 9.999999999999894e-17, 9.999999999999894e-17, 9.999999999999894e-17, 9.999999999999894e-17, 9.999999999999894e-17, 9.999999999999894e-17, 9.999999999999894e-17, 9.999999999999894e-17, 9.999999999999894e-17, 9.999999999999894e-17, 9.999999999999894e-17, 9.999999999999895e-05, 9.999999999999894e-17, 9.999999999999895e-05, 9.999999999999894e-17, 0.0001999999999999979, 9.999999999999895e-05, 9.999999999999895e-05, 0.0001999999999999979, 0.0005999999999999937, 0.0001999999999999979, 9.999999999999895e-05, 0.0005999999999999937, 0.00029999999999999683, 0.0014999999999999842, 0.0008999999999999905, 0.0009999999999999894, 0.0010999999999999884, 0.0012999999999999863, 0.0016999999999999821, 0.001799999999999981, 0.001999999999999979, 0.0021999999999999767, 0.004099999999999957, 0.004799999999999949, 0.005999999999999937, 0.006499999999999931, 0.006899999999999927, 0.007299999999999923, 0.010199999999999893, 0.010199999999999893, 0.010099999999999894, 0.013599999999999857, 0.014799999999999845, 0.015599999999999836, 0.01709999999999982, 0.020199999999999788, 0.021299999999999774, 0.023399999999999754, 0.022999999999999757, 0.024199999999999746, 0.02559999999999973, 0.02579999999999973, 0.026399999999999722, 0.03179999999999966, 0.028899999999999697, 0.02949999999999969, 0.03179999999999966, 0.03139999999999967, 0.032799999999999656, 0.032999999999999655, 0.028899999999999697, 0.027699999999999707, 0.03039999999999968, 0.030799999999999675, 0.030999999999999674, 0.027899999999999706, 0.025199999999999733, 0.024199999999999746, 0.02059999999999978, 0.023399999999999754, 0.01969999999999979, 0.018199999999999807, 0.01619999999999983, 0.01589999999999983, 0.011899999999999874, 0.013999999999999853, 0.012699999999999866, 0.010199999999999893, 0.009799999999999897, 0.007299999999999923, 0.005499999999999942, 0.006099999999999935, 0.005199999999999945, 0.004799999999999949, 0.0028999999999999694, 0.003999999999999958, 0.0020999999999999778, 0.0024999999999999736, 0.0011999999999999873, 0.0010999999999999884, 0.00189999999999998, 0.0008999999999999905, 0.0008999999999999905, 0.0004999999999999947, 0.0003999999999999958, 9.999999999999895e-05, 0.0003999999999999958, 9.999999999999895e-05, 0.00029999999999999683, 9.999999999999895e-05, 0.00029999999999999683, 9.999999999999895e-05, 9.999999999999895e-05, 9.999999999999894e-17, 9.999999999999894e-17, 9.999999999999895e-05, 9.999999999999894e-17, 9.999999999999894e-17, 9.999999999999894e-17, 9.999999999999894e-17, 9.999999999999894e-17, 9.999999999999894e-17, 9.999999999999894e-17, 9.999999999999894e-17, 9.999999999999894e-17, 9.999999999999894e-17, 9.999999999999894e-17, 9.999999999999894e-17, 9.999999999999894e-17, 9.999999999999894e-17, 9.999999999999894e-17], "profits": [1.0, 1.0, 1.0, 1.0, 1.0, 1.0, 1.0, 1.0, 1.0, 1.0, 1.0, 1.0, 1.0, 1.0, 1.0, 1.0, 1.0, 1.0, 1.0, 1.0, 1.0, 1.0, 1.0, 1.0, 1.0, 1.0, 1.0, 1.0, 1.0, 1.0, 1.0, 1.0, 1.0, 1.0, 1.0, 1.0, 1.0, 1.0, 1.0, 1.0, 1.0, 1.0, 1.0, 1.0, 1.0, 1.0, 1.0, 1.0, 1.0, 1.0, 1.0, 1.0, 1.0, 1.0, 1.0, 1.0, 1.0, 1.0, 1.0, 1.0, 1.0, 1.0, 1.0, 1.0, 1.0, 1.0, 1.0, 1.0, 1.0, 1.0, 1.0, 1.0, 1.0, 1.0, 1.0, 1.0, 1.0, 1.0, 1.0, 1.0, 1.0, 1.0, 1.0, 1.0, 1.0, 1.0, 1.0, 1.0, 1.0, 1.0, 1.0, 1.0, 1.0, 1.0, 1.0, 1.0, 1.0, 1.0, 1.0, 1.0, 1.0, 1.0, 1.0, 1.0, 1.0, 1.0, 1.0, 1.0, 1.0, 1.0, 1.0, 1.0, 1.0, 1.0, 1.0, 1.0, 1.0, 1.0, 1.0, 1.0, 1.0, 1.0, 1.0, 1.0, 1.0, 1.0, 1.0, 1.0, 1.0, 1.0, 1.0, 1.0, 1.0, 1.0, 1.0, 1.0, 1.0, 1.0, 1.0, 1.0, 1.0, 1.0, 1.0, 1.0, 1.0, 1.0, 1.0, 1.0, 1.0, 1.0, 1.0, 1.0, 1.0, 1.0, 1.0, 1.0, 1.0, 1.0, 1.0, 1.0, 1.0, 1.0, 1.0, 1.0, 1.0, 1.0, 1.0, 1.0, 1.0, 1.0, 1.0, 1.0, 1.0, 1.0, 1.0, 1.0, 1.0, 1.0, 1.0, 1.0, 1.0, 1.0, 1.0, 1.0, 1.0, 1.0, 1.0, 1.0, 1.0, 1.0, 1.0, 1.0, 1.0, 1.0, 1.0, 1.0, 1.0, 1.0, 1.0, 1.0], "min_weight": 0.95, "max_distance": 5}