{"n_items": 200, "weights": [9.999999999999927e-17, 9.999999999999927e-17, 9.999999999999927e-17, 9.999999999999927e-17, 9.999999999999927e-17, 9.999999999999927e-17, 9.999999999999927e-17, 9.999999999999927e-17, 9.999999999999927e-17, 9.999999999999927e-17, 9.999999999999927e-17, 9.999999999999927e-17, 9.999999999999927e-17, 9.999999999999927e-17, 9.999999999999927e-17, 9.999999999999927e-17, 9.999999999999927e-17, 9.999999999999927e-17, 9.999999999999927e-17, 9.999999999999927e-17, 9.999999999999927e-17, 9.999999999999927e-17, 9.999999999999927e-17, 9.999999999999927e-17, 9.999999999999927e-17, 0.00019999999999999855, 9.999999999999927e-05, 9.999999999999927e-05, 9.999999999999927e-17, 0.0002999999999999978, 0.0002999999999999978, 0.0003999999999999971, 0.0004999999999999963, 0.0002999999999999978, 0.0004999999999999963, 0.0008999999999999935, 0.001099999999999992, 0.0005999999999999956, 0.0014999999999999892, 0.001099999999999992, 0.0018999999999999861, 0.002499999999999982, 0.0019999999999999853, 0.0022999999999999835, 0.0029999999999999784, 0.0030999999999999773, 0.00409999999999997, 0.004999999999999964, 0.005299999999999962, 0.005099999999999963, 0.005899999999999957, 0.0073999999999999466, 0.009099999999999935, 0.00819999999999994, 0.01099999999999992, 0.008899999999999936, 0.013399999999999903, 0.010399999999999925, 0.012099999999999911, 0.012699999999999908, 0.015299999999999888, 0.015499999999999887, 0.015699999999999884, 0.01499999999999989, 0.017299999999999875, 0.017099999999999876, 0.015899999999999883, 0.017199999999999875, 0.014499999999999895, 0.015299999999999888, 0.012799999999999907, 0.01639999999999988, 0.014399999999999896, 0.013499999999999901, 0.0135999999999999, 0.012899999999999906, 0.011099999999999919, 0.011799999999999915, 0.011499999999999917, 0.011099999999999919, 0.008999999999999935, 0.009099999999999935, 0.010199999999999926, 0.009399999999999931, 0.00809999999999994, 0.0063999999999999535, 0.007799999999999943, 0.00829999999999994, 0.008399999999999939, 0.008399999999999939, 0.00829999999999994, 0.008699999999999937, 0.009799999999999929, 0.008799999999999936, 0.007699999999999944, 0.009999999999999927, 0.011099999999999919, 0.010699999999999921, 0.01089999999999992, 0.01219999999999991, 0.010299999999999926, 0.014799999999999893, 0.015299999999999888, 0.015599999999999887, 0.014399999999999896, 0.017099999999999876, 0.01619999999999988, 0.015899999999999883, 0.01639999999999988, 0.016799999999999878, 0.01639999999999988, 0.015399999999999888, 0.016899999999999877, 0.013099999999999905, 0.014499999999999895, 0.01219999999999991, 0.0136999999999999, 0.010599999999999924, 0.0135999999999999, 0.009799999999999929, 0.01239999999999991, 0.009199999999999934, 0.009199999999999934, 0.00829999999999994, 0.008699999999999937, 0.0073999999999999466, 0.006699999999999952, 0.005099999999999963, 0.004899999999999964, 0.0038999999999999716, 0.003399999999999975, 0.0029999999999999784, 0.003299999999999976, 0.0022999999999999835, 0.0025999999999999812, 0.0012999999999999906, 0.0013999999999999898, 0.0008999999999999935, 0.0005999999999999956, 0.0006999999999999949, 0.0004999999999999963, 0.0005999999999999956, 0.0003999999999999971, 0.0002999999999999978, 9.999999999999927e-05, 0.00019999999999999855, 0.00019999999999999855, 0.00019999999999999855, 0.00019999999999999855, 9.999999999999927e-05, 0.00019999999999999855, 9.999999999999927e-05, 9.999999999999927e-05, 9.999999999999927e-17, 9.999999999999927e-17, 9.999999999999927e-17, 9.999999999999927e-17, 9.999999999999927e-17, 9.999999999999927e-17, 9.999999999999927e-17, 9.999999999999927e-17, 9.999999999999927e-17, 9.999999999999927e-17, 9.999999999999927e-17, 9.999999999999927e-17, 9.999999999999927e-17, 9.999999999999927e-17, 9.999999999999927e-17, 9.999999999999927e-17, 9.999999999999927e-17, 9.999999999999927e-17, 9.999999999999927e-17, 9.999999999999927e-17, 9.999999999999927e-17, 9.999999999999927e-17, 9.999999999999927e-17, 9.999999999999927e-17, 9.999999999999927e-17, 9.999999999999927e-17, 9.999999999999927e-17, 9.999999999999927e-17, 9.999999999999927e-17, 9.999999999999927e-17, 9.999999999999927e-17, 9.999999999999927e-17, 9.999999999999927e-17, 9.999999999999927e-17, 9.999999999999927e-17, 9.999999999999927e-17, 9.999999999999927e-17, 9.999999999999927e-17, 9.999999999999927e-17, 9.999999999999927e-17, 9.999999999999927e-17, 9.999999999999927e-17, 9.999999999999927e-17, 9.999999999999927e-17, 9.999999999999927e-17, 9.999999999999927e-17, 9.999999999999927e-17],