{"n_items": 400, "weights": [0.0033944038555717353, 0.0026249526276360988, 0.0028069262944898465, 0.0031818546819146125, 0.002682970176451961, 0.002457342952323765, 0.0020962140759988395, 0.001652694980599926, 0.003012781803623771, 0.0031724717288642477, 0.0020318808904159244, 0.002854489160840397, 0.0021742125974677337, 0.0024335147513626586, 0.0015095784465827336, 0.0024074836736227316, 0.0030046088022251402, 0.0027681126029528106, 0.0038686188558463893, 0.0025028786154002716, 0.0022515183772438122, 0.0032726916466827346, 0.00214579260048204, 0.003467529309209047, 0.0025481230077188076, 0.0021204571425398476, 0.0028771241474363973, 0.0029486637562357856, 0.002220492845741294, 0.002340415219740003, 0.0022014149962386676, 0.0036195293931940453, 0.0021146214040348938, 0.002706558286901836, 0.003414022489380098, 0.0035257697108193446, 0.0020522610026509494, 0.0018841955764030507, 0.0024564172872643614, 0.0030818507203478197, 0.0017918983257130127, 0.002112009866659373, 0.0029457813311873863, 0.0024511818275335454, 0.00195652569467411, 0.002252474871858495, 0.002305247416719925, 0.0024455643262675693, 0.002486162276532647, 0.002311313355399843, 0.0013115013453412604, 0.0028741440637655804, 0.0034100505201987157, 0.0012665862265361166, 0.003596018903752606, 0.003145595627959942, 0.002208657757784366, 0.0025048126486990592, 0.0024540035534772126, 0.0021379050092647247, 0.001815414784252167, 0.002290488093052457, 0.0021691597276838667, 0.0017462832205645859, 0.0028661094045285265, 0.0017439134727976193, 0.0024036054798981287, 0.002722006422367989, 0.00249586503880369, 0.0015903898512337822, 0.0031723438478323185, 0.0025466458445521398, 0.0022313730286026316, 0.0022337068726940384, 0.002854011055083306, 0.0024136982009625367, 0.002523245344529014, 0.002728400605412506, 0.0020988426587766036, 0.0019216392578655767, 0.0033768950021071504, 0.002328604389359445, 0.002747428388055406, 0.002706469741435836, 0.002888985165104685, 0.0034506534675034705, 0.0018250081664458217, 0.0027897304070896548, 0.003043086217467226, 0.0035096867542857377, 0.002571106482068515, 0.0021037341790884987, 0.0024688368674413187, 0.0023408146369168865, 0.0021853771844280623, 0.0019259269333276095, 0.0022221682869564777, 0.0020914370477903474, 0.0025847395134167028, 0.001686289777237174, 0.0016302396155903414, 0.003928072278463338, 0.001725072698203891, 0.0024079360716695174, 0.0020918789721057437, 0.00349149005898871, 0.0012337644356784556, 0.0022481017536908764, 0.003255397750457236, 0.0029861747876867096, 0.0021203843063141345, 0.0015532559688578402, 0.0022178765263104055, 0.0014172161348225422, 0.0023835973055590346, 0.0018306910103687581, 0.002796562356422083, 0.001998253268777206, 0.002724169835767023, 0.0032118209615984803, 0.0015767739131810755, 0.003681295467372309, 0.0026421204580146483, 0.0021491956515381507, 0.0025835459629530598, 0.0024514335017969996, 0.0034315191396017304, 0.003468174056494048, 0.0024966685666423186, 0.002105855315477769, 0.0023998501507304826, 0.0025670682017994374, 0.0025892579928823746, 0.00253833076690468, 0.002436347056753143, 0.0023918061105498885, 0.0035837481356044308, 0.0028458399446977035, 0.002492585079351775, 0.0035159975112855875, 0.0010664675585333539, 0.003884968986267856, 0.002751150021034725, 0.003355239105083821, 0.002639000900635576, 0.0018593549370251852, 0.002491642680448002, 0.002465782896524993, 0.002411663200128162, 0.0031653762995884193, 0.0018590285490033165, 0.0019359668495004536, 0.0020467723056512652, 0.0028274933135252977, 0.0026174845047113016, 0.0019509435313278833, 0.0025873830850853194, 0.001582252038153512, 0.002286138354658157, 0.003128643617297976, 0.0014636735540015748, 0.001582161939433885, 0.001965280723056984, 0.002324905124739284, 0.0019827257087333696, 0.0021025824757759126, 0.0025425871271542596, 0.0032920836598479383, 0.0029161952543754785, 0.003338948147583708, 0.0024702636963498913, 0.0029385925852635757, 0.0017605848329651959, 0.00263969705519855, 0.002536239350251213, 0.003223215575307545, 0.0017363335354551195, 0.002020791928414216, 0.0018227762717865823, 0.0032175171617395515, 0.0022369200567764953, 0.002513191736407751, 0.0027745129043022184, 0.0016403785909167728, 0.0017293291428182999, 0.0026554859808018893, 0.0022243835082056715, 0.00167055176906304, 0.0026594152416052168, 0.0021707922762008785, 0.0032154826742580127, 0.0011846899299206922, 0.002878000931173346, 0.001041139892041944, 0.002144411139277325, 0.002642501042932529, 0.0024952742037975375, 0.0015981035552301483, 0.001947570344725603, 0.0022889773168802492, 0.003932445263091693, 0.0013296230466524383, 0.002708878454009125, 0.0031222007321682187, 0.001837547039409389, 0.002142430792601542, 0.0018242879051720265, 0.0026431370752668503, 0.0027281546737775142, 0.0016629168450797954, 0.0026149875141650864, 0.0018752356591128676, 0.001605434427251215, 0.002030728558754172, 0.0026659331751406347, 0.0021857201221298223, 0.00206827575076083, 0.002580531154866025, 0.0018339998602044316, 0.0021132945395594322, 0.0026879633683819797, 0.0025560391805803913, 0.0024864383317035024, 0.0030061758708134767, 0.0030558425075922916, 0.0017607900745654033, 0.003017395893494694, 0.0022681876479233192, 0.0033095065364236106, 0.0024213185834805716, 0.002582277431004699, 0.0014753014002017555, 0.0027313670484939174, 0.00249934243349775, 0.0016747471394873152, 0.0030688170122398477, 0.0025222901687611027, 0.00384878386122363, 0.002436057634228508, 0.0022258637099331845, 0.0026154024887745327, 0.0026230453706611555, 0.003584532067907796, 0.0017912192338255775, 0.003193967134794392, 0.002181473194510206, 0.0028822501045378136, 0.0030645703163740246, 0.002603756623455416, 0.002805211029459233, 0.002160138053204832, 0.003877045610040953, 0.0017014588316088, 0.002166649330996926, 0.001874985725905018, 0.002193948493509426, 0.0010919610252333562, 0.0028273908199632877, 0.0017271180283307765, 0.0021730277077076777, 0.0009332135804773336, 0.002774020453806217, 0.0029842613827787603, 0.0017224894514828, 0.0024678125195604144, 0.002561306509197527, 0.0017103990641022142, 0.002581565477546153, 0.0027010482641522233, 0.0027830132766257895, 0.0021662382455938703, 0.0020908288737980785, 0.0030997937195249244, 0.00276796582807184, 0.002684959583563895, 0.0031327674321346443, 0.0030122292032811132, 0.002580522276664224, 0.0032064379912484287, 0.0022698777107860004, 0.0030666096828785073, 0.0029069774489374166, 0.002398186500996103, 0.0018895484363643795, 0.00332185875559291, 0.002520559061899352, 0.00211484459707023, 0.0027427786187246444, 0.003496878402803725, 0.0028294762980820977, 0.0015898428952070029, 0.0028570677526882377, 0.0016525661484905162, 0.002457015962025311, 0.0022760289396208683, 0.0029284658871293785, 0.0035446920169042357, 0.0029834274445268327, 0.0021985326602320904, 0.0018403668137538518, 0.0014314923308563667, 0.00246597352434206, 0.0024784405621347625, 0.0022389168523951346, 0.003339006728992087, 0.001551876009663673, 0.002460263034597459, 0.0026966501062205854, 0.0022005087674577804, 0.0027939025309196386, 0.0024092470554976865, 0.0014447152114729364, 0.002235853797831084, 0.0032186597537624826, 0.0029685873317725786, 0.002827404088768579, 0.002265428544471613, 0.0019192949314794645, 0.0027490672369954922, 0.0026152227921089487, 0.0025088441617844405, 0.00116106524289206, 0.0021947204101538, 0.002474739660769294, 0.002902123045820328, 0.0030756549418495833, 0.0034311556750139063, 0.0030844241041757888, 0.003114631838008802, 0.002462286028949769, 0.0023539355243419146, 0.002639142751029925, 0.0014789908066365326, 0.0031565264599369863, 0.002490329376726901, 0.0028547901360330397, 0.0038466005869638863, 0.0021617769539847924, 0.0017195426417218, 0.002033715905639611, 0.0024888929131892177, 0.002703624978717606, 0.00236004420520279, 0.0027810450758003337, 0.0031386208716911927, 0.0024512449447690763, 0.0028175492024486034, 0.0025053723068531194, 0.0030440557774258003, 0.0032140899805878104, 0.0025340072704567364, 0.0030270681336975304, 0.003381845124705428, 