{"n_items": 400, "weights": [9.99999999999977e-17, 9.99999999999977e-17, 9.99999999999977e-17, 9.99999999999977e-17, 9.99999999999977e-17, 9.99999999999977e-17, 9.99999999999977e-17, 9.99999999999977e-17, 9.99999999999977e-17, 9.99999999999977e-17, 9.99999999999977e-17, 9.99999999999977e-17, 9.99999999999977e-17, 9.99999999999977e-17, 9.99999999999977e-17, 9.99999999999977e-17, 9.99999999999977e-17, 9.99999999999977e-17, 9.99999999999977e-17, 9.99999999999977e-17, 9.99999999999977e-17, 9.99999999999977e-17, 9.99999999999977e-17, 9.99999999999977e-17, 9.99999999999977e-17, 9.99999999999977e-17, 9.99999999999977e-17, 9.99999999999977e-17, 9.99999999999977e-17, 9.99999999999977e-17, 9.99999999999977e-17, 9.99999999999977e-17, 9.99999999999977e-17, 9.99999999999977e-17, 9.99999999999977e-17, 9.99999999999977e-17, 9.99999999999977e-17, 9.99999999999977e-17, 9.99999999999977e-17, 9.99999999999977e-17, 9.99999999999977e-17, 9.99999999999977e-17, 9.99999999999977e-17, 9.99999999999977e-17, 9.99999999999977e-17, 9.99999999999977e-17, 9.99999999999977e-17, 9.99999999999977e-17, 9.99999999999977e-17, 9.99999999999977e-17, 9.99999999999977e-17, 9.99999999999977e-17, 9.99999999999977e-17, 9.99999999999977e-17, 9.99999999999977e-17, 9.99999999999977e-17, 9.99999999999977e-17, 9.99999999999977e-17, 9.99999999999977e-17, 9.99999999999977e-17, 9.99999999999977e-17, 9.99999999999977e-17, 9.999999999999771e-05, 0.00019999999999999543, 0.00029999999999999314, 9.99999999999977e-17, 9.99999999999977e-17, 9.999999999999771e-05, 9.99999999999977e-17, 0.00029999999999999314, 9.99999999999977e-17, 9.999999999999771e-05, 9.999999999999771e-05, 0.00019999999999999543, 9.999999999999771e-05, 0.00029999999999999314, 9.999999999999771e-05, 0.00019999999999999543, 0.00019999999999999543, 9.999999999999771e-05, 0.00039999999999999086, 0.00029999999999999314, 0.00029999999999999314, 0.0005999999999999863, 0.0005999999999999863, 0.0004999999999999885, 0.00019999999999999543, 0.000699999999999984, 0.0008999999999999794, 0.001399999999999968, 0.00029999999999999314, 0.001399999999999968, 0.001399999999999968, 0.001399999999999968, 0.0012999999999999702, 0.0011999999999999726, 0.001999999999999954, 0.0018999999999999564, 0.0022999999999999475, 0.0022999999999999475, 0.00349999999999992, 0.003399999999999922, 0.002799999999999936, 0.0028999999999999334, 0.0035999999999999175, 0.002999999999999931, 0.004999999999999886, 0.003699999999999915, 0.0044999999999998964, 0.004999999999999886, 0.005199999999999881, 0.005499999999999874, 0.006499999999999851, 0.005399999999999876, 0.006799999999999844, 0.00699999999999984, 0.007499999999999828, 0.006599999999999849, 0.007899999999999819, 0.006799999999999844, 0.010399999999999762, 0.00959999999999978, 0.008099999999999814, 0.009299999999999788, 0.008399999999999807, 0.009999999999999771, 0.012099999999999722, 0.011399999999999738, 0.012499999999999713, 0.010799999999999753, 0.013499999999999691, 0.013299999999999696, 0.012099999999999722, 0.014899999999999658, 0.014199999999999675, 0.015099999999999654, 0.014199999999999675, 0.015299999999999649, 0.01479999999999966, 0.0174999999999996, 0.015299999999999649, 0.01479999999999966, 0.014299999999999672, 0.016699999999999618, 0.01479999999999966, 0.017999999999999586, 0.016499999999999623, 0.01479999999999966, 0.016099999999999632, 0.014499999999999668, 0.01699999999999961, 0.01439999999999967, 0.01269999999999971, 0.016099999999999632, 0.016099999999999632, 0.01569999999999964, 0.01569999999999964, 0.015099999999999654, 0.012799999999999707, 0.013399999999999693, 0.014899999999999658, 0.01439999999999967, 0.013299999999999696, 0.011899999999999727, 0.013699999999999686, 0.01089999999999975, 0.012099999999999722, 0.011399999999999738, 0.013699999999999686, 0.010299999999999764, 0.010299999999999764, 0.011699999999999731, 0.009699999999999778, 0.007099999999999837, 0.010699999999999755, 0.008799999999999798, 0.007299999999999833, 0.008799999999999798, 0.008099999999999814, 0.008899999999999795, 0.007699999999999823, 0.00739999999999983, 0.0058999999999998646, 0.005299999999999879, 0.004999999999999886, 0.005199999999999881, 0.004599999999999895, 0.004999999999999886, 0.004299999999999901, 0.004599999999999895, 0.004099999999999906, 0.0032999999999999245, 0.002499999999999943, 0.0028999999999999334, 0.0032999999999999245, 0.0025999999999999405, 0.0018999999999999564, 0.0015999999999999634, 0.001999999999999954, 0.0017999999999999588, 0.0022999999999999475, 0.0021999999999999494, 0.0014999999999999656, 0.0011999999999999726, 0.0012999999999999702, 0.0007999999999999817, 0.0008999999999999794, 0.0012999999999999702, 0.0010999999999999747, 0.000699999999999984, 0.000999999999999977, 0.000999999999999977, 0.00039999999999999086, 0.0004999999999999885, 0.00039999999999999086, 0.0005999999999999863, 0.0004999999999999885, 0.00019999999999999543, 0.00039999999999999086, 0.0007999999999999817, 0.00039999999999999086, 0.00019999999999999543, 0.0005999999999999863, 9.999999999999771e-05, 0.00019999999999999543, 0.00019999999999999543, 0.00019999999999999543, 9.999999999999771e-05, 0.00019999999999999543, 9.999999999999771e-05, 9.99999999999977e-17, 9.999999999999771e-05, 9.999999999999771e-05, 9.99999999999977e-17, 9.99999999999977e-17, 0.00019999999999999543, 0.00019999999999999543, 9.999999999999771e-05, 9.99999999999977e-17, 9.999999999999771e-05, 9.99999999999977e-17, 9.999999999999771e-05, 9.99999999999977e-17, 9.99999999999977e-17, 9.99999999999977e-17, 9.99999999999977e-17, 9.99999999999977e-17, 9.99999999999977e-17, 9.99999999999977e-17, 9.99999999999977e-17, 9.99999999999977e-17, 9.99999999999977e-17, 9.99999999999977e-17, 9.99999999999977e-17, 9.99999999999977e-17, 9.99999999999977e-17, 9.99999999999977e-17, 9.99999999999977e-17, 9.99999999999977e-17, 9.99999999999977e-17, 9.99999999999977e-17, 9.99999999999977e-17, 9.99999999999977e-17, 9.99999999999977e-17, 9.99999999999977e-17, 9.99999999999977e-17, 9.99999999999977e-17, 9.99999999999977e-17, 9.99999999999977e-17, 9.99999999999977e-17, 9.99999999999977e-17, 9.99999999999977e-17, 9.99999999999977e-17, 9.99999999999977e-17, 9.99999999999977e-17, 9.99999999999977e-17, 9.99999999999977e-17, 9.99999999999977e-17, 9.99999999999977e-17, 9.99999999999977e-17, 9.99999999999977e-17, 9.99999999999977e-17, 9.99999999999977e-17, 9.99999999999977e-17, 9.99999999999977e-17, 9.99999999999977e-17, 9.99999999999977e-17, 9.99999999999977e-17, 9.99999999999977e-17, 9.99999999999977e-17, 9.99999999999977e-17, 9.99999999999977e-17, 9.99999999999977e-17, 9.99999999999977e-17, 9.99999999999977e-17, 9.99999999999977e-17, 9.99999999999977e-17, 9.99999999999977e-17, 9.99999999999977e-17, 9.99999999999977e-17, 9.99999999999977e-17, 9.99999999999977e-17, 9.99999999999977e-17, 9.99999999999977e-17, 9.99999999999977e-17, 9.99999999999977e-17, 9.99999999999977e-17, 9.99999999999977e-17, 9.99999999999977e-17, 9.99999999999977e-17, 9.99999999999977e-17, 9.99999999999977e-17, 9.99999999999977e-17, 9.99999999999977e-17, 9.99999999999977e-17, 9.99999999999977e-17, 9.99999999999977e-17, 9.99999999999977e-17, 9.99999999999977e-17, 9.99999999999977e-17, 9.99999999999977e-17, 9.99999999999977e-17, 9.99999999999977e-17, 9.99999999999977e-17, 9.99999999999977e-17, 9.99999999999977e-17, 9.99999999999977e-17, 9.99999999999977e-17, 9.99999999999977e-17, 9.99999999999977e-17, 9.99999999999977e-17, 9.99999999999977e-17, 9.99999999999977e-17, 9.99999999999977e-17, 9.99999999999977e-17, 9.99999999999977e-17, 9.99999999999977e-17, 9.99999999999977e-17, 9.99999999999977e-17, 9.99999999999977e-17, 9.99999999999977e-17, 9.99999999999977e-17, 9.99999999999977e-17, 9.99999999999977e-17, 9.99999999999977e-17, 9.99999999999977e-17, 9.99999999999977e-17, 9.99999999999977e-17, 9.99999999999977e-17, 9.99999999999977e-17, 9.99999999999977e-17, 9.99999999999977e-17, 9.99999999999977e-17, 9.99999999999977e-17, 9.99999999999977e-17, 9.99999999999977e-17, 9.99999999999977e-17, 9.99999999999977e-17, 