{"n_items": 600, "weights": [0.0025562364001831626, 0.001941834642213045, 0.0017162023024615326, 0.0015225578039046118, 0.0018353216771434784, 0.0008894697991362946, 0.002014813720095628, 0.0014488479382160472, 0.001111796927580631, 0.0016304516713252643, 0.00122483104596519, 0.0020827452529305394, 0.0011853922951944142, 0.0023838342539332993, 0.0021761027285635633, 0.001579842244861112, 0.0010260134837017196, 0.0015792085311187383, 0.00148019202380331, 0.0020694591291815544, 0.0025876859680767817, 0.0018620397991953451, 0.0013951244997954964, 0.001570663676524191, 0.002192954934875736, 0.0020851357678653404, 0.0023071167229714333, 0.0011698853779843618, 0.00181387771105644, 0.0009574128831599225, 0.001626240980666356, 0.0023356006135737055, 0.0018680364684366966, 0.0019691290553344397, 0.001229404310167253, 0.0011395187478707232, 0.0017243751202082787, 0.0015571140905940304, 0.0015919498973289952, 0.0019268549710926446, 0.00043819135348880875, 0.0003955647963187034, 0.0018723222653363382, 0.0016313396720899374, 0.001991377254869612, 0.0016882283638298386, 0.0018364345348387055, 0.0019402668708747555, 0.0014759888504367975, 0.0013018688664389495, 0.0015961066408048978, 0.001969670786382307, 0.001700088366260741, 0.001991601916257291, 0.0018679916764528987, 0.0016523198865099988, 0.0017959792736100258, 0.0015196891741269059, 0.0013271918300266335, 0.0010604596038683689, 0.0020008293639104872, 0.0011691338881867222, 0.0023671080573794867, 0.0024497342080733848, 0.0015455399481507299, 0.0024126607952622797, 0.0015148276864344259, 0.0022947411845511065, 0.0015368429901542627, 0.002084311716983191, 0.002457790807878058, 0.0012027606268321498, 0.0014669781928981743, 0.0018487893569976727, 0.0013187356661224392, 0.0006873469791861742, 0.0017501127037740666, 0.0012554741443839168, 0.0022259628164783183, 0.0013744755942756376, 0.001307890968377259, 0.0013260189861984044, 0.001857001528046707, 0.0024424264948402427, 0.001604141708303866, 0.0016533539092929111, 0.0021909637684250126, 0.0015943489226949185, 0.0008231772701740258, 0.0019922781008451487, 0.0014853958449740539, 0.0012400828221625633, 0.0008560930593387473, 0.0015765198802001799, 0.001200168026982588, 0.0013805220997633284, 0.0007670619119630036, 0.0009397586208460787, 0.0011885123974893024, 0.0014438773499382115, 0.002419013279687471, 0.0007939706943538929, 0.0015438288326830927, 0.0017805162857097887, 0.0017895882519552153, 0.001978831513167597, 0.0012145485467535593, 0.001422983235304958, 0.0020339750963386718, 0.0010342115011069332, 0.0019009249196960357, 0.0015366088371222921, 0.0009532684069665765, 0.0015641744046867277, 0.0017706598375623, 0.0016315139969858188, 0.002057161767609031, 0.0020027679077714833, 0.001516728184185706, 0.0011234144443995028, 0.002164114006061814, 0.0014415346503797877, 0.0021891492650656873, 0.0018214896148475432, 0.0014841367330711462, 0.0013057308965392222, 0.0019977133732132957, 0.002081903152990712, 0.0014372173499980485, 0.0014626815736892872, 0.002156565122774148, 0.0015100209558544853, 0.0016664220244419412, 0.0014917500080771215, 0.0008086498999256293, 0.001088346918448875, 0.0019119059210474523, 0.001983066736844271, 0.0019057245137123016, 0.0010042213389373515, 0.0014990739627064097, 0.0022017238504169158, 0.0018488220623765384, 0.0008908054488389405, 0.0016329027593667649, 0.001796583173570231, 0.001326696323774662, 0.0014764137724961014, 0.0014208373025670852, 0.001982768218697319, 0.001544092386504525, 0.0010481585768851009, 0.00209274359100647, 0.00230679019607608, 0.00183263848905613, 0.0024736078128725137, 0.0023519646022472362, 0.0014477388754853351, 0.0013169379223112693, 0.0016738786263735415, 0.0016161113245595818, 0.0021165521765810105, 0.002160432469975642, 0.0020842803261714054, 0.0014097151726396272, 0.0016043999298495182, 0.002403083733036234, 0.001791405950484987, 0.002555859552469963, 0.0012456829743485792, 0.002415303827965358, 0.001575931518356468, 0.0017342843708598552, 0.0018371779316853493, 0.001229231399378696, 0.00195629287558883, 0.0016563189686925341, 0.0017715511720617911, 0.0017654645237411622, 0.002300034762507113, 0.0011808771379966526, 0.0014846871680873044, 0.0010877126231370832, 0.0014202667827756847, 0.0013570532647640308, 0.0016352608330469712, 0.0015869565637122442, 0.0017149597096650531, 0.0014426040381244078, 0.0014115213801879167, 0.0017299996211366407, 0.001844386264889529, 0.002024489540683246, 0.001364148191246954, 0.0026726976651098686, 0.0013611404412810066, 0.0018146848325563214, 0.0016825219009892571, 0.0015809124485566218, 0.0017817997712560973, 0.0015004247594055233, 0.0018714839715126771, 0.002114187412845193, 0.0012196477331692277, 0.0014679943932194525, 0.0015938742888470857, 0.0014563644149798883, 0.0007973431193013801, 0.002014056638406465, 0.0017437344932637337, 0.0021317055427618, 0.0018280105639967147, 0.0021319261555914583, 0.0019605386199162867, 0.0013192452376444286, 0.0024357131235148836, 0.0015682766471964182, 0.0021236016759302004, 0.0015962851788858864, 0.001465664224110705, 0.0014544436398600759, 0.001875998740216237, 0.0022008394672186006, 0.0013591386482613998, 0.002892486341868135, 0.0018113352279573618, 0.0019532339438890914, 0.0020057965359182375, 0.0020352623824939423, 0.0027815311946420705, 0.0015704929281853779, 0.0019103971839876395, 0.0016745659547910347, 0.0018377496582194519, 0.0016851702403929006, 0.0009384109499866237, 0.001462530000920889, 0.001156962822554832, 0.0013174894487345656, 0.0018153414334734755, 0.001650457580448548, 0.0021964339648173, 0.0019186290892359104, 0.0016154316341606934, 0.0021052517601170854, 0.0019046043647171342, 0.0016017625430460032, 0.001969899651792676, 0.002152197742594399, 0.0013643427714528625, 0.0012046765562326105, 0.0016163260902323528, 0.0015998865665202634, 0.001601578871810023, 0.0019446425351351806, 0.0013025147099243299, 0.0017390573738536987, 0.0016554405556257542, 0.001923761757313895, 0.0020882361125117124, 0.001584160772639347, 0.0016335044317643355, 0.0015783353199240555, 0.0016980137109662416, 0.0012209655373584503, 0.0014930917475518516, 0.00100610563159517, 0.0012821963145387227, 0.0016365585125171455, 0.0016776313939330942, 0.0015872642144307103, 0.0011105432192535397, 0.00146129501469899, 0.0017006331687382222, 0.0013850961369805375, 0.002736611981623885, 0.002290778405210262, 0.0011129054919276726, 0.0019815887715929573, 0.0021653016817256895, 0.0022576990698037177, 0.001384387266539066, 0.0021496555741850453, 0.0018344488381260332, 0.0012823828316520076, 0.0015401412387227836, 0.0017072451439574248, 0.002239779107340256, 0.0018766742463123486, 0.0012044626963288662, 0.001238244354124985, 0.0017047824865081237, 0.0019711402721525463, 0.0019264376577678665, 0.0012904863231624356, 0.00205763234730012, 0.0019931029057659254, 0.001980953175240591, 0.001661586721505795, 0.0025047302577378997, 0.0013474624646591063, 0.0016630560131112911, 0.0016551533059679657, 0.0018989237573513679, 0.0017487175413748717, 0.0021747986559509107, 0.0013547175171196287, 0.001513218186886529, 0.0012127164275445872, 0.001328010125754556, 0.001459183890618123, 0.00148078567685364, 0.0014492845752417096, 0.0013436974857311853, 0.0010395282975982111, 0.001636206416978022, 0.0008053811158885861, 0.001176263176492345, 0.001380908661191387, 0.0017511731896467176, 0.0013082880247060912, 0.001841657017973248, 0.0015250576922823309, 0.001939631061945596, 0.0015825961431966324, 0.0005545408328532711, 0.0015485339264409966, 0.0009593236405921771, 0.002066978514378983, 0.0021014184424387964, 0.0013387992915368696, 0.0020974024407026874, 0.0021539024471739832, 0.0015966866619131306, 0.0016861464059458754, 0.0015572400312911445, 0.0015367703729827027, 0.001959830878136746, 0.0009570104380247237, 0.002118314447510873, 0.001498671226588734, 0.001662960560775936, 0.0015645086299491632, 0.0015805079732175696, 0.0011231462261530616, 0.0016701958308641685, 0.0021094164841509557, 0.0016603460236183634, 0.0011857441046725335, 0.0018968439134433778, 0.0020886966176444028, 