{"n_items": 400, "weights": [9.99999999999984e-17, 9.99999999999984e-17, 9.99999999999984e-17, 9.99999999999984e-17, 9.99999999999984e-17, 9.99999999999984e-17, 9.99999999999984e-17, 9.99999999999984e-17, 9.99999999999984e-17, 9.99999999999984e-17, 9.99999999999984e-17, 9.99999999999984e-17, 9.99999999999984e-17, 9.99999999999984e-17, 9.99999999999984e-17, 9.99999999999984e-17, 9.99999999999984e-17, 9.99999999999984e-17, 9.99999999999984e-17, 9.99999999999984e-17, 9.99999999999984e-17, 9.99999999999984e-17, 9.99999999999984e-17, 9.99999999999984e-17, 9.99999999999984e-17, 9.99999999999984e-17, 9.99999999999984e-17, 9.99999999999984e-17, 9.99999999999984e-17, 9.99999999999984e-17, 9.99999999999984e-17, 9.99999999999984e-17, 9.99999999999984e-17, 9.99999999999984e-17, 9.99999999999984e-17, 9.99999999999984e-17, 9.99999999999984e-17, 9.99999999999984e-17, 9.99999999999984e-17, 9.99999999999984e-17, 9.99999999999984e-17, 9.99999999999984e-17, 9.99999999999984e-17, 9.99999999999984e-17, 9.99999999999984e-17, 9.99999999999984e-17, 9.99999999999984e-17, 9.99999999999984e-17, 9.99999999999984e-17, 9.99999999999984e-17, 9.99999999999984e-17, 9.99999999999984e-17, 9.99999999999984e-17, 9.99999999999984e-17, 9.99999999999984e-17, 9.99999999999984e-05, 9.99999999999984e-17, 0.0001999999999999968, 9.99999999999984e-17, 9.99999999999984e-17, 9.99999999999984e-17, 9.99999999999984e-17, 0.0001999999999999968, 9.99999999999984e-17, 9.99999999999984e-17, 9.99999999999984e-05, 0.0002999999999999952, 9.99999999999984e-17, 9.99999999999984e-17, 0.0002999999999999952, 9.99999999999984e-05, 9.99999999999984e-17, 0.0002999999999999952, 9.99999999999984e-17, 0.0002999999999999952, 0.0001999999999999968, 0.0002999999999999952, 0.0001999999999999968, 0.0007999999999999872, 0.0007999999999999872, 0.0001999999999999968, 0.0003999999999999936, 0.0006999999999999888, 0.0008999999999999856, 0.000499999999999992, 0.000999999999999984, 0.0003999999999999936, 0.0002999999999999952, 0.0006999999999999888, 0.0013999999999999777, 0.0007999999999999872, 0.001499999999999976, 0.0011999999999999808, 0.001999999999999968, 0.0016999999999999728, 0.0007999999999999872, 0.0025999999999999582, 0.0020999999999999665, 0.0012999999999999791, 0.002299999999999963, 0.0018999999999999696, 0.0020999999999999665, 0.003199999999999949, 0.0027999999999999553, 0.003299999999999947, 0.002999999999999952, 0.0038999999999999374, 0.0036999999999999407, 0.004099999999999934, 0.003199999999999949, 0.003999999999999936, 0.0036999999999999407, 0.005999999999999904, 0.004399999999999929, 0.006499999999999896, 0.004899999999999922, 0.0051999999999999165, 0.005099999999999918, 0.005099999999999918, 0.0053999999999999135, 0.005799999999999907, 0.005799999999999907, 0.006099999999999902, 0.006699999999999893, 0.006499999999999896, 0.007999999999999872, 0.007099999999999886, 0.007099999999999886, 0.006699999999999893, 0.008099999999999871, 0.00869999999999986, 0.007799999999999875, 0.0073999999999998815, 0.008299999999999867, 0.009099999999999855, 0.006999999999999888, 0.008199999999999869, 0.00689999999999989, 0.0075999999999998786, 0.009599999999999847, 0.007799999999999875, 0.007299999999999883, 0.00749999999999988, 0.008199999999999869, 0.006799999999999891, 0.009199999999999852, 0.007699999999999877, 0.007099999999999886, 0.006499999999999896, 0.007799999999999875, 0.0071999999999998844, 0.0075999999999998786, 0.00689999999999989, 0.005699999999999909, 0.006399999999999898, 0.006399999999999898, 0.0071999999999998844, 0.006499999999999896, 0.00499999999999992, 0.005999999999999904, 0.006699999999999893, 0.00499999999999992, 0.004899999999999922, 0.005099999999999918, 0.006599999999999894, 0.004799999999999923, 0.004799999999999923, 0.005999999999999904, 0.0035999999999999422, 0.004399999999999929, 0.004499999999999928, 0.004499999999999928, 0.0027999999999999553, 0.0038999999999999374, 0.004899999999999922, 0.002999999999999952, 0.003999999999999936, 0.0038999999999999374, 0.003299999999999947, 0.004499999999999928, 0.0038999999999999374, 0.003999999999999936, 0.0036999999999999407, 0.004199999999999933, 0.0038999999999999374, 0.003999999999999936, 0.003499999999999944, 0.004499999999999928, 0.0026999999999999568, 0.0036999999999999407, 0.004399999999999929, 0.004199999999999933, 0.003499999999999944, 0.0038999999999999374, 0.004699999999999925, 0.00499999999999992, 0.0051999999999999165, 0.004599999999999926, 0.004899999999999922, 0.0051999999999999165, 0.00499999999999992, 0.005699999999999909, 0.005299999999999915, 0.005799999999999907, 0.006199999999999901, 0.005999999999999904, 0.006799999999999891, 0.005299999999999915, 0.005899999999999905, 0.006299999999999899, 0.008399999999999866, 0.0075999999999998786, 0.0073999999999998815, 0.007299999999999883, 0.007299999999999883, 0.007299999999999883, 0.007299999999999883, 0.0075999999999998786, 0.008199999999999869, 0.006699999999999893, 0.007699999999999877, 0.008099999999999871, 0.006699999999999893, 0.0071999999999998844, 0.006399999999999898, 0.007999999999999872, 0.008999999999999855, 0.007699999999999877, 0.0073999999999998815, 0.008499999999999864, 0.008899999999999858, 0.008299999999999867, 0.008899999999999858, 0.008399999999999866, 0.0071999999999998844, 0.009299999999999852, 0.007299999999999883, 0.006399999999999898, 0.005899999999999905, 0.006499999999999896, 0.006399999999999898, 0.0053999999999999135, 0.006099999999999902, 0.005299999999999915, 0.006599999999999894, 0.006299999999999899, 0.006099999999999902, 0.005599999999999911, 0.003999999999999936, 0.005799999999999907, 0.005699999999999909, 0.004099999999999934, 0.0051999999999999165, 0.0037999999999999393, 0.004399999999999929, 0.003299999999999947, 0.004499999999999928, 0.003499999999999944, 0.0033999999999999456, 0.0027999999999999553, 0.0033999999999999456, 0.003299999999999947, 0.0021999999999999646, 0.0023999999999999616, 0.001499999999999976, 0.0018999999999999696, 0.003199999999999949, 0.0020999999999999665, 0.001499999999999976, 0.0016999999999999728, 0.0008999999999999856, 0.0010999999999999823, 0.0012999999999999791, 0.0016999999999999728, 0.001499999999999976, 0.0006999999999999888, 0.0008999999999999856, 0.0015999999999999745, 0.0006999999999999888, 0.0006999999999999888, 0.0005999999999999904, 0.0005999999999999904, 0.0011999999999999808, 0.0005999999999999904, 9.99999999999984e-05, 0.0003999999999999936, 0.0005999999999999904, 0.0002999999999999952, 9.99999999999984e-17, 9.99999999999984e-05, 0.0001999999999999968, 0.0003999999999999936, 0.0001999999999999968, 9.99999999999984e-05, 9.99999999999984e-17, 0.0002999999999999952, 0.0001999999999999968, 0.0001999999999999968, 9.99999999999984e-05, 9.99999999999984e-17, 0.0002999999999999952, 9.99999999999984e-05, 0.0001999999999999968, 9.99999999999984e-05, 9.99999999999984e-05, 9.99999999999984e-17, 9.99999999999984e-05, 9.99999999999984e-17, 9.99999999999984e-17, 9.99999999999984e-05, 9.99999999999984e-17, 9.99999999999984e-17, 9.99999999999984e-05, 9.99999999999984e-17, 9.99999999999984e-17, 9.99999999999984e-17, 9.99999999999984e-17, 9.99999999999984e-05, 9.99999999999984e-17, 9.99999999999984e-17, 9.99999999999984e-17, 9.99999999999984e-17, 9.99999999999984e-17, 9.99999999999984e-17, 9.99999999999984e-17, 9.99999999999984e-17, 9.99999999999984e-05, 9.99999999999984e-17, 9.99999999999984e-17, 9.99999999999984e-17, 9.99999999999984e-17, 9.99999999999984e-17, 9.99999999999984e-17, 9.99999999999984e-17, 9.99999999999984e-17, 9.99999999999984e-17, 9.99999999999984e-17, 9.99999999999984e-17, 9.99999999999984e-17, 9.99999999999984e-17, 9.99999999999984e-17, 9.99999999999984e-17, 9.99999999999984e-17, 9.99999999999984e-17, 9.99999999999984e-17, 9.99999999999984e-17, 9.99999999999984e-17, 9.99999999999984e-17, 9.99999999999984e-17, 9.99999999999984e-17, 9.99999999999984e-17, 9.99999999999984e-17, 9.99999999999984e-17, 9.99999999999984e-17, 9.99999999999984e-17, 9.99999999999984e-17, 9.99999999999984e-17, 9.99999999999984e-17, 