{"n_items": 200, "weights": [0.004660974424345076, 0.0048048642008180955, 0.005142764045634518, 0.003875056540253705, 0.004525149558358723, 0.004185044847139155, 0.0011919451204819836, 0.006521925975139031, 0.004672750899754597, 0.009083889842219679, 0.0036354537490760406, 0.003502361132938624, 0.004490523167476048, 0.005027151626002046, 0.006162068521378018, 0.00714737568316572, 0.004469826578922715, 0.005227338763227888, 0.005861688874437829, 0.00482623378404804, 0.0057145840589288115, 0.006762771006127249, 0.004142959159137701, 0.005883470737486781, 0.004085740120822387, 0.006068147410371544, 0.00493937859492962, 0.004290010893577077, 0.004424057566977123, 0.005571483972659829, 0.00593518201518004, 0.008896795797952132, 0.002757913629686696, 0.006737866687696993, 0.007427746358289586, 0.005115930461942495, 0.0040665428500580815, 0.0031476388313857167, 0.004933129836936155, 0.006369322759254584, 0.005559702792391733, 0.005919762753338913, 0.0061611885694526575, 0.004977681608762553, 0.006340533501937916, 0.006092110710431117, 0.005563968455012672, 0.005016290858861591, 0.004476544341923286, 0.004233207145590471, 0.005911132054513563, 0.0020243547663863323, 0.0021836453868848433, 0.003229905625354586, 0.005383805956142092, 0.005634688456710008, 0.0044641628087939275, 0.0069389507759745166, 0.007040542913009586, 0.004379792050146151, 0.006001444539479417, 0.0027846372002375704, 0.007389907751012148, 0.0060952214099004014, 0.0034676036563640626, 0.0019145307250484237, 0.0033406330103082633, 0.002966397412547796, 0.006952794448480599, 0.00415907083846759, 0.00575138640143845, 0.006245230670461609, 0.004593916103413047, 0.008130295922402908, 0.004544265766345353, 0.003936568036694984, 0.004215697928733685, 0.0059355457680183394, 0.00418904862503926, 0.00577419021311745, 0.005689146692175129, 0.005355964383669238, 0.004436580264581682, 0.005833945592373445, 0.0045012390840416866, 0.0026169147645498827, 0.0040409112302302284, 0.005882569032130111, 0.0048083390362087235, 0.005320459152328861, 0.007810040387462028, 0.006926086341837059, 0.0060677673740240304, 0.00465113891898845, 0.007464355906570015, 0.006519352193569203, 0.0060103387229240605, 0.003970695421066145, 0.004570766359433958, 0.006862501130407772, 0.005895488523453558, 0.005562697106405087, 0.005217359094089834, 0.0059283789505572325, 0.0051241093016045425, 0.005281033744262508, 0.006097814361178364, 0.004360726946739816, 0.0056716131110076855, 0.004607921499060539, 0.004705544192319292, 0.004228752264208367, 0.0065979086374196244, 0.006304882642562571, 0.005316318757594163, 0.006330914390873108, 0.0016086532333791578, 0.0028373146559834256, 0.004546823500160718, 0.00494285051479564, 0.0061362321775882646, 0.0030452082269941585, 0.003712424901560309, 0.005990018541555101, 0.0057151769298787215, 0.006754879881177737, 0.007757957155921135, 0.00400829523058702, 0.006428755165509962, 0.003346171298641766, 0.007039504314635869, 0.005174234795582135, 0.004302098208043727, 0.004285243133897957, 0.005711013015693751, 0.0019370099546347803, 0.004805847954690757, 0.005132496014575996, 0.003977060796371697, 0.0028451156248220887, 0.005727102690258353, 0.0056980322534252855, 0.005320345194840937, 0.004025570936320966, 0.0057117042997634395, 0.004901337686433584, 0.004724727774106332, 0.0045899079545837695, 0.005381695673289083, 0.0048096437246650395, 0.00632462033284198, 0.009444851152961753, 0.004809824048598209, 0.005376160696156819, 0.006067761604893731, 0.004338810058627358, 0.0037329905858007927, 0.0037600706341140316, 0.005551147650529415, 0.005818787254244705, 0.001258681698934078, 0.004997146315689013, 0.004287612540945649, 0.0020092758695688224, 0.0052872908051177885, 0.0062596524227175945, 0.004257129801408175, 0.0058362459771858334, 0.0045568519506072065, 0.004635539333190906, 0.005544918130644626, 0.004230943139573, 0.006486529644455836, 0.005256342773147728, 0.0036941492437884563, 0.003733928498887027, 1.0226626908374007e-12, 0.0038691175016172226, 0.005414820694547322, 0.0042956061157555896, 0.008247710384703887, 0.004366831863315529, 0.004537040089996364, 0.004538349920470219, 0.00220192761693784, 0.0067912718948425444, 0.004058847074066314, 0.004339775719803502, 0.003935786413527443, 0.005911160537943093, 0.0034409022195697673, 0.004676174098669291, 0.005950538608049927, 0.0038808543036149765, 0.006535361251814745, 0.003102649290187436, 0.0056722041589398805, 0.0032163016796077828, 0.002431338857115404, 0.005321720569626137], "profits": [1.0, 1.0, 1.0, 1.0, 1.0, 1.0, 1.0, 1.0, 1.0, 1.0, 1.0, 1.0, 1.0, 1.0, 0.1, 1.0, 1.0, 1.0, 0.1, 1.0, 1.0, 1.0, 1.0, 1.0, 1.0, 1.0, 1.0, 1.0, 1.0, 1.0, 1.0, 1.0, 1.0, 1.0, 1.0, 1.0, 1.0, 1.0, 1.0, 1.0, 1.0, 1.0, 1.0, 1.0, 1.0, 1.0, 1.0, 1.0, 1.0, 1.0, 1.0, 1.0, 1.0, 1.0, 1.0, 1.0, 1.0, 1.0, 1.0, 1.0, 1.0, 1.0, 1.0, 1.0, 1.0, 1.0, 1.0, 1.0, 1.0, 1.0, 1.0, 1.0, 1.0, 1.0, 1.0, 1.0, 1.0, 1.0, 1.0, 1.0, 1.0, 1.0, 1.0, 1.0, 1.0, 1.0, 1.0, 1.0, 1.0, 1.0, 1.0, 1.0, 1.0, 1.0, 1.0, 1.0, 1.0, 1.0, 1.0, 1.0, 1.0, 1.0, 1.0, 1.0, 1.0, 1.0, 1.0, 1.0, 1.0, 1.0, 1.0, 1.0, 1.0, 1.0, 1.0, 1.0, 1.0, 1.0, 1.0, 1.0, 1.0, 1.0, 1.0, 1.0, 1.0, 1.0, 1.0, 1.0, 1.0, 1.0, 1.0, 1.0, 1.0, 1.0, 1.0, 1.0, 1.0, 1.0, 1.0, 1.0, 1.0, 1.0, 1.0, 1.0, 1.0, 1.0, 1.0, 1.0, 1.0, 1.0, 1.0, 1.0, 1.0, 1.0, 1.0, 1.0, 1.0, 1.0, 1.0, 1.0, 1.0, 1.0, 1.0, 1.0, 1.0, 1.0, 1.0, 1.0, 1.0, 1.0, 1.0, 1.0, 1.0, 1.0, 1.0, 1.0, 1.0, 1.0, 1.0, 1.0, 1.0, 1.0, 1.0, 1.0, 1.0, 1.0, 1.0, 1.0, 1.0, 1.0, 1.0, 1.0, 1.0, 1.0, 1.0, 1.0, 1.0, 1.0, 1.0, 1.0], "min_weight": 0.95, "max_distance": 5}