{"n_items": 200, "weights": [0.002608792437637009, 0.004674110944642824, 0.0056501195235228625, 0.00528304382056935, 0.0033197111792739728, 0.0050024514786534855, 0.005603702090159847, 0.0065503385217830475, 0.009042915318326976, 0.0036686797067194297, 0.004378879449640435, 0.006420072441644101, 0.006222263650766574, 0.0026875725307336095, 0.0053794398411271165, 0.004604350762667338, 0.007313525026312281, 0.004005020421740011, 0.007405798319658641, 0.00514781322117896, 0.003211573316193451, 0.006392185150817965, 0.003643175514384254, 0.006150335884372587, 0.004655819792414714, 0.005056712105395093, 0.004324923054851082, 0.00582417129733554, 0.0057082060606935435, 0.00424257692832737, 0.004060789679161409, 0.005392793320653978, 0.004312735137731318, 0.00542609009890259, 0.00461651746213198, 0.0053514591281057814, 0.005194612230004321, 0.004636086875480502, 0.004546203602496084, 0.003693534134727048, 0.0039002315196188945, 0.002829960317798511, 0.0044228655502040444, 0.006540490382014536, 0.006267886297464077, 0.006724911691487508, 0.00779052632591773, 0.0057443935095374335, 0.006371213830751447, 0.00556873752323085, 0.005322045558796256, 0.007124363159279961, 0.007084299844760739, 0.004535816962208469, 0.0037144250708531215, 0.005540636695101316, 0.005431682490669598, 0.004338111533663448, 0.00553030239088446, 0.003577689642287093, 0.0053076963909000656, 0.006389833998238107, 0.006673730661738456, 0.004570571656473007, 0.006283268145042522, 0.0051668767206072335, 0.006050566018350922, 0.007200911309216381, 0.005779243285698466, 0.006116163240657501, 0.005740822431696076, 0.005831672847202533, 0.003620745516226929, 0.005982945031024608, 0.0065007125142790105, 0.0027294164940804624, 0.004685786874948262, 0.0066701301470721945, 0.005017567600016892, 0.004066636211008858, 0.00372874720534667, 0.004531710467911645, 0.004280469176896476, 0.004226077913757851, 0.004645233959664786, 0.006941333331002626, 0.005099386321865714, 0.004318477402666829, 0.00645690823758644, 0.004981451275534844, 0.006482108205038587, 0.00503083503525853, 0.005306240529105253, 0.009994042920014812, 0.0036176574452835395, 0.002633347936257548, 0.003532474560484253, 0.0038806011933765535, 0.006288777719146669, 0.005423185768676289, 0.004887618097851205, 0.004773532827165715, 0.004488566700738162, 0.006244317329610833, 0.0036661710393808794, 0.0043744872329218535, 0.004224478939750831, 0.0062682196051560835, 0.0052594412479939085, 0.0059333880956597175, 0.00456311028547699, 0.005753888658964196, 0.005639251290790816, 0.005623886648057064, 0.005157636105264552, 0.002827175420721845, 0.005206147872158678, 0.007581651834980981, 0.005410263306484666, 0.004332436752379123, 0.003981722891186211, 0.004642498839069775, 0.003560852816816417, 0.003528287026456841, 0.004610932055030312, 0.0044441221738742015, 0.0031593661857533006, 0.0048087383466220756, 0.0036500934244151125, 0.005494729560934639, 0.004809345249113628, 0.0043206249532519655, 0.004092692063213456, 0.004471153620288066, 0.004637143863454239, 0.0033479914966599296, 0.004570981118698323, 0.006274573494645128, 0.003908025571679807, 0.0027786947334220557, 0.005355918226844493, 0.005383945860363284, 0.0058690954614012214, 0.004509648025317188, 0.0025906102511566863, 0.005350802886994776, 0.006562954673975256, 0.005539395064147745, 0.006568990843231064, 0.005991893432792333, 0.005165710894102705, 0.0036000704697763675, 0.002340196321113479, 0.00654327520211874, 0.0031205857037680663, 0.002068394235231461, 0.004986433713234408, 0.004255223162404389, 0.0068370995176671315, 0.0054541670742189975, 0.004529372149654624, 0.0054591916188672426, 0.006677263987854087, 0.004960513328807058, 0.00825120401045634, 0.005647860774965891, 0.003990515605627886, 0.005415225658161509, 0.003969827759777211, 0.003925350442251762, 0.0023151351901256603, 0.004945158568728181, 0.005047507631469455, 0.005412460990844292, 0.004830687249105955, 0.005334634419763447, 0.004513288176218295, 0.005115297857877236, 0.006974848326475839, 0.007004448675748305, 0.002007319922182168, 0.0042621422470949175, 0.0023915583595040552, 0.0058887699987309645, 0.00480994480800905, 0.004585015188852057, 0.004205890506940478, 0.00601402628834647, 0.0035806212939641442, 0.0038259557388112832, 0.00467741104761751, 0.004582585931278193, 0.005655665576178074, 0.0022539468407600533, 0.004710645767584275, 0.00459385289509446, 0.005217551603805261, 0.004415905510972921, 0.0027342706533942146, 0.008310422145323406],