{"n_items": 200, "weights": [9.999999999999963e-17, 9.999999999999963e-17, 9.999999999999963e-17, 9.999999999999963e-17, 9.999999999999963e-17, 9.999999999999963e-17, 9.999999999999963e-17, 9.999999999999963e-17, 9.999999999999963e-17, 9.999999999999963e-17, 9.999999999999963e-17, 9.999999999999963e-17, 9.999999999999963e-17, 9.999999999999963e-17, 9.999999999999964e-05, 9.999999999999963e-17, 9.999999999999963e-17, 9.999999999999963e-17, 9.999999999999963e-17, 9.999999999999964e-05, 9.999999999999963e-17, 9.999999999999963e-17, 9.999999999999963e-17, 9.999999999999964e-05, 9.999999999999964e-05, 0.00039999999999999856, 0.00039999999999999856, 0.00039999999999999856, 0.0006999999999999975, 0.00019999999999999928, 0.0009999999999999963, 0.0009999999999999963, 0.001099999999999996, 0.001099999999999996, 0.0011999999999999956, 0.002499999999999991, 0.001399999999999995, 0.002499999999999991, 0.0020999999999999925, 0.003499999999999987, 0.0030999999999999886, 0.00549999999999998, 0.004299999999999984, 0.004499999999999984, 0.007199999999999974, 0.00539999999999998, 0.006699999999999976, 0.008799999999999968, 0.009399999999999966, 0.010599999999999962, 0.009199999999999967, 0.009699999999999964, 0.010599999999999962, 0.012499999999999954, 0.014799999999999947, 0.013899999999999949, 0.014599999999999946, 0.013899999999999949, 0.01329999999999995, 0.014199999999999949, 0.01369999999999995, 0.017099999999999938, 0.015599999999999944, 0.015599999999999944, 0.014399999999999948, 0.01629999999999994, 0.015199999999999944, 0.015699999999999943, 0.012699999999999954, 0.012399999999999954, 0.014399999999999948, 0.012199999999999956, 0.013499999999999951, 0.009299999999999966, 0.010699999999999961, 0.008899999999999967, 0.010299999999999962, 0.0073999999999999734, 0.005899999999999978, 0.005799999999999979, 0.004799999999999982, 0.0045999999999999834, 0.004299999999999984, 0.004099999999999985, 0.0028999999999999894, 0.0028999999999999894, 0.0025999999999999903, 0.0022999999999999917, 0.002199999999999992, 0.001899999999999993, 0.0019999999999999927, 0.0011999999999999956, 0.0006999999999999975, 0.0015999999999999942, 0.0004999999999999982, 0.00019999999999999928, 0.00039999999999999856, 0.0004999999999999982, 9.999999999999963e-17, 9.999999999999964e-05, 9.999999999999963e-17, 0.0005999999999999978, 9.999999999999964e-05, 0.00019999999999999928, 0.00019999999999999928, 9.999999999999964e-05, 9.999999999999964e-05, 0.0002999999999999989, 0.0005999999999999978, 0.0008999999999999967, 0.0004999999999999982, 0.00019999999999999928, 0.0004999999999999982, 0.0008999999999999967, 0.0006999999999999975, 0.0007999999999999971, 0.0006999999999999975, 0.001099999999999996, 0.0016999999999999938, 0.0022999999999999917, 0.0029999999999999892, 0.003599999999999987, 0.004799999999999982, 0.003899999999999986, 0.004499999999999984, 0.003799999999999986, 0.005199999999999981, 0.0062999999999999775, 0.006799999999999975, 0.008699999999999968, 0.00799999999999997, 0.008599999999999969, 0.009199999999999967, 0.010599999999999962, 0.011599999999999958, 0.013999999999999948, 0.011599999999999958, 0.011099999999999959, 0.015199999999999944, 0.015399999999999943, 0.012499999999999954, 0.013899999999999949, 0.017799999999999934, 0.014499999999999947, 0.017899999999999933, 0.01629999999999994, 0.014199999999999949, 0.01649999999999994, 0.01699999999999994, 0.014299999999999948, 0.014199999999999949, 0.014499999999999947, 0.010099999999999963, 0.011499999999999958, 0.013999999999999948, 0.010699999999999961, 0.01089999999999996, 0.008999999999999968, 0.007799999999999972, 0.008599999999999969, 0.007899999999999971, 0.006799999999999975, 0.006699999999999976, 0.004999999999999982, 0.004499999999999984, 0.0048999999999999825, 0.0036999999999999867, 0.0030999999999999886, 0.0012999999999999952, 0.0025999999999999903, 0.0015999999999999942, 0.0014999999999999946, 0.001099999999999996, 0.0005999999999999978, 0.0011999999999999956, 0.0014999999999999946, 0.0004999999999999982, 0.00019999999999999928, 0.00039999999999999856, 9.999999999999964e-05, 9.999999999999964e-05, 0.00019999999999999928, 0.00039999999999999856, 0.00019999999999999928, 9.999999999999963e-17, 9.999999999999963e-17, 9.999999999999963e-17, 9.999999999999964e-05, 0.00019999999999999928, 9.999999999999963e-17, 9.999999999999963e-17, 9.999999999999963e-17, 9.999999999999963e-17, 9.999999999999963e-17, 9.999999999999963e-17, 9.999999999999963e-17, 9.999999999999963e-17, 9.999999999999963e-17, 9.999999999999963e-17, 9.999999999999963e-17], "profits": [1.0, 1.0, 1.0, 1.0, 1.0, 1.0, 1.0, 1.0, 1.0, 1.0, 1.0, 1.0, 1.0, 1.0, 1.0, 1.0, 1.0, 1.0, 1.0, 1.0, 1.0, 1.0, 1.0, 1.0, 1.0, 1.0, 1.0, 1.0, 1.0, 1.0, 1.0, 1.0, 1.0, 1.0, 1.0, 1.0, 1.0, 1.0, 1.0, 1.0, 1.0, 1.0, 1.0, 1.0, 1.0, 1.0, 1.0, 1.0, 1.0, 1.0, 1.0, 1.0, 1.0, 1.0, 1.0, 1.0, 1.0, 1.0, 1.0, 1.0, 1.0, 1.0, 1.0, 1.0, 1.0, 1.0, 1.0, 1.0, 1.0, 1.0, 1.0, 1.0, 1.0, 1.0, 1.0, 1.0, 1.0, 1.0, 1.0, 1.0, 1.0, 1.0, 1.0, 1.0, 1.0, 1.0, 1.0, 1.0, 1.0, 1.0, 1.0, 1.0, 1.0, 1.0, 1.0, 1.0, 1.0, 1.0, 1.0, 1.0, 1.0, 1.0, 1.0, 1.0, 1.0, 1.0, 1.0, 1.0, 1.0, 1.0, 1.0, 1.0, 1.0, 1.0, 1.0, 1.0, 1.0, 1.0, 1.0, 1.0, 1.0, 1.0, 1.0, 1.0, 1.0, 1.0, 1.0, 1.0, 1.0, 1.0, 1.0, 1.0, 1.0, 1.0, 1.0, 1.0, 1.0, 1.0, 1.0, 1.0, 1.0, 1.0, 1.0, 1.0, 1.0, 1.0, 1.0, 1.0, 1.0, 1.0, 1.0, 1.0, 1.0, 1.0, 1.0, 1.0, 1.0, 1.0, 1.0, 1.0, 1.0, 1.0, 1.0, 1.0, 1.0, 1.0, 1.0, 1.0, 1.0, 1.0, 1.0, 1.0, 1.0, 1.0, 1.0, 1.0, 1.0, 1.0, 1.0, 1.0, 1.0, 1.0, 1.0, 1.0, 1.0, 1.0, 1.0, 1.0, 1.0, 1.0, 1.0, 1.0, 1.0, 1.0, 1.0, 1.0, 1.0, 1.0, 1.0, 1.0], "min_weight": 0.95, "max_distance": 3}