{"n_items": 400, "weights": [9.99999999999977e-17, 9.99999999999977e-17, 9.99999999999977e-17, 9.99999999999977e-17, 9.99999999999977e-17, 9.99999999999977e-17, 9.99999999999977e-17, 9.99999999999977e-17, 9.99999999999977e-17, 9.99999999999977e-17, 9.99999999999977e-17, 9.99999999999977e-17, 9.99999999999977e-17, 9.99999999999977e-17, 9.99999999999977e-17, 9.99999999999977e-17, 9.99999999999977e-17, 9.99999999999977e-17, 9.99999999999977e-17, 9.99999999999977e-17, 9.99999999999977e-17, 9.99999999999977e-17, 9.99999999999977e-17, 9.99999999999977e-17, 9.99999999999977e-17, 9.99999999999977e-17, 9.99999999999977e-17, 9.999999999999771e-05, 9.999999999999771e-05, 9.99999999999977e-17, 9.999999999999771e-05, 9.99999999999977e-17, 9.999999999999771e-05, 9.999999999999771e-05, 9.99999999999977e-17, 9.999999999999771e-05, 0.00039999999999999086, 0.00019999999999999543, 0.00029999999999999314, 0.00019999999999999543, 0.00029999999999999314, 0.00039999999999999086, 0.0004999999999999885, 0.000699999999999984, 0.0012999999999999702, 0.0004999999999999885, 0.0018999999999999564, 0.0011999999999999726, 0.0015999999999999634, 0.001399999999999968, 0.0022999999999999475, 0.002999999999999931, 0.00349999999999992, 0.00349999999999992, 0.005099999999999883, 0.004399999999999899, 0.003799999999999913, 0.00609999999999986, 0.006799999999999844, 0.008399999999999807, 0.007999999999999816, 0.00739999999999983, 0.010399999999999762, 0.011199999999999743, 0.009999999999999771, 0.011899999999999727, 0.011199999999999743, 0.011999999999999724, 0.013499999999999691, 0.014099999999999677, 0.014599999999999665, 0.015199999999999651, 0.015799999999999637, 0.01659999999999962, 0.014999999999999656, 0.015799999999999637, 0.013899999999999682, 0.01569999999999964, 0.013699999999999686, 0.01569999999999964, 0.015299999999999649, 0.012799999999999707, 0.013599999999999689, 0.012499999999999713, 0.012399999999999715, 0.010099999999999769, 0.011699999999999731, 0.01049999999999976, 0.008499999999999805, 0.008999999999999793, 0.008199999999999812, 0.007799999999999821, 0.006399999999999854, 0.005999999999999862, 0.004099999999999906, 0.0038999999999999105, 0.004599999999999895, 0.003699999999999915, 0.002799999999999936, 0.002499999999999943, 0.0014999999999999656, 0.001999999999999954, 0.001999999999999954, 0.001399999999999968, 0.0012999999999999702, 0.0008999999999999794, 0.000999999999999977, 0.0004999999999999885, 0.0008999999999999794, 0.0004999999999999885, 9.999999999999771e-05, 0.00029999999999999314, 0.00029999999999999314, 0.00019999999999999543, 9.999999999999771e-05, 0.00019999999999999543, 0.00019999999999999543, 9.99999999999977e-17, 9.99999999999977e-17, 9.99999999999977e-17, 9.99999999999977e-17, 9.99999999999977e-17, 9.99999999999977e-17, 9.99999999999977e-17, 9.99999999999977e-17, 9.999999999999771e-05, 9.99999999999977e-17, 9.99999999999977e-17, 9.99999999999977e-17, 9.99999999999977e-17, 9.99999999999977e-17, 9.99999999999977e-17, 9.99999999999977e-17, 9.99999999999977e-17, 9.99999999999977e-17, 9.99999999999977e-17, 9.99999999999977e-17, 9.99999999999977e-17, 9.99999999999977e-17, 9.99999999999977e-17, 9.99999999999977e-17, 9.99999999999977e-17, 9.99999999999977e-17, 9.99999999999977e-17, 9.99999999999977e-17, 9.99999999999977e-17, 9.99999999999977e-17, 9.99999999999977e-17, 9.99999999999977e-17, 9.99999999999977e-17, 9.99999999999977e-17, 9.99999999999977e-17, 9.99999999999977e-17, 9.99999999999977e-17, 9.99999999999977e-17, 9.99999999999977e-17, 9.99999999999977e-17, 9.99999999999977e-17, 9.99999999999977e-17, 9.99999999999977e-17, 9.99999999999977e-17, 9.99999999999977e-17, 9.99999999999977e-17, 9.99999999999977e-17, 9.99999999999977e-17, 9.99999999999977e-17, 9.99999999999977e-17, 9.99999999999977e-17, 9.99999999999977e-17, 9.99999999999977e-17, 9.99999999999977e-17, 9.99999999999977e-17, 9.99999999999977e-17, 9.99999999999977e-17, 9.99999999999977e-17, 9.99999999999977e-17, 9.99999999999977e-17, 9.99999999999977e-17, 9.99999999999977e-17, 9.99999999999977e-17, 9.99999999999977e-17, 9.99999999999977e-17, 9.99999999999977e-17, 9.99999999999977e-17, 9.99999999999977e-17, 9.99999999999977e-17, 9.99999999999977e-17, 9.99999999999977e-17, 9.99999999999977e-17, 9.99999999999977e-17, 9.99999999999977e-17, 9.99999999999977e-17, 9.99999999999977e-17, 9.99999999999977e-17, 9.99999999999977e-17, 9.99999999999977e-17, 9.99999999999977e-17, 9.99999999999977e-17, 9.99999999999977e-17, 9.99999999999977e-17, 9.99999999999977e-17, 9.99999999999977e-17, 9.99999999999977e-17, 9.99999999999977e-17, 9.99999999999977e-17, 9.99999999999977e-17, 9.99999999999977e-17, 9.99999999999977e-17, 9.99999999999977e-17, 9.99999999999977e-17, 9.99999999999977e-17, 9.99999999999977e-17, 9.99999999999977e-17, 9.99999999999977e-17, 9.99999999999977e-17, 9.99999999999977e-17, 9.99999999999977e-17, 9.99999999999977e-17, 9.99999999999977e-17, 9.99999999999977e-17, 9.99999999999977e-17, 9.99999999999977e-17, 9.99999999999977e-17, 9.99999999999977e-17, 9.99999999999977e-17, 9.99999999999977e-17, 9.99999999999977e-17, 9.99999999999977e-17, 9.99999999999977e-17, 9.99999999999977e-17, 9.99999999999977e-17, 9.99999999999977e-17, 9.99999999999977e-17, 9.99999999999977e-17, 9.99999999999977e-17, 9.99999999999977e-17, 9.99999999999977e-17, 9.99999999999977e-17, 9.99999999999977e-17, 9.99999999999977e-17, 9.99999999999977e-17, 9.99999999999977e-17, 9.99999999999977e-17, 9.99999999999977e-17, 9.99999999999977e-17, 9.99999999999977e-17, 9.99999999999977e-17, 9.99999999999977e-17, 9.99999999999977e-17, 9.99999999999977e-17, 9.99999999999977e-17, 9.99999999999977e-17, 9.99999999999977e-17, 9.99999999999977e-17, 9.99999999999977e-17, 9.99999999999977e-17, 9.99999999999977e-17, 9.99999999999977e-17, 9.99999999999977e-17, 9.99999999999977e-17, 9.99999999999977e-17, 9.99999999999977e-17, 9.99999999999977e-17, 9.99999999999977e-17, 9.99999999999977e-17, 9.99999999999977e-17, 9.99999999999977e-17, 9.99999999999977e-17, 9.99999999999977e-17, 9.99999999999977e-17, 9.99999999999977e-17, 9.99999999999977e-17, 9.99999999999977e-17, 9.99999999999977e-17, 9.99999999999977e-17, 9.99999999999977e-17, 9.99999999999977e-17, 9.99999999999977e-17, 9.99999999999977e-17, 0.00019999999999999543, 9.99999999999977e-17, 9.99999999999977e-17, 9.99999999999977e-17, 9.99999999999977e-17, 9.99999999999977e-17, 0.00019999999999999543, 9.99999999999977e-17, 9.999999999999771e-05, 9.99999999999977e-17, 9.99999999999977e-17, 0.00029999999999999314, 0.00039999999999999086, 0.00039999999999999086, 0.00039999999999999086, 0.0004999999999999885, 0.0011999999999999726, 0.000699999999999984, 0.000999999999999977, 0.000999999999999977, 0.0015999999999999634, 0.0014999999999999656, 0.001399999999999968, 0.0012999999999999702, 0.001999999999999954, 0.0030999999999999288, 0.004099999999999906, 0.003799999999999913, 0.003799999999999913, 0.004899999999999888, 0.004299999999999901, 0.0061999999999998575, 0.00739999999999983, 0.007299999999999833, 0.006699999999999847, 0.008899999999999795, 0.009999999999999771, 0.011599999999999734, 0.011999999999999724, 0.012299999999999717, 0.012899999999999705, 0.013599999999999689, 0.014699999999999663, 0.012899999999999705, 0.015799999999999637, 0.015199999999999651, 0.017199999999999604, 0.01399999999999968, 0.0173999999999996, 0.016199999999999628, 0.016299999999999627, 0.015899999999999637, 0.01709999999999961, 0.015299999999999649, 0.012799999999999707, 0.014199999999999675, 0.013899999999999682, 0.013299999999999696, 0.010999999999999748, 0.0086999999999998, 0.008899999999999795, 0.010299999999999764, 0.007199999999999835, 0.00739999999999983, 0.006299999999999855, 0.00479999999999989, 0.006699999999999847, 0.004699999999999893, 0.005399999999999876, 0.0032999999999999245, 0.0035999999999999175, 0.004699999999999893, 0.002699999999999938, 0.0025999999999999405, 0.002399999999999945, 0.0017999999999999588, 0.0017999999999999588, 0.000999999999999977, 0.0008999999999999794, 0.0008999999999999794, 