{"n_items": 200, "weights": [1.0007004903432285e-16, 1.0007004903432285e-16, 1.0007004903432285e-16, 1.0007004903432285e-16, 1.0007004903432285e-16, 1.0007004903432285e-16, 1.0007004903432285e-16, 1.0007004903432285e-16, 1.0007004903432285e-16, 1.0007004903432285e-16, 1.0007004903432285e-16, 1.0007004903432285e-16, 1.0007004903432285e-16, 1.0007004903432285e-16, 1.0007004903432285e-16, 1.0007004903432285e-16, 1.0007004903432285e-16, 1.0007004903432285e-16, 1.0007004903432285e-16, 1.0007004903432285e-16, 1.0007004903432285e-16, 1.0007004903432285e-16, 1.0007004903432285e-16, 1.0007004903432285e-16, 1.0007004903432285e-16, 1.0007004903432285e-16, 1.0007004903432285e-16, 1.0007004903432285e-16, 1.0007004903432285e-16, 1.0007004903432285e-16, 1.0007004903432285e-16, 1.0007004903432285e-16, 1.0007004903432285e-16, 1.0007004903432285e-16, 1.0007004903432285e-16, 1.0007004903432285e-16, 1.0007004903432285e-16, 1.0007004903432285e-16, 1.0007004903432285e-16, 1.0007004903432285e-16, 1.0007004903432285e-16, 1.0007004903432285e-16, 1.0007004903432285e-16, 1.0007004903432285e-16, 1.0007004903432285e-16, 1.0007004903432285e-16, 1.0007004903432285e-16, 1.0007004903432285e-16, 1.0007004903432285e-16, 1.0007004903432285e-16, 1.0007004903432285e-16, 1.0007004903432285e-16, 1.0007004903432285e-16, 1.0007004903432285e-16, 1.0007004903432285e-16, 1.0007004903432285e-16, 1.0007004903432285e-16, 1.0007004903432285e-16, 1.0007004903432285e-16, 1.0007004903432285e-16, 1.0007004903432285e-16, 1.0007004903432285e-16, 1.0007004903432285e-16, 1.0007004903432285e-16, 1.0007004903432285e-16, 1.0007004903432285e-16, 1.0007004903432285e-16, 1.0007004903432285e-16, 1.0007004903432285e-16, 1.0007004903432285e-16, 1.0007004903432285e-16, 1.0007004903432285e-16, 1.0007004903432285e-16, 1.0007004903432285e-16, 1.0007004903432285e-16, 1.0007004903432285e-16, 1.0007004903432285e-16, 1.0007004903432285e-16, 1.0007004903432285e-16, 1.0007004903432285e-16, 1.0007004903432285e-16, 1.0007004903432285e-16, 1.0007004903432285e-16, 1.0007004903432285e-16, 1.0007004903432285e-16, 1.0007004903432285e-16, 1.0007004903432285e-16, 1.0007004903432285e-16, 1.0007004903432285e-16, 1.0007004903432285e-16, 1.0007004903432285e-16, 1.0007004903432285e-16, 1.0007004903432285e-16, 1.0007004903432285e-16, 1.0007004903432285e-16, 1.0007004903432285e-16, 1.0007004903432285e-16, 1.0007004903432285e-16, 1.0007004903432285e-16, 1.0007004903432285e-16, 1.0007004903432285e-16, 1.0007004903432285e-16, 1.0007004903432285e-16, 1.0007004903432285e-16, 1.0007004903432285e-16, 1.0007004903432285e-16, 1.0007004903432285e-16, 0.00010007004903432285, 1.0007004903432285e-16, 1.0007004903432285e-16, 1.0007004903432285e-16, 0.00010007004903432285, 1.0007004903432285e-16, 1.0007004903432285e-16, 1.0007004903432285e-16, 1.0007004903432285e-16, 1.0007004903432285e-16, 0.00010007004903432285, 1.0007004903432285e-16, 0.0002001400980686457, 0.0002001400980686457, 0.0003002101471029685, 0.0004002801961372914, 0.0003002101471029685, 1.0007004903432285e-16, 0.0010007004903432285, 0.000600420294205937, 0.0004002801961372914, 0.0007004903432402599, 0.0015010507355148427, 0.001200840588411874, 0.0011007705393775514, 0.0029020314219953625, 0.002601821274892394, 0.0034023816671669765, 0.0035024517162012994, 0.003802661863304268, 0.003702591814269945, 0.005003502451716142, 0.005503852696887757, 0.007205043530471245, 0.007205043530471245, 0.009206444511157702, 0.009306514560192025, 0.013609526668667906, 0.01160812568798145, 0.012608826178324678, 0.014910437306114103, 0.01721204843390353, 0.020014009806864567, 0.019113379365555662, 0.021615130591413734, 0.023516461523065867, 0.027319123386370135, 0.025217652356649356, 0.02601821274892394, 0.02561793255278665, 0.029320524367056594, 0.030921645151605757, 0.03472430701491003, 0.033323326328429506, 0.03562493745621893, 0.0302211548083655, 0.032622835985189245, 0.02962073451415956, 0.030421294906434145, 0.0289202441709193, 0.028720104072850656, 0.027719403582507428, 0.0267187030921642, 0.02361653157210019, 0.025718002601820972, 0.023316321424997222, 0.020214149904933216, 0.01761232863004082, 0.020214149904933216, 0.019113379365555662, 0.015410787551285717, 0.01160812568798145, 0.013609526668667906, 0.01090763534474119, 0.011207845491844158, 0.00950665465826067, 0.007605323726608536, 0.008005603922745828, 0.0059041328930250474, 0.005603922745922079, 0.004703292304613174, 0.002601821274892394, 0.003802661863304268, 0.00210147102972078, 0.0018012608826178111, 0.0023016111277894256, 0.000600420294205937, 0.0016011207845491656, 0.0008005603922745828, 0.0007004903432402599, 0.0005003502451716142, 0.0005003502451716142, 1.0007004903432285e-16], "profits": [1.0, 1.0, 1.0, 1.0, 1.0, 1.0, 1.0, 1.0, 1.0, 1.0, 1.0, 1.0, 1.0, 1.0, 1.0, 1.0, 1.0, 1.0, 1.0, 1.0, 1.0, 1.0, 1.0, 1.0, 1.0, 1.0, 1.0, 1.0, 1.0, 1.0, 1.0, 1.0, 1.0, 1.0, 1.0, 1.0, 1.0, 1.0, 1.0, 1.0, 1.0, 1.0, 1.0, 1.0, 1.0, 1.0, 1.0, 1.0, 1.0, 1.0, 1.0, 1.0, 1.0, 1.0, 1.0, 1.0, 1.0, 1.0, 1.0, 1.0, 1.0, 1.0, 1.0, 1.0, 1.0, 1.0, 1.0, 1.0, 1.0, 1.0, 1.0, 1.0, 1.0, 1.0, 1.0, 1.0, 1.0, 1.0, 1.0, 1.0, 1.0, 1.0, 1.0, 1.0, 1.0, 1.0, 1.0, 1.0, 1.0, 1.0, 1.0, 1.0, 1.0, 1.0, 1.0, 1.0, 1.0, 1.0, 1.0, 1.0, 1.0, 1.0, 1.0, 1.0, 1.0, 1.0, 1.0, 1.0, 1.0, 1.0, 1.0, 1.0, 1.0, 1.0, 1.0, 1.0, 1.0, 1.0, 1.0, 1.0, 1.0, 1.0, 1.0, 1.0, 1.0, 1.0, 1.0, 1.0, 1.0, 1.0, 1.0, 1.0, 1.0, 1.0, 1.0, 1.0, 1.0, 1.0, 0.1, 1.0, 1.0, 1.0, 1.0, 1.0, 1.0, 1.0, 1.0, 0.1, 1.0, 1.0, 1.0, 1.0, 1.0, 1.0, 1.0, 1.0, 1.0, 1.0, 1.0, 1.0, 1.0, 1.0, 1.0, 1.0, 1.0, 1.0, 1.0, 1.0, 1.0, 1.0, 1.0, 1.0, 1.0, 1.0, 1.0, 1.0, 1.0, 1.0, 1.0, 1.0, 1.0, 1.0, 1.0, 1.0, 1.0, 1.0, 1.0, 1.0, 1.0, 1.0, 1.0, 1.0, 1.0, 1.0, 1.0, 1.0, 1.0, 1.0, 1.0, 1.0], "min_weight": 0.95, "max_distance": 3}