{"n_items": 400, "weights": [9.999999999999724e-17, 9.999999999999724e-17, 9.999999999999724e-17, 9.999999999999724e-17, 9.999999999999724e-17, 9.999999999999724e-17, 9.999999999999724e-17, 9.999999999999724e-17, 9.999999999999724e-17, 9.999999999999724e-17, 9.999999999999724e-17, 9.999999999999724e-17, 9.999999999999724e-17, 9.999999999999724e-17, 9.999999999999724e-17, 9.999999999999724e-17, 9.999999999999724e-17, 9.999999999999724e-17, 9.999999999999724e-17, 9.999999999999724e-17, 9.999999999999724e-17, 9.999999999999724e-17, 9.999999999999724e-17, 9.999999999999724e-17, 9.999999999999724e-17, 9.999999999999724e-17, 9.999999999999724e-17, 9.999999999999724e-17, 9.999999999999724e-17, 9.999999999999724e-17, 9.999999999999724e-17, 9.999999999999724e-17, 9.999999999999724e-17, 9.999999999999724e-17, 9.999999999999724e-17, 9.999999999999724e-17, 9.999999999999724e-17, 9.999999999999724e-17, 9.999999999999724e-17, 9.999999999999724e-17, 9.999999999999724e-17, 9.999999999999724e-17, 9.999999999999724e-17, 9.999999999999724e-17, 9.999999999999724e-17, 9.999999999999724e-17, 9.999999999999724e-17, 9.999999999999724e-17, 9.999999999999724e-17, 9.999999999999724e-17, 9.999999999999724e-17, 9.999999999999724e-17, 9.999999999999724e-17, 9.999999999999724e-17, 9.999999999999724e-17, 9.999999999999724e-17, 9.999999999999724e-17, 9.999999999999724e-17, 9.999999999999724e-17, 9.999999999999724e-17, 9.999999999999724e-17, 9.999999999999724e-17, 9.999999999999724e-17, 9.999999999999724e-17, 9.999999999999724e-17, 9.999999999999724e-17, 9.999999999999724e-17, 9.999999999999724e-17, 9.999999999999724e-17, 9.999999999999724e-17, 9.999999999999724e-17, 9.999999999999724e-17, 9.999999999999724e-17, 9.999999999999724e-17, 9.999999999999724e-17, 9.999999999999724e-17, 9.999999999999724e-17, 9.999999999999724e-17, 9.999999999999724e-17, 9.999999999999724e-17, 9.999999999999724e-17, 9.999999999999724e-17, 9.999999999999724e-17, 9.999999999999724e-17, 9.999999999999724e-17, 9.999999999999724e-17, 9.999999999999724e-17, 9.999999999999724e-17, 9.999999999999724e-17, 9.999999999999724e-17, 9.999999999999724e-17, 9.999999999999724e-17, 9.999999999999724e-17, 9.999999999999724e-17, 9.999999999999724e-17, 9.999999999999724e-17, 9.999999999999724e-17, 9.999999999999724e-17, 9.999999999999724e-17, 9.999999999999724e-17, 9.999999999999724e-17, 9.999999999999724e-17, 9.999999999999724e-17, 9.999999999999724e-17, 9.999999999999724e-17, 9.999999999999724e-17, 9.999999999999724e-17, 9.999999999999724e-17, 9.999999999999724e-17, 9.999999999999724e-17, 9.999999999999724e-17, 9.999999999999724e-17, 9.999999999999724e-17, 9.999999999999724e-17, 9.999999999999724e-17, 9.999999999999724e-17, 9.999999999999724e-17, 9.999999999999724e-17, 9.999999999999724e-17, 0.0002999999999999917, 9.999999999999724e-17, 9.999999999999724e-05, 9.999999999999724e-05, 0.00019999999999999448, 9.999999999999724e-05, 9.999999999999724e-05, 0.0007999999999999779, 0.0005999999999999834, 0.00039999999999998896, 0.00039999999999998896, 0.0005999999999999834, 0.0005999999999999834, 0.0010999999999999695, 0.0011999999999999667, 0.0015999999999999558, 0.0017999999999999503, 0.0019999999999999445, 0.0019999999999999445, 0.0027999999999999228, 0.0038999999999998923, 0.003699999999999898, 0.004499999999999876, 0.005399999999999851, 0.005099999999999859, 0.006099999999999831, 0.006599999999999818, 0.00759999999999979, 0.008899999999999754, 0.009499999999999738, 0.008299999999999771, 0.010899999999999698, 0.01299999999999964, 0.011899999999999671, 0.014399999999999602, 0.015399999999999574, 0.013899999999999616, 0.012499999999999654, 0.01769999999999951, 0.015399999999999574, 0.016599999999999542, 0.015599999999999569, 0.015099999999999583, 0.013899999999999616, 0.016499999999999543, 0.013499999999999627, 0.014299999999999605, 0.013899999999999616, 0.014399999999999602, 0.012799999999999647, 0.015099999999999583, 0.011499999999999682, 0.011099999999999693, 0.012799999999999647, 0.011299999999999687, 0.011199999999999691, 0.011699999999999676, 0.008899999999999754, 0.008499999999999765, 0.00939999999999974, 0.0077999999999997845, 0.008199999999999773, 0.009699999999999731, 0.009699999999999731, 0.008499999999999765, 0.009299999999999743, 0.009199999999999745, 0.009499999999999738, 0.010299999999999716, 0.011299999999999687, 0.010399999999999713, 0.012099999999999665, 0.013499999999999627, 0.012499999999999654, 0.013999999999999613, 0.012599999999999651, 0.013599999999999625, 0.015499999999999571, 0.015999999999999556, 0.017499999999999516, 0.016099999999999556, 0.016599999999999542, 0.013799999999999618, 0.01629999999999955, 0.014799999999999591, 0.015099999999999583, 0.01589999999999956, 0.015799999999999564, 0.014499999999999598, 0.01339999999999963, 0.01369999999999962, 0.01229999999999966, 0.011099999999999693, 0.009699999999999731, 0.012499999999999654, 0.009099999999999749, 0.010899999999999698, 0.007999999999999778, 0.007499999999999792, 0.00869999999999976, 0.00649999999999982, 0.005399999999999851, 0.005199999999999857, 0.0041999999999998835, 0.0024999999999999307, 0.003299999999999909, 0.0023999999999999334, 0.0026999999999999255, 0.0020999999999999418, 0.0013999999999999614, 0.0008999999999999751, 0.0015999999999999558, 0.0005999999999999834, 0.0005999999999999834, 0.0005999999999999834, 0.00019999999999999448, 0.0006999999999999807, 0.0005999999999999834, 0.0007999999999999779, 0.0002999999999999917, 0.00019999999999999448, 9.999999999999724e-17, 9.999999999999724e-17, 9.999999999999724e-17, 0.00019999999999999448, 9.999999999999724e-17, 9.999999999999724e-05, 0.00019999999999999448, 9.999999999999724e-17, 9.999999999999724e-17, 9.999999999999724e-17, 9.999999999999724e-17, 9.999999999999724e-05, 9.999999999999724e-17, 9.999999999999724e-17, 9.999999999999724e-17, 9.999999999999724e-17, 9.999999999999724e-17, 9.999999999999724e-17, 9.999999999999724e-17, 9.999999999999724e-17, 9.999999999999724e-17, 9.999999999999724e-17, 9.999999999999724e-17, 9.999999999999724e-17, 9.999999999999724e-17, 9.999999999999724e-17, 9.999999999999724e-17, 9.999999999999724e-17, 9.999999999999724e-17, 9.999999999999724e-17, 9.999999999999724e-17, 9.999999999999724e-17, 9.999999999999724e-17, 9.999999999999724e-17, 9.999999999999724e-17, 9.999999999999724e-17, 9.999999999999724e-17, 9.999999999999724e-17, 9.999999999999724e-17, 9.999999999999724e-17, 9.999999999999724e-17, 9.999999999999724e-17, 9.999999999999724e-17, 9.999999999999724e-17, 9.999999999999724e-17, 9.999999999999724e-17, 9.999999999999724e-17, 9.999999999999724e-17, 9.999999999999724e-17, 9.999999999999724e-17, 9.999999999999724e-17, 9.999999999999724e-17, 9.999999999999724e-17, 9.999999999999724e-17, 9.999999999999724e-17, 9.999999999999724e-17, 9.999999999999724e-17, 9.999999999999724e-17, 9.999999999999724e-17, 9.999999999999724e-17, 9.999999999999724e-17, 9.999999999999724e-17, 9.999999999999724e-17, 9.999999999999724e-17, 9.999999999999724e-17, 9.999999999999724e-17, 9.999999999999724e-17, 9.999999999999724e-17, 9.999999999999724e-17, 9.999999999999724e-17, 9.999999999999724e-17, 9.999999999999724e-17, 9.999999999999724e-17, 9.999999999999724e-17, 9.999999999999724e-17, 9.999999999999724e-17, 9.999999999999724e-17, 9.999999999999724e-17, 9.999999999999724e-17, 9.999999999999724e-17, 9.999999999999724e-17, 9.999999999999724e-17, 9.999999999999724e-17, 9.999999999999724e-17, 9.999999999999724e-17, 9.999999999999724e-17, 9.999999999999724e-17, 9.999999999999724e-17, 9.999999999999724e-17, 9.999999999999724e-17, 9.999999999999724e-17, 9.999999999999724e-17, 9.999999999999724e-17, 9.999999999999724e-17, 9.999999999999724e-17, 9.999999999999724e-17, 9.999999999999724e-17, 9.999999999999724e-17, 9.999999999999724e-17, 9.999999999999724e-17, 9.999999999999724e-17, 9.999999999999724e-17, 9.999999999999724e-17, 9.999999999999724e-17, 9.999999999999724e-17, 9.999999999999724e-17, 9.999999999999724e-17, 9.999999999999724e-17, 9.999999999999724e-17, 9.999999999999724e-17, 