{"n_items": 200, "weights": [9.999999999999938e-17, 9.999999999999938e-17, 9.999999999999938e-17, 9.999999999999938e-17, 9.999999999999938e-17, 9.999999999999938e-17, 9.999999999999938e-17, 9.999999999999938e-17, 9.999999999999938e-17, 9.999999999999938e-17, 9.999999999999938e-17, 9.999999999999938e-17, 9.999999999999938e-17, 9.999999999999938e-17, 9.999999999999938e-17, 9.999999999999938e-17, 9.999999999999938e-17, 9.999999999999938e-17, 9.999999999999938e-17, 9.999999999999938e-17, 9.999999999999938e-17, 9.999999999999938e-17, 9.999999999999938e-17, 9.999999999999938e-17, 9.999999999999938e-17, 9.999999999999938e-17, 9.999999999999938e-17, 9.999999999999938e-17, 9.999999999999938e-17, 9.999999999999938e-17, 9.999999999999938e-17, 9.999999999999938e-17, 9.999999999999938e-17, 9.999999999999938e-17, 9.999999999999938e-17, 9.999999999999938e-17, 9.999999999999938e-17, 9.999999999999938e-17, 9.999999999999938e-05, 9.999999999999938e-17, 9.999999999999938e-05, 0.00019999999999999876, 9.999999999999938e-05, 0.0003999999999999975, 0.00029999999999999813, 0.0005999999999999963, 0.0006999999999999957, 0.000799999999999995, 0.0010999999999999931, 0.0008999999999999944, 0.0009999999999999937, 0.001299999999999992, 0.002399999999999985, 0.0024999999999999844, 0.00319999999999998, 0.003899999999999976, 0.003899999999999976, 0.003899999999999976, 0.004999999999999969, 0.004999999999999969, 0.0043999999999999725, 0.005999999999999963, 0.00649999999999996, 0.007399999999999954, 0.008799999999999945, 0.010899999999999932, 0.010899999999999932, 0.010899999999999932, 0.012499999999999923, 0.012499999999999923, 0.012499999999999923, 0.013299999999999918, 0.013699999999999915, 0.014299999999999912, 0.0160999999999999, 0.0159999999999999, 0.01769999999999989, 0.017099999999999893, 0.01919999999999988, 0.0158999999999999, 0.017099999999999893, 0.014999999999999908, 0.013199999999999918, 0.01279999999999992, 0.014099999999999913, 0.013599999999999916, 0.012199999999999924, 0.011899999999999926, 0.012699999999999921, 0.00959999999999994, 0.008399999999999947, 0.009099999999999943, 0.010199999999999937, 0.006799999999999958, 0.007099999999999956, 0.005799999999999964, 0.005899999999999963, 0.005299999999999967, 0.003699999999999977, 0.0043999999999999725, 0.0034999999999999784, 0.003399999999999979, 0.0027999999999999826, 0.0026999999999999832, 0.0034999999999999784, 0.0029999999999999814, 0.0029999999999999814, 0.0026999999999999832, 0.003399999999999979, 0.004299999999999973, 0.003599999999999978, 0.004099999999999974, 0.004699999999999971, 0.00479999999999997, 0.005899999999999963, 0.007799999999999952, 0.00789999999999995, 0.008499999999999947, 0.007499999999999954, 0.009799999999999939, 0.009899999999999938, 0.010799999999999933, 0.011099999999999931, 0.015499999999999904, 0.011499999999999929, 0.014399999999999911, 0.01459999999999991, 0.01759999999999989, 0.0160999999999999, 0.016399999999999897, 0.014999999999999908, 0.015399999999999905, 0.016799999999999895, 0.016399999999999897, 0.014899999999999908, 0.016599999999999896, 0.0156999999999999, 0.015099999999999907, 0.013399999999999917, 0.012499999999999923, 0.012399999999999923, 0.01139999999999993, 0.012299999999999924, 0.010299999999999936, 0.010599999999999934, 0.007599999999999953, 0.009099999999999943, 0.008299999999999948, 0.006299999999999961, 0.006799999999999958, 0.0053999999999999665, 0.0048999999999999695, 0.004099999999999974, 0.002599999999999984, 0.0027999999999999826, 0.002399999999999985, 0.002099999999999987, 0.0016999999999999895, 0.0014999999999999907, 0.001299999999999992, 0.001299999999999992, 0.0013999999999999913, 0.0004999999999999969, 0.0003999999999999975, 0.00029999999999999813, 0.0003999999999999975, 0.00029999999999999813, 0.00029999999999999813, 0.0004999999999999969, 0.00029999999999999813, 0.00019999999999999876, 9.999999999999938e-05, 0.00019999999999999876, 9.999999999999938e-05, 9.999999999999938e-17, 9.999999999999938e-17, 9.999999999999938e-05, 9.999999999999938e-17, 9.999999999999938e-05, 9.999999999999938e-17, 9.999999999999938e-17, 9.999999999999938e-05, 9.999999999999938e-17, 9.999999999999938e-17, 9.999999999999938e-17, 9.999999999999938e-17, 9.999999999999938e-17, 9.999999999999938e-17, 9.999999999999938e-17, 9.999999999999938e-17, 9.999999999999938e-17, 9.999999999999938e-17, 9.999999999999938e-17, 9.999999999999938e-17, 9.999999999999938e-17, 9.999999999999938e-17, 9.999999999999938e-17, 9.999999999999938e-17, 9.999999999999938e-17, 9.999999999999938e-17], "profits": [1.0, 1.0, 1.0, 1.0, 1.0, 1.0, 1.0, 1.0, 1.0, 1.0, 1.0, 1.0, 1.0, 1.0, 1.0, 1.0, 1.0, 1.0, 1.0, 1.0, 1.0, 1.0, 1.0, 1.0, 1.0, 1.0, 1.0, 1.0, 1.0, 1.0, 1.0, 1.0, 1.0, 1.0, 1.0, 1.0, 1.0, 1.0, 1.0, 1.0, 1.0, 1.0, 1.0, 1.0, 1.0, 1.0, 1.0, 1.0, 1.0, 1.0, 1.0, 1.0, 0.1, 1.0, 1.0, 1.0, 1.0, 1.0, 1.0, 1.0, 1.0, 1.0, 1.0, 1.0, 1.0, 1.0, 1.0, 1.0, 0.1, 1.0, 1.0, 1.0, 1.0, 1.0, 1.0, 1.0, 1.0, 1.0, 1.0, 1.0, 1.0, 1.0, 1.0, 1.0, 1.0, 1.0, 1.0, 1.0, 1.0, 1.0, 1.0, 1.0, 1.0, 1.0, 1.0, 1.0, 1.0, 1.0, 1.0, 1.0, 1.0, 1.0, 1.0, 1.0, 1.0, 1.0, 1.0, 1.0, 1.0, 1.0, 1.0, 1.0, 1.0, 1.0, 1.0, 1.0, 1.0, 1.0, 1.0, 1.0, 1.0, 1.0, 1.0, 1.0, 1.0, 1.0, 1.0, 1.0, 1.0, 1.0, 1.0, 1.0, 1.0, 1.0, 1.0, 1.0, 1.0, 1.0, 1.0, 1.0, 1.0, 1.0, 1.0, 1.0, 1.0, 1.0, 1.0, 1.0, 1.0, 1.0, 1.0, 1.0, 1.0, 1.0, 1.0, 1.0, 1.0, 1.0, 1.0, 1.0, 1.0, 1.0, 1.0, 1.0, 1.0, 1.0, 1.0, 1.0, 1.0, 1.0, 1.0, 1.0, 1.0, 1.0, 1.0, 1.0, 1.0, 1.0, 1.0, 1.0, 1.0, 1.0, 1.0, 1.0, 1.0, 1.0, 1.0, 1.0, 1.0, 1.0, 1.0, 1.0, 1.0, 1.0, 1.0, 1.0, 1.0, 1.0, 1.0, 1.0], "min_weight": 0.95, "max_distance": 3}