{"n_items": 600, "weights": [9.99999999999964e-17, 9.99999999999964e-17, 9.99999999999964e-17, 9.99999999999964e-17, 9.99999999999964e-17, 9.99999999999964e-17, 9.99999999999964e-17, 9.99999999999964e-17, 9.99999999999964e-17, 9.99999999999964e-17, 9.99999999999964e-17, 9.99999999999964e-17, 9.99999999999964e-17, 9.99999999999964e-17, 9.99999999999964e-17, 9.99999999999964e-17, 9.99999999999964e-17, 9.99999999999964e-17, 9.99999999999964e-17, 9.99999999999964e-17, 9.99999999999964e-17, 9.99999999999964e-17, 9.99999999999964e-17, 9.99999999999964e-17, 9.99999999999964e-17, 9.99999999999964e-17, 9.99999999999964e-17, 9.99999999999964e-17, 9.99999999999964e-17, 9.99999999999964e-17, 9.99999999999964e-17, 9.99999999999964e-17, 9.99999999999964e-17, 9.99999999999964e-17, 9.99999999999964e-17, 9.99999999999964e-17, 9.99999999999964e-17, 9.99999999999964e-17, 9.99999999999964e-17, 9.99999999999964e-17, 9.99999999999964e-17, 9.99999999999964e-17, 9.99999999999964e-17, 9.99999999999964e-17, 9.99999999999964e-17, 9.99999999999964e-17, 9.99999999999964e-17, 9.99999999999964e-17, 9.99999999999964e-17, 9.99999999999964e-17, 9.99999999999964e-17, 9.99999999999964e-17, 9.99999999999964e-17, 9.99999999999964e-17, 9.99999999999964e-17, 9.99999999999964e-17, 9.99999999999964e-17, 9.99999999999964e-17, 9.99999999999964e-17, 9.99999999999964e-17, 9.99999999999964e-17, 9.99999999999964e-17, 9.99999999999964e-17, 9.99999999999964e-17, 9.99999999999964e-17, 9.99999999999964e-17, 9.99999999999964e-17, 9.99999999999964e-17, 9.99999999999964e-17, 9.99999999999964e-17, 9.99999999999964e-17, 9.99999999999964e-17, 9.99999999999964e-17, 9.99999999999964e-17, 9.99999999999964e-17, 9.99999999999964e-17, 9.99999999999964e-17, 9.99999999999964e-17, 9.99999999999964e-17, 9.99999999999964e-17, 9.99999999999964e-17, 9.99999999999964e-17, 9.99999999999964e-17, 9.99999999999964e-17, 9.99999999999964e-17, 9.99999999999964e-17, 9.99999999999964e-17, 9.99999999999964e-17, 9.99999999999964e-17, 9.99999999999964e-17, 9.99999999999964e-17, 9.99999999999964e-17, 9.99999999999964e-17, 9.99999999999964e-17, 9.99999999999964e-17, 9.99999999999964e-17, 9.99999999999964e-17, 9.99999999999964e-17, 9.99999999999964e-17, 9.99999999999964e-17, 9.99999999999964e-17, 9.99999999999964e-05, 9.99999999999964e-17, 9.99999999999964e-17, 9.99999999999964e-17, 9.99999999999964e-17, 9.99999999999964e-17, 9.99999999999964e-17, 9.99999999999964e-17, 9.99999999999964e-17, 9.99999999999964e-17, 9.99999999999964e-17, 9.99999999999964e-17, 9.99999999999964e-17, 9.99999999999964e-17, 9.99999999999964e-17, 0.0001999999999999928, 9.99999999999964e-17, 9.99999999999964e-17, 9.99999999999964e-17, 0.0001999999999999928, 9.99999999999964e-17, 9.99999999999964e-05, 0.0001999999999999928, 9.99999999999964e-05, 0.0001999999999999928, 0.0005999999999999784, 0.0003999999999999856, 9.99999999999964e-05, 0.0002999999999999892, 0.0003999999999999856, 0.0001999999999999928, 0.000999999999999964, 0.0008999999999999676, 0.000499999999999982, 0.0007999999999999712, 0.0006999999999999748, 0.0010999999999999604, 0.0015999999999999424, 0.0010999999999999604, 0.0017999999999999351, 0.0020999999999999244, 0.0028999999999998957, 0.0016999999999999388, 0.0018999999999999315, 0.001499999999999946, 0.002999999999999892, 0.0038999999999998597, 0.0035999999999998702, 0.0033999999999998775, 0.004199999999999849, 0.0036999999999998666, 0.002999999999999892, 0.005299999999999809, 0.00499999999999982, 0.005699999999999795, 0.005499999999999802, 0.006699999999999759, 0.00609999999999978, 0.006999999999999748, 0.007399999999999733, 0.00969999999999965, 0.007899999999999716, 0.008099999999999708, 0.008099999999999708, 0.008899999999999679, 0.008099999999999708, 0.010399999999999625, 0.009499999999999658, 0.009899999999999643, 0.008799999999999683, 0.010899999999999608, 0.011799999999999575, 0.011699999999999579, 0.012399999999999554, 0.01079999999999961, 0.01279999999999954, 0.012099999999999564, 0.010899999999999608, 0.011499999999999585, 0.009899999999999643, 0.0110999999999996, 0.009899999999999643, 0.011599999999999583, 0.010499999999999622, 0.0077999999999997195, 0.0064999999999997655, 0.00999999999999964, 0.007699999999999723, 0.008499999999999694, 0.007999999999999712, 0.006999999999999748, 0.006199999999999777, 0.008899999999999679, 0.006999999999999748, 0.007399999999999733, 0.00639999999999977, 0.005199999999999812, 0.0043999999999998415, 0.0033999999999998775, 0.005399999999999805, 0.003999999999999856, 0.0033999999999998775, 0.003999999999999856, 0.0038999999999998597, 0.003499999999999874, 0.0027999999999998994, 0.0026999999999999026, 0.002999999999999892, 0.001299999999999953, 0.001999999999999928, 0.0020999999999999244, 0.0016999999999999388, 0.0011999999999999567, 0.0018999999999999315, 0.001499999999999946, 0.000999999999999964, 0.0006999999999999748, 0.0008999999999999676, 0.0005999999999999784, 0.0007999999999999712, 0.000499999999999982, 9.99999999999964e-05, 0.0005999999999999784, 0.0001999999999999928, 9.99999999999964e-05, 0.0002999999999999892, 0.0002999999999999892, 0.0002999999999999892, 9.99999999999964e-05, 9.99999999999964e-17, 9.99999999999964e-05, 9.99999999999964e-17, 0.0001999999999999928, 0.0003999999999999856, 9.99999999999964e-05, 9.99999999999964e-05, 9.99999999999964e-05, 9.99999999999964e-17, 9.99999999999964e-17, 9.99999999999964e-17, 9.99999999999964e-05, 9.99999999999964e-05, 9.99999999999964e-17, 9.99999999999964e-17, 9.99999999999964e-17, 9.99999999999964e-17, 9.99999999999964e-17, 9.99999999999964e-17, 9.99999999999964e-17, 9.99999999999964e-17, 9.99999999999964e-17, 9.99999999999964e-17, 9.99999999999964e-17, 9.99999999999964e-05, 9.99999999999964e-05, 9.99999999999964e-05, 9.99999999999964e-05, 9.99999999999964e-17, 9.99999999999964e-17, 9.99999999999964e-17, 9.99999999999964e-05, 9.99999999999964e-17, 9.99999999999964e-17, 0.0001999999999999928, 0.0001999999999999928, 9.99999999999964e-17, 9.99999999999964e-05, 0.0002999999999999892, 0.0003999999999999856, 0.000499999999999982, 0.0001999999999999928, 0.0005999999999999784, 0.000499999999999982, 0.0005999999999999784, 0.000499999999999982, 0.0008999999999999676, 0.0006999999999999748, 0.000999999999999964, 0.0010999999999999604, 0.0011999999999999567, 0.0008999999999999676, 0.001299999999999953, 0.0013999999999999497, 0.0017999999999999351, 0.0011999999999999567, 0.001499999999999946, 0.0023999999999999135, 0.0017999999999999351, 0.0028999999999998957, 0.0021999999999999208, 0.003999999999999856, 0.003799999999999863, 0.004099999999999852, 0.004899999999999824, 0.005899999999999787, 0.0064999999999997655, 0.004499999999999838, 0.005399999999999805, 0.00609999999999978, 0.005899999999999787, 0.005799999999999791, 0.008299999999999702, 0.00749999999999973, 0.007599999999999726, 0.008199999999999704, 0.007599999999999726, 0.007699999999999723, 0.007699999999999723, 0.009899999999999643, 0.008999999999999677, 0.010699999999999614, 0.008499999999999694, 0.008399999999999698, 0.01139999999999959, 0.009299999999999664, 0.010499999999999622, 0.010199999999999633, 0.01079999999999961, 0.01139999999999959, 0.010999999999999604, 0.012599999999999546, 0.012299999999999558, 0.009499999999999658, 0.009499999999999658, 0.00969999999999965, 0.009799999999999648, 0.009899999999999643, 0.009199999999999669, 0.00999999999999964, 0.009399999999999662, 0.008399999999999698, 0.008699999999999687, 0.007999999999999712, 0.008299999999999702, 0.0070999999999997445, 0.00749999999999973, 0.007399999999999733, 0.006199999999999777, 0.0071999999999997405, 0.004599999999999834, 0.005799999999999791, 0.004499999999999838, 0.004799999999999827, 0.003799999999999863, 0.004099999999999852, 0.003499999999999874, 0.0038999999999998597, 0.0021999999999999208, 0.0030999999999998884, 0.003799999999999863, 0.001999999999999928, 0.0028999999999998957, 0.0020999999999999244, 0.0015999999999999424, 0.001999999999999928, 0.0017999999999999351, 0.0013999999999999497, 0.0016999999999999388, 