{"n_items": 200, "weights": [0.04959999999999927, 0.05339999999999921, 0.05799999999999914, 0.04829999999999929, 0.053299999999999216, 0.05209999999999923, 0.053899999999999205, 0.048399999999999284, 0.05209999999999923, 0.05039999999999926, 0.04249999999999937, 0.042399999999999376, 0.038199999999999436, 0.03979999999999941, 0.035099999999999486, 0.03449999999999949, 0.03159999999999953, 0.0272999999999996, 0.02519999999999963, 0.021199999999999688, 0.019199999999999717, 0.018899999999999723, 0.016699999999999753, 0.013799999999999797, 0.011299999999999833, 0.008899999999999868, 0.009199999999999865, 0.008399999999999876, 0.005699999999999916, 0.004899999999999928, 0.005199999999999923, 0.00339999999999995, 0.0028999999999999573, 0.003999999999999941, 0.001899999999999972, 0.0015999999999999764, 0.002299999999999966, 0.0009999999999999853, 0.0004999999999999926, 0.0008999999999999867, 0.0002999999999999956, 0.0003999999999999941, 0.00019999999999999706, 0.0002999999999999956, 0.00019999999999999706, 0.00019999999999999706, 0.00019999999999999706, 9.999999999999852e-17, 9.999999999999853e-05, 9.999999999999853e-05, 9.999999999999852e-17, 9.999999999999852e-17, 9.999999999999852e-17, 9.999999999999852e-17, 9.999999999999852e-17, 9.999999999999852e-17, 9.999999999999852e-17, 9.999999999999852e-17, 9.999999999999852e-17, 9.999999999999852e-17, 9.999999999999852e-17, 9.999999999999852e-17, 9.999999999999852e-17, 9.999999999999852e-17, 9.999999999999852e-17, 9.999999999999852e-17, 9.999999999999852e-17, 9.999999999999852e-17, 9.999999999999852e-17, 9.999999999999852e-17, 9.999999999999852e-17, 9.999999999999852e-17, 9.999999999999852e-17, 9.999999999999852e-17, 9.999999999999852e-17, 9.999999999999852e-17, 9.999999999999852e-17, 9.999999999999852e-17, 9.999999999999852e-17, 9.999999999999852e-17, 9.999999999999852e-17, 9.999999999999852e-17, 9.999999999999852e-17, 9.999999999999852e-17, 9.999999999999852e-17, 9.999999999999852e-17, 9.999999999999852e-17, 9.999999999999852e-17, 9.999999999999852e-17, 9.999999999999852e-17, 9.999999999999852e-17, 9.999999999999852e-17, 9.999999999999852e-17, 9.999999999999852e-17, 9.999999999999852e-17, 9.999999999999852e-17, 9.999999999999852e-17, 9.999999999999852e-17, 9.999999999999852e-17, 9.999999999999852e-17, 9.999999999999852e-17, 9.999999999999852e-17, 9.999999999999852e-17, 9.999999999999852e-17, 9.999999999999852e-17, 9.999999999999852e-17, 9.999999999999852e-17, 9.999999999999852e-17, 9.999999999999852e-17, 9.999999999999852e-17, 9.999999999999852e-17, 9.999999999999852e-17, 9.999999999999852e-17, 9.999999999999852e-17, 9.999999999999852e-17, 9.999999999999852e-17, 9.999999999999852e-17, 9.999999999999852e-17, 9.999999999999852e-17, 9.999999999999852e-17, 9.999999999999852e-17, 9.999999999999852e-17, 9.999999999999852e-17, 9.999999999999852e-17, 9.999999999999852e-17, 9.999999999999852e-17, 9.999999999999852e-17, 9.999999999999852e-17, 9.999999999999852e-17, 9.999999999999852e-17, 9.999999999999852e-17, 9.999999999999852e-17, 9.999999999999852e-17, 9.999999999999852e-17, 9.999999999999852e-17, 9.999999999999852e-17, 9.999999999999852e-17, 9.999999999999852e-17, 9.999999999999852e-17, 9.999999999999852e-17, 9.999999999999852e-17, 9.999999999999852e-17, 9.999999999999852e-17, 9.999999999999852e-17, 9.999999999999852e-17, 9.999999999999852e-17, 9.999999999999852e-17, 9.999999999999852e-17, 9.999999999999852e-17, 9.999999999999852e-17, 9.999999999999852e-17, 9.999999999999852e-17, 9.999999999999852e-17, 9.999999999999852e-17, 9.999999999999852e-17, 9.999999999999852e-17, 9.999999999999852e-17, 9.999999999999852e-17, 9.999999999999852e-17, 9.999999999999852e-17, 9.999999999999852e-17, 9.999999999999852e-17, 9.999999999999852e-17, 9.999999999999852e-17, 9.999999999999852e-17, 9.999999999999852e-17, 9.999999999999852e-17, 9.999999999999852e-17, 9.999999999999852e-17, 9.999999999999852e-17, 9.999999999999852e-17, 9.999999999999852e-17, 9.999999999999852e-17, 9.999999999999852e-17, 9.999999999999852e-17, 9.999999999999852e-17, 9.999999999999852e-17, 9.999999999999852e-17, 9.999999999999852e-17, 9.999999999999852e-17, 9.999999999999852e-17, 9.999999999999852e-17, 9.999999999999852e-17, 9.999999999999852e-17, 9.999999999999852e-17, 9.999999999999852e-17, 9.999999999999852e-17, 9.999999999999852e-17, 9.999999999999852e-17, 9.999999999999852e-17, 9.999999999999852e-17, 9.999999999999852e-17, 9.999999999999852e-17, 9.999999999999852e-17, 9.999999999999852e-17, 9.999999999999852e-17, 9.999999999999852e-17, 9.999999999999852e-17, 9.999999999999852e-17, 9.999999999999852e-17], "profits": [1.0, 1.0, 1.0, 0.1, 1.0, 1.0, 1.0, 1.0, 1.0, 1.0, 1.0, 1.0, 1.0, 1.0, 1.0, 1.0, 1.0, 1.0, 1.0, 1.0, 1.0, 1.0, 1.0, 1.0, 1.0, 1.0, 1.0, 1.0, 1.0, 1.0, 1.0, 1.0, 1.0, 1.0, 1.0, 1.0, 1.0, 1.0, 1.0, 1.0, 1.0, 1.0, 1.0, 1.0, 1.0, 1.0, 1.0, 1.0, 1.0, 1.0, 1.0, 1.0, 1.0, 1.0, 1.0, 1.0, 1.0, 1.0, 1.0, 1.0, 1.0, 1.0, 1.0, 1.0, 1.0, 1.0, 1.0, 1.0, 1.0, 1.0, 1.0, 1.0, 1.0, 1.0, 1.0, 1.0, 1.0, 1.0, 1.0, 1.0, 1.0, 1.0, 1.0, 1.0, 1.0, 1.0, 1.0, 1.0, 1.0, 1.0, 1.0, 1.0, 1.0, 1.0, 1.0, 1.0, 1.0, 1.0, 1.0, 1.0, 1.0, 1.0, 1.0, 1.0, 1.0, 1.0, 1.0, 1.0, 1.0, 1.0, 1.0, 1.0, 1.0, 1.0, 1.0, 1.0, 1.0, 1.0, 1.0, 1.0, 1.0, 1.0, 1.0, 1.0, 1.0, 1.0, 1.0, 1.0, 1.0, 1.0, 1.0, 1.0, 1.0, 1.0, 1.0, 1.0, 1.0, 1.0, 1.0, 1.0, 1.0, 1.0, 1.0, 1.0, 1.0, 1.0, 1.0, 1.0, 1.0, 1.0, 1.0, 1.0, 1.0, 1.0, 1.0, 1.0, 1.0, 1.0, 1.0, 1.0, 1.0, 1.0, 1.0, 1.0, 1.0, 1.0, 1.0, 1.0, 1.0, 1.0, 1.0, 1.0, 1.0, 1.0, 1.0, 1.0, 1.0, 1.0, 1.0, 1.0, 1.0, 1.0, 1.0, 1.0, 1.0, 1.0, 1.0, 1.0, 1.0, 1.0, 1.0, 1.0, 1.0, 1.0, 1.0, 1.0, 1.0, 1.0, 1.0, 1.0], "min_weight": 0.95, "max_distance": 2}