{"n_items": 200, "weights": [0.002399999999999984, 0.002899999999999981, 0.0024999999999999836, 0.003199999999999979, 0.002599999999999983, 0.003199999999999979, 0.003999999999999974, 0.004699999999999969, 0.003499999999999977, 0.003999999999999974, 0.004699999999999969, 0.003999999999999974, 0.004899999999999968, 0.0050999999999999665, 0.006399999999999958, 0.00769999999999995, 0.007299999999999952, 0.0075999999999999505, 0.007799999999999949, 0.007199999999999953, 0.010299999999999932, 0.008199999999999947, 0.0075999999999999505, 0.011099999999999928, 0.008799999999999942, 0.010099999999999934, 0.009999999999999934, 0.011299999999999926, 0.01069999999999993, 0.013999999999999908, 0.012399999999999918, 0.012399999999999918, 0.011099999999999928, 0.01359999999999991, 0.012499999999999917, 0.012699999999999916, 0.013999999999999908, 0.014999999999999902, 0.013499999999999911, 0.015099999999999902, 0.016299999999999894, 0.015099999999999902, 0.015599999999999899, 0.014099999999999908, 0.015799999999999897, 0.0154999999999999, 0.014099999999999908, 0.019399999999999872, 0.012999999999999914, 0.016299999999999894, 0.016099999999999896, 0.01729999999999989, 0.01719999999999989, 0.0154999999999999, 0.01699999999999989, 0.015699999999999898, 0.01689999999999989, 0.01719999999999989, 0.014899999999999903, 0.014299999999999907, 0.014699999999999904, 0.014099999999999908, 0.0152999999999999, 0.017699999999999882, 0.014699999999999904, 0.013499999999999911, 0.011899999999999923, 0.013399999999999912, 0.013099999999999914, 0.012999999999999914, 0.012299999999999919, 0.009699999999999936, 0.010899999999999929, 0.009699999999999936, 0.009999999999999934, 0.00909999999999994, 0.008699999999999944, 0.009299999999999939, 0.009299999999999939, 0.007199999999999953, 0.008499999999999945, 0.007499999999999951, 0.006199999999999959, 0.0075999999999999505, 0.006499999999999957, 0.005499999999999964, 0.005899999999999962, 0.004299999999999972, 0.00449999999999997, 0.004699999999999969, 0.003499999999999977, 0.004199999999999973, 0.002599999999999983, 0.003199999999999979, 0.0030999999999999795, 0.0030999999999999795, 0.0030999999999999795, 0.002399999999999984, 0.002599999999999983, 0.0021999999999999854, 0.0013999999999999909, 0.0020999999999999864, 0.0017999999999999882, 0.0015999999999999895, 0.0013999999999999909, 0.001199999999999992, 0.0012999999999999915, 0.0014999999999999903, 0.0010999999999999927, 0.0013999999999999909, 0.001199999999999992, 0.00039999999999999736, 0.0007999999999999947, 0.0004999999999999968, 0.00039999999999999736, 0.00039999999999999736, 0.0006999999999999954, 0.0004999999999999968, 0.000599999999999996, 0.00019999999999999868, 0.000599999999999996, 0.00039999999999999736, 0.000299999999999998, 9.999999999999934e-05, 9.999999999999934e-05, 9.999999999999934e-05, 0.00019999999999999868, 9.999999999999934e-05, 9.999999999999934e-17, 9.999999999999934e-17, 9.999999999999934e-17, 9.999999999999934e-05, 0.0004999999999999968, 9.999999999999934e-05, 0.000299999999999998, 9.999999999999934e-17, 9.999999999999934e-05, 9.999999999999934e-17, 0.00019999999999999868, 9.999999999999934e-17, 9.999999999999934e-17, 9.999999999999934e-17, 9.999999999999934e-17, 9.999999999999934e-17, 9.999999999999934e-05, 9.999999999999934e-17, 9.999999999999934e-17, 9.999999999999934e-17, 9.999999999999934e-17, 9.999999999999934e-17, 9.999999999999934e-17, 9.999999999999934e-17, 9.999999999999934e-17, 9.999999999999934e-17, 9.999999999999934e-17, 9.999999999999934e-17, 9.999999999999934e-17, 9.999999999999934e-17, 9.999999999999934e-17, 9.999999999999934e-17, 9.999999999999934e-17, 9.999999999999934e-17, 9.999999999999934e-17, 9.999999999999934e-17, 9.999999999999934e-17, 9.999999999999934e-17, 9.999999999999934e-17, 9.999999999999934e-17, 9.999999999999934e-17, 9.999999999999934e-17, 9.999999999999934e-17, 9.999999999999934e-17, 9.999999999999934e-17, 9.999999999999934e-17, 9.999999999999934e-17, 9.999999999999934e-17, 9.999999999999934e-17, 9.999999999999934e-17, 9.999999999999934e-17, 9.999999999999934e-17, 9.999999999999934e-17, 9.999999999999934e-17, 9.999999999999934e-17, 9.999999999999934e-17, 9.999999999999934e-17, 9.999999999999934e-17, 9.999999999999934e-17, 9.999999999999934e-17, 9.999999999999934e-17, 9.999999999999934e-17, 9.999999999999934e-17, 9.999999999999934e-17, 9.999999999999934e-17, 9.999999999999934e-17, 9.999999999999934e-17, 9.999999999999934e-17, 9.999999999999934e-17, 9.999999999999934e-17, 9.999999999999934e-17, 9.999999999999934e-17],