{"n_items": 200, "weights": [0.007130102598368678, 0.003581185342756351, 0.0051321397930758844, 0.006340502730152848, 0.005287586637747866, 0.003430103292391859, 0.0030341596970848853, 0.004033545672642863, 0.006538435967999557, 0.0037689622202063825, 0.004661474459425524, 0.008206512430794613, 0.00438538117396834, 0.0029373721800751798, 0.003300213662966054, 0.0048848927088956445, 0.00349173801833416, 0.00488761204668548, 0.003963741579222688, 0.006375021811013226, 0.005467383643819648, 0.004220937143804218, 0.0030509006587037687, 0.007234768843415433, 0.006337163572836503, 0.004155772923700457, 0.005541813859233128, 0.004756134530845881, 0.0026283476956291056, 0.004646133960016421, 0.0053954561275538606, 0.003938082274057283, 0.0037056834097531615, 0.005276176598862229, 0.002450447266244984, 0.004760200775594137, 0.0034179504545251474, 0.007254252801797605, 0.004362784490241236, 0.004955646193839272, 0.0019689121076266413, 0.006271419762847251, 0.003612356442570416, 0.004484535811746196, 0.006342014409201328, 0.005239973751678828, 0.005858864607637182, 0.003506150516898145, 0.006731487662803591, 0.004997369898518021, 0.005167498202886364, 0.006390577765060316, 0.005886096274452904, 0.005567250119160576, 0.007538777681345183, 0.004500409309641281, 0.005651991071136639, 0.0052193087734096815, 0.005754021550190294, 0.004928459403680953, 0.003455601435510908, 0.005226045755811123, 0.005486639226395686, 0.005850507451364974, 0.00743544662160029, 0.001890892856629115, 0.00643637530994671, 0.0070050305548462755, 0.007488368051416411, 0.0049875708208319495, 0.006786687241090277, 0.0036359068304242176, 0.0035788245191200126, 0.008610895396246467, 0.003911530109354976, 0.0054916680716252594, 0.005201671058914857, 0.0043725348932836736, 0.006744950413318262, 0.005364252107880897, 0.005950289197562638, 0.005824805740789296, 0.006835129500546324, 0.004669488041905131, 0.004577286499503607, 0.003818416420000072, 0.002659113366269239, 0.004632910643134732, 0.0045492958460786005, 0.00558369624060563, 0.005286728677438098, 0.00831895189548085, 0.0042720712346506545, 0.00551092173599279, 0.0038489274952196975, 0.0027729769695637157, 0.00558872848574645, 0.004524276769056659, 0.005084432127083549, 0.0027183604722569145, 0.004905565538152391, 0.0035223207869185297, 0.003815288265375548, 0.004496387430379794, 0.0022192585270380503, 0.0033263352618211985, 0.0028317517625290256, 0.005415951907592785, 0.003769711396743553, 0.003544343268836825, 0.0044085940980943305, 0.004456117603367148, 0.005729230771699476, 0.0051183739324050445, 0.005283883454280889, 0.00497981046030832, 0.0047641399367060015, 0.0048092828964190594, 0.0032780294131488723, 0.003934901217491958, 0.006152881956610762, 0.005102708090324648, 0.008075680392504154, 0.003581498740372883, 0.006435985649648558, 0.005338851991549518, 0.0050330322917541345, 0.006039734245632568, 0.0052167526344818315, 0.006718022151020555, 0.006506256881244644, 0.004468028548736802, 0.004624521951949253, 0.003598084549117984, 0.005950848153277565, 0.004575865311716555, 0.0064089917389627445, 0.005150196746730088, 0.005438194518402822, 0.004743368023862829, 0.0047267232620843355, 0.005912951255710021, 0.006081791039440512, 0.005458004089457165, 0.004761947535597022, 0.002821612860827879, 0.004759035288217886, 0.0051095228634042145, 0.007864328512163983, 0.004194487600105036, 0.007168554929778503, 0.007129332771375425, 0.006495381704823857, 0.004743586405251834, 0.0044369268895555584, 0.0049226954462468575, 0.004993028091758774, 0.006598818555891288, 0.004459017726123945, 0.006392549235423988, 0.002803459653381562, 0.004745926318441865, 0.006089731737418856, 0.004564192779413871, 0.005138301788771785, 0.006628755347029798, 0.00611128271030669, 0.0024024409240886533, 0.005415690875865648, 0.004721735646238284, 0.00593886309814074, 0.0034968857365096895, 0.00451634788776451, 0.005611464059433236, 0.003431099017721297, 0.005150163742845978, 0.005343654937951987, 0.0039643006283864935, 0.005022108223598645, 0.00602727582750024, 0.007119033603405658, 0.004837972329223103, 0.004893004075610246, 0.005096262735926244, 0.0040769425466032705, 0.005607490625320987, 0.0070413380806482965, 0.003562900127436079, 0.0038353562065162475, 0.0041091970157195136, 0.0036993289626022874, 0.0053657878418443975, 0.002855144989463623, 0.005059843676299972, 0.003283425211105821, 0.006334338912267363, 0.00470624580745562, 0.005754315534429697, 0.00644775437773188, 0.005859155383861772], "profits": [1.0, 1.0, 1.0, 1.0, 1.0, 1.0, 1.0, 1.0, 1.0, 1.0, 1.0, 1.0, 1.0, 1.0, 1.0, 1.0, 1.0, 1.0, 1.0, 1.0, 1.0, 1.0, 1.0, 1.0, 1.0, 1.0, 1.0, 1.0, 1.0, 1.0, 1.0, 1.0, 1.0, 1.0, 1.0, 1.0, 1.0, 1.0, 1.0, 1.0, 1.0, 1.0, 1.0, 1.0, 1.0, 1.0, 1.0, 1.0, 1.0, 1.0, 1.0, 1.0, 1.0, 1.0, 1.0, 1.0, 1.0, 1.0, 1.0, 1.0, 1.0, 1.0, 1.0, 1.0, 1.0, 1.0, 1.0, 1.0, 1.0, 1.0, 1.0, 1.0, 1.0, 1.0, 1.0, 1.0, 1.0, 1.0, 1.0, 1.0, 1.0, 1.0, 1.0, 1.0, 1.0, 1.0, 1.0, 1.0, 1.0, 1.0, 1.0, 1.0, 1.0, 1.0, 1.0, 1.0, 1.0, 1.0, 1.0, 1.0, 1.0, 1.0, 1.0, 1.0, 1.0, 1.0, 1.0, 1.0, 1.0, 1.0, 1.0, 1.0, 1.0, 1.0, 1.0, 1.0, 1.0, 1.0, 1.0, 1.0, 1.0, 1.0, 1.0, 1.0, 1.0, 1.0, 1.0, 1.0, 1.0, 1.0, 1.0, 1.0, 1.0, 1.0, 1.0, 1.0, 1.0, 1.0, 1.0, 1.0, 1.0, 1.0, 1.0, 1.0, 1.0, 1.0, 1.0, 1.0, 1.0, 1.0, 1.0, 1.0, 1.0, 1.0, 1.0, 1.0, 1.0, 1.0, 1.0, 1.0, 1.0, 1.0, 1.0, 1.0, 1.0, 1.0, 1.0, 1.0, 1.0, 1.0, 1.0, 1.0, 1.0, 1.0, 1.0, 1.0, 1.0, 1.0, 1.0, 1.0, 1.0, 1.0, 1.0, 1.0, 1.0, 1.0, 1.0, 1.0, 1.0, 1.0, 1.0, 1.0, 1.0, 1.0, 1.0, 1.0, 1.0, 1.0, 1.0, 1.0], "min_weight": 0.95, "max_distance": 3}