{"n_items": 200, "weights": [9.999999999999884e-17, 9.999999999999884e-17, 9.999999999999884e-17, 9.999999999999884e-17, 9.999999999999884e-17, 9.999999999999884e-17, 9.999999999999884e-17, 9.999999999999884e-17, 9.999999999999884e-17, 9.999999999999884e-17, 9.999999999999884e-17, 9.999999999999884e-17, 9.999999999999884e-17, 9.999999999999884e-17, 9.999999999999884e-17, 9.999999999999884e-17, 9.999999999999884e-17, 9.999999999999884e-17, 9.999999999999884e-17, 9.999999999999884e-17, 9.999999999999884e-17, 9.999999999999884e-17, 9.999999999999884e-17, 9.999999999999884e-17, 9.999999999999884e-17, 9.999999999999884e-17, 9.999999999999884e-17, 9.999999999999884e-17, 9.999999999999884e-17, 9.999999999999884e-17, 9.999999999999884e-17, 9.999999999999884e-17, 9.999999999999884e-17, 9.999999999999884e-17, 9.999999999999884e-17, 9.999999999999884e-17, 9.999999999999884e-17, 9.999999999999884e-17, 9.999999999999884e-17, 9.999999999999884e-17, 9.999999999999884e-17, 9.999999999999884e-17, 9.999999999999884e-17, 9.999999999999884e-17, 9.999999999999884e-17, 9.999999999999884e-17, 9.999999999999884e-17, 9.999999999999884e-17, 9.999999999999884e-17, 9.999999999999884e-17, 9.999999999999884e-17, 9.999999999999884e-17, 9.999999999999884e-17, 9.999999999999884e-05, 9.999999999999884e-05, 9.999999999999884e-05, 9.999999999999884e-05, 0.0002999999999999965, 0.00019999999999999768, 0.00039999999999999536, 0.0006999999999999919, 0.00039999999999999536, 0.0008999999999999896, 0.000599999999999993, 0.0006999999999999919, 0.0008999999999999896, 0.0014999999999999825, 0.0014999999999999825, 0.002399999999999972, 0.0021999999999999745, 0.0025999999999999695, 0.0026999999999999685, 0.003999999999999953, 0.003999999999999953, 0.0050999999999999405, 0.004899999999999943, 0.00769999999999991, 0.009299999999999892, 0.009599999999999888, 0.01129999999999987, 0.012399999999999856, 0.014099999999999837, 0.015299999999999822, 0.015899999999999814, 0.017399999999999798, 0.020999999999999755, 0.021299999999999753, 0.024599999999999712, 0.023599999999999725, 0.024699999999999712, 0.025599999999999703, 0.029499999999999655, 0.031599999999999635, 0.03179999999999963, 0.032399999999999624, 0.0341999999999996, 0.03229999999999962, 0.03379999999999961, 0.03139999999999964, 0.033699999999999605, 0.027199999999999683, 0.033899999999999604, 0.027899999999999675, 0.028199999999999673, 0.02829999999999967, 0.022799999999999734, 0.021599999999999748, 0.025199999999999705, 0.025399999999999704, 0.02059999999999976, 0.01819999999999979, 0.016699999999999805, 0.014799999999999827, 0.01469999999999983, 0.01129999999999987, 0.011899999999999862, 0.009399999999999891, 0.008799999999999898, 0.0085999999999999, 0.006499999999999924, 0.00429999999999995, 0.005799999999999933, 0.004499999999999948, 0.004099999999999953, 0.0033999999999999603, 0.0026999999999999685, 0.003199999999999963, 0.0015999999999999814, 0.0020999999999999756, 0.0012999999999999848, 0.0007999999999999907, 0.0008999999999999896, 0.0008999999999999896, 0.000599999999999993, 9.999999999999884e-17, 0.0002999999999999965, 9.999999999999884e-05, 9.999999999999884e-05, 9.999999999999884e-05, 9.999999999999884e-17, 0.00019999999999999768, 9.999999999999884e-05, 9.999999999999884e-17, 9.999999999999884e-17, 9.999999999999884e-17, 9.999999999999884e-17, 9.999999999999884e-17, 9.999999999999884e-17, 9.999999999999884e-17, 9.999999999999884e-17, 9.999999999999884e-17, 9.999999999999884e-17, 9.999999999999884e-17, 9.999999999999884e-17, 9.999999999999884e-17, 9.999999999999884e-17, 9.999999999999884e-17, 9.999999999999884e-17, 9.999999999999884e-17, 9.999999999999884e-17, 9.999999999999884e-17, 9.999999999999884e-17, 9.999999999999884e-17, 9.999999999999884e-17, 9.999999999999884e-17, 9.999999999999884e-17, 9.999999999999884e-17, 9.999999999999884e-17, 9.999999999999884e-17, 9.999999999999884e-17, 9.999999999999884e-17, 9.999999999999884e-17, 9.999999999999884e-17, 9.999999999999884e-17, 9.999999999999884e-17, 9.999999999999884e-17, 9.999999999999884e-17, 9.999999999999884e-17, 9.999999999999884e-17, 9.999999999999884e-17, 9.999999999999884e-17, 9.999999999999884e-17, 9.999999999999884e-17, 9.999999999999884e-17, 9.999999999999884e-17, 9.999999999999884e-17, 9.999999999999884e-17, 9.999999999999884e-17, 9.999999999999884e-17, 9.999999999999884e-17, 9.999999999999884e-17, 9.999999999999884e-17, 9.999999999999884e-17, 9.999999999999884e-17, 9.999999999999884e-17, 9.999999999999884e-17, 9.999999999999884e-17, 9.999999999999884e-17, 9.999999999999884e-17, 9.999999999999884e-17],