{"n_items": 200, "weights": [9.99999999999989e-17, 9.99999999999989e-17, 9.99999999999989e-17, 9.99999999999989e-17, 9.99999999999989e-17, 9.99999999999989e-17, 9.99999999999989e-17, 9.99999999999989e-17, 9.99999999999989e-17, 9.99999999999989e-17, 9.99999999999989e-17, 9.99999999999989e-17, 9.99999999999989e-17, 9.99999999999989e-17, 9.99999999999989e-17, 9.99999999999989e-17, 9.99999999999989e-17, 9.99999999999989e-17, 9.99999999999989e-17, 9.99999999999989e-17, 9.99999999999989e-17, 9.99999999999989e-17, 9.99999999999989e-17, 9.99999999999989e-17, 9.99999999999989e-17, 9.99999999999989e-17, 9.99999999999989e-17, 9.99999999999989e-17, 9.99999999999989e-17, 9.99999999999989e-17, 9.99999999999989e-17, 9.99999999999989e-17, 9.99999999999989e-17, 9.99999999999989e-17, 9.99999999999989e-17, 9.99999999999989e-17, 9.99999999999989e-17, 9.99999999999989e-17, 9.99999999999989e-17, 9.99999999999989e-17, 9.99999999999989e-17, 9.99999999999989e-17, 9.99999999999989e-17, 9.99999999999989e-17, 9.99999999999989e-17, 9.99999999999989e-17, 9.99999999999989e-17, 9.99999999999989e-17, 9.99999999999989e-17, 9.99999999999989e-17, 9.99999999999989e-17, 9.99999999999989e-17, 9.99999999999989e-17, 9.99999999999989e-17, 9.99999999999989e-17, 9.99999999999989e-17, 9.99999999999989e-17, 9.99999999999989e-17, 9.99999999999989e-17, 9.99999999999989e-17, 9.99999999999989e-17, 9.99999999999989e-17, 9.99999999999989e-17, 9.99999999999989e-17, 9.99999999999989e-17, 9.99999999999989e-17, 9.99999999999989e-17, 9.99999999999989e-17, 9.99999999999989e-17, 9.99999999999989e-17, 9.99999999999989e-17, 9.99999999999989e-17, 9.99999999999989e-17, 9.99999999999989e-17, 9.99999999999989e-17, 9.99999999999989e-17, 9.99999999999989e-17, 9.99999999999989e-17, 9.99999999999989e-17, 9.99999999999989e-17, 9.99999999999989e-17, 9.99999999999989e-17, 9.99999999999989e-17, 9.99999999999989e-17, 9.99999999999989e-17, 9.99999999999989e-17, 9.99999999999989e-17, 9.99999999999989e-17, 9.99999999999989e-17, 9.99999999999989e-17, 9.99999999999989e-17, 9.99999999999989e-17, 9.99999999999989e-17, 9.99999999999989e-17, 9.99999999999989e-17, 9.99999999999989e-17, 0.00019999999999999781, 9.99999999999989e-17, 9.99999999999989e-17, 9.999999999999891e-05, 9.999999999999891e-05, 9.999999999999891e-05, 9.999999999999891e-05, 9.99999999999989e-17, 9.999999999999891e-05, 0.0002999999999999967, 0.0004999999999999946, 0.0004999999999999946, 0.0004999999999999946, 0.0007999999999999913, 0.0005999999999999934, 0.0006999999999999924, 0.0006999999999999924, 0.0019999999999999784, 0.0024999999999999727, 0.002199999999999976, 0.002299999999999975, 0.003099999999999966, 0.004399999999999952, 0.004399999999999952, 0.0047999999999999475, 0.004499999999999951, 0.007999999999999913, 0.007199999999999922, 0.007799999999999915, 0.008799999999999903, 0.01269999999999986, 0.011999999999999868, 0.013499999999999852, 0.015799999999999828, 0.01629999999999982, 0.017899999999999805, 0.021299999999999767, 0.020399999999999776, 0.02209999999999976, 0.023399999999999744, 0.026899999999999705, 0.027099999999999704, 0.02929999999999968, 0.02589999999999972, 0.028899999999999683, 0.029899999999999673, 0.03149999999999965, 0.032199999999999646, 0.03149999999999965, 0.03259999999999964, 0.032699999999999646, 0.026899999999999705, 0.029799999999999674, 0.02929999999999968, 0.02589999999999972, 0.024999999999999727, 0.027699999999999697, 0.023499999999999743, 0.023299999999999745, 0.02299999999999975, 0.02189999999999976, 0.018899999999999795, 0.016899999999999814, 0.017099999999999813, 0.013699999999999851, 0.012199999999999867, 0.010399999999999887, 0.012599999999999863, 0.010599999999999884, 0.00739999999999992, 0.008499999999999907, 0.00639999999999993, 0.006599999999999928, 0.0062999999999999315, 0.003599999999999961, 0.003499999999999962, 0.0026999999999999707, 0.003199999999999965, 0.0017999999999999804, 0.0019999999999999784, 0.0015999999999999825, 0.001099999999999988, 0.0013999999999999848, 0.0006999999999999924, 0.0007999999999999913, 0.0008999999999999902, 9.99999999999989e-17, 0.0002999999999999967, 0.0002999999999999967, 0.00039999999999999563, 0.00019999999999999781, 9.999999999999891e-05, 9.99999999999989e-17, 0.00019999999999999781, 9.99999999999989e-17, 9.99999999999989e-17, 9.99999999999989e-17, 9.99999999999989e-17, 9.999999999999891e-05, 9.99999999999989e-17, 9.99999999999989e-17, 9.99999999999989e-17, 9.99999999999989e-17, 9.99999999999989e-17],