{"n_items": 600, "weights": [9.999999999999529e-17, 9.999999999999529e-17, 9.999999999999529e-17, 9.999999999999529e-17, 9.999999999999529e-17, 9.999999999999529e-17, 9.999999999999529e-17, 9.999999999999529e-17, 9.999999999999529e-17, 9.999999999999529e-17, 9.999999999999529e-17, 9.999999999999529e-17, 9.999999999999529e-17, 9.999999999999529e-17, 9.999999999999529e-17, 9.999999999999529e-17, 9.999999999999529e-17, 9.999999999999529e-17, 9.999999999999529e-17, 9.999999999999529e-17, 9.999999999999529e-17, 9.999999999999529e-17, 9.999999999999529e-17, 9.999999999999529e-17, 9.999999999999529e-17, 9.999999999999529e-17, 9.999999999999529e-17, 9.999999999999529e-17, 9.999999999999529e-17, 9.999999999999529e-17, 9.999999999999529e-17, 9.999999999999529e-17, 9.999999999999529e-17, 9.999999999999529e-17, 9.999999999999529e-17, 9.999999999999529e-17, 9.999999999999529e-17, 9.999999999999529e-17, 9.999999999999529e-17, 9.999999999999529e-17, 9.999999999999529e-17, 9.999999999999529e-17, 9.999999999999529e-17, 9.999999999999529e-17, 9.999999999999529e-17, 9.999999999999529e-17, 9.999999999999529e-17, 9.999999999999529e-17, 9.999999999999529e-17, 9.999999999999529e-17, 9.999999999999529e-17, 9.999999999999529e-17, 9.999999999999529e-17, 9.999999999999529e-17, 9.999999999999529e-17, 9.999999999999529e-17, 9.999999999999529e-17, 9.999999999999529e-17, 9.999999999999529e-17, 9.999999999999529e-17, 9.999999999999529e-17, 9.999999999999529e-17, 9.999999999999529e-17, 9.999999999999529e-17, 9.999999999999529e-17, 9.999999999999529e-17, 9.999999999999529e-17, 9.999999999999529e-17, 9.999999999999529e-17, 9.999999999999529e-17, 9.999999999999529e-17, 9.999999999999529e-17, 9.999999999999529e-17, 9.999999999999529e-17, 9.999999999999529e-17, 9.999999999999529e-17, 9.999999999999529e-17, 9.999999999999529e-17, 9.999999999999529e-17, 9.999999999999529e-17, 9.999999999999529e-17, 9.999999999999529e-17, 9.999999999999529e-17, 9.999999999999529e-17, 9.999999999999529e-17, 9.999999999999529e-17, 9.999999999999529e-17, 9.999999999999529e-17, 9.999999999999529e-17, 9.999999999999529e-17, 9.999999999999529e-17, 9.999999999999529e-17, 9.999999999999529e-17, 9.999999999999529e-17, 9.999999999999529e-17, 9.999999999999529e-17, 9.999999999999529e-17, 9.999999999999529e-17, 9.999999999999529e-17, 9.999999999999529e-17, 9.999999999999529e-17, 9.999999999999529e-17, 9.999999999999529e-17, 9.999999999999529e-17, 9.999999999999529e-17, 9.999999999999529e-17, 9.999999999999529e-17, 9.999999999999529e-17, 9.999999999999529e-17, 9.999999999999529e-17, 9.999999999999529e-17, 9.999999999999529e-17, 9.999999999999529e-17, 9.999999999999529e-17, 9.999999999999529e-17, 9.999999999999529e-17, 9.999999999999529e-17, 9.999999999999529e-17, 9.999999999999529e-17, 9.999999999999529e-17, 9.999999999999529e-17, 9.999999999999529e-17, 9.999999999999529e-17, 9.999999999999529e-17, 9.999999999999529e-17, 9.999999999999529e-17, 9.999999999999529e-17, 9.999999999999529e-17, 9.999999999999529e-17, 9.999999999999529e-17, 9.999999999999529e-17, 9.999999999999529e-17, 9.999999999999529e-17, 9.999999999999529e-17, 9.999999999999529e-17, 9.999999999999529e-17, 9.999999999999529e-17, 9.999999999999529e-17, 9.999999999999529e-17, 9.999999999999529e-17, 9.999999999999529e-17, 9.999999999999529e-17, 9.999999999999529e-17, 9.999999999999529e-17, 9.999999999999529e-17, 9.999999999999529e-17, 9.999999999999529e-17, 9.999999999999529e-17, 9.999999999999529e-17, 9.999999999999529e-17, 9.999999999999529e-17, 9.999999999999529e-17, 9.999999999999529e-17, 9.999999999999529e-17, 9.999999999999529e-17, 9.999999999999529e-17, 9.999999999999529e-17, 9.999999999999529e-17, 9.999999999999529e-17, 9.999999999999529e-17, 9.999999999999529e-17, 9.999999999999529e-17, 9.999999999999529e-17, 9.999999999999529e-17, 9.999999999999529e-17, 9.999999999999529e-17, 9.999999999999529e-17, 9.999999999999529e-17, 9.999999999999529e-17, 9.999999999999529e-17, 9.999999999999529e-17, 9.999999999999529e-17, 9.999999999999529e-17, 9.999999999999529e-17, 9.999999999999529e-17, 9.999999999999529e-17, 9.999999999999529e-17, 9.999999999999529e-17, 9.999999999999529e-17, 9.999999999999529e-17, 9.999999999999529e-17, 9.999999999999529e-17, 9.999999999999529e-17, 9.999999999999529e-17, 9.999999999999529e-17, 9.999999999999529e-17, 9.999999999999529e-17, 0.00019999999999999058, 9.999999999999529e-05, 9.999999999999529e-17, 9.999999999999529e-05, 9.999999999999529e-05, 9.999999999999529e-05, 0.0002999999999999859, 0.00019999999999999058, 0.0004999999999999765, 0.0002999999999999859, 0.00039999999999998115, 0.0004999999999999765, 0.0004999999999999765, 0.0008999999999999576, 0.00039999999999998115, 0.000699999999999967, 0.0004999999999999765, 0.00039999999999998115, 0.0002999999999999859, 0.002099999999999901, 0.0018999999999999104, 0.0018999999999999104, 0.0018999999999999104, 0.0012999999999999388, 0.002099999999999901, 0.0016999999999999199, 0.0033999999999998398, 0.0030999999999998537, 0.0029999999999998587, 0.00529999999999975, 0.005899999999999722, 0.00529999999999975, 0.007399999999999652, 0.005499999999999741, 0.005799999999999726, 0.007099999999999666, 0.0065999999999996894, 0.0063999999999996985, 0.008199999999999614, 0.009199999999999566, 0.009299999999999562, 0.009899999999999534, 0.01209999999999943, 0.010499999999999505, 0.011799999999999445, 0.012599999999999407, 0.012599999999999407, 0.016299999999999232, 0.012799999999999397, 0.014299999999999327, 0.016299999999999232, 0.01869999999999912, 0.01509999999999929, 0.018399999999999132, 0.020499999999999033, 0.018299999999999136, 0.02039999999999904, 0.020899999999999017, 0.018799999999999116, 0.020299999999999045, 0.01949999999999908, 0.022399999999998945, 0.02149999999999899, 0.0232999999999989, 0.020899999999999017, 0.021399999999998993, 0.01989999999999906, 0.021299999999998997, 0.021399999999998993, 0.020099999999999053, 0.019199999999999096, 0.017299999999999184, 0.018999999999999104, 0.01659999999999922, 0.01779999999999916, 0.017599999999999172, 0.01949999999999908, 0.015399999999999274, 0.016299999999999232, 0.014099999999999335, 0.012699999999999401, 0.015599999999999265, 0.013599999999999359, 0.01229999999999942, 0.011499999999999459, 0.012199999999999425, 0.009399999999999558, 0.0105999999999995, 0.009599999999999548, 0.008399999999999604, 0.007999999999999624, 0.007999999999999624, 0.007799999999999633, 0.005799999999999726, 0.00529999999999975, 0.00509999999999976, 0.004599999999999783, 0.004999999999999764, 0.0032999999999998447, 0.004099999999999807, 0.003699999999999826, 0.004499999999999788, 0.0022999999999998915, 0.0012999999999999388, 0.002399999999999887, 0.002399999999999887, 0.002399999999999887, 0.001399999999999934, 0.0015999999999999246, 0.0014999999999999293, 0.0011999999999999435, 0.000699999999999967, 0.0005999999999999718, 0.00019999999999999058, 0.0007999999999999623, 0.0005999999999999718, 0.0004999999999999765, 0.0002999999999999859, 0.0004999999999999765, 0.00019999999999999058, 0.00019999999999999058, 9.999999999999529e-05, 0.0002999999999999859, 0.00019999999999999058, 0.00019999999999999058, 0.0004999999999999765, 9.999999999999529e-17, 9.999999999999529e-05, 9.999999999999529e-17, 9.999999999999529e-05, 9.999999999999529e-05, 9.999999999999529e-17, 0.00019999999999999058, 9.999999999999529e-17, 9.999999999999529e-17, 9.999999999999529e-17, 9.999999999999529e-17, 9.999999999999529e-17, 9.999999999999529e-17, 9.999999999999529e-17, 9.999999999999529e-17, 9.999999999999529e-17, 9.999999999999529e-17, 9.999999999999529e-17, 9.999999999999529e-17, 9.999999999999529e-17, 9.999999999999529e-17, 9.999999999999529e-17, 9.999999999999529e-17, 9.999999999999529e-17, 9.999999999999529e-17, 9.999999999999529e-17, 9.999999999999529e-17, 9.999999999999529e-17, 9.999999999999529e-17, 9.999999999999529e-17, 9.999999999999529e-17, 9.999999999999529e-17, 9.999999999999529e-17, 9.999999999999529e-17, 9.999999999999529e-17, 9.999999999999529e-17, 9.999999999999529e-17, 