{"n_items": 400, "weights": [0.002672828673374921, 0.0016959464193107728, 0.001859704247097136, 0.0022850785185727198, 0.0027859997318708672, 0.0025722732852267696, 0.001871108637037017, 0.0037588735094761503, 0.0019612706390457124, 0.0030992624348870077, 0.002623964929561426, 0.0017616417382172469, 0.003079356285561929, 0.0024792326161593415, 0.0018799315525518182, 0.0033635970789483265, 0.0023831787621659078, 0.002301462463376345, 0.0019116429641737249, 0.002490489344837321, 0.0029266425306540113, 0.001571143645283267, 0.0015872651824610806, 0.001738997623527781, 0.0032171784620034396, 0.0025702128460230074, 0.0017636093635911686, 0.0024770842545780436, 0.001660201685602275, 0.0018778533668515594, 0.002588263794933797, 0.002423514210763156, 0.0017845662006936735, 0.0015325009721198347, 0.0034995648943850987, 0.001887006301587672, 0.004355999461094677, 0.0018130112939251288, 0.0025375312128390645, 0.002852976858781588, 0.0029611010450554553, 0.0026480554959787818, 0.002550954485888997, 0.003100119488102207, 0.002994642177083384, 0.002582666094251956, 0.0015442612680882694, 0.002666591458277801, 0.0024082553112677613, 0.002840646718457492, 0.002711000235779271, 0.0028023132347156205, 0.0025819491393201536, 0.0026016112502413274, 0.002079656903299127, 0.0032492475843094114, 0.002136680163400063, 0.003546263756770184, 0.0026761498110970177, 0.0024212070448670054, 0.002258019076846975, 0.0031757272320939106, 0.003243317616989756, 0.0032316627341124134, 0.002012078145351129, 0.0016071721813381867, 0.0038132245394525404, 0.003413310048214573, 0.002526244700562424, 0.0035635213936271023, 0.0032610726440597385, 0.002979545163760214, 0.0019607903369575656, 0.0018545617753013967, 0.002750979293083025, 0.002081427452429689, 0.0026153478786375877, 0.003217127152315031, 0.0029840183716994795, 0.0022471874908826317, 0.002822525382279683, 0.00231395124014453, 0.0029409098999868444, 0.002159576284895282, 0.0032870171797604107, 0.0028570501750383235, 0.002489957642108298, 0.0025551775591871185, 0.0028841591297472193, 0.0018384095738236167, 0.0020894193782289663, 0.0024960236509904824, 0.0031302231817298782, 0.003032152395573213, 0.0027530212145873826, 0.0016221802158305689, 0.0008998415861977177, 0.0026745475230048636, 0.001637071271422284, 0.0023817469405839264, 0.0021143295942395728, 0.0037175402608542072, 0.001877612746262292, 0.0013951648286237696, 0.0027597820773703407, 0.0027955085414227915, 0.0024151996196616335, 0.002373636686635992, 0.0018307941547344735, 0.0030906282686464157, 0.001964098401926253, 0.003314779985286025, 0.001983179194699057, 0.0021978126222580263, 0.0025787773507381824, 0.002840057024082753, 0.0033971135565689856, 0.0027459628651975952, 0.002424670265806851, 0.002569113993722428, 0.0017881925909101252, 0.0021008857445153533, 0.002503327859189742, 0.0022913191281788304, 0.001770783792667778, 0.003692018453960148, 0.0014089268316283866, 0.0029493212291105495, 0.0020154742550670523, 0.003249255631743384, 0.0027711413315741544, 0.003142346293744266, 0.0012753647523928303, 0.0017862385481518372, 0.003345070674000281, 0.0025141621784414104, 0.0025206725885474047, 0.0017390170565050012, 0.0030621828677631336, 0.0021323733637561137, 0.0038892671234876035, 0.0041016448803499915, 0.001966053058331342, 0.002537896023965111, 0.0031683800184405123, 0.001526084596950439, 0.0010111344194408745, 0.001935385836837437, 0.002626536315927152, 0.0031984602534948377, 0.002714183839503431, 0.0018919958192700015, 0.002112580135119174, 0.0033121908522515116, 0.0022078503484188458, 0.0025868868555067293, 0.0010591693224438754, 0.0023021527674526826, 0.0024625562099485094, 0.0021582275271857174, 0.004069212076199643, 0.0012308300408249778, 0.0019125976553003678, 0.002039869252147671, 0.0036244288970809268, 0.003057130353677974, 0.0018322549510238115, 0.0027559743649959315, 0.0015638388415980776, 0.001860741795935904, 0.0021905759757514572, 0.0023484249992339096, 0.0027995038608821473, 0.001610791589230368, 0.0017052458733894554, 0.0027401040115866727, 0.0030175410964310805, 0.0036347133983909517, 0.0018501687128426477, 0.0016935330831630549, 0.0033426135025949382, 0.0025091419758604522, 0.0026666396287188224, 0.0024358432678530328, 0.00263361257344703, 0.002580995146055583, 0.0025819479378100686, 0.001783527553923862, 0.0022035816056912576, 0.0027200334320434884, 0.0025340315017252173, 0.0029516791262587726, 0.0009883131470739387, 0.0027267518231854438, 0.0024990968112160597, 0.002449809046119916, 0.003183225402007531, 0.003306786893280601, 0.0017675151167340893, 0.002633190368682408, 0.0036375483717556198, 0.002159934041122794, 0.002053965041344972, 0.002129483964381652, 0.001704607167361059, 0.001297563770413621, 0.0021445077957964625, 0.0018571615395140927, 0.0025395070546215706, 0.002345406744317556, 0.0024272479544081775, 0.0023053765108959853, 0.002112716235329646, 0.0026399092865668386, 0.002448821250933825, 0.0029331985592333494, 0.0028981116964395823, 0.00437369855547281, 0.002440997963902445, 0.002653259786315807, 0.0030826704345549094, 0.002546086515014785, 0.0024486539804074695, 0.0018281587161850382, 0.00121069607261801, 0.0029784012279450585, 0.002976205461265469, 0.0019144306179401584, 0.0032495878132530764, 0.0027515595751432228, 0.0025047404352055167, 0.0026216818937881948, 0.0033083346672283164, 0.00327176280579845, 0.0014777654615076021, 0.0012661743551035962, 0.0030650187254761684, 0.0030077038382876663, 0.002959087217253321, 0.0019142904511530304, 0.0035715964400553453, 0.002442339804344775, 0.002471220615083712, 0.002430502766900349, 0.002757706755273461, 0.0031311017179263332, 0.0017372924301429073, 0.0038217483789054563, 0.0026408162604964953, 0.0020730231422586873, 0.0026043457957544733, 0.0016253240939172995, 0.0025442116894047167, 0.0016691958589936066, 0.002697179400244883, 0.0017107891563528776, 0.0036024251402351493, 0.002761063525518698, 0.0026172611003016785, 0.0018388254572331648, 0.0018743305385068622, 0.0023141999956651734, 0.0028995768880238277, 0.002330473526807139, 0.0013525330078053585, 0.003089404040543425, 0.002793684275337489, 0.00225348702449529, 0.0024953326717797523, 0.0029799641621075616, 0.0037349406676798255, 0.0012778230050794846, 0.0020102244652545295, 0.0022396921347726502, 0.0009714139683290084, 0.0017998445855557817, 0.002608634412215501, 0.0019596493819935405, 0.0032662572524148423, 0.002810716951270124, 0.002999413998332089, 0.0023484715662808863, 0.0020251906043741836, 0.0022607324546405623, 0.0019117845451422477, 0.0020789756238082696, 0.002878796803604419, 0.0026048778399281997, 0.002184768393368774, 0.0014532453840334198, 0.003038220431493937, 0.0026950263678050916, 0.002763125158963288, 0.002569248251542914, 0.0029235950844479844, 0.0030976676047332814, 0.003005570749546854, 0.002445213259631007, 0.0018012978628292099, 0.0026824186408890348, 0.0024644720730722506, 0.002859006001928725, 0.0028916002023760233, 0.0028202757149697437, 0.002638368585106955, 0.002686713046159019, 0.0031376505865009876, 0.002811256070928415, 0.0020063281201763176, 0.0020377283632002103, 0.0018389270174187183, 0.002837787019075617, 0.0030676811515563565, 0.0032043718830140357, 0.0024228830644472026, 0.001768661518432532, 0.0023688714808529515, 0.0025869919034415944, 0.0014548901339930245, 0.0032847256454816673, 0.002041323972949458, 0.0024108074782376787, 0.002120590822518493, 0.003861751262404449, 0.0019562201707247076, 0.001959971278790166, 0.0029735365402725356, 0.002566821220412812, 0.002435050170823253, 0.002683115886126188, 0.0033059314132280046, 0.0029000695172479605, 0.0012715828557109978, 0.0024139688202482815, 0.0026417626372267937, 0.0017943090872930482, 0.0014767106900248365, 0.002479817822945014, 0.0017880567240238562, 0.00279072148297494, 0.0019107917284522029, 0.0031540054762649082, 0.0011004307724163762, 0.003097260676920867, 0.0027276129034185586, 0.0023204461409038766, 0.003057756328883405, 0.003358940121719912, 0.002280909024064698, 0.0023675242411598262, 0.0016483379095793783, 0.0027349781983424695, 