{"n_items": 400, "weights": [0.0032444692045563556, 0.0023285850986806264, 0.002588306744919932, 0.0023289348973440575, 0.0024431615255785166, 0.003746155765830586, 0.0013142953105631395, 0.0024964067148727084, 0.002337866414098624, 0.0035088556858131194, 0.0028622416838340256, 0.0020399005339439267, 0.0035471123427749623, 0.00193695722612027, 0.0018796025742395446, 0.0023182106869993444, 0.0026744483256164555, 0.0018794475042788021, 0.0022903610282259453, 0.0015152556413109938, 0.00303865405149189, 0.0025248406147014304, 0.0038250022323153667, 0.002648111442125444, 0.0014871803028910372, 0.0014604825673141027, 0.001501782772259974, 0.0026517415239319937, 0.0023938555814143722, 0.0019060316009555294, 0.002433475870137242, 0.0025462393317511917, 0.002583830654091759, 0.001996280114907185, 0.0029177439650758166, 0.0030346109462279646, 0.0033609310165669173, 0.00338105285842412, 0.0019328512815975911, 0.001716595536786941, 0.0019728448925937013, 0.0031488747501498436, 0.002944055213149721, 0.0021378105842973874, 0.0033728185808142657, 0.0019272066878704647, 0.0029282507302011537, 0.002994589750563842, 0.0023028648599328, 0.0019532008352845494, 0.0020132555371616136, 0.002878740539660252, 0.003099026804153627, 0.0027009878880943673, 0.0027960390484092846, 0.0028012129498564916, 0.002562198349497407, 0.0018647535529256614, 0.0016379149669592057, 0.001615250432289424, 0.0017195529482912021, 0.001723506215020099, 0.0020211488582757547, 0.003023854559844805, 0.0031568900216663105, 0.004350918667658239, 0.0018223803887039817, 0.0018963932252745192, 0.002153858702261441, 0.0015901983789406062, 0.002845460728627238, 0.0030208730178050923, 0.003769454738228309, 0.0021382714641218097, 0.0022330943462959673, 0.0030360366937273223, 0.0006884202072173436, 0.0022468854467022023, 0.002037080388301381, 0.0014783397281568059, 0.003731295279434456, 0.0015695360901693718, 0.003350284227153757, 0.0024120247206586916, 0.0022279861083647754, 0.0032417121349818208, 0.0021324297487047244, 0.0025458434575398817, 0.003050486057551799, 0.001804956940544627, 0.0031652429866336844, 0.0018402486558932137, 0.0029362121228034307, 0.002790521849119542, 0.0017552642819334205, 0.002953603926916237, 0.0022055990806905857, 0.0032799050728710014, 0.0032120393814870658, 0.0017792050552724228, 0.0023726442502166162, 0.0028371230980086255, 0.001686867344723724, 0.0020063144417469267, 0.001990107175631901, 0.003052273554239424, 0.001447827850633736, 0.0026442417984452603, 0.00256509791722865, 0.002025978734205955, 0.0017896088720177096, 0.003613638533648526, 0.002561321270307844, 0.00360528535039833, 0.002910944070697259, 0.003630692545994359, 0.0025490985085023497, 0.003305185072323337, 0.002470882219933211, 0.0020896824206235246, 0.0013251846870696844, 0.0019487917104993847, 0.0031676843837770904, 0.003082537590078463, 0.002803293295560255, 0.0022989911157231505, 0.0022960755537524296, 0.0028735358785349943, 0.0018976283387849876, 0.0025202937025639934, 0.002885333355212899, 0.003180577192864966, 0.002691695613829786, 0.002886827407532708, 0.0022046174284749824, 0.0025593838331381424, 0.002272631934479191, 0.0020391265825195903, 0.0018823073451282534, 0.0023318056515216224, 0.002710552999659198, 0.0027047903157329397, 0.0030347247980617676, 0.0025455524810164155, 0.0025750931935041434, 0.0032663566647915133, 0.0029270582438428038, 0.0017869120838898273, 0.0017966297536923938, 0.0019846099196447263, 0.0013995705994280178, 0.00249788931230876, 0.00451247837297957, 0.0018963149420875504, 0.004524444217021707, 0.0036471828393762223, 0.003335620240847229, 0.002961204488844018, 0.0024349623661544095, 0.0021995343460324487, 0.0018638769855627369, 0.003351110165459007, 0.0011740791338693472, 0.0024259494331006167, 0.001988784805492467, 0.0032808854898968816, 0.0025328561977697806, 0.0018152598353645976, 0.0024608585926566614, 0.0020535142254277405, 0.0026360380512049824, 0.003423005375460364, 0.002470515989474563, 0.002733241410239628, 0.0028038219482674894, 0.0021173946804376154, 0.0032737703862966, 0.002238081904711937, 0.0026809664084213006, 0.0021035876905180326, 0.0021028882267040707, 0.0031114552488660267, 0.0022901005626036735, 0.003469963747960785, 0.0031530495800017517, 0.00295686371413291, 0.0017077223035867446, 0.0027878404184150693, 0.0020286905767491507, 0.0020966055146447154, 0.0027616859371664463, 0.002448464524526206, 0.0027394641423819734, 0.002067535829766313, 0.0037720521956997426, 0.0016172016296811193, 0.0026882852768495874, 0.0021076967776927145, 0.0034070039792814155, 0.002698360245181415, 0.0027764800938231676, 0.0021612282708038033, 0.001737124352418611, 0.001891064449160314, 0.00196370802508292, 0.0015904139152112637, 0.0025871344725295763, 0.003785215763550473, 0.001651489847559884, 0.0032233727483436483, 0.003319279038631231, 0.0016528687303120288, 0.001488635082737668, 0.002134226672190202, 0.0033529608832772234, 0.003108040402039625, 0.001974355824148749, 0.002121952388081017, 0.003175552555595473, 0.0012040464505090583, 0.0022457363210777064, 0.0031656610170090267, 0.0018891217446681437, 0.0024584104132024365, 0.003106797872070444, 0.002541900742158789, 0.0025007421627198235, 0.0017075915076483978, 0.0031973276119180768, 0.0028183163702009024, 0.001763101520233124, 0.0018075697220031534, 0.0017643292054491514, 0.002571555274015723, 0.0017325301443884028, 0.0025193846010492568, 0.0009111129641936495, 0.003583500628885381, 0.002704938427856852, 0.0011120899577759609, 0.003515137363180998, 0.003118055120013199, 0.00119919374735026, 0.002491130919017957, 0.0016909771263250565, 0.002943805967807235, 0.0021453955767875388, 0.0027111430068384947, 0.0026927427131359406, 0.002465685235646726, 0.003270053708845511, 0.0016618347695997002, 0.0021195643488679168, 0.002308016929529449, 0.003470954313514298, 0.0015696411655899418, 0.0033010289323793475, 0.0024755389811212925, 0.0026250413152775548, 0.0028810935710383593, 0.0020581419302845407, 0.0026690236327566097, 0.002243427721789279, 0.0016614235643457773, 0.002390110740419767, 0.003699245446262551, 0.0025310798842203336, 0.0025632733629594754, 0.001697961526570894, 0.0029992157919334125, 0.00195737631983018, 0.002821917451703105, 0.002563493246648143, 0.002109841399373149, 0.0031838323870290535, 0.002644469213737448, 0.002812610298920769, 0.0023547441295733228, 0.0033052490534121186, 0.003779209406605991, 0.0026327889269176564, 0.003145194863316757, 0.002302695972838793, 0.0020863827964246956, 0.002500441719638844, 0.002289881066793856, 0.002263351623847869, 0.0030576983418026337, 0.003015976362744178, 0.00250246483876564, 0.002036476029927231, 0.003709037106500637, 0.0023399139930921245, 0.0027478331368925957, 0.0027081062166891194, 0.0021038986365470324, 0.003196336069141734, 0.0027127715932774867, 0.0011665150141479566, 0.0019049101534385992, 0.0023831075597380213, 0.0017573549756675036, 0.0028208371060289227, 0.0024375704491393277, 0.0024692948931644976, 0.0017347632414306633, 0.0027562587454306787, 0.002386027999695943, 0.001824159743165599, 0.0035994400639960057, 0.0015171478121361489, 0.002162033476085906, 0.002391139629795077, 0.002690835862435134, 0.00269853011469237, 0.0023130865283576807, 0.003311410876415643, 0.0025624042911463764, 0.00239217373692827, 0.0027731956823839735, 0.0029024011909076866, 0.002267573733250784, 0.002918575219986295, 0.0030313618569356503, 0.002103752642870672, 0.0020459875783331526, 0.0023664918156583907, 0.0035291643343695993, 0.0024253103565027505, 0.0022428370985102114, 0.0013120022208780269, 0.002121414883127552, 0.0023562395805681834, 0.0020863632648825425, 0.002971191653162427, 0.0022853771076462898, 0.0029983661274370823, 0.0014949296156502726, 0.0016284148455235174, 0.0027743127758604004, 0.0021865285914813844, 0.002510046371654256, 0.0027563497262982494, 0.0026207017857645698, 0.0018352929925756947, 0.003021981225669145, 0.002677905431838974, 0.0020535544097016935, 0.0032679567789912272, 0.0029178084862618004, 0.0019379162008730721, 0.0033760833558229312, 0.0021807464990370702, 