{"n_items": 400, "weights": [9.999999999999763e-17, 9.999999999999763e-17, 9.999999999999763e-17, 9.999999999999763e-17, 9.999999999999763e-17, 9.999999999999763e-17, 9.999999999999763e-17, 9.999999999999763e-17, 9.999999999999763e-17, 9.999999999999763e-17, 9.999999999999763e-17, 9.999999999999763e-17, 9.999999999999763e-17, 9.999999999999763e-17, 9.999999999999763e-17, 9.999999999999763e-17, 9.999999999999763e-17, 9.999999999999763e-17, 9.999999999999763e-17, 9.999999999999763e-17, 9.999999999999763e-17, 9.999999999999763e-17, 9.999999999999763e-17, 9.999999999999763e-17, 9.999999999999763e-17, 9.999999999999763e-17, 9.999999999999763e-17, 9.999999999999763e-17, 9.999999999999763e-17, 9.999999999999763e-17, 9.999999999999763e-17, 9.999999999999763e-17, 9.999999999999763e-17, 9.999999999999763e-17, 9.999999999999763e-17, 9.999999999999763e-17, 9.999999999999763e-17, 9.999999999999763e-17, 9.999999999999763e-17, 9.999999999999763e-17, 9.999999999999763e-17, 9.999999999999763e-17, 9.999999999999763e-17, 9.999999999999763e-17, 9.999999999999763e-17, 9.999999999999763e-17, 9.999999999999763e-17, 9.999999999999763e-17, 9.999999999999763e-17, 9.999999999999763e-17, 9.999999999999763e-17, 9.999999999999763e-17, 9.999999999999763e-17, 9.999999999999763e-17, 9.999999999999763e-17, 9.999999999999763e-17, 9.999999999999763e-17, 9.999999999999763e-17, 9.999999999999763e-17, 9.999999999999763e-17, 9.999999999999763e-17, 9.999999999999763e-17, 9.999999999999763e-17, 9.999999999999763e-17, 9.999999999999763e-17, 9.999999999999763e-17, 9.999999999999763e-17, 9.999999999999763e-17, 9.999999999999763e-17, 9.999999999999763e-17, 9.999999999999763e-17, 9.999999999999763e-17, 9.999999999999763e-17, 9.999999999999763e-17, 9.999999999999763e-17, 9.999999999999763e-17, 9.999999999999763e-17, 9.999999999999763e-17, 9.999999999999763e-17, 9.999999999999763e-17, 9.999999999999763e-17, 9.999999999999763e-17, 9.999999999999763e-17, 9.999999999999763e-17, 9.999999999999763e-17, 9.999999999999763e-17, 9.999999999999763e-17, 9.999999999999763e-17, 9.999999999999763e-17, 9.999999999999763e-17, 9.999999999999763e-17, 9.999999999999763e-17, 9.999999999999763e-17, 9.999999999999763e-17, 9.999999999999763e-17, 9.999999999999763e-17, 9.999999999999763e-17, 9.999999999999763e-17, 9.999999999999763e-17, 9.999999999999763e-17, 9.999999999999763e-17, 9.999999999999763e-17, 9.999999999999763e-17, 9.999999999999763e-17, 9.999999999999763e-17, 9.999999999999763e-17, 9.999999999999763e-17, 9.999999999999763e-17, 9.999999999999763e-17, 9.999999999999763e-17, 9.999999999999763e-17, 9.999999999999763e-17, 9.999999999999763e-17, 9.999999999999763e-17, 9.999999999999763e-17, 9.999999999999763e-17, 9.999999999999763e-17, 9.999999999999763e-17, 9.999999999999763e-17, 9.999999999999763e-17, 9.999999999999763e-17, 9.999999999999763e-17, 9.999999999999763e-17, 9.999999999999763e-17, 9.999999999999763e-17, 9.999999999999763e-17, 9.999999999999763e-17, 9.999999999999763e-17, 9.999999999999763e-17, 9.999999999999763e-17, 9.999999999999763e-17, 9.999999999999763e-17, 9.999999999999763e-17, 9.999999999999763e-17, 9.999999999999763e-17, 9.999999999999763e-17, 9.999999999999763e-17, 9.999999999999763e-17, 0.0002999999999999929, 9.999999999999763e-17, 9.999999999999763e-17, 0.00019999999999999527, 9.999999999999763e-05, 9.999999999999763e-17, 0.00019999999999999527, 0.00019999999999999527, 0.00019999999999999527, 0.0002999999999999929, 0.0002999999999999929, 0.0005999999999999859, 0.00039999999999999053, 0.0006999999999999834, 0.0005999999999999859, 0.001099999999999974, 0.0009999999999999764, 0.0016999999999999598, 0.0016999999999999598, 0.0019999999999999528, 0.002499999999999941, 0.0028999999999999313, 0.0030999999999999266, 0.004199999999999901, 0.004699999999999889, 0.0048999999999998845, 0.006199999999999853, 0.006199999999999853, 0.008099999999999809, 0.007399999999999825, 0.009199999999999783, 0.009799999999999769, 0.01019999999999976, 0.011199999999999734, 0.012999999999999692, 0.010599999999999749, 0.012499999999999704, 0.014899999999999648, 0.014899999999999648, 0.014699999999999653, 0.015299999999999639, 0.015799999999999627, 0.015999999999999622, 0.01729999999999959, 0.015199999999999641, 0.015399999999999636, 0.015599999999999632, 0.016799999999999603, 0.015399999999999636, 0.014699999999999653, 0.012399999999999706, 0.013299999999999685, 0.015299999999999639, 0.011899999999999718, 0.012099999999999713, 0.011099999999999737, 0.009899999999999767, 0.007899999999999813, 0.007999999999999811, 0.007499999999999823, 0.0063999999999998485, 0.0060999999999998555, 0.004799999999999887, 0.004099999999999903, 0.004399999999999896, 0.004399999999999896, 0.0030999999999999266, 0.0015999999999999621, 0.0027999999999999336, 0.0016999999999999598, 0.0022999999999999458, 0.0013999999999999668, 0.0009999999999999764, 0.001099999999999974, 0.0009999999999999764, 0.0005999999999999859, 0.0006999999999999834, 0.0007999999999999811, 0.0006999999999999834, 0.00039999999999999053, 0.0004999999999999882, 9.999999999999763e-17, 9.999999999999763e-05, 9.999999999999763e-17, 9.999999999999763e-05, 9.999999999999763e-05, 9.999999999999763e-17, 9.999999999999763e-17, 9.999999999999763e-17, 9.999999999999763e-17, 9.999999999999763e-17, 9.999999999999763e-05, 9.999999999999763e-17, 9.999999999999763e-17, 9.999999999999763e-17, 9.999999999999763e-17, 9.999999999999763e-17, 9.999999999999763e-17, 9.999999999999763e-17, 9.999999999999763e-17, 9.999999999999763e-17, 9.999999999999763e-17, 9.999999999999763e-17, 9.999999999999763e-17, 9.999999999999763e-17, 9.999999999999763e-17, 9.999999999999763e-17, 9.999999999999763e-17, 9.999999999999763e-17, 9.999999999999763e-17, 9.999999999999763e-17, 9.999999999999763e-17, 9.999999999999763e-17, 9.999999999999763e-17, 9.999999999999763e-17, 9.999999999999763e-17, 9.999999999999763e-17, 9.999999999999763e-17, 9.999999999999763e-17, 0.00039999999999999053, 9.999999999999763e-05, 0.0002999999999999929, 9.999999999999763e-05, 0.00039999999999999053, 9.999999999999763e-05, 0.0004999999999999882, 9.999999999999763e-05, 0.0005999999999999859, 0.00039999999999999053, 0.0004999999999999882, 0.0009999999999999764, 0.0022999999999999458, 0.0009999999999999764, 0.0017999999999999575, 0.0016999999999999598, 0.0019999999999999528, 0.0018999999999999551, 0.0019999999999999528, 0.002999999999999929, 0.0042999999999998985, 0.004499999999999894, 0.004699999999999889, 0.00589999999999986, 0.007099999999999832, 0.0072999999999998275, 0.007699999999999818, 0.00889999999999979, 0.008999999999999788, 0.009399999999999778, 0.011299999999999732, 0.012899999999999695, 0.012799999999999697, 0.01019999999999976, 0.01309999999999969, 0.013199999999999688, 0.014899999999999648, 0.016299999999999613, 0.014299999999999662, 0.01439999999999966, 0.015199999999999641, 0.016099999999999618, 0.016799999999999603, 0.0169999999999996, 0.014099999999999667, 0.015599999999999632, 0.01349999999999968, 0.012999999999999692, 0.016299999999999613, 0.013299999999999685, 0.012099999999999713, 0.011499999999999727, 0.010399999999999755, 0.011199999999999734, 0.010099999999999762, 0.009999999999999764, 0.008099999999999809, 0.008699999999999795, 0.004999999999999882, 0.0060999999999998555, 0.004699999999999889, 0.0036999999999999126, 0.003299999999999922, 0.0027999999999999336, 0.0023999999999999434, 0.0018999999999999551, 0.002999999999999929, 0.002199999999999948, 0.0016999999999999598, 0.001099999999999974, 0.0012999999999999694, 0.001099999999999974, 0.0005999999999999859, 0.0004999999999999882, 0.0004999999999999882, 0.0006999999999999834, 0.0002999999999999929, 0.0004999999999999882, 9.999999999999763e-05, 0.00039999999999999053, 0.0002999999999999929, 0.0002999999999999929, 9.999999999999763e-17, 9.999999999999763e-17, 9.999999999999763e-17, 9.999999999999763e-17, 9.999999999999763e-17, 9.999999999999763e-17, 9.999999999999763e-05, 9.999999999999763e-17, 9.999999999999763e-17, 9.999999999999763e-17, 9.999999999999763e-17, 