{"n_items": 400, "weights": [9.999999999999767e-17, 9.999999999999767e-17, 9.999999999999767e-17, 9.999999999999767e-17, 9.999999999999767e-17, 9.999999999999767e-17, 9.999999999999767e-17, 9.999999999999767e-17, 9.999999999999767e-17, 9.999999999999767e-17, 9.999999999999767e-17, 9.999999999999767e-17, 9.999999999999767e-17, 9.999999999999767e-17, 9.999999999999767e-17, 9.999999999999767e-17, 9.999999999999767e-17, 9.999999999999767e-17, 9.999999999999767e-05, 9.999999999999767e-17, 9.999999999999767e-17, 9.999999999999767e-17, 9.999999999999767e-17, 9.999999999999767e-17, 9.999999999999767e-17, 0.00019999999999999535, 0.00019999999999999535, 9.999999999999767e-17, 9.999999999999767e-05, 9.999999999999767e-17, 9.999999999999767e-17, 0.00019999999999999535, 9.999999999999767e-05, 0.00019999999999999535, 0.0003999999999999907, 9.999999999999767e-05, 9.999999999999767e-05, 0.0007999999999999814, 0.0003999999999999907, 0.0004999999999999884, 0.0003999999999999907, 0.00019999999999999535, 0.0004999999999999884, 0.0004999999999999884, 0.0006999999999999837, 0.0003999999999999907, 0.0004999999999999884, 0.0007999999999999814, 0.0004999999999999884, 0.0011999999999999721, 0.0007999999999999814, 0.0012999999999999698, 0.0011999999999999721, 0.0012999999999999698, 0.0011999999999999721, 0.0014999999999999651, 0.001799999999999958, 0.0022999999999999466, 0.0014999999999999651, 0.0011999999999999721, 0.002499999999999942, 0.0022999999999999466, 0.002199999999999949, 0.0026999999999999373, 0.002499999999999942, 0.004099999999999905, 0.003099999999999928, 0.003399999999999921, 0.005799999999999865, 0.003699999999999914, 0.004399999999999898, 0.006199999999999856, 0.005299999999999877, 0.004999999999999884, 0.006399999999999851, 0.006899999999999839, 0.008499999999999803, 0.00559999999999987, 0.009299999999999784, 0.008399999999999805, 0.008299999999999808, 0.009399999999999782, 0.010099999999999765, 0.007199999999999832, 0.009099999999999789, 0.012099999999999719, 0.009699999999999775, 0.010699999999999751, 0.010599999999999754, 0.012099999999999719, 0.011799999999999726, 0.012999999999999698, 0.012299999999999714, 0.012199999999999716, 0.012699999999999705, 0.012699999999999705, 0.013399999999999688, 0.016499999999999616, 0.015699999999999634, 0.015599999999999637, 0.01459999999999966, 0.014099999999999672, 0.01859999999999957, 0.017299999999999597, 0.013399999999999688, 0.015399999999999641, 0.015099999999999648, 0.016199999999999624, 0.01599999999999963, 0.017899999999999583, 0.015299999999999644, 0.015599999999999637, 0.016199999999999624, 0.014499999999999662, 0.016499999999999616, 0.01419999999999967, 0.01589999999999963, 0.01589999999999963, 0.014299999999999667, 0.013399999999999688, 0.012799999999999702, 0.014499999999999662, 0.01329999999999969, 0.013599999999999684, 0.0128999999999997, 0.01419999999999967, 0.014099999999999672, 0.012299999999999714, 0.010499999999999756, 0.014499999999999662, 0.01029999999999976, 0.010599999999999754, 0.01119999999999974, 0.009199999999999786, 0.008999999999999791, 0.011299999999999737, 0.008899999999999793, 0.008899999999999793, 0.007599999999999823, 0.00729999999999983, 0.0053999999999998745, 0.007399999999999828, 0.005799999999999865, 0.005499999999999872, 0.006199999999999856, 0.005199999999999879, 0.004899999999999886, 0.003899999999999909, 0.005199999999999879, 0.004599999999999893, 0.003899999999999909, 0.0026999999999999373, 0.0037999999999999115, 0.0029999999999999302, 0.0026999999999999373, 0.0029999999999999302, 0.0032999999999999232, 0.003099999999999928, 0.002199999999999949, 0.002199999999999949, 0.0019999999999999536, 0.0023999999999999443, 0.0012999999999999698, 0.001799999999999958, 0.0011999999999999721, 0.0018999999999999558, 0.000899999999999979, 0.0013999999999999675, 0.0009999999999999768, 0.0007999999999999814, 0.0007999999999999814, 0.0004999999999999884, 0.0007999999999999814, 0.00019999999999999535, 9.999999999999767e-17, 0.0003999999999999907, 0.0003999999999999907, 0.0006999999999999837, 9.999999999999767e-05, 0.00029999999999999303, 9.999999999999767e-05, 0.00019999999999999535, 0.0004999999999999884, 0.00019999999999999535, 0.0004999999999999884, 9.999999999999767e-05, 9.999999999999767e-05, 9.999999999999767e-17, 0.00019999999999999535, 0.00029999999999999303, 9.999999999999767e-05, 9.999999999999767e-17, 9.999999999999767e-17, 0.00019999999999999535, 9.999999999999767e-05, 9.999999999999767e-17, 9.999999999999767e-05, 9.999999999999767e-05, 9.999999999999767e-17, 9.999999999999767e-17, 9.999999999999767e-17, 9.999999999999767e-05, 9.999999999999767e-17, 9.999999999999767e-17, 9.999999999999767e-17, 9.999999999999767e-05, 9.999999999999767e-17, 9.999999999999767e-17, 9.999999999999767e-17, 9.999999999999767e-17, 9.999999999999767e-17, 9.999999999999767e-17, 9.999999999999767e-17, 9.999999999999767e-17, 9.999999999999767e-17, 9.999999999999767e-17, 9.999999999999767e-17, 9.999999999999767e-17, 9.999999999999767e-17, 9.999999999999767e-17, 9.999999999999767e-17, 9.999999999999767e-17, 9.999999999999767e-17, 9.999999999999767e-17, 9.999999999999767e-17, 9.999999999999767e-17, 9.999999999999767e-17, 9.999999999999767e-17, 9.999999999999767e-17, 9.999999999999767e-17, 9.999999999999767e-17, 9.999999999999767e-17, 9.999999999999767e-17, 9.999999999999767e-17, 9.999999999999767e-17, 9.999999999999767e-17, 9.999999999999767e-17, 9.999999999999767e-17, 9.999999999999767e-17, 9.999999999999767e-17, 9.999999999999767e-17, 9.999999999999767e-17, 9.999999999999767e-17, 9.999999999999767e-17, 9.999999999999767e-17, 9.999999999999767e-17, 9.999999999999767e-17, 9.999999999999767e-17, 9.999999999999767e-17, 9.999999999999767e-17, 9.999999999999767e-17, 9.999999999999767e-17, 9.999999999999767e-17, 9.999999999999767e-17, 9.999999999999767e-17, 9.999999999999767e-17, 9.999999999999767e-17, 9.999999999999767e-17, 9.999999999999767e-17, 9.999999999999767e-17, 9.999999999999767e-17, 9.999999999999767e-17, 9.999999999999767e-17, 9.999999999999767e-17, 9.999999999999767e-17, 9.999999999999767e-17, 9.999999999999767e-17, 9.999999999999767e-17, 9.999999999999767e-17, 9.999999999999767e-17, 9.999999999999767e-17, 9.999999999999767e-17, 9.999999999999767e-17, 9.999999999999767e-17, 9.999999999999767e-17, 9.999999999999767e-17, 9.999999999999767e-17, 9.999999999999767e-17, 9.999999999999767e-17, 9.999999999999767e-17, 9.999999999999767e-17, 9.999999999999767e-17, 9.999999999999767e-17, 9.999999999999767e-17, 9.999999999999767e-17, 9.999999999999767e-17, 9.999999999999767e-17, 9.999999999999767e-17, 9.999999999999767e-17, 9.999999999999767e-17, 9.999999999999767e-17, 9.999999999999767e-17, 9.999999999999767e-17, 9.999999999999767e-17, 9.999999999999767e-17, 9.999999999999767e-17, 9.999999999999767e-17, 9.999999999999767e-17, 9.999999999999767e-17, 9.999999999999767e-17, 9.999999999999767e-17, 9.999999999999767e-17, 9.999999999999767e-17, 9.999999999999767e-17, 9.999999999999767e-17, 9.999999999999767e-17, 9.999999999999767e-17, 9.999999999999767e-17, 9.999999999999767e-17, 9.999999999999767e-17, 9.999999999999767e-17, 9.999999999999767e-17, 9.999999999999767e-17, 9.999999999999767e-17, 9.999999999999767e-17, 9.999999999999767e-17, 9.999999999999767e-17, 9.999999999999767e-17, 9.999999999999767e-17, 9.999999999999767e-17, 9.999999999999767e-17, 9.999999999999767e-17, 9.999999999999767e-17, 9.999999999999767e-17, 9.999999999999767e-17, 9.999999999999767e-17, 9.999999999999767e-17, 9.999999999999767e-17, 9.999999999999767e-17, 9.999999999999767e-17, 9.999999999999767e-17, 9.999999999999767e-17, 9.999999999999767e-17, 9.999999999999767e-17, 9.999999999999767e-17, 9.999999999999767e-17, 9.999999999999767e-17, 9.999999999999767e-17, 9.999999999999767e-17, 9.999999999999767e-17, 9.999999999999767e-17, 9.999999999999767e-17, 9.999999999999767e-17, 9.999999999999767e-17, 9.999999999999767e-17, 9.999999999999767e-17, 9.999999999999767e-17, 9.999999999999767e-17, 9.999999999999767e-17, 9.999999999999767e-17, 