{"n_items": 200, "weights": [0.006271268250742974, 0.0038062474541813267, 0.005114947091337015, 0.00517253926601197, 0.003536666209014643, 0.003833745091399465, 0.005847146622438989, 0.006631455780423885, 0.006814157800668991, 0.005225770646668983, 0.006308382255988434, 0.007020324272434424, 0.0052907278710602945, 0.005799286120710457, 0.004442088088217795, 0.004548388262795972, 0.006193472194214645, 0.006351525587321823, 0.004863535138308212, 0.006850870542507311, 0.00434535023969383, 0.00236222952118601, 0.0036846160771545214, 0.004031704787759405, 0.007283739305458697, 0.006493354452683285, 0.0028994114000296875, 0.004420167467229532, 0.0037568872471426718, 0.003418459491531763, 0.006158778828300543, 0.0038779822219870254, 0.00446839494131368, 0.004287870896839169, 0.0037227106026428633, 0.00283969478558491, 0.003179930672676075, 0.006116853715751187, 0.007078838781729493, 0.005140872272745299, 0.006027612423840104, 0.006584668872465347, 0.004159240267016641, 0.0053301604455348595, 0.00653439674241835, 0.003222336123370184, 0.007838847809322312, 0.005288576771580033, 0.004162017272221535, 0.007069168645147699, 0.005754795970375841, 0.00431526358620063, 0.0036856567640177365, 0.005419898434514305, 0.001243458773458909, 0.008133118944588133, 0.004109338482187774, 0.005242562693863533, 0.0034922235470046903, 0.005044653595945225, 0.004711029638410449, 0.004509518253696476, 0.004388084060956984, 0.005224297298800722, 0.0037298096452498737, 0.005041086024706974, 0.005593982226857358, 0.005869301154039263, 0.005217874867315768, 0.005219831633771586, 0.0031699231419625128, 0.006558336438078786, 0.003884109095934584, 0.006456466423932427, 0.005895577775699118, 0.004247853608420807, 0.005979031850348607, 0.005667950926563649, 0.006172106132018833, 0.0038176446526389783, 0.0044823276600646075, 0.0043175145029646705, 0.0029822249747059174, 0.005059108267179127, 0.0032335363101078326, 0.00751472947004072, 0.007349572846577359, 0.0060488202090167665, 0.00427608258379429, 0.0020574511450473123, 0.005838004567545365, 0.0065795903872143445, 0.004005900317072525, 0.005807489226173803, 0.006609719336907277, 0.0038560430957494036, 0.004838365907101212, 0.007342260267198814, 0.005125129723759469, 0.006010144846280684, 0.005411347019796474, 0.005180191072406001, 0.00467332782520142, 0.004280029766955793, 0.004018247694450984, 0.00708618167725234, 0.00420816231496665, 0.004611997197433902, 0.003615717451904887, 0.006202139711817758, 0.0066976618353429326, 0.004848874319306061, 0.005666706427751712, 0.00409295036508925, 0.004836919947495591, 0.0051996018564538175, 0.0028848103064604974, 0.002013426312036621, 0.004693600787155999, 0.0031488263428020376, 0.004690802734952127, 0.006042002066267707, 0.005357105621839528, 0.006778335731436494, 0.007251581912446373, 0.006414586144218991, 0.005126487313997739, 0.0044857298443150735, 0.005173021518494633, 0.00498392848453711, 0.004429992407243738, 0.005287618273970903, 0.0037508772188220817, 0.005386534642661186, 0.0042939073496540275, 0.006445653422468577, 0.005401698894095966, 0.005901664648723265, 0.00480358389179609, 0.0030455182605046258, 0.003514934436766894, 0.006478232978017111, 0.005185660433425439, 0.004170967295625849, 0.0031751366489816122, 0.005384652949683667, 0.003649638214145331, 0.0044964957679253055, 0.005226908054627754, 0.004822205240662037, 0.004146597737165459, 0.007248361123993079, 0.005912353065922924, 0.0038339045471063146, 0.00434907780434493, 0.004823470889948889, 0.004186094680099017, 0.003176540390758174, 0.004249489288521819, 0.004937548728249649, 0.005931154324109792, 0.007567690642030613, 0.00638131306521404, 0.004104366879865751, 0.006159988420075883, 0.005323697899320399, 0.004234567803351671, 0.004547751387815821, 0.0016448168382133595, 0.0042778716314527615, 0.006482903477811231, 0.00585770975575521, 0.004233650265344637, 0.003819584744485129, 0.006944902443187064, 0.0035847380471954104, 0.005660665616193443, 0.0034755206059279473, 0.005747482438969375, 0.003399801442288366, 0.00723882077407107, 0.0039525892122467534, 0.004316608724878947, 0.003926243822002061, 0.00440209511862892, 0.006103694737495336, 0.004754842148123527, 0.0037134976202211623, 0.005784794683557818, 0.0059457630444691625, 0.004843884254351138, 0.005438216555489923, 0.004280588058813852, 0.004327655148665305, 0.005887468389457195, 0.006233429429689147, 0.004067439523976069, 0.0057184465299343745, 0.006943667576534351, 0.00451423711342142],