{"n_items": 200, "weights": [0.007528486957281418, 0.002039192608167154, 0.003632886240900953, 0.004106953340492176, 0.004945709022690908, 0.0038387104074095926, 0.006000115724277665, 0.002252514329522892, 0.002602595691154812, 0.007935708462157413, 0.0058216065448441, 0.005007546323530483, 0.0023589910193622943, 0.0037846217635975816, 0.004229932495167074, 0.006072820670564979, 0.004347323289130205, 0.0054652051378188005, 0.004281773823385236, 0.003676296274700474, 0.00420189617896829, 0.003372154530220857, 0.007807790446713169, 0.0048638286243242465, 0.006933542634290937, 0.004119391799720675, 0.004432284027661813, 0.004862314848792238, 0.005633055094081849, 0.007955121418811622, 0.007071838172590704, 0.004718669121429697, 0.00689916601130839, 0.0036807081169979794, 0.002222343500711172, 0.004597373200599597, 0.005474749602462872, 0.004370093394302691, 0.005188817087833175, 0.006894608522333897, 0.005815413671008594, 0.005058279221114015, 0.005638485002324886, 0.007332838455811716, 0.0045965549303512675, 0.0053817134828760115, 0.0056641051458382495, 0.006036030844382838, 0.0054334795648482495, 0.0069162482597331385, 0.004596873248513444, 0.003698164949609051, 0.004201709944810147, 0.007666088644145139, 0.005760004257425233, 0.006405723708220896, 0.002801710611258855, 0.0026896627538335045, 0.002523801879352534, 0.004763044556864051, 0.0059091998266265445, 0.005129704794043883, 0.006113814662935881, 0.004333750639341296, 0.005433745450601172, 0.003879082792733253, 0.005934958930330587, 0.006190918932344057, 0.0026954747519320602, 0.0050839633835052436, 0.004141504030577969, 0.004691523484260725, 0.005160143715408302, 0.005078542291882766, 0.004566116345706105, 0.004163118560239059, 0.005622243218790514, 0.005188194467693457, 0.007429549824174847, 0.006795135275196404, 0.00456773285614143, 0.004314447702793766, 0.004316577662561632, 0.004174828366648997, 0.00571486430003187, 0.004167680335691202, 0.004986026822989855, 0.003525090455991874, 0.003027326734818661, 0.004893895402174352, 0.005913711743779003, 0.00413833010074163, 0.005834972980948548, 0.003400015192486659, 0.0048440771709649146, 0.0009499415629110502, 0.006219045612121604, 0.006741548665747655, 0.004651497749437514, 0.0038116899798612707, 0.004577970601335071, 0.003708383249207455, 0.004805579277415824, 0.0032238521731143503, 0.00655887423955178, 0.005234161786519294, 0.005871330657827654, 0.006048050859981921, 0.006244050759011545, 0.005781031952761127, 0.0031114727901755267, 0.00320365261388215, 0.003021605234570758, 0.004676373001294656, 0.004214018304067089, 0.005961115105067637, 0.0058868631374067466, 0.005900340620097412, 0.005223137251332777, 0.007020707406747894, 0.0056803573343045055, 0.0026318624324405803, 0.007043369504375497, 0.004528851192925, 0.005853904630436136, 0.00528557502376336, 0.0034986468257639006, 0.006789662115822321, 0.005941457884998233, 0.006746355857115244, 0.0058958394686481515, 0.003920295533760498, 0.004941076818516366, 0.004218784497445164, 0.0056602823023866105, 0.00319528386183785, 0.0038258286100104595, 0.005098321597997772, 0.0038931575613944413, 0.0060232550445388855, 0.007289774155076065, 0.004759500799032117, 0.0041785221997844195, 0.00521092313754999, 0.004109776733550274, 0.006217998713454912, 0.00250547214904983, 0.006768556442127725, 0.004198202179479863, 0.0034643599348783234, 0.007136972511423946, 0.0032991417332427784, 0.0044413949058940425, 0.00455315173971661, 0.004556965799669908, 0.006595563433560667, 0.003167481314937462, 0.006910498473691339, 0.004675317490153144, 0.006480381518876506, 0.005965122309065787, 0.006372342458149175, 0.005062091292753704, 0.005463314214747357, 0.006986239185309037, 0.004588233035780472, 0.0027673377035337832, 0.0059503049610554574, 0.005394757469856762, 0.006466130159085053, 0.0060681921772946425, 0.006570587790327517, 0.005644235950784534, 0.005133042912848521, 0.0036133057129081295, 0.004291749390575254, 0.006048617264984292, 0.002239539371407866, 0.006627700604692223, 0.004625642480425133, 0.0066797699920718425, 0.0047977853344720045, 0.004986539203733343, 0.0036083732371789425, 0.0047474617942990585, 0.004301145091609227, 0.0051320664944510585, 0.006308415034724586, 0.004902461807729461, 0.006132995555347259, 0.005571136187552682, 0.005095808051765172, 0.005642014672081152, 0.004165442291920282, 0.006498812439793347, 0.0037959555834572193, 0.005019948685749374, 0.004307160170860546, 0.004252474901310605, 0.004768396169507019], "profits": [1.0, 1.0, 1.0, 1.0, 1.0, 0.1, 1.0, 1.0, 1.0, 1.0, 1.0, 1.0, 1.0, 1.0, 1.0, 1.0, 1.0, 1.0, 1.0, 1.0, 1.0, 1.0, 1.0, 1.0, 0.1, 1.0, 1.0, 1.0, 1.0, 1.0, 1.0, 1.0, 1.0, 1.0, 1.0, 1.0, 1.0, 1.0, 1.0, 1.0, 1.0, 1.0, 1.0, 1.0, 1.0, 1.0, 1.0, 1.0, 1.0, 1.0, 1.0, 1.0, 1.0, 1.0, 1.0, 1.0, 1.0, 1.0, 1.0, 1.0, 1.0, 1.0, 1.0, 1.0, 1.0, 1.0, 1.0, 1.0, 1.0, 1.0, 1.0, 1.0, 1.0, 1.0, 1.0, 1.0, 1.0, 1.0, 1.0, 1.0, 1.0, 1.0, 1.0, 1.0, 1.0, 1.0, 1.0, 1.0, 1.0, 1.0, 1.0, 1.0, 1.0, 1.0, 1.0, 1.0, 1.0, 1.0, 1.0, 1.0, 1.0, 1.0, 1.0, 1.0, 1.0, 1.0, 1.0, 1.0, 1.0, 1.0, 1.0, 1.0, 1.0, 1.0, 1.0, 1.0, 1.0, 1.0, 1.0, 1.0, 1.0, 1.0, 1.0, 1.0, 1.0, 1.0, 1.0, 1.0, 1.0, 1.0, 1.0, 1.0, 1.0, 1.0, 1.0, 1.0, 1.0, 1.0, 1.0, 1.0, 1.0, 1.0, 1.0, 1.0, 1.0, 1.0, 1.0, 1.0, 1.0, 1.0, 1.0, 1.0, 1.0, 1.0, 1.0, 1.0, 1.0, 1.0, 1.0, 1.0, 1.0, 1.0, 1.0, 1.0, 1.0, 1.0, 1.0, 1.0, 1.0, 1.0, 1.0, 1.0, 1.0, 1.0, 1.0, 1.0, 1.0, 1.0, 1.0, 1.0, 1.0, 1.0, 1.0, 1.0, 1.0, 1.0, 1.0, 1.0, 1.0, 1.0, 1.0, 1.0, 1.0, 1.0, 1.0, 1.0, 1.0, 1.0, 1.0, 1.0], "min_weight": 0.95, "max_distance": 2}