{"n_items": 600, "weights": [9.999999999999598e-17, 9.999999999999598e-17, 9.999999999999598e-17, 9.999999999999598e-17, 9.999999999999598e-17, 9.999999999999598e-17, 9.999999999999598e-17, 9.999999999999598e-17, 9.999999999999598e-17, 9.999999999999598e-17, 9.999999999999598e-17, 9.999999999999598e-17, 9.999999999999598e-17, 9.999999999999598e-17, 9.999999999999598e-17, 9.999999999999598e-17, 9.999999999999598e-17, 9.999999999999598e-17, 9.999999999999598e-17, 9.999999999999598e-17, 9.999999999999598e-17, 9.999999999999598e-17, 9.999999999999598e-17, 9.999999999999598e-17, 9.999999999999598e-17, 9.999999999999598e-17, 9.999999999999598e-17, 9.999999999999598e-17, 9.999999999999598e-17, 9.999999999999598e-17, 9.999999999999598e-17, 9.999999999999598e-17, 9.999999999999598e-17, 9.999999999999598e-17, 9.999999999999598e-17, 9.999999999999598e-17, 9.999999999999598e-17, 9.999999999999598e-17, 9.999999999999598e-17, 9.999999999999598e-17, 9.999999999999598e-17, 9.999999999999598e-17, 9.999999999999598e-17, 9.999999999999598e-17, 9.999999999999598e-17, 9.999999999999598e-17, 9.999999999999598e-17, 9.999999999999598e-17, 9.999999999999598e-17, 9.999999999999598e-17, 9.999999999999598e-17, 9.999999999999598e-17, 9.999999999999598e-17, 9.999999999999598e-17, 9.999999999999598e-17, 9.999999999999598e-17, 9.999999999999598e-17, 9.999999999999598e-17, 9.999999999999598e-17, 9.999999999999598e-17, 9.999999999999598e-17, 9.999999999999598e-17, 9.999999999999598e-17, 9.999999999999598e-17, 9.999999999999598e-17, 9.999999999999598e-17, 9.999999999999598e-17, 9.999999999999598e-17, 9.999999999999598e-17, 9.999999999999598e-17, 9.999999999999598e-17, 9.999999999999598e-17, 9.999999999999598e-17, 9.999999999999598e-17, 9.999999999999598e-17, 9.999999999999598e-17, 9.999999999999598e-17, 9.999999999999598e-17, 9.999999999999598e-17, 9.999999999999598e-17, 9.999999999999598e-17, 9.999999999999598e-17, 9.999999999999598e-17, 9.999999999999598e-17, 9.999999999999598e-17, 9.999999999999598e-17, 9.999999999999598e-17, 9.999999999999598e-17, 9.999999999999598e-17, 9.999999999999598e-17, 9.999999999999598e-17, 9.999999999999598e-17, 9.999999999999598e-17, 9.999999999999598e-17, 9.999999999999598e-17, 9.999999999999598e-17, 9.999999999999598e-17, 9.999999999999598e-17, 9.999999999999598e-17, 9.999999999999598e-17, 9.999999999999598e-17, 9.999999999999598e-17, 9.999999999999598e-17, 9.999999999999598e-17, 9.999999999999598e-17, 9.999999999999598e-17, 9.999999999999598e-17, 9.999999999999598e-17, 9.999999999999598e-17, 9.999999999999598e-17, 9.999999999999598e-17, 9.999999999999598e-17, 9.999999999999598e-17, 9.999999999999598e-17, 9.999999999999598e-17, 9.999999999999598e-17, 9.999999999999598e-17, 9.999999999999598e-17, 9.999999999999598e-17, 9.999999999999598e-17, 9.999999999999598e-17, 9.999999999999598e-17, 9.999999999999598e-17, 9.999999999999598e-17, 9.999999999999598e-17, 9.999999999999598e-17, 9.999999999999598e-17, 9.999999999999598e-17, 9.999999999999598e-17, 9.999999999999598e-17, 9.999999999999598e-17, 9.999999999999598e-17, 9.999999999999598e-17, 9.999999999999598e-17, 9.999999999999598e-17, 9.999999999999598e-17, 9.999999999999598e-17, 9.999999999999598e-17, 9.999999999999598e-17, 9.999999999999598e-17, 9.999999999999598e-17, 9.999999999999598e-17, 9.999999999999598e-17, 9.999999999999598e-17, 9.999999999999598e-17, 9.999999999999598e-17, 9.999999999999598e-17, 9.999999999999598e-17, 9.999999999999598e-17, 9.999999999999598e-17, 9.999999999999598e-17, 9.999999999999598e-17, 9.999999999999598e-17, 9.999999999999598e-17, 9.999999999999598e-17, 9.999999999999598e-17, 9.999999999999598e-17, 9.999999999999598e-17, 9.999999999999598e-17, 9.999999999999598e-17, 9.999999999999598e-17, 9.999999999999598e-17, 9.999999999999598e-17, 9.999999999999598e-17, 9.999999999999598e-17, 9.999999999999598e-17, 9.999999999999598e-17, 9.999999999999598e-17, 9.999999999999598e-17, 9.999999999999598e-17, 9.999999999999598e-17, 9.999999999999598e-17, 9.999999999999598e-17, 9.999999999999598e-17, 9.999999999999598e-17, 9.999999999999598e-05, 9.999999999999598e-05, 9.999999999999598e-05, 9.999999999999598e-17, 9.999999999999598e-17, 9.999999999999598e-17, 9.999999999999598e-17, 9.999999999999598e-05, 9.999999999999598e-17, 0.00029999999999998794, 0.00019999999999999196, 0.00029999999999998794, 0.00029999999999998794, 0.00029999999999998794, 0.0003999999999999839, 0.0003999999999999839, 0.00049999999999998, 9.999999999999598e-05, 0.0003999999999999839, 0.0003999999999999839, 0.00049999999999998, 0.00099999999999996, 0.0010999999999999558, 0.00049999999999998, 0.0007999999999999678, 0.0022999999999999076, 0.0013999999999999438, 0.0018999999999999237, 0.0022999999999999076, 0.00199999999999992, 0.0023999999999999035, 0.0026999999999998913, 0.00199999999999992, 0.0030999999999998754, 0.0035999999999998555, 0.0021999999999999117, 0.004999999999999799, 0.0035999999999998555, 0.0032999999999998673, 0.004899999999999803, 0.005099999999999795, 0.0031999999999998714, 0.004599999999999815, 0.006199999999999751, 0.005999999999999759, 0.006199999999999751, 0.006199999999999751, 0.0065999999999997346, 0.006499999999999739, 0.00869999999999965, 0.007099999999999714, 0.009799999999999606, 0.008999999999999638, 0.006799999999999726, 0.009099999999999634, 0.009399999999999622, 0.010399999999999581, 0.012099999999999514, 0.00869999999999965, 0.010099999999999594, 0.01219999999999951, 0.010399999999999581, 0.009899999999999602, 0.009099999999999634, 0.01019999999999959, 0.010799999999999565, 0.011399999999999542, 0.010299999999999586, 0.01019999999999959, 0.009499999999999618, 0.009899999999999602, 0.009399999999999622, 0.009899999999999602, 0.008099999999999675, 0.010099999999999594, 0.008599999999999655, 0.00799999999999968, 0.006999999999999718, 0.009099999999999634, 0.006299999999999747, 0.008999999999999638, 0.007099999999999714, 0.0077999999999996865, 0.0065999999999997346, 0.006199999999999751, 0.005699999999999771, 0.005899999999999763, 0.005399999999999783, 0.005599999999999775, 0.004499999999999819, 0.004499999999999819, 0.0037999999999998473, 0.0037999999999998473, 0.003499999999999859, 0.0035999999999998555, 0.004699999999999811, 0.0031999999999998714, 0.0037999999999998473, 0.0036999999999998514, 0.0020999999999999157, 0.0030999999999998754, 0.003499999999999859, 0.0025999999999998954, 0.0028999999999998836, 0.0026999999999998913, 0.0026999999999998913, 0.0035999999999998555, 0.0038999999999998433, 0.0032999999999998673, 0.0028999999999998836, 0.0035999999999998555, 0.0029999999999998795, 0.003399999999999863, 0.004499999999999819, 0.0037999999999998473, 0.005099999999999795, 0.005299999999999787, 0.006799999999999726, 0.005299999999999787, 0.005799999999999767, 0.006099999999999755, 0.005599999999999775, 0.007199999999999711, 0.00799999999999968, 0.007699999999999691, 0.006499999999999739, 0.008899999999999643, 0.008099999999999675, 0.009599999999999614, 0.009399999999999622, 0.011299999999999547, 0.009899999999999602, 0.009599999999999614, 0.010799999999999565, 0.012099999999999514, 0.00919999999999963, 0.01069999999999957, 0.01019999999999959, 0.010099999999999594, 0.009899999999999602, 0.011099999999999553, 0.009499999999999618, 0.01119999999999955, 0.012599999999999494, 0.010999999999999557, 0.009899999999999602, 0.009399999999999622, 0.010099999999999594, 0.009499999999999618, 0.008799999999999647, 0.010299999999999586, 0.008199999999999671, 0.007699999999999691, 0.008899999999999643, 0.008499999999999659, 0.006899999999999722, 0.008099999999999675, 0.006099999999999755, 0.006199999999999751, 0.005399999999999783, 0.0027999999999998876, 0.005799999999999767, 0.005399999999999783, 0.0035999999999998555, 0.004599999999999815, 0.004499999999999819, 0.004599999999999815, 0.0027999999999998876, 0.0036999999999998514, 0.0038999999999998433, 0.0032999999999998673, 0.0022999999999999076, 0.0021999999999999117, 0.0024999999999998994, 0.0020999999999999157, 0.0013999999999999438, 