{"n_items": 200, "weights": [1.0016025641025579e-16, 1.0016025641025579e-16, 1.0016025641025579e-16, 1.0016025641025579e-16, 1.0016025641025579e-16, 1.0016025641025579e-16, 1.0016025641025579e-16, 1.0016025641025579e-16, 1.0016025641025579e-16, 1.0016025641025579e-16, 1.0016025641025579e-16, 1.0016025641025579e-16, 1.0016025641025579e-16, 1.0016025641025579e-16, 1.0016025641025579e-16, 1.0016025641025579e-16, 1.0016025641025579e-16, 1.0016025641025579e-16, 1.0016025641025579e-16, 1.0016025641025579e-16, 1.0016025641025579e-16, 1.0016025641025579e-16, 1.0016025641025579e-16, 1.0016025641025579e-16, 1.0016025641025579e-16, 1.0016025641025579e-16, 1.0016025641025579e-16, 1.0016025641025579e-16, 1.0016025641025579e-16, 1.0016025641025579e-16, 1.0016025641025579e-16, 1.0016025641025579e-16, 1.0016025641025579e-16, 1.0016025641025579e-16, 1.0016025641025579e-16, 1.0016025641025579e-16, 1.0016025641025579e-16, 1.0016025641025579e-16, 1.0016025641025579e-16, 1.0016025641025579e-16, 1.0016025641025579e-16, 1.0016025641025579e-16, 1.0016025641025579e-16, 1.0016025641025579e-16, 1.0016025641025579e-16, 1.0016025641025579e-16, 1.0016025641025579e-16, 1.0016025641025579e-16, 1.0016025641025579e-16, 1.0016025641025579e-16, 1.0016025641025579e-16, 1.0016025641025579e-16, 1.0016025641025579e-16, 1.0016025641025579e-16, 0.00010016025641025578, 1.0016025641025579e-16, 1.0016025641025579e-16, 0.00010016025641025578, 0.00010016025641025578, 1.0016025641025579e-16, 1.0016025641025579e-16, 1.0016025641025579e-16, 0.00010016025641025578, 1.0016025641025579e-16, 0.00010016025641025578, 0.00010016025641025578, 0.00010016025641025578, 1.0016025641025579e-16, 0.00010016025641025578, 1.0016025641025579e-16, 0.00010016025641025578, 0.00020032051282051157, 0.00020032051282051157, 0.00010016025641025578, 0.00010016025641025578, 0.00030048076923076735, 0.00030048076923076735, 0.0006009615384615347, 0.000500801282051279, 0.00040064102564102313, 0.0007011217948717905, 0.00020032051282051157, 0.00040064102564102313, 0.0006009615384615347, 0.000500801282051279, 0.000500801282051279, 0.0007011217948717905, 0.0006009615384615347, 0.001001602564102558, 0.001001602564102558, 0.001001602564102558, 0.0016025641025640925, 0.001502403846153837, 0.00190304487179486, 0.002804487179487162, 0.00190304487179486, 0.002303685897435883, 0.001402243589743581, 0.002003205128205116, 0.001502403846153837, 0.003004807692307674, 0.002804487179487162, 0.002303685897435883, 0.0031049679487179294, 0.0029046474358974178, 0.0034054487179486967, 0.0039062499999999757, 0.004306891025640999, 0.005108173076923045, 0.006310096153846115, 0.006209935897435859, 0.00570913461538458, 0.006209935897435859, 0.006009615384615348, 0.006610576923076882, 0.006009615384615348, 0.008213141025640974, 0.008413461538461486, 0.007512019230769184, 0.009715544871794811, 0.00811298076923072, 0.008613782051281998, 0.010817307692307626, 0.009515224358974301, 0.00901442307692302, 0.011318108974358905, 0.01141826923076916, 0.009715544871794811, 0.010616987179487114, 0.012019230769230695, 0.012520032051281974, 0.012720352564102486, 0.013621794871794787, 0.013221153846153764, 0.017327724358974252, 0.013521634615384531, 0.014923878205128112, 0.013621794871794787, 0.014723557692307602, 0.017227564102563996, 0.01742788461538451, 0.01622596153846144, 0.01662660256410246, 0.017027243589743484, 0.012119391025640951, 0.015324519230769136, 0.01782852564102553, 0.016025641025640927, 0.015524839743589647, 0.018429487179487065, 0.017327724358974252, 0.014222756410256322, 0.017327724358974252, 0.015524839743589647, 0.014923878205128112, 0.016025641025640927, 0.01522435897435888, 0.014923878205128112, 0.014122596153846066, 0.016526442307692204, 0.014022435897435811, 0.014923878205128112, 0.015624999999999903, 0.013521634615384531, 0.012119391025640951, 0.012019230769230695, 0.013120993589743508, 0.012019230769230695, 0.012520032051281974, 0.010817307692307626, 0.01091746794871788, 0.009415064102564045, 0.009114583333333277, 0.010516826923076858, 0.009715544871794811, 0.007211538461538417, 0.009715544871794811, 0.009214743589743533, 0.010516826923076858, 0.007512019230769184, 0.006510416666666626, 0.005508814102564068, 0.006009615384615348, 0.00570913461538458, 0.005308493589743557, 0.00450721153846151, 0.005508814102564068, 0.00450721153846151, 0.0036057692307692084, 0.004407051282051255, 0.004907852564102534, 0.002403846153846139, 0.0022035256410256276, 0.0026041666666666505, 0.003004807692307674, 0.002403846153846139, 0.0031049679487179294, 0.0021033653846153715, 0.002303685897435883, 1.0016025641025579e-16],