{"n_items": 200, "weights": [0.004606110561336405, 0.007025077584517709, 0.00423908668872656, 0.005746079064606322, 0.003049091170696779, 0.003687263582855759, 0.004453661423656577, 0.005689270058871466, 0.005796970937063906, 0.0057712510608490895, 0.0022560506311216947, 0.006076591083085775, 0.006932332513221962, 0.004057581291600723, 0.004768142005187934, 0.005461413176318555, 0.004123210340602999, 0.0049296469385138745, 0.005190005017014933, 0.004801821358435587, 0.004952947347894993, 0.005621260086095326, 0.004685245520249293, 0.0054868598426933415, 0.005025890083443727, 0.005742324308898191, 0.004392660756730397, 0.004434806397154725, 0.005984193574401899, 0.006297398620664463, 0.004782017703979571, 0.006855948156441739, 0.004593555911619878, 0.005576330050762757, 0.0032350517148151945, 0.0038299559424847863, 0.00378064999671317, 0.005750005757667893, 0.005255833215829276, 0.006075205001496195, 0.006121659328171847, 0.0034790146176258726, 0.005607467602233739, 0.004604208211429717, 0.005775614904519459, 0.004957303987670906, 0.0035134817602975534, 0.0060398217196249975, 0.004379483580971516, 0.005245484437606803, 0.004873780415668944, 0.005427082296104298, 0.004722870782512493, 0.006618788070579572, 0.00420836059299924, 0.004762429542765416, 0.002256115937545068, 0.004561800763195377, 0.006444863566101656, 0.004240853246594255, 0.0029596831188562285, 0.0064995731589892235, 0.004308294623720693, 0.004153007967745635, 0.004071996287094015, 0.007567877775607924, 0.00626310606117242, 0.004957776268954662, 0.005508729500384828, 0.0039918903650674195, 0.007321055188115758, 0.004321574753848947, 0.005964624580763716, 0.003618372630835536, 0.004400553689753169, 0.006841960898614611, 0.00478578913383301, 0.005653572203667797, 0.005365693113196518, 0.005331962681817079, 0.005380779982161686, 0.0038891515835789846, 0.005953112777534496, 0.0032909771026725237, 0.005559638595359682, 0.004853340831649862, 0.005631992706282808, 0.0035501327325432653, 0.0042518576660187475, 0.00289964276691775, 0.004251861637218491, 0.00529782453061741, 0.006677150867147944, 0.006518211766136399, 0.0058279490128982335, 0.006239602461212768, 0.004387480263221096, 0.0038824882380867295, 0.004761430282435351, 0.005314623165847122, 0.004949229540669177, 0.0032437012832529284, 0.006383571258534962, 0.006183250489996981, 0.0034147963281590007, 0.006127752314243495, 0.0038585521740155406, 0.0031347006458859817, 0.004096931954952589, 0.006269478923185241, 0.004959625576430604, 0.005426045859780625, 0.0038364584006205975, 0.0028060440441730794, 0.004054979915489291, 0.0050703554026025706, 0.005101851639017644, 0.006584584917361235, 0.0025125243412762554, 0.004675071241896747, 0.006248703623963837, 0.00398468636735532, 0.0042219225247038545, 0.006747696254514437, 0.003928860561105475, 0.007715011513718407, 0.005171267931968752, 0.004484801122860452, 0.0057375573292204815, 0.0026048134057172424, 0.005445757574942548, 0.004282766612895107, 0.005208983343289915, 0.0026729262012138272, 0.004391090179552627, 0.003960589720420193, 0.006415277901048735, 0.004342667554239029, 0.0052681571673989305, 0.006087719130973888, 0.008278147770322547, 0.0033435589610853844, 0.004154963930414497, 0.0047635913295916545, 0.0055746986402042285, 0.00540456110287208, 0.004835890707273075, 0.00464628815837752, 0.00524173704304844, 0.00640567839776134, 0.0060156693100662205, 0.0038305914656763867, 0.0059634061811250205, 0.007208878586972666, 0.007786270430438083, 0.005362403806231558, 0.004016170169379026, 0.005237214387785756, 0.0032762271495719864, 0.007969139058441155, 0.005677343589406673, 0.003483429132651763, 0.004162774695177325, 0.005808563983373285, 0.005918920493935234, 0.004146714679632237, 0.0052633642649278604, 0.004227545539790968, 0.0047062271799580445, 0.004708099893253742, 0.00448228362856142, 0.004971834538585186, 0.004805198913882018, 0.0053454924560007245, 0.003474851949970649, 0.00562665870598604, 0.0032997956152464323, 0.0031150884643603403, 0.0062423361416874094, 0.003948263304634722, 0.005220872297036646, 0.004875972951395836, 0.0057991451792851695, 0.006482248991273155, 0.005150756428065596, 0.005016754913725878, 0.004030410452281473, 0.0048451960834866425, 0.005195497762739219, 0.004605795591750715, 0.0056629188395339695, 0.004360350417729514, 0.008861813847311904, 0.004296233839552726, 0.0045559525148309455, 0.006718664452308551, 0.0025640653920949307, 0.005956680729755722, 0.0045622776911766055, 0.00573213078023579], "profits": [1.0, 1.0, 1.0, 1.0, 1.0, 1.0, 1.0, 1.0, 1.0, 1.0, 1.0, 1.0, 1.0, 1.0, 1.0, 1.0, 1.0, 0.1, 0.1, 1.0, 1.0, 1.0, 1.0, 1.0, 1.0, 1.0, 1.0, 1.0, 1.0, 1.0, 1.0, 1.0, 1.0, 1.0, 1.0, 1.0, 1.0, 1.0, 1.0, 1.0, 1.0, 1.0, 1.0, 1.0, 1.0, 1.0, 1.0, 1.0, 1.0, 1.0, 1.0, 1.0, 1.0, 1.0, 1.0, 1.0, 1.0, 1.0, 1.0, 1.0, 1.0, 1.0, 1.0, 1.0, 1.0, 1.0, 1.0, 1.0, 1.0, 1.0, 1.0, 1.0, 1.0, 1.0, 1.0, 1.0, 1.0, 1.0, 1.0, 1.0, 1.0, 1.0, 1.0, 1.0, 1.0, 1.0, 1.0, 1.0, 1.0, 1.0, 1.0, 1.0, 1.0, 1.0, 1.0, 1.0, 1.0, 1.0, 1.0, 1.0, 1.0, 1.0, 1.0, 1.0, 1.0, 1.0, 1.0, 1.0, 1.0, 1.0, 1.0, 1.0, 1.0, 1.0, 1.0, 1.0, 1.0, 1.0, 1.0, 1.0, 1.0, 1.0, 1.0, 1.0, 1.0, 1.0, 1.0, 1.0, 1.0, 1.0, 1.0, 1.0, 1.0, 1.0, 1.0, 1.0, 1.0, 1.0, 1.0, 1.0, 1.0, 1.0, 1.0, 1.0, 1.0, 1.0, 1.0, 1.0, 1.0, 1.0, 1.0, 1.0, 1.0, 1.0, 1.0, 1.0, 1.0, 1.0, 1.0, 1.0, 1.0, 1.0, 1.0, 1.0, 1.0, 1.0, 1.0, 1.0, 1.0, 1.0, 1.0, 1.0, 1.0, 1.0, 1.0, 1.0, 1.0, 1.0, 1.0, 1.0, 1.0, 1.0, 1.0, 1.0, 1.0, 1.0, 1.0, 1.0, 1.0, 1.0, 1.0, 1.0, 1.0, 1.0, 1.0, 1.0, 1.0, 1.0, 1.0, 1.0], "min_weight": 0.95, "max_distance": 3}