{"n_items": 200, "weights": [9.99999999999995e-17, 9.99999999999995e-17, 9.99999999999995e-17, 9.99999999999995e-17, 9.99999999999995e-17, 9.99999999999995e-17, 9.99999999999995e-05, 9.99999999999995e-05, 9.99999999999995e-05, 9.99999999999995e-05, 0.000199999999999999, 0.0002999999999999985, 0.0002999999999999985, 9.99999999999995e-17, 0.000399999999999998, 0.000599999999999997, 0.000399999999999998, 0.0004999999999999975, 0.0004999999999999975, 0.000399999999999998, 0.0008999999999999955, 0.0010999999999999946, 0.001399999999999993, 0.0010999999999999946, 0.001199999999999994, 0.00199999999999999, 0.00209999999999999, 0.002399999999999988, 0.0030999999999999847, 0.0029999999999999853, 0.0040999999999999795, 0.004499999999999978, 0.0048999999999999756, 0.005399999999999973, 0.006899999999999966, 0.006399999999999968, 0.007599999999999963, 0.009499999999999953, 0.009799999999999951, 0.008999999999999956, 0.01219999999999994, 0.011099999999999945, 0.012499999999999938, 0.012899999999999936, 0.013099999999999936, 0.014599999999999929, 0.01409999999999993, 0.014299999999999929, 0.01589999999999992, 0.015499999999999924, 0.014699999999999928, 0.017499999999999915, 0.015699999999999922, 0.017099999999999917, 0.015399999999999924, 0.015199999999999925, 0.014999999999999927, 0.012899999999999936, 0.013299999999999935, 0.011599999999999944, 0.011599999999999944, 0.012499999999999938, 0.011099999999999945, 0.011699999999999943, 0.010899999999999946, 0.008299999999999958, 0.007199999999999964, 0.00609999999999997, 0.007099999999999965, 0.006599999999999968, 0.005299999999999974, 0.003299999999999984, 0.004399999999999979, 0.002499999999999988, 0.0022999999999999887, 0.001799999999999991, 0.00199999999999999, 0.001799999999999991, 0.001799999999999991, 0.0014999999999999927, 0.0008999999999999955, 0.0014999999999999927, 0.0014999999999999927, 0.001199999999999994, 0.0010999999999999946, 0.000799999999999996, 0.0010999999999999946, 0.001199999999999994, 0.001599999999999992, 0.0012999999999999937, 0.001599999999999992, 0.0014999999999999927, 0.0026999999999999867, 0.0033999999999999833, 0.003599999999999982, 0.002899999999999986, 0.003299999999999984, 0.004599999999999977, 0.004599999999999977, 0.00419999999999998, 0.008699999999999958, 0.00799999999999996, 0.007499999999999963, 0.008499999999999959, 0.008499999999999959, 0.011499999999999944, 0.01029999999999995, 0.013199999999999936, 0.010799999999999947, 0.01209999999999994, 0.01409999999999993, 0.013399999999999935, 0.015299999999999925, 0.01449999999999993, 0.01449999999999993, 0.016999999999999918, 0.01629999999999992, 0.016599999999999917, 0.01409999999999993, 0.014399999999999928, 0.013199999999999936, 0.016999999999999918, 0.014999999999999927, 0.012599999999999938, 0.013199999999999936, 0.013599999999999933, 0.011399999999999943, 0.012599999999999938, 0.013999999999999931, 0.010999999999999946, 0.008799999999999957, 0.008899999999999957, 0.008899999999999957, 0.006399999999999968, 0.006899999999999966, 0.0048999999999999756, 0.005299999999999974, 0.0030999999999999847, 0.0026999999999999867, 0.002799999999999986, 0.0029999999999999853, 0.0029999999999999853, 0.0018999999999999907, 0.001399999999999993, 0.0021999999999999893, 0.00209999999999999, 0.0008999999999999955, 0.000999999999999995, 0.0006999999999999965, 0.000399999999999998, 0.000199999999999999, 0.0006999999999999965, 9.99999999999995e-05, 0.000399999999999998, 0.000399999999999998, 0.000199999999999999, 9.99999999999995e-17, 0.000199999999999999, 9.99999999999995e-17, 9.99999999999995e-17, 9.99999999999995e-05, 9.99999999999995e-17, 9.99999999999995e-05, 9.99999999999995e-17, 9.99999999999995e-17, 9.99999999999995e-17, 9.99999999999995e-17, 9.99999999999995e-17, 9.99999999999995e-17, 9.99999999999995e-17, 9.99999999999995e-17, 9.99999999999995e-17, 9.99999999999995e-17, 9.99999999999995e-17, 9.99999999999995e-17, 9.99999999999995e-17, 9.99999999999995e-17, 9.99999999999995e-17, 9.99999999999995e-17, 9.99999999999995e-17, 9.99999999999995e-17, 9.99999999999995e-17, 9.99999999999995e-17, 9.99999999999995e-17, 9.99999999999995e-17, 9.99999999999995e-17, 9.99999999999995e-17, 9.99999999999995e-17, 9.99999999999995e-17, 9.99999999999995e-17, 9.99999999999995e-17, 9.99999999999995e-17, 9.99999999999995e-17, 9.99999999999995e-17, 9.99999999999995e-17, 9.99999999999995e-17, 9.99999999999995e-17, 9.99999999999995e-17, 9.99999999999995e-17, 9.99999999999995e-17], "profits": [1.0, 1.0, 1.0, 1.0, 1.0, 1.0, 1.0, 1.0, 1.0, 1.0, 1.0, 1.0, 1.0, 1.0, 1.0, 1.0, 1.0, 1.0, 1.0, 1.0, 1.0, 1.0, 1.0, 1.0, 1.0, 1.0, 1.0, 1.0, 1.0, 1.0, 1.0, 1.0, 1.0, 1.0, 1.0, 1.0, 1.0, 1.0, 1.0, 1.0, 1.0, 1.0, 1.0, 1.0, 1.0, 1.0, 1.0, 1.0, 1.0, 1.0, 1.0, 1.0, 1.0, 1.0, 1.0, 1.0, 1.0, 1.0, 1.0, 1.0, 1.0, 1.0, 1.0, 1.0, 1.0, 1.0, 1.0, 1.0, 1.0, 1.0, 1.0, 1.0, 1.0, 1.0, 1.0, 1.0, 1.0, 1.0, 1.0, 1.0, 1.0, 1.0, 1.0, 1.0, 1.0, 1.0, 1.0, 1.0, 1.0, 1.0, 1.0, 1.0, 1.0, 1.0, 1.0, 1.0, 1.0, 1.0, 1.0, 1.0, 1.0, 1.0, 1.0, 1.0, 1.0, 1.0, 1.0, 1.0, 1.0, 1.0, 1.0, 1.0, 1.0, 1.0, 1.0, 1.0, 1.0, 1.0, 1.0, 1.0, 1.0, 1.0, 1.0, 1.0, 1.0, 1.0, 1.0, 1.0, 1.0, 1.0, 1.0, 1.0, 1.0, 1.0, 1.0, 1.0, 1.0, 1.0, 1.0, 1.0, 1.0, 1.0, 1.0, 1.0, 1.0, 1.0, 1.0, 1.0, 1.0, 1.0, 1.0, 1.0, 1.0, 1.0, 1.0, 1.0, 1.0, 1.0, 1.0, 1.0, 1.0, 1.0, 1.0, 1.0, 1.0, 1.0, 1.0, 1.0, 1.0, 1.0, 1.0, 1.0, 1.0, 1.0, 1.0, 1.0, 1.0, 1.0, 1.0, 1.0, 1.0, 1.0, 1.0, 1.0, 1.0, 1.0, 1.0, 1.0, 1.0, 1.0, 1.0, 1.0, 1.0, 1.0, 1.0, 1.0, 1.0, 1.0, 1.0, 1.0], "min_weight": 0.95, "max_distance": 3}