{"n_items": 600, "weights": [9.999999999999823e-05, 0.00019999999999999646, 9.999999999999824e-17, 9.999999999999823e-05, 0.0003999999999999929, 0.00019999999999999646, 0.0002999999999999947, 9.999999999999824e-17, 9.999999999999824e-17, 9.999999999999823e-05, 9.999999999999823e-05, 9.999999999999824e-17, 9.999999999999824e-17, 9.999999999999823e-05, 0.00019999999999999646, 0.0002999999999999947, 0.0003999999999999929, 9.999999999999824e-17, 9.999999999999823e-05, 0.0004999999999999912, 0.00019999999999999646, 9.999999999999824e-17, 0.0003999999999999929, 9.999999999999823e-05, 0.0003999999999999929, 0.00019999999999999646, 9.999999999999823e-05, 0.0003999999999999929, 0.00019999999999999646, 9.999999999999823e-05, 0.0002999999999999947, 0.0003999999999999929, 0.0004999999999999912, 0.0004999999999999912, 0.0002999999999999947, 0.0006999999999999876, 0.0004999999999999912, 0.0004999999999999912, 0.0003999999999999929, 0.0004999999999999912, 0.0002999999999999947, 0.0005999999999999894, 0.0003999999999999929, 9.999999999999823e-05, 0.0002999999999999947, 0.0003999999999999929, 0.0005999999999999894, 0.0005999999999999894, 0.0005999999999999894, 0.0003999999999999929, 0.0005999999999999894, 0.0003999999999999929, 0.0005999999999999894, 0.0005999999999999894, 0.0005999999999999894, 0.0003999999999999929, 0.0007999999999999858, 0.0002999999999999947, 0.0005999999999999894, 0.0008999999999999841, 0.0007999999999999858, 0.0006999999999999876, 0.0009999999999999825, 0.0005999999999999894, 0.0005999999999999894, 0.0007999999999999858, 0.0011999999999999789, 0.0007999999999999858, 0.0008999999999999841, 0.0010999999999999806, 0.0007999999999999858, 0.0007999999999999858, 0.0010999999999999806, 0.0006999999999999876, 0.0006999999999999876, 0.0009999999999999825, 0.0008999999999999841, 0.0014999999999999736, 0.0011999999999999789, 0.0006999999999999876, 0.0006999999999999876, 0.0009999999999999825, 0.0008999999999999841, 0.0010999999999999806, 0.0014999999999999736, 0.0004999999999999912, 0.0008999999999999841, 0.0011999999999999789, 0.0011999999999999789, 0.0005999999999999894, 0.0006999999999999876, 0.0009999999999999825, 0.0011999999999999789, 0.0014999999999999736, 0.0008999999999999841, 0.001299999999999977, 0.0008999999999999841, 0.0014999999999999736, 0.0015999999999999717, 0.0013999999999999753, 0.002499999999999956, 0.0017999999999999683, 0.0013999999999999753, 0.0022999999999999596, 0.002599999999999954, 0.0017999999999999683, 0.00169999999999997, 0.0018999999999999664, 0.0013999999999999753, 0.001299999999999977, 0.0022999999999999596, 0.002199999999999961, 0.0018999999999999664, 0.0013999999999999753, 0.0018999999999999664, 0.0023999999999999577, 0.0022999999999999596, 0.0022999999999999596, 0.002199999999999961, 0.00169999999999997, 0.001999999999999965, 0.002199999999999961, 0.0027999999999999505, 0.0030999999999999452, 0.002199999999999961, 0.003299999999999942, 0.0027999999999999505, 0.0015999999999999717, 0.0027999999999999505, 0.002599999999999954, 0.0028999999999999486, 0.0026999999999999524, 0.0026999999999999524, 0.0030999999999999452, 0.003299999999999942, 0.002999999999999947, 0.0038999999999999313, 0.002499999999999956, 0.0036999999999999347, 0.003499999999999938, 0.00399999999999993, 0.00339999999999994, 0.0030999999999999452, 0.002099999999999963, 0.0031999999999999433, 0.0030999999999999452, 0.0030999999999999452, 0.00399999999999993, 0.0047999999999999154, 0.0038999999999999313, 0.0040999999999999275, 0.0036999999999999347, 0.00399999999999993, 0.0037999999999999328, 0.0035999999999999366, 0.00399999999999993, 0.004899999999999914, 0.0028999999999999486, 0.0040999999999999275, 0.0038999999999999313, 0.004699999999999917, 0.003299999999999942, 0.004399999999999922, 0.0030999999999999452, 0.0038999999999999313, 0.005199999999999908, 0.004999999999999912, 0.0042999999999999245, 0.00509999999999991, 0.0038999999999999313, 0.0036999999999999347, 0.0054999999999999025, 0.004999999999999912, 0.004899999999999914, 0.005299999999999906, 0.003299999999999942, 0.005299999999999906, 0.0054999999999999025, 0.00509999999999991, 0.006099999999999892, 0.005899999999999896, 0.005399999999999905, 0.004499999999999921, 0.004899999999999914, 0.004499999999999921, 0.0047999999999999154, 0.003499999999999938, 0.004699999999999917, 0.004699999999999917, 0.004899999999999914, 0.0036999999999999347, 0.0056999999999999, 0.005599999999999901, 0.0054999999999999025, 0.005399999999999905, 0.006399999999999887, 0.005199999999999908, 0.0056999999999999, 0.005199999999999908, 0.005399999999999905, 0.004699999999999917, 0.0047999999999999154, 0.00679999999999988, 0.004599999999999919, 0.004899999999999914, 0.004999999999999912, 0.005899999999999896, 0.006599999999999884, 0.004599999999999919, 0.005199999999999908, 0.005299999999999906, 0.0061999999999998905, 0.004899999999999914, 0.005999999999999894, 0.004999999999999912, 0.005999999999999894, 0.0056999999999999, 0.006399999999999887, 0.0056999999999999, 0.006299999999999889, 0.005599999999999901, 0.005299999999999906, 0.0035999999999999366, 0.0040999999999999275, 0.005599999999999901, 0.0036999999999999347, 0.004899999999999914, 0.004699999999999917, 0.005299999999999906, 0.004599999999999919, 0.006399999999999887, 0.005199999999999908, 0.0054999999999999025, 0.004899999999999914, 0.004999999999999912, 0.005399999999999905, 0.005999999999999894, 0.0056999999999999, 0.006099999999999892, 0.0040999999999999275, 0.005999999999999894, 0.005199999999999908, 0.004499999999999921, 0.004899999999999914, 0.004999999999999912, 0.004999999999999912, 0.0038999999999999313, 0.00509999999999991, 0.0042999999999999245, 0.0054999999999999025, 0.00399999999999993, 0.004199999999999926, 0.0038999999999999313, 0.005199999999999908, 0.004899999999999914, 0.004699999999999917, 0.004399999999999922, 0.0047999999999999154, 0.004499999999999921, 0.004199999999999926, 0.0042999999999999245, 0.004499999999999921, 0.0035999999999999366, 0.004399999999999922, 0.004499999999999921, 0.0054999999999999025, 0.003299999999999942, 0.0037999999999999328, 0.00399999999999993, 0.003299999999999942, 0.0027999999999999505, 0.004399999999999922, 0.0038999999999999313, 0.00399999999999993, 0.00339999999999994, 0.003499999999999938, 0.003299999999999942, 0.0027999999999999505, 0.004499999999999921, 0.0040999999999999275, 0.0037999999999999328, 0.0038999999999999313, 0.0036999999999999347, 0.0031999999999999433, 0.0028999999999999486, 0.0037999999999999328, 0.003499999999999938, 0.002199999999999961, 0.00339999999999994, 0.002499999999999956, 0.0035999999999999366, 0.004199999999999926, 0.004499999999999921, 0.0023999999999999577, 0.003499999999999938, 0.0022999999999999596, 0.0026999999999999524, 0.0036999999999999347, 0.002099999999999963, 0.002099999999999963, 0.0037999999999999328, 0.0028999999999999486, 0.0035999999999999366, 0.0022999999999999596, 0.002199999999999961, 0.0022999999999999596, 0.0023999999999999577, 0.002499999999999956, 0.0027999999999999505, 0.002199999999999961, 0.0026999999999999524, 0.0023999999999999577, 0.0026999999999999524, 0.0026999999999999524, 0.0015999999999999717, 0.00169999999999997, 0.0022999999999999596, 0.00169999999999997, 0.0027999999999999505, 0.0018999999999999664, 0.001299999999999977, 0.0018999999999999664, 0.0028999999999999486, 0.0008999999999999841, 0.001299999999999977, 0.002099999999999963, 0.0009999999999999825, 0.0018999999999999664, 0.0017999999999999683, 0.002199999999999961, 0.0014999999999999736, 0.0013999999999999753, 0.0014999999999999736, 0.0017999999999999683, 0.001999999999999965, 0.0013999999999999753, 0.0010999999999999806, 0.0009999999999999825, 0.0013999999999999753, 0.0011999999999999789, 0.0011999999999999789, 0.0017999999999999683, 0.0017999999999999683, 0.0009999999999999825, 0.002199999999999961, 0.001299999999999977, 0.0013999999999999753, 0.0008999999999999841, 0.0008999999999999841, 0.001299999999999977, 0.0008999999999999841, 0.0007999999999999858, 0.0007999999999999858, 