{"n_items": 200, "weights": [9.999999999999909e-17, 9.999999999999909e-17, 9.999999999999909e-17, 9.999999999999909e-17, 9.999999999999909e-17, 9.999999999999909e-17, 9.999999999999909e-17, 9.999999999999909e-17, 9.999999999999909e-17, 9.999999999999909e-17, 9.999999999999909e-17, 9.999999999999909e-17, 9.999999999999909e-17, 9.999999999999909e-17, 9.999999999999909e-17, 9.999999999999909e-17, 9.999999999999909e-17, 9.999999999999909e-17, 9.999999999999909e-17, 9.999999999999909e-17, 9.999999999999909e-17, 9.999999999999909e-17, 9.999999999999909e-17, 9.999999999999909e-17, 9.999999999999909e-17, 9.999999999999909e-17, 9.999999999999909e-17, 9.999999999999909e-17, 9.999999999999909e-17, 9.999999999999909e-17, 9.999999999999909e-17, 9.999999999999909e-17, 9.999999999999909e-17, 9.999999999999909e-17, 9.999999999999909e-17, 9.999999999999909e-17, 9.999999999999909e-17, 9.999999999999909e-17, 9.999999999999909e-17, 9.999999999999909e-17, 9.999999999999909e-17, 9.999999999999909e-17, 9.999999999999909e-17, 9.999999999999909e-17, 9.999999999999909e-17, 9.99999999999991e-05, 9.999999999999909e-17, 9.999999999999909e-17, 9.999999999999909e-17, 9.99999999999991e-05, 9.999999999999909e-17, 0.0001999999999999982, 9.99999999999991e-05, 0.00029999999999999726, 9.99999999999991e-05, 0.0004999999999999955, 0.0005999999999999945, 0.0001999999999999982, 0.0003999999999999964, 0.0004999999999999955, 0.0008999999999999918, 0.0005999999999999945, 0.0012999999999999882, 0.001199999999999989, 0.002299999999999979, 0.002099999999999981, 0.002099999999999981, 0.0027999999999999744, 0.003499999999999968, 0.004199999999999962, 0.0036999999999999663, 0.00659999999999994, 0.005399999999999951, 0.0052999999999999515, 0.007799999999999929, 0.008199999999999926, 0.00879999999999992, 0.010299999999999906, 0.009099999999999917, 0.010299999999999906, 0.009999999999999908, 0.0110999999999999, 0.014899999999999865, 0.01439999999999987, 0.018099999999999835, 0.016699999999999847, 0.01529999999999986, 0.016399999999999852, 0.015999999999999855, 0.014799999999999865, 0.018599999999999832, 0.016899999999999846, 0.017099999999999844, 0.017199999999999844, 0.01549999999999986, 0.01869999999999983, 0.019999999999999817, 0.015599999999999859, 0.019099999999999825, 0.019999999999999817, 0.01759999999999984, 0.017799999999999837, 0.018599999999999832, 0.018999999999999826, 0.019399999999999824, 0.018499999999999833, 0.018899999999999827, 0.017999999999999836, 0.017199999999999844, 0.017499999999999842, 0.018599999999999832, 0.01979999999999982, 0.01879999999999983, 0.016399999999999852, 0.017099999999999844, 0.019999999999999817, 0.017299999999999843, 0.017499999999999842, 0.017299999999999843, 0.017799999999999837, 0.015599999999999859, 0.01439999999999987, 0.014699999999999866, 0.013799999999999875, 0.013499999999999877, 0.012899999999999882, 0.013699999999999875, 0.008899999999999918, 0.011899999999999892, 0.010899999999999901, 0.011499999999999896, 0.00769999999999993, 0.008599999999999922, 0.006899999999999937, 0.004899999999999956, 0.005399999999999951, 0.004599999999999958, 0.004599999999999958, 0.0038999999999999647, 0.0035999999999999674, 0.004099999999999963, 0.0028999999999999738, 0.0018999999999999826, 0.0018999999999999826, 0.0014999999999999864, 0.0018999999999999826, 0.0006999999999999936, 0.0008999999999999918, 0.0005999999999999945, 0.0004999999999999955, 0.00029999999999999726, 0.00029999999999999726, 0.0001999999999999982, 9.99999999999991e-05, 0.0004999999999999955, 9.99999999999991e-05, 0.00029999999999999726, 9.999999999999909e-17, 9.99999999999991e-05, 9.999999999999909e-17, 9.999999999999909e-17, 9.999999999999909e-17, 9.99999999999991e-05, 9.999999999999909e-17, 9.999999999999909e-17, 9.999999999999909e-17, 9.999999999999909e-17, 9.999999999999909e-17, 9.999999999999909e-17, 9.999999999999909e-17, 9.999999999999909e-17, 9.999999999999909e-17, 9.999999999999909e-17, 9.999999999999909e-17, 9.999999999999909e-17, 9.999999999999909e-17, 9.999999999999909e-17, 9.999999999999909e-17, 9.999999999999909e-17, 9.999999999999909e-17, 9.999999999999909e-17, 9.999999999999909e-17, 9.999999999999909e-17, 9.999999999999909e-17, 9.999999999999909e-17, 9.999999999999909e-17, 9.999999999999909e-17, 9.999999999999909e-17, 9.999999999999909e-17, 9.999999999999909e-17, 9.999999999999909e-17, 9.999999999999909e-17, 9.999999999999909e-17, 9.999999999999909e-17, 9.999999999999909e-17, 9.999999999999909e-17, 9.999999999999909e-17, 9.999999999999909e-17, 9.999999999999909e-17, 9.999999999999909e-17],