{"n_items": 200, "weights": [9.999999999999832e-17, 9.999999999999832e-17, 9.999999999999832e-17, 9.999999999999832e-17, 9.999999999999832e-17, 9.999999999999832e-17, 9.999999999999832e-17, 9.999999999999832e-17, 9.999999999999832e-17, 9.999999999999832e-17, 9.999999999999832e-17, 9.999999999999832e-17, 9.999999999999832e-17, 9.999999999999832e-17, 9.999999999999832e-17, 9.999999999999832e-17, 9.999999999999832e-17, 9.999999999999832e-17, 9.999999999999832e-17, 9.999999999999832e-17, 9.999999999999832e-17, 9.999999999999832e-17, 9.999999999999832e-17, 9.999999999999832e-17, 9.999999999999832e-17, 9.999999999999832e-17, 9.999999999999832e-17, 9.999999999999832e-17, 9.999999999999832e-17, 9.999999999999832e-17, 9.999999999999832e-17, 9.999999999999832e-17, 9.999999999999832e-17, 9.999999999999832e-17, 9.999999999999832e-17, 9.999999999999832e-17, 9.999999999999832e-17, 9.999999999999832e-17, 9.999999999999832e-17, 9.999999999999832e-17, 9.999999999999832e-17, 9.999999999999832e-17, 9.999999999999832e-17, 9.999999999999832e-17, 9.999999999999832e-17, 9.999999999999832e-17, 9.999999999999832e-17, 9.999999999999832e-17, 9.999999999999832e-17, 9.999999999999832e-17, 9.999999999999832e-17, 9.999999999999832e-17, 9.999999999999832e-17, 9.999999999999832e-17, 9.999999999999832e-17, 9.999999999999832e-17, 9.999999999999832e-17, 9.999999999999832e-17, 9.999999999999832e-17, 9.999999999999832e-17, 9.999999999999832e-17, 9.999999999999832e-17, 9.999999999999832e-17, 9.999999999999832e-17, 9.999999999999832e-17, 9.999999999999832e-17, 9.999999999999832e-17, 9.999999999999832e-17, 9.999999999999832e-17, 9.999999999999832e-17, 9.999999999999832e-05, 0.0004999999999999917, 0.0004999999999999917, 0.0013999999999999766, 0.004299999999999928, 0.007899999999999867, 0.01429999999999976, 0.025999999999999565, 0.03649999999999939, 0.04539999999999924, 0.05649999999999906, 0.06749999999999887, 0.06519999999999891, 0.054799999999999086, 0.04339999999999927, 0.04329999999999928, 0.03619999999999939, 0.037699999999999366, 0.04849999999999919, 0.05669999999999905, 0.06149999999999897, 0.06289999999999894, 0.058899999999999016, 0.053499999999999104, 0.04499999999999925, 0.029499999999999506, 0.018699999999999686, 0.01139999999999981, 0.006999999999999883, 0.0029999999999999498, 0.0010999999999999816, 0.0004999999999999917, 9.999999999999832e-05, 0.00019999999999999665, 9.999999999999832e-17, 9.999999999999832e-17, 9.999999999999832e-17, 9.999999999999832e-17, 9.999999999999832e-17, 9.999999999999832e-17, 9.999999999999832e-17, 9.999999999999832e-17, 9.999999999999832e-17, 9.999999999999832e-17, 9.999999999999832e-17, 9.999999999999832e-17, 9.999999999999832e-17, 9.999999999999832e-17, 9.999999999999832e-17, 9.999999999999832e-17, 9.999999999999832e-17, 9.999999999999832e-17, 9.999999999999832e-17, 9.999999999999832e-17, 9.999999999999832e-17, 9.999999999999832e-17, 9.999999999999832e-17, 9.999999999999832e-17, 9.999999999999832e-17, 9.999999999999832e-17, 9.999999999999832e-17, 9.999999999999832e-17, 9.999999999999832e-17, 9.999999999999832e-17, 9.999999999999832e-17, 9.999999999999832e-17, 9.999999999999832e-17, 9.999999999999832e-17, 9.999999999999832e-17, 9.999999999999832e-17, 9.999999999999832e-17, 9.999999999999832e-17, 9.999999999999832e-17, 9.999999999999832e-17, 9.999999999999832e-17, 9.999999999999832e-17, 9.999999999999832e-17, 9.999999999999832e-17, 9.999999999999832e-17, 9.999999999999832e-17, 9.999999999999832e-17, 9.999999999999832e-17, 9.999999999999832e-17, 9.999999999999832e-17, 9.999999999999832e-17, 9.999999999999832e-17, 9.999999999999832e-17, 9.999999999999832e-17, 9.999999999999832e-17, 9.999999999999832e-17, 9.999999999999832e-17, 9.999999999999832e-17, 9.999999999999832e-17, 9.999999999999832e-17, 9.999999999999832e-17, 9.999999999999832e-17, 9.999999999999832e-17, 9.999999999999832e-17, 9.999999999999832e-17, 9.999999999999832e-17, 9.999999999999832e-17, 9.999999999999832e-17, 9.999999999999832e-17, 9.999999999999832e-17, 9.999999999999832e-17, 9.999999999999832e-17, 9.999999999999832e-17, 9.999999999999832e-17, 9.999999999999832e-17, 9.999999999999832e-17, 9.999999999999832e-17, 9.999999999999832e-17, 9.999999999999832e-17, 9.999999999999832e-17, 9.999999999999832e-17, 9.999999999999832e-17, 9.999999999999832e-17, 9.999999999999832e-17, 9.999999999999832e-17, 9.999999999999832e-17, 9.999999999999832e-17, 9.999999999999832e-17, 9.999999999999832e-17, 9.999999999999832e-17, 9.999999999999832e-17, 9.999999999999832e-17, 9.999999999999832e-17, 9.999999999999832e-17, 9.999999999999832e-17, 9.999999999999832e-17], "profits": [1.0, 1.0, 1.0, 1.0, 1.0, 1.0, 1.0, 1.0, 1.0, 1.0, 1.0, 1.0, 1.0, 1.0, 1.0, 1.0, 1.0, 1.0, 1.0, 1.0, 1.0, 1.0, 1.0, 1.0, 1.0, 1.0, 1.0, 1.0, 1.0, 1.0, 1.0, 1.0, 1.0, 1.0, 1.0, 1.0, 1.0, 1.0, 1.0, 1.0, 1.0, 1.0, 1.0, 1.0, 1.0, 1.0, 1.0, 1.0, 1.0, 1.0, 1.0, 1.0, 1.0, 1.0, 1.0, 1.0, 1.0, 1.0, 1.0, 1.0, 1.0, 1.0, 1.0, 1.0, 1.0, 1.0, 1.0, 1.0, 1.0, 1.0, 1.0, 1.0, 1.0, 1.0, 1.0, 1.0, 1.0, 1.0, 1.0, 1.0, 1.0, 1.0, 1.0, 1.0, 1.0, 1.0, 1.0, 1.0, 1.0, 1.0, 1.0, 1.0, 1.0, 1.0, 1.0, 1.0, 1.0, 1.0, 1.0, 1.0, 1.0, 1.0, 1.0, 1.0, 1.0, 1.0, 1.0, 1.0, 1.0, 1.0, 1.0, 1.0, 1.0, 1.0, 1.0, 1.0, 1.0, 1.0, 1.0, 1.0, 1.0, 1.0, 1.0, 1.0, 1.0, 1.0, 1.0, 1.0, 1.0, 1.0, 1.0, 1.0, 1.0, 1.0, 1.0, 1.0, 1.0, 1.0, 1.0, 1.0, 1.0, 1.0, 1.0, 1.0, 1.0, 1.0, 1.0, 1.0, 1.0, 1.0, 1.0, 1.0, 1.0, 1.0, 1.0, 1.0, 1.0, 1.0, 1.0, 1.0, 1.0, 1.0, 1.0, 1.0, 1.0, 1.0, 1.0, 1.0, 1.0, 1.0, 1.0, 1.0, 1.0, 1.0, 1.0, 1.0, 1.0, 1.0, 1.0, 1.0, 1.0, 1.0, 1.0, 1.0, 1.0, 1.0, 1.0, 1.0, 1.0, 1.0, 1.0, 1.0, 1.0, 1.0, 1.0, 1.0, 1.0, 1.0, 1.0, 1.0], "min_weight": 0.95, "max_distance": 3}