{"n_items": 600, "weights": [9.999999999999644e-17, 9.999999999999644e-17, 9.999999999999644e-17, 9.999999999999644e-17, 9.999999999999644e-17, 9.999999999999644e-17, 9.999999999999644e-17, 9.999999999999644e-17, 9.999999999999644e-17, 9.999999999999644e-17, 9.999999999999644e-17, 9.999999999999644e-17, 9.999999999999644e-17, 9.999999999999644e-17, 9.999999999999644e-17, 9.999999999999644e-17, 9.999999999999644e-17, 9.999999999999644e-17, 9.999999999999644e-17, 9.999999999999644e-17, 9.999999999999644e-17, 9.999999999999644e-17, 9.999999999999644e-17, 9.999999999999644e-17, 9.999999999999644e-17, 9.999999999999644e-17, 9.999999999999644e-17, 9.999999999999644e-17, 9.999999999999644e-17, 9.999999999999644e-17, 9.999999999999644e-17, 9.999999999999644e-17, 9.999999999999644e-17, 9.999999999999644e-17, 9.999999999999644e-17, 9.999999999999644e-17, 9.999999999999644e-17, 9.999999999999644e-17, 9.999999999999644e-17, 9.999999999999644e-05, 9.999999999999644e-17, 9.999999999999644e-17, 9.999999999999644e-17, 9.999999999999644e-17, 9.999999999999644e-05, 9.999999999999644e-17, 9.999999999999644e-17, 9.999999999999644e-05, 9.999999999999644e-05, 9.999999999999644e-05, 9.999999999999644e-17, 9.999999999999644e-05, 9.999999999999644e-17, 9.999999999999644e-05, 9.999999999999644e-17, 9.999999999999644e-17, 9.999999999999644e-05, 0.00039999999999998576, 0.00039999999999998576, 9.999999999999644e-05, 0.00019999999999999288, 0.0002999999999999893, 0.00039999999999998576, 0.00039999999999998576, 0.0002999999999999893, 0.0002999999999999893, 0.0004999999999999821, 0.0005999999999999786, 0.0004999999999999821, 0.0006999999999999751, 0.00019999999999999288, 0.0005999999999999786, 0.0010999999999999608, 0.0011999999999999572, 0.0010999999999999608, 0.0019999999999999285, 0.0023999999999999144, 0.0013999999999999501, 0.0011999999999999572, 0.0024999999999999107, 0.0016999999999999394, 0.0032999999999998825, 0.0042999999999998465, 0.0023999999999999144, 0.003499999999999875, 0.004599999999999836, 0.0037999999999998647, 0.004599999999999836, 0.005299999999999811, 0.0048999999999998255, 0.004499999999999839, 0.005199999999999815, 0.006299999999999775, 0.006499999999999768, 0.006599999999999765, 0.006799999999999758, 0.006099999999999783, 0.006499999999999768, 0.008499999999999697, 0.007999999999999714, 0.009399999999999666, 0.009099999999999676, 0.009099999999999676, 0.010299999999999632, 0.011399999999999593, 0.009299999999999668, 0.01039999999999963, 0.009699999999999653, 0.00869999999999969, 0.010199999999999636, 0.011699999999999582, 0.012699999999999547, 0.01039999999999963, 0.010199999999999636, 0.010199999999999636, 0.011099999999999605, 0.011399999999999593, 0.009799999999999651, 0.01039999999999963, 0.009599999999999657, 0.010699999999999618, 0.008199999999999708, 0.008099999999999712, 0.00729999999999974, 0.008099999999999712, 0.008999999999999678, 0.007099999999999747, 0.006499999999999768, 0.009199999999999672, 0.007799999999999722, 0.008399999999999701, 0.006199999999999779, 0.00589999999999979, 0.006599999999999765, 0.005399999999999808, 0.004999999999999821, 0.003999999999999857, 0.004799999999999829, 0.003699999999999868, 0.0035999999999998715, 0.002999999999999893, 0.0032999999999998825, 0.0030999999999998893, 0.002699999999999904, 0.0018999999999999323, 0.0020999999999999253, 0.0011999999999999572, 0.0019999999999999285, 0.0019999999999999285, 0.0020999999999999253, 0.0016999999999999394, 0.0009999999999999642, 0.0013999999999999501, 0.0016999999999999394, 0.0011999999999999572, 0.0005999999999999786, 0.0002999999999999893, 0.0008999999999999679, 0.00039999999999998576, 0.0002999999999999893, 0.00039999999999998576, 0.00019999999999999288, 0.0006999999999999751, 9.999999999999644e-05, 0.0002999999999999893, 0.00039999999999998576, 0.0002999999999999893, 0.00019999999999999288, 9.999999999999644e-05, 9.999999999999644e-05, 9.999999999999644e-17, 9.999999999999644e-17, 0.00019999999999999288, 9.999999999999644e-17, 0.00019999999999999288, 9.999999999999644e-17, 9.999999999999644e-17, 9.999999999999644e-05, 9.999999999999644e-17, 9.999999999999644e-17, 9.999999999999644e-17, 9.999999999999644e-17, 9.999999999999644e-17, 9.999999999999644e-17, 9.999999999999644e-17, 9.999999999999644e-17, 9.999999999999644e-05, 9.999999999999644e-17, 9.999999999999644e-17, 9.999999999999644e-17, 9.999999999999644e-17, 9.999999999999644e-17, 9.999999999999644e-17, 9.999999999999644e-17, 9.999999999999644e-17, 9.999999999999644e-17, 9.999999999999644e-17, 9.999999999999644e-17, 9.999999999999644e-17, 9.999999999999644e-17, 9.999999999999644e-17, 9.999999999999644e-17, 9.999999999999644e-17, 9.999999999999644e-17, 9.999999999999644e-17, 9.999999999999644e-17, 9.999999999999644e-17, 9.999999999999644e-17, 9.999999999999644e-17, 9.999999999999644e-17, 9.999999999999644e-17, 9.999999999999644e-17, 9.999999999999644e-17, 9.999999999999644e-17, 9.999999999999644e-17, 9.999999999999644e-17, 9.999999999999644e-17, 9.999999999999644e-17, 9.999999999999644e-17, 9.999999999999644e-17, 9.999999999999644e-17, 9.999999999999644e-17, 9.999999999999644e-17, 9.999999999999644e-17, 9.999999999999644e-17, 9.999999999999644e-17, 9.999999999999644e-17, 9.999999999999644e-17, 9.999999999999644e-17, 9.999999999999644e-17, 9.999999999999644e-17, 9.999999999999644e-17, 9.999999999999644e-17, 9.999999999999644e-17, 9.999999999999644e-17, 9.999999999999644e-17, 9.999999999999644e-17, 9.999999999999644e-17, 9.999999999999644e-17, 9.999999999999644e-17, 9.999999999999644e-17, 9.999999999999644e-17, 9.999999999999644e-17, 9.999999999999644e-17, 9.999999999999644e-17, 9.999999999999644e-17, 9.999999999999644e-17, 9.999999999999644e-17, 9.999999999999644e-17, 9.999999999999644e-17, 9.999999999999644e-17, 9.999999999999644e-17, 9.999999999999644e-17, 9.999999999999644e-17, 9.999999999999644e-17, 9.999999999999644e-17, 9.999999999999644e-17, 9.999999999999644e-17, 9.999999999999644e-17, 9.999999999999644e-17, 9.999999999999644e-17, 9.999999999999644e-17, 9.999999999999644e-17, 9.999999999999644e-17, 9.999999999999644e-17, 9.999999999999644e-17, 9.999999999999644e-17, 9.999999999999644e-17, 9.999999999999644e-17, 9.999999999999644e-17, 9.999999999999644e-17, 9.999999999999644e-17, 9.999999999999644e-17, 9.999999999999644e-17, 9.999999999999644e-17, 9.999999999999644e-17, 9.999999999999644e-17, 9.999999999999644e-17, 9.999999999999644e-17, 9.999999999999644e-17, 9.999999999999644e-17, 9.999999999999644e-17, 9.999999999999644e-17, 9.999999999999644e-17, 9.999999999999644e-17, 9.999999999999644e-17, 9.999999999999644e-17, 9.999999999999644e-17, 9.999999999999644e-17, 9.999999999999644e-17, 9.999999999999644e-17, 9.999999999999644e-17, 9.999999999999644e-17, 9.999999999999644e-17, 9.999999999999644e-17, 9.999999999999644e-17, 9.999999999999644e-17, 9.999999999999644e-17, 9.999999999999644e-17, 9.999999999999644e-17, 9.999999999999644e-17, 9.999999999999644e-17, 9.999999999999644e-17, 9.999999999999644e-05, 9.999999999999644e-17, 9.999999999999644e-17, 9.999999999999644e-17, 9.999999999999644e-17, 9.999999999999644e-17, 9.999999999999644e-17, 9.999999999999644e-17, 9.999999999999644e-17, 9.999999999999644e-17, 9.999999999999644e-17, 9.999999999999644e-05, 9.999999999999644e-17, 9.999999999999644e-17, 9.999999999999644e-17, 9.999999999999644e-17, 9.999999999999644e-17, 0.00019999999999999288, 9.999999999999644e-17, 9.999999999999644e-17, 9.999999999999644e-17, 0.00019999999999999288, 0.00019999999999999288, 9.999999999999644e-05, 9.999999999999644e-05, 0.00019999999999999288, 0.0005999999999999786, 0.00019999999999999288, 0.00039999999999998576, 0.0009999999999999642, 0.0006999999999999751, 0.00039999999999998576, 0.0006999999999999751, 0.0009999999999999642, 0.0007999999999999715, 0.00039999999999998576, 0.0013999999999999501, 0.0012999999999999538, 0.0008999999999999679, 0.001599999999999943, 0.0017999999999999358, 0.0014999999999999465, 0.0024999999999999107, 0.003399999999999879, 0.0019999999999999285, 