{"n_items": 200, "weights": [0.003299999999999982, 0.0026999999999999854, 0.003499999999999981, 0.003999999999999978, 0.005299999999999971, 0.005299999999999971, 0.005199999999999972, 0.006199999999999966, 0.00729999999999996, 0.008399999999999954, 0.008299999999999955, 0.00909999999999995, 0.011399999999999938, 0.010499999999999943, 0.011999999999999934, 0.013799999999999925, 0.013799999999999925, 0.014299999999999922, 0.014799999999999919, 0.013899999999999925, 0.015399999999999915, 0.017499999999999905, 0.016899999999999908, 0.015499999999999915, 0.013299999999999928, 0.01669999999999991, 0.014899999999999919, 0.01459999999999992, 0.016899999999999908, 0.013999999999999924, 0.013799999999999925, 0.014099999999999923, 0.013599999999999926, 0.012999999999999928, 0.011899999999999935, 0.010799999999999942, 0.008699999999999953, 0.010499999999999943, 0.009899999999999945, 0.008699999999999953, 0.006799999999999963, 0.005699999999999969, 0.005999999999999967, 0.003799999999999979, 0.005799999999999968, 0.005299999999999971, 0.003799999999999979, 0.0033999999999999816, 0.003099999999999983, 0.0018999999999999896, 0.0026999999999999854, 0.0015999999999999912, 0.0007999999999999956, 0.001099999999999994, 0.0007999999999999956, 0.0011999999999999934, 0.0005999999999999967, 0.0001999999999999989, 0.00029999999999999835, 0.00029999999999999835, 0.0001999999999999989, 0.00029999999999999835, 9.999999999999946e-17, 9.999999999999945e-05, 9.999999999999945e-05, 9.999999999999945e-05, 9.999999999999945e-05, 9.999999999999946e-17, 9.999999999999946e-17, 9.999999999999946e-17, 9.999999999999946e-17, 0.0001999999999999989, 9.999999999999946e-17, 9.999999999999946e-17, 0.0001999999999999989, 0.0003999999999999978, 0.0004999999999999973, 0.0004999999999999973, 0.0006999999999999962, 0.0005999999999999967, 0.0005999999999999967, 0.001299999999999993, 0.0007999999999999956, 0.0006999999999999962, 0.001299999999999993, 0.0018999999999999896, 0.0015999999999999912, 0.0020999999999999886, 0.002199999999999988, 0.004199999999999977, 0.004199999999999977, 0.004099999999999978, 0.0047999999999999736, 0.006299999999999965, 0.004899999999999973, 0.007499999999999959, 0.008199999999999956, 0.009699999999999947, 0.007799999999999957, 0.009499999999999948, 0.008599999999999953, 0.013199999999999929, 0.012499999999999931, 0.012299999999999933, 0.01119999999999994, 0.013899999999999925, 0.015699999999999915, 0.015699999999999915, 0.013599999999999926, 0.0181999999999999, 0.015699999999999915, 0.015599999999999914, 0.018999999999999895, 0.016199999999999912, 0.015699999999999915, 0.013399999999999928, 0.012899999999999929, 0.014999999999999918, 0.01659999999999991, 0.013499999999999927, 0.011599999999999937, 0.011399999999999938, 0.009699999999999947, 0.010099999999999944, 0.008299999999999955, 0.010899999999999941, 0.007999999999999957, 0.006199999999999966, 0.007199999999999961, 0.00549999999999997, 0.004499999999999975, 0.003999999999999978, 0.004399999999999976, 0.0038999999999999786, 0.0035999999999999804, 0.002199999999999988, 0.0018999999999999896, 0.0017999999999999902, 0.0018999999999999896, 0.0016999999999999908, 0.0005999999999999967, 0.0011999999999999934, 0.0006999999999999962, 0.0006999999999999962, 0.001299999999999993, 9.999999999999945e-05, 0.0001999999999999989, 9.999999999999946e-17, 9.999999999999945e-05, 0.0001999999999999989, 0.0003999999999999978, 0.0001999999999999989, 9.999999999999946e-17, 9.999999999999946e-17, 9.999999999999945e-05, 9.999999999999946e-17, 0.0001999999999999989, 9.999999999999946e-17, 9.999999999999946e-17, 9.999999999999946e-17, 9.999999999999946e-17, 9.999999999999946e-17, 9.999999999999946e-17, 9.999999999999946e-17, 9.999999999999946e-17, 9.999999999999946e-17, 9.999999999999946e-17, 9.999999999999946e-17, 9.999999999999946e-17, 9.999999999999946e-17, 9.999999999999946e-17, 9.999999999999946e-17, 9.999999999999946e-17, 9.999999999999946e-17, 9.999999999999946e-17, 9.999999999999946e-17, 9.999999999999946e-17, 9.999999999999946e-17, 9.999999999999946e-17, 9.999999999999946e-17, 9.999999999999946e-17, 9.999999999999946e-17, 9.999999999999946e-17, 9.999999999999946e-17, 9.999999999999946e-17, 9.999999999999946e-17, 9.999999999999946e-17, 9.999999999999946e-17, 9.999999999999946e-17, 9.999999999999946e-17, 9.999999999999946e-17, 9.999999999999946e-17, 9.999999999999946e-17, 9.999999999999946e-17, 9.999999999999946e-17, 9.999999999999946e-17, 9.999999999999946e-17, 9.999999999999946e-17, 9.999999999999946e-17, 9.999999999999946e-17], "profits": [1.0, 1.0, 1.0, 1.0, 1.0, 1.0, 1.0, 0.1, 1.0, 1.0, 1.0, 1.0, 1.0, 1.0, 1.0, 1.0, 1.0, 1.0, 1.0, 1.0, 1.0, 1.0, 0.1, 1.0, 1.0, 1.0, 1.0, 1.0, 1.0, 1.0, 1.0, 1.0, 1.0, 1.0, 1.0, 1.0, 1.0, 1.0, 1.0, 1.0, 1.0, 1.0, 1.0, 1.0, 1.0, 1.0, 1.0, 1.0, 1.0, 1.0, 1.0, 1.0, 1.0, 1.0, 1.0, 1.0, 1.0, 1.0, 1.0, 1.0, 1.0, 1.0, 1.0, 1.0, 1.0, 1.0, 1.0, 1.0, 1.0, 1.0, 1.0, 1.0, 1.0, 1.0, 1.0, 1.0, 1.0, 1.0, 1.0, 1.0, 1.0, 1.0, 1.0, 1.0, 1.0, 1.0, 1.0, 1.0, 1.0, 1.0, 1.0, 1.0, 1.0, 1.0, 1.0, 1.0, 1.0, 1.0, 1.0, 1.0, 1.0, 1.0, 1.0, 1.0, 1.0, 1.0, 1.0, 1.0, 1.0, 1.0, 1.0, 1.0, 1.0, 1.0, 1.0, 1.0, 1.0, 1.0, 1.0, 1.0, 1.0, 1.0, 1.0, 1.0, 1.0, 1.0, 1.0, 1.0, 1.0, 1.0, 1.0, 1.0, 1.0, 1.0, 1.0, 1.0, 1.0, 1.0, 1.0, 1.0, 1.0, 1.0, 1.0, 1.0, 1.0, 1.0, 1.0, 1.0, 1.0, 1.0, 1.0, 1.0, 1.0, 1.0, 1.0, 1.0, 1.0, 1.0, 1.0, 1.0, 1.0, 1.0, 1.0, 1.0, 1.0, 1.0, 1.0, 1.0, 1.0, 1.0, 1.0, 1.0, 1.0, 1.0, 1.0, 1.0, 1.0, 1.0, 1.0, 1.0, 1.0, 1.0, 1.0, 1.0, 1.0, 1.0, 1.0, 1.0, 1.0, 1.0, 1.0, 1.0, 1.0, 1.0, 1.0, 1.0, 1.0, 1.0, 1.0, 1.0], "min_weight": 0.95, "max_distance": 3}