{"n_items": 600, "weights": [0.00101648902825563, 0.002170352375373386, 0.0012786534036773709, 0.0008922080784657301, 0.001238198748825399, 0.0016344866359799598, 0.0022662135393066054, 0.001236838727809333, 0.0016079891438146691, 0.0018929741005906486, 0.0010809710031228713, 0.002231045154699194, 0.0021873683002495907, 0.0017139359117465146, 0.0016712475333091378, 0.0011188959919850843, 0.0007562677990947073, 0.0010218165972711052, 0.0011653931237479616, 0.0013079937914091378, 0.0022916558742072787, 0.0011047373912184456, 0.0009134758166063284, 0.0020441789974910006, 0.0010702395779684756, 0.0016025027150827662, 0.0007980594601246035, 0.0017675194320938515, 0.002328439759734504, 0.0016677260702957135, 0.0015680554954733113, 0.0021580137352812433, 0.0012972025527659534, 0.0013282588862474239, 0.0016445977285829813, 0.0013801341638179855, 0.0008970134075130642, 0.0019493152199677559, 0.0009866865863337319, 0.0019832368513017667, 0.001336608061942308, 0.0018805564464894839, 0.0014731530968576094, 0.0017883491275117384, 0.0015885242728014577, 0.001375949976143693, 0.0018539576059267025, 0.001175718419265456, 0.0014498571292134621, 0.0015849825440814285, 0.0017205296936309339, 0.0018025371830088645, 0.0020812633321440678, 0.0009552654076880277, 0.001455581346775931, 0.0012884274348812898, 0.0008647385448655149, 0.0019536294113739233, 0.0015053286596126091, 0.001655794059571798, 0.0015583139670609534, 0.0019267953179837117, 0.001467698768202189, 0.0011060610167492047, 0.002216476215895327, 0.0011672504707066832, 0.0019355751701275493, 0.0014647395791190536, 0.0022510526365915875, 0.0018387553907586124, 0.0018432024427068351, 0.0013272970736888383, 0.001737917706978013, 0.001142300644808321, 0.001864945080345739, 0.0017243568910750772, 0.002151779229620968, 0.0013937019687857296, 0.0016133480853507969, 0.0015530289136421209, 0.0021344882012429172, 0.000585910172405246, 0.0014287869593850914, 0.002051980375164464, 0.0010127018854380297, 0.0018362067967044873, 0.001964051004435181, 0.0013646631573885604, 0.0012482032658402082, 0.0016178220012305776, 0.0005538336064493263, 0.0015497998699428954, 0.0013640697434213799, 0.0021429138898355488, 0.0016974430196646049, 0.0015702266250736197, 0.0012075949846767143, 0.0015973690160810978, 0.0019266196506781848, 0.0011577865609271902, 0.0017221887689385562, 0.0015272957952078938, 0.002039500248511722, 0.0013553168417503206, 0.0019122021098744032, 0.0014944950010193413, 0.0008390223769835348, 0.0012811179706607397, 0.0014024000920300486, 0.0010692906757926628, 0.0008176930892557679, 0.0017165980317299565, 0.0011102058536699225, 0.002234488324069618, 0.0016781845994669402, 0.0012319725771573942, 0.0017003993618217442, 0.0012011044404324279, 0.0012870136989003007, 0.0016195446741214055, 0.0008237628448909096, 0.0015117869062321759, 0.0015530158131341135, 0.001769970122094935, 0.0018029302495816248, 0.001706941209156999, 0.0013865899771535939, 0.0016223814623924436, 0.0019405546603943218, 0.0009703966745450309, 0.0016407998547186078, 0.0016362384592723007, 0.0016057841069891411, 0.0017550567707860572, 0.001286579163704883, 0.001456672051009218, 0.000988650409255672, 0.001922281617272864, 0.0014907753915429738, 0.0017635433153164175, 0.0010935429829104994, 0.0019312895504060678, 0.001607264171397292, 0.0013736435949523098, 0.001600815052019827, 0.0013256532247951157, 0.0018707023352858903, 0.0013367256202816895, 0.002034375826421968, 0.0019439228692519342, 0.002598196648922115, 0.002124620022073816, 0.0012560050346989845, 0.0015477862790721788, 0.0012942620072157298, 0.002074104203364416, 0.00220617143197495, 0.0017516764254005386, 0.001627420060105528, 0.0015153490482928962, 0.0016416357871154607, 0.0012566737257663741, 0.0020185866958361103, 0.0019071366666502832, 0.001958684022187244, 0.00155369285704367, 0.0014902160883606937, 0.002451493037649185, 0.001011912205191963, 0.0021349827729705883, 0.001706081466587231, 0.0015699850380907856, 0.0012409302041444384, 0.0020355585738976363, 0.0017252645626791676, 0.0008938521481851366, 0.0015849047591718441, 0.0010053331538389066, 0.0017375649787022768, 0.002136716546147952, 0.001345474685846362, 0.001656384705366815, 0.0017375629794737796, 0.0019005164415961879, 0.002369266575559186, 0.002165760022367349, 0.0016679155513235587, 0.0017472737829045998, 0.0028357984351719584, 0.0016055769577604348, 0.0011370785673573687, 0.0011600942971023453, 0.0022016135196243733, 0.001356255976925853, 0.001176212203655521, 0.0020663311644583174, 0.0017331386409569088, 0.0022155330633593295, 0.0010503505225956903, 0.0027937441323538327, 0.0014088045195653016, 0.0018407625761778417, 0.0013033556816229512, 0.0015625872685006933, 0.002143423465918403, 0.001713973658513679, 0.001827006011925114, 0.0018243320610670341, 0.0022741130919061965, 0.0022311022480588226, 0.0014209353112444813, 0.0019952568971044696, 0.0015357436157116605, 0.0016427029751763774, 0.002605992765812462, 0.0026426899984615484, 0.0016872682014624143, 0.0015766301408586475, 0.0014588902432805255, 0.0013706719219092737, 0.0018077569453961821, 0.002295353518734074, 0.001140692999213994, 0.0014700282792410812, 0.0018006590278513879, 0.0015333147321862704, 0.0020965895958945553, 0.0014740992426603957, 0.0015881214159265964, 0.0015840038299649898, 0.0007644441957162026, 0.0023631727761033194, 0.0019000848051180586, 0.0009296947962120272, 0.0017085661003121224, 0.0014230771599341048, 0.0013668070986875432, 0.0018690089170399422, 0.002238186794537129, 0.0012440242213828385, 0.0017660415462352808, 0.0015837084440097611, 0.0025621464328498193, 0.0022715282296333315, 0.001698198632639205, 0.002096839403762547, 0.001824898456592686, 0.0023254790875954037, 0.0011362827731686597, 0.0013411670971868273, 0.0024705014765459467, 0.0022282408187521753, 0.0018227692173280723, 0.0017851369232579123, 0.00197563770519125, 0.0024446486259979347, 0.0019590917325873715, 0.0015575212821298662, 0.0011049690919509106, 0.0017779285926368576, 0.0014657901739726256, 0.002327652826290923, 0.0012043419581177336, 0.0012602294561891167, 0.0017944486053557774, 0.0016486911490268693, 0.001797845665590486, 0.002005776973735827, 0.002600728667522997, 0.00211637972302669, 0.001698111032100884, 0.0016512953405450473, 0.0015971985461862934, 0.002124616980172154, 0.001896910545771035, 0.0020535845226972217, 0.0014531651274475158, 0.0024817885244438924, 0.001473942550755158, 0.0018823646905430555, 0.001655622257798994, 0.0014743960965859049, 0.0011815413146517967, 0.0016842506991752231, 0.0016684206475211642, 0.001916169520113504, 0.0014128001536337065, 0.0016172911908849746, 0.0018237139626318716, 0.002293271052555154, 0.00122020375391694, 0.0014674261680922111, 0.001620705157191124, 0.0019335345967353233, 0.0010355077797861477, 0.0016917066527464548, 0.0010487969870593122, 0.0015815146285936303, 0.0019259191835494704, 0.0016384451417588235, 0.001783824818290842, 0.0012137204301739249, 0.002104124218874289, 0.0017754516793757446, 0.0019561318359875316, 0.0020131123665414617, 0.001511247572845514, 0.0012417070893489656, 0.0018509900937955382, 0.0014640538210522233, 0.000990565393429673, 0.001764856707569726, 0.0014486825705201623, 0.001783135979951912, 0.0017404568035031358, 0.0017458142317510303, 0.0018148707789388762, 0.001760125720239178, 0.0018316494012099024, 7.554059696479533e-05, 0.002058892728348536, 0.0020280507480602244, 0.0015713185637507591, 0.0018969078701331432, 0.0014714556377324296, 0.002432865801134175, 0.0019340177631369253, 0.002177039659125203, 0.001739132580429786, 0.0015053089974574883, 0.0009852198939965424, 0.0009444524825695961, 0.0020165427739437846, 0.0008875245633465577, 0.0025118834651973792, 0.001922684423857134, 0.0020368718583989205, 0.002078534185541541, 0.0018655660146528704, 0.0018349563915210747, 0.001460992467515095, 0.0018765310962943406, 0.0023536633894592415, 0.0006861664698581822, 0.0016800828498931145, 0.0007753627361959226, 0.0022455899984361294, 0.0015951130440024688, 0.0019516286005458149, 0.001802182558574678, 