{"n_items": 200, "weights": [0.0002999999999999988, 0.0002999999999999988, 0.000499999999999998, 0.0001999999999999992, 0.000999999999999996, 0.0013999999999999943, 0.0007999999999999968, 0.0013999999999999943, 0.0013999999999999943, 0.0020999999999999916, 0.002999999999999988, 0.003799999999999985, 0.0020999999999999916, 0.004199999999999983, 0.004599999999999982, 0.004399999999999982, 0.005299999999999979, 0.005799999999999977, 0.006399999999999974, 0.007799999999999968, 0.008999999999999965, 0.008699999999999965, 0.01009999999999996, 0.009099999999999964, 0.00999999999999996, 0.01219999999999995, 0.01269999999999995, 0.01269999999999995, 0.014899999999999941, 0.015599999999999937, 0.013399999999999947, 0.015299999999999939, 0.016699999999999934, 0.016199999999999937, 0.016599999999999934, 0.014299999999999943, 0.016399999999999935, 0.015899999999999935, 0.01509999999999994, 0.016399999999999935, 0.014199999999999944, 0.014299999999999943, 0.013399999999999947, 0.011199999999999955, 0.010899999999999957, 0.009899999999999961, 0.011699999999999953, 0.010599999999999958, 0.008299999999999967, 0.007699999999999969, 0.007799999999999968, 0.0058999999999999764, 0.007099999999999972, 0.006099999999999975, 0.00499999999999998, 0.0047999999999999805, 0.003799999999999985, 0.0023999999999999902, 0.002299999999999991, 0.00249999999999999, 0.0018999999999999924, 0.001999999999999992, 0.0011999999999999951, 0.0012999999999999947, 0.0006999999999999972, 0.0012999999999999947, 0.0007999999999999968, 0.0006999999999999972, 0.0008999999999999964, 0.0002999999999999988, 0.0002999999999999988, 9.99999999999996e-05, 9.99999999999996e-05, 9.99999999999996e-05, 0.0001999999999999992, 9.99999999999996e-05, 9.99999999999996e-05, 9.99999999999996e-05, 9.99999999999996e-17, 9.99999999999996e-05, 9.99999999999996e-17, 9.99999999999996e-17, 9.99999999999996e-17, 0.0001999999999999992, 0.0001999999999999992, 0.0005999999999999976, 0.0001999999999999992, 0.000499999999999998, 0.0005999999999999976, 0.0013999999999999943, 0.0011999999999999951, 0.001499999999999994, 0.0018999999999999924, 0.0017999999999999928, 0.0013999999999999943, 0.0023999999999999902, 0.0026999999999999893, 0.0035999999999999856, 0.003699999999999985, 0.003699999999999985, 0.003999999999999984, 0.005499999999999978, 0.005599999999999977, 0.005199999999999979, 0.006299999999999975, 0.007999999999999967, 0.009299999999999963, 0.009399999999999962, 0.011899999999999952, 0.011399999999999954, 0.011599999999999954, 0.011899999999999952, 0.014499999999999942, 0.013299999999999947, 0.01479999999999994, 0.016699999999999934, 0.01729999999999993, 0.01469999999999994, 0.016999999999999932, 0.016199999999999937, 0.015699999999999936, 0.01719999999999993, 0.01519999999999994, 0.014899999999999941, 0.013499999999999946, 0.014099999999999944, 0.015999999999999934, 0.013799999999999944, 0.012399999999999951, 0.010699999999999958, 0.012899999999999948, 0.009899999999999961, 0.008399999999999967, 0.007899999999999968, 0.009099999999999964, 0.008199999999999968, 0.006799999999999973, 0.005799999999999977, 0.005799999999999977, 0.004099999999999984, 0.003199999999999987, 0.0026999999999999893, 0.0026999999999999893, 0.0023999999999999902, 0.0025999999999999895, 0.0017999999999999928, 0.0013999999999999943, 0.002199999999999991, 0.001499999999999994, 0.0011999999999999951, 0.0005999999999999976, 0.0003999999999999984, 0.000499999999999998, 0.0002999999999999988, 0.0001999999999999992, 0.0001999999999999992, 0.0002999999999999988, 9.99999999999996e-05, 9.99999999999996e-05, 0.0001999999999999992, 9.99999999999996e-17, 9.99999999999996e-05, 0.0001999999999999992, 9.99999999999996e-05, 9.99999999999996e-17, 9.99999999999996e-17, 9.99999999999996e-05, 9.99999999999996e-17, 9.99999999999996e-17, 9.99999999999996e-17, 9.99999999999996e-17, 9.99999999999996e-17, 9.99999999999996e-17, 9.99999999999996e-17, 9.99999999999996e-17, 9.99999999999996e-17, 9.99999999999996e-17, 9.99999999999996e-17, 9.99999999999996e-17, 9.99999999999996e-17, 9.99999999999996e-17, 9.99999999999996e-17, 9.99999999999996e-17, 9.99999999999996e-17, 9.99999999999996e-17, 9.99999999999996e-17, 9.99999999999996e-17, 9.99999999999996e-17, 9.99999999999996e-17, 9.99999999999996e-17, 9.99999999999996e-17, 9.99999999999996e-17, 9.99999999999996e-17, 9.99999999999996e-17, 9.99999999999996e-17, 9.99999999999996e-17, 9.99999999999996e-17, 9.99999999999996e-17, 9.99999999999996e-17, 9.99999999999996e-17], "profits": [1.0, 1.0, 1.0, 1.0, 1.0, 1.0, 1.0, 1.0, 1.0, 1.0, 1.0, 1.0, 1.0, 1.0, 1.0, 1.0, 1.0, 1.0, 1.0, 1.0, 1.0, 1.0, 0.1, 1.0, 1.0, 1.0, 1.0, 1.0, 0.1, 1.0, 1.0, 1.0, 1.0, 1.0, 1.0, 1.0, 1.0, 1.0, 1.0, 1.0, 1.0, 1.0, 1.0, 1.0, 1.0, 1.0, 1.0, 1.0, 1.0, 1.0, 1.0, 1.0, 1.0, 1.0, 1.0, 1.0, 1.0, 1.0, 1.0, 1.0, 1.0, 1.0, 1.0, 1.0, 1.0, 1.0, 1.0, 1.0, 1.0, 1.0, 1.0, 1.0, 1.0, 1.0, 1.0, 1.0, 1.0, 1.0, 1.0, 1.0, 1.0, 1.0, 1.0, 1.0, 1.0, 1.0, 1.0, 1.0, 1.0, 1.0, 1.0, 1.0, 1.0, 1.0, 1.0, 1.0, 1.0, 1.0, 1.0, 1.0, 1.0, 1.0, 1.0, 1.0, 1.0, 1.0, 1.0, 1.0, 1.0, 1.0, 1.0, 1.0, 1.0, 1.0, 1.0, 1.0, 1.0, 1.0, 1.0, 1.0, 1.0, 1.0, 1.0, 1.0, 1.0, 1.0, 1.0, 1.0, 1.0, 1.0, 1.0, 1.0, 1.0, 1.0, 1.0, 1.0, 1.0, 1.0, 1.0, 1.0, 1.0, 1.0, 1.0, 1.0, 1.0, 1.0, 1.0, 1.0, 1.0, 1.0, 1.0, 1.0, 1.0, 1.0, 1.0, 1.0, 1.0, 1.0, 1.0, 1.0, 1.0, 1.0, 1.0, 1.0, 1.0, 1.0, 1.0, 1.0, 1.0, 1.0, 1.0, 1.0, 1.0, 1.0, 1.0, 1.0, 1.0, 1.0, 1.0, 1.0, 1.0, 1.0, 1.0, 1.0, 1.0, 1.0, 1.0, 1.0, 1.0, 1.0, 1.0, 1.0, 1.0, 1.0, 1.0, 1.0, 1.0, 1.0, 1.0, 1.0], "min_weight": 0.95, "max_distance": 2}