{"n_items": 200, "weights": [0.011399999999999898, 0.011799999999999896, 0.01469999999999987, 0.013999999999999875, 0.013299999999999881, 0.014099999999999875, 0.015199999999999865, 0.01459999999999987, 0.01759999999999984, 0.016299999999999856, 0.017199999999999847, 0.017099999999999848, 0.01759999999999984, 0.01799999999999984, 0.018499999999999836, 0.01669999999999985, 0.019399999999999827, 0.017499999999999846, 0.017299999999999847, 0.019699999999999825, 0.016299999999999856, 0.01799999999999984, 0.020599999999999816, 0.01799999999999984, 0.01799999999999984, 0.017099999999999848, 0.018599999999999835, 0.01909999999999983, 0.01759999999999984, 0.019799999999999825, 0.018499999999999836, 0.01889999999999983, 0.01909999999999983, 0.01559999999999986, 0.018499999999999836, 0.01809999999999984, 0.019299999999999828, 0.018399999999999837, 0.01659999999999985, 0.018299999999999837, 0.014399999999999871, 0.01469999999999987, 0.01589999999999986, 0.013699999999999877, 0.015999999999999858, 0.014099999999999875, 0.013999999999999875, 0.011699999999999896, 0.011899999999999893, 0.010899999999999903, 0.011999999999999893, 0.011799999999999896, 0.008299999999999925, 0.007999999999999929, 0.008399999999999925, 0.007699999999999932, 0.00999999999999991, 0.008399999999999925, 0.00669999999999994, 0.007199999999999936, 0.007599999999999932, 0.005999999999999946, 0.005099999999999954, 0.004699999999999958, 0.005199999999999954, 0.0055999999999999505, 0.005299999999999953, 0.0032999999999999705, 0.003699999999999967, 0.002899999999999974, 0.0027999999999999753, 0.0032999999999999705, 0.0024999999999999775, 0.0023999999999999785, 0.0032999999999999705, 0.001799999999999984, 0.001899999999999983, 0.0015999999999999858, 0.0023999999999999785, 0.001899999999999983, 0.0014999999999999866, 0.0011999999999999893, 0.0006999999999999938, 0.0007999999999999929, 0.00109999999999999, 0.0006999999999999938, 0.0007999999999999929, 0.0005999999999999946, 0.0006999999999999938, 0.0006999999999999938, 0.0002999999999999973, 0.0009999999999999911, 0.00019999999999999822, 0.00019999999999999822, 0.00039999999999999644, 0.000899999999999992, 9.999999999999911e-17, 0.0002999999999999973, 0.0002999999999999973, 0.00039999999999999644, 0.00019999999999999822, 9.999999999999911e-05, 0.00019999999999999822, 9.999999999999911e-17, 9.999999999999911e-17, 9.999999999999911e-05, 0.00019999999999999822, 9.999999999999911e-05, 0.00019999999999999822, 9.999999999999911e-17, 9.999999999999911e-17, 9.999999999999911e-17, 9.999999999999911e-05, 0.00019999999999999822, 9.999999999999911e-17, 9.999999999999911e-17, 9.999999999999911e-17, 9.999999999999911e-17, 9.999999999999911e-17, 9.999999999999911e-05, 9.999999999999911e-17, 9.999999999999911e-17, 9.999999999999911e-17, 9.999999999999911e-05, 9.999999999999911e-17, 9.999999999999911e-17, 9.999999999999911e-17, 9.999999999999911e-17, 9.999999999999911e-17, 9.999999999999911e-17, 9.999999999999911e-17, 9.999999999999911e-17, 9.999999999999911e-17, 9.999999999999911e-17, 9.999999999999911e-17, 9.999999999999911e-17, 9.999999999999911e-17, 9.999999999999911e-05, 9.999999999999911e-17, 9.999999999999911e-17, 9.999999999999911e-17, 9.999999999999911e-17, 9.999999999999911e-17, 9.999999999999911e-17, 9.999999999999911e-17, 9.999999999999911e-17, 9.999999999999911e-17, 9.999999999999911e-17, 9.999999999999911e-17, 9.999999999999911e-17, 9.999999999999911e-17, 9.999999999999911e-17, 9.999999999999911e-17, 9.999999999999911e-17, 9.999999999999911e-17, 9.999999999999911e-17, 9.999999999999911e-17, 9.999999999999911e-17, 9.999999999999911e-17, 9.999999999999911e-17, 9.999999999999911e-17, 9.999999999999911e-17, 9.999999999999911e-17, 9.999999999999911e-17, 9.999999999999911e-17, 9.999999999999911e-17, 9.999999999999911e-17, 9.999999999999911e-17, 9.999999999999911e-17, 9.999999999999911e-17, 9.999999999999911e-17, 9.999999999999911e-17, 9.999999999999911e-17, 9.999999999999911e-17, 9.999999999999911e-17, 9.999999999999911e-17, 9.999999999999911e-17, 9.999999999999911e-17, 9.999999999999911e-17, 9.999999999999911e-17, 9.999999999999911e-17, 9.999999999999911e-17, 9.999999999999911e-17, 9.999999999999911e-17, 9.999999999999911e-17, 9.999999999999911e-17, 9.999999999999911e-17, 9.999999999999911e-17, 9.999999999999911e-17, 9.999999999999911e-17, 9.999999999999911e-17, 9.999999999999911e-17, 9.999999999999911e-17, 9.999999999999911e-17, 9.999999999999911e-17, 9.999999999999911e-17, 9.999999999999911e-17, 9.999999999999911e-17, 9.999999999999911e-17, 9.999999999999911e-17],