{"n_items": 400, "weights": [9.999999999999901e-17, 9.999999999999901e-17, 9.999999999999901e-17, 9.999999999999901e-17, 9.999999999999901e-17, 9.999999999999901e-17, 9.999999999999901e-17, 9.999999999999901e-17, 9.999999999999901e-17, 9.999999999999901e-17, 9.999999999999901e-17, 9.999999999999901e-17, 9.999999999999901e-17, 9.999999999999901e-17, 9.999999999999901e-17, 9.999999999999901e-17, 9.999999999999901e-17, 9.999999999999901e-17, 9.999999999999901e-17, 9.999999999999901e-17, 9.999999999999901e-17, 9.999999999999901e-17, 9.999999999999901e-17, 9.999999999999901e-17, 9.999999999999901e-17, 9.999999999999901e-17, 9.999999999999901e-17, 9.999999999999901e-17, 9.999999999999901e-17, 9.999999999999901e-17, 9.999999999999901e-17, 9.999999999999901e-17, 9.999999999999901e-17, 9.999999999999901e-17, 9.999999999999901e-17, 9.999999999999901e-17, 9.999999999999901e-17, 9.999999999999901e-17, 9.999999999999901e-17, 9.999999999999901e-17, 9.999999999999901e-17, 9.999999999999901e-17, 9.999999999999901e-17, 9.999999999999901e-17, 9.999999999999901e-17, 9.999999999999901e-17, 9.999999999999901e-17, 9.999999999999901e-17, 9.999999999999901e-17, 9.999999999999901e-17, 9.999999999999901e-17, 9.999999999999901e-17, 9.999999999999901e-17, 9.999999999999901e-17, 9.999999999999901e-17, 9.999999999999901e-17, 9.999999999999901e-17, 9.999999999999901e-17, 9.999999999999901e-17, 9.999999999999901e-17, 9.999999999999901e-17, 9.999999999999901e-17, 9.999999999999901e-17, 9.999999999999901e-17, 9.999999999999901e-17, 9.999999999999901e-17, 9.999999999999901e-17, 9.999999999999901e-17, 9.999999999999901e-17, 9.999999999999901e-17, 9.999999999999902e-05, 9.999999999999901e-17, 9.999999999999902e-05, 9.999999999999902e-05, 9.999999999999901e-17, 9.999999999999901e-17, 9.999999999999901e-17, 9.999999999999901e-17, 9.999999999999902e-05, 9.999999999999901e-17, 9.999999999999902e-05, 9.999999999999902e-05, 0.00019999999999999803, 9.999999999999901e-17, 9.999999999999902e-05, 9.999999999999901e-17, 9.999999999999902e-05, 0.00019999999999999803, 9.999999999999901e-17, 0.00019999999999999803, 9.999999999999902e-05, 9.999999999999901e-17, 0.00019999999999999803, 0.00019999999999999803, 9.999999999999902e-05, 9.999999999999902e-05, 9.999999999999901e-17, 9.999999999999902e-05, 0.00029999999999999705, 9.999999999999902e-05, 9.999999999999901e-17, 0.00039999999999999606, 0.00029999999999999705, 0.00039999999999999606, 0.0005999999999999941, 0.00039999999999999606, 0.0006999999999999932, 9.999999999999901e-17, 0.0008999999999999912, 0.00039999999999999606, 9.999999999999901e-17, 0.00039999999999999606, 0.00019999999999999803, 0.0005999999999999941, 0.0008999999999999912, 0.0004999999999999951, 0.0004999999999999951, 0.00019999999999999803, 0.00019999999999999803, 9.999999999999902e-05, 0.0008999999999999912, 0.0007999999999999921, 0.00029999999999999705, 0.0011999999999999882, 0.0005999999999999941, 0.00029999999999999705, 0.0005999999999999941, 0.0009999999999999903, 0.0006999999999999932, 0.0010999999999999892, 0.0005999999999999941, 0.0010999999999999892, 0.0005999999999999941, 0.0013999999999999863, 0.0005999999999999941, 0.0018999999999999813, 0.0012999999999999871, 0.0005999999999999941, 0.0011999999999999882, 0.0006999999999999932, 0.0016999999999999832, 0.0014999999999999853, 0.0010999999999999892, 0.0023999999999999764, 0.0011999999999999882, 0.0012999999999999871, 0.0014999999999999853, 0.0026999999999999737, 0.0019999999999999805, 0.0018999999999999813, 0.0028999999999999716, 0.0005999999999999941, 0.0036999999999999637, 0.0023999999999999764, 0.0023999999999999764, 0.0016999999999999832, 0.0029999999999999706, 0.0021999999999999784, 0.0024999999999999753, 0.0029999999999999706, 0.0030999999999999695, 0.0030999999999999695, 0.0031999999999999685, 0.0018999999999999813, 0.0027999999999999726, 0.004199999999999959, 0.0031999999999999685, 0.0036999999999999637, 0.0031999999999999685, 0.0030999999999999695, 0.0030999999999999695, 0.0037999999999999627, 0.0031999999999999685, 0.0032999999999999675, 0.004499999999999955, 0.004399999999999957, 0.004699999999999954, 0.003999999999999961, 0.00509999999999995, 0.004999999999999951, 0.0035999999999999648, 0.004799999999999953, 0.005399999999999947, 0.005699999999999944, 0.00509999999999995, 0.004199999999999959, 0.005799999999999943, 0.005899999999999942, 0.005399999999999947, 0.006199999999999939, 0.004399999999999957, 0.004999999999999951, 0.006599999999999935, 0.005399999999999947, 0.004899999999999952, 0.005499999999999946, 0.005499999999999946, 0.005599999999999945, 0.006699999999999934, 0.005499999999999946, 0.006699999999999934, 0.004599999999999955, 0.0062999999999999385, 0.006899999999999932, 0.005599999999999945, 0.0073999999999999275, 0.005299999999999948, 0.005799999999999943, 0.007299999999999928, 0.007499999999999926, 0.006599999999999935, 0.007799999999999923, 0.006599999999999935, 0.00709999999999993, 0.006799999999999933, 0.00709999999999993, 0.0071999999999999295, 0.006999999999999932, 0.007899999999999923, 0.008499999999999917, 0.00709999999999993, 0.008799999999999914, 0.007599999999999925, 0.009299999999999909, 0.006799999999999933, 0.011299999999999888, 0.007499999999999926, 0.008699999999999914, 0.007499999999999926, 0.008899999999999913, 0.008799999999999914, 0.007899999999999923, 0.0073999999999999275, 0.0071999999999999295, 0.00809999999999992, 0.00819999999999992, 0.007799999999999923, 0.007999999999999922, 0.00809999999999992, 0.00899999999999991, 0.007999999999999922, 0.00819999999999992, 0.006999999999999932, 0.008699999999999914, 0.0073999999999999275, 0.007499999999999926, 0.006699999999999934, 0.0062999999999999385, 0.005599999999999945, 0.0071999999999999295, 0.007299999999999928, 0.006399999999999937, 0.007499999999999926, 0.006199999999999939, 0.008299999999999919, 0.0062999999999999385, 0.00709999999999993, 0.00709999999999993, 0.006799999999999933, 0.00819999999999992, 0.00809999999999992, 0.00819999999999992, 0.005899999999999942, 0.005799999999999943, 0.006399999999999937, 0.0062999999999999385, 0.007699999999999925, 0.004799999999999953, 0.00709999999999993, 0.006499999999999936, 0.007299999999999928, 0.005399999999999947, 0.005899999999999942, 0.005499999999999946, 0.005799999999999943, 0.006199999999999939, 0.0038999999999999617, 0.006599999999999935, 0.006699999999999934, 0.005599999999999945, 0.006699999999999934, 0.004699999999999954, 0.004599999999999955, 0.003499999999999966, 0.005899999999999942, 0.00609999999999994, 0.005599999999999945, 0.004899999999999952, 0.0037999999999999627, 0.005699999999999944, 0.0024999999999999753, 0.004199999999999959, 0.003999999999999961, 0.0036999999999999637, 0.0032999999999999675, 0.0036999999999999637, 0.00409999999999996, 0.003499999999999966, 0.003499999999999966, 0.0029999999999999706, 0.0035999999999999648, 0.003499999999999966, 0.0029999999999999706, 0.0027999999999999726, 0.0031999999999999685, 0.0027999999999999726, 0.0033999999999999664, 0.0022999999999999774, 0.0031999999999999685, 0.0023999999999999764, 0.0027999999999999726, 0.0025999999999999743, 0.0033999999999999664, 0.0016999999999999832, 0.0018999999999999813, 0.0024999999999999753, 0.0022999999999999774, 0.0027999999999999726, 0.0011999999999999882, 0.0020999999999999795, 0.0012999999999999871, 0.0018999999999999813, 0.0018999999999999813, 0.0013999999999999863, 0.0013999999999999863, 0.0011999999999999882, 0.0013999999999999863, 0.0015999999999999842, 0.0014999999999999853, 0.0015999999999999842, 0.0009999999999999903, 0.0012999999999999871, 0.0022999999999999774, 0.0014999999999999853, 0.0012999999999999871, 0.0007999999999999921, 0.0006999999999999932, 0.0010999999999999892, 0.0010999999999999892, 0.0006999999999999932, 0.00029999999999999705, 0.0006999999999999932, 0.0008999999999999912, 0.0006999999999999932, 0.0006999999999999932, 0.0009999999999999903, 0.0008999999999999912, 0.00019999999999999803, 0.00019999999999999803, 0.0004999999999999951, 0.00039999999999999606, 