{"n_items": 200, "weights": [9.999999999999938e-17, 9.999999999999938e-17, 9.999999999999938e-17, 9.999999999999938e-17, 9.999999999999938e-17, 9.999999999999938e-17, 0.00019999999999999876, 9.999999999999938e-05, 9.999999999999938e-17, 9.999999999999938e-17, 9.999999999999938e-05, 9.999999999999938e-17, 0.00019999999999999876, 9.999999999999938e-05, 0.00019999999999999876, 0.00019999999999999876, 9.999999999999938e-05, 9.999999999999938e-17, 0.0006999999999999957, 0.000799999999999995, 0.00029999999999999813, 0.0011999999999999925, 0.0008999999999999944, 0.0011999999999999925, 0.0013999999999999913, 0.0021999999999999863, 0.001799999999999989, 0.0022999999999999856, 0.003099999999999981, 0.0026999999999999832, 0.0029999999999999814, 0.0037999999999999766, 0.0029999999999999814, 0.0053999999999999665, 0.005099999999999968, 0.006599999999999959, 0.007499999999999954, 0.00789999999999995, 0.00969999999999994, 0.008799999999999945, 0.009399999999999941, 0.009899999999999938, 0.012499999999999923, 0.011499999999999929, 0.01289999999999992, 0.014799999999999909, 0.015599999999999904, 0.01459999999999991, 0.013499999999999917, 0.013899999999999914, 0.011999999999999926, 0.012599999999999922, 0.018099999999999887, 0.0159999999999999, 0.016699999999999895, 0.014899999999999908, 0.0161999999999999, 0.015499999999999904, 0.012599999999999922, 0.013399999999999917, 0.013599999999999916, 0.013599999999999916, 0.010199999999999937, 0.00949999999999994, 0.01119999999999993, 0.010699999999999934, 0.009799999999999939, 0.00789999999999995, 0.007599999999999953, 0.007099999999999956, 0.00479999999999997, 0.006099999999999962, 0.005199999999999968, 0.004299999999999973, 0.004199999999999974, 0.0043999999999999725, 0.004699999999999971, 0.003599999999999978, 0.004199999999999974, 0.003599999999999978, 0.004199999999999974, 0.0029999999999999814, 0.005099999999999968, 0.003599999999999978, 0.003999999999999975, 0.004499999999999972, 0.0048999999999999695, 0.005499999999999966, 0.00799999999999995, 0.006199999999999962, 0.007599999999999953, 0.008999999999999944, 0.00809999999999995, 0.009399999999999941, 0.010699999999999934, 0.011599999999999928, 0.011799999999999927, 0.012699999999999921, 0.01299999999999992, 0.013099999999999919, 0.013899999999999914, 0.0157999999999999, 0.0161999999999999, 0.013799999999999915, 0.018699999999999883, 0.016799999999999895, 0.01769999999999989, 0.016699999999999895, 0.01469999999999991, 0.0156999999999999, 0.016299999999999898, 0.013699999999999915, 0.012499999999999923, 0.010599999999999934, 0.011899999999999926, 0.01139999999999993, 0.012499999999999923, 0.009299999999999942, 0.007099999999999956, 0.00799999999999995, 0.008299999999999948, 0.007799999999999952, 0.0076999999999999525, 0.005999999999999963, 0.004699999999999971, 0.005199999999999968, 0.00479999999999997, 0.003899999999999976, 0.002899999999999982, 0.002399999999999985, 0.002099999999999987, 0.0022999999999999856, 0.001799999999999989, 0.001299999999999992, 0.0011999999999999925, 0.0006999999999999957, 0.0008999999999999944, 0.00019999999999999876, 0.0010999999999999931, 0.0004999999999999969, 0.00019999999999999876, 0.00029999999999999813, 9.999999999999938e-05, 0.00029999999999999813, 9.999999999999938e-05, 9.999999999999938e-05, 9.999999999999938e-17, 9.999999999999938e-05, 9.999999999999938e-17, 9.999999999999938e-17, 9.999999999999938e-17, 9.999999999999938e-05, 9.999999999999938e-17, 9.999999999999938e-05, 9.999999999999938e-17, 9.999999999999938e-17, 9.999999999999938e-17, 9.999999999999938e-17, 9.999999999999938e-17, 9.999999999999938e-17, 9.999999999999938e-17, 9.999999999999938e-17, 9.999999999999938e-17, 9.999999999999938e-17, 9.999999999999938e-17, 9.999999999999938e-17, 9.999999999999938e-17, 9.999999999999938e-17, 9.999999999999938e-17, 9.999999999999938e-17, 9.999999999999938e-17, 9.999999999999938e-17, 9.999999999999938e-17, 9.999999999999938e-17, 9.999999999999938e-17, 9.999999999999938e-17, 9.999999999999938e-17, 9.999999999999938e-17, 9.999999999999938e-17, 9.999999999999938e-17, 9.999999999999938e-17, 9.999999999999938e-17, 9.999999999999938e-17, 9.999999999999938e-17, 9.999999999999938e-17, 9.999999999999938e-17, 9.999999999999938e-17, 9.999999999999938e-17, 9.999999999999938e-17, 9.999999999999938e-17, 9.999999999999938e-17, 9.999999999999938e-17, 9.999999999999938e-17, 9.999999999999938e-17, 9.999999999999938e-17, 9.999999999999938e-17, 9.999999999999938e-17, 9.999999999999938e-17, 9.999999999999938e-17, 9.999999999999938e-17],