{"n_items": 200, "weights": [9.999999999999885e-17, 9.999999999999885e-17, 9.999999999999885e-17, 9.999999999999885e-17, 9.999999999999885e-17, 9.999999999999885e-17, 9.999999999999885e-17, 9.999999999999885e-17, 9.999999999999885e-17, 9.999999999999885e-17, 9.999999999999885e-17, 9.999999999999885e-17, 9.999999999999885e-17, 9.999999999999885e-17, 9.999999999999885e-17, 9.999999999999885e-17, 9.999999999999885e-17, 9.999999999999885e-17, 9.999999999999885e-17, 9.999999999999885e-17, 9.999999999999885e-17, 9.999999999999885e-17, 9.999999999999885e-17, 9.999999999999885e-17, 9.999999999999885e-17, 9.999999999999885e-17, 9.999999999999885e-17, 9.999999999999885e-17, 9.999999999999885e-17, 9.999999999999885e-17, 9.999999999999885e-17, 9.999999999999885e-17, 9.999999999999885e-17, 9.999999999999885e-17, 9.999999999999885e-17, 9.999999999999885e-17, 9.999999999999885e-17, 9.999999999999885e-17, 9.999999999999885e-17, 9.999999999999885e-17, 9.999999999999885e-17, 9.999999999999885e-17, 9.999999999999885e-17, 9.999999999999885e-17, 9.999999999999885e-17, 9.999999999999885e-17, 9.999999999999885e-17, 9.999999999999885e-05, 9.999999999999885e-17, 9.999999999999885e-17, 9.999999999999885e-05, 9.999999999999885e-17, 9.999999999999885e-17, 9.999999999999885e-17, 9.999999999999885e-17, 9.999999999999885e-17, 9.999999999999885e-17, 9.999999999999885e-05, 9.999999999999885e-17, 9.999999999999885e-05, 9.999999999999885e-17, 0.00029999999999999656, 0.0001999999999999977, 9.999999999999885e-17, 0.0001999999999999977, 0.0004999999999999943, 0.0004999999999999943, 0.0001999999999999977, 0.0005999999999999931, 0.0004999999999999943, 0.0007999999999999908, 0.0011999999999999862, 0.0018999999999999783, 0.0011999999999999862, 0.002099999999999976, 0.001399999999999984, 0.002999999999999966, 0.0025999999999999704, 0.005199999999999941, 0.0036999999999999577, 0.005899999999999932, 0.006499999999999925, 0.007099999999999919, 0.0069999999999999195, 0.00779999999999991, 0.010299999999999882, 0.01209999999999986, 0.01229999999999986, 0.014999999999999828, 0.016299999999999815, 0.0174999999999998, 0.018799999999999786, 0.022599999999999742, 0.023299999999999734, 0.025599999999999706, 0.024099999999999722, 0.026799999999999692, 0.027399999999999685, 0.03279999999999962, 0.028399999999999676, 0.03049999999999965, 0.030099999999999655, 0.028199999999999677, 0.032899999999999624, 0.034399999999999605, 0.029499999999999662, 0.02859999999999967, 0.029299999999999663, 0.029499999999999662, 0.029399999999999663, 0.031399999999999643, 0.0260999999999997, 0.025499999999999707, 0.02179999999999975, 0.02439999999999972, 0.022599999999999742, 0.02009999999999977, 0.018499999999999787, 0.017699999999999796, 0.015999999999999816, 0.014299999999999835, 0.010699999999999878, 0.011299999999999871, 0.00949999999999989, 0.007999999999999908, 0.007099999999999919, 0.00609999999999993, 0.005699999999999934, 0.0042999999999999506, 0.0044999999999999485, 0.003399999999999961, 0.0034999999999999597, 0.001399999999999984, 0.0017999999999999794, 0.0024999999999999714, 0.0009999999999999885, 0.001399999999999984, 0.0007999999999999908, 0.0003999999999999954, 0.00029999999999999656, 0.0005999999999999931, 0.00029999999999999656, 0.00029999999999999656, 0.0001999999999999977, 9.999999999999885e-17, 9.999999999999885e-17, 9.999999999999885e-17, 9.999999999999885e-17, 9.999999999999885e-17, 9.999999999999885e-17, 9.999999999999885e-17, 9.999999999999885e-17, 9.999999999999885e-17, 9.999999999999885e-17, 9.999999999999885e-17, 9.999999999999885e-17, 9.999999999999885e-17, 9.999999999999885e-17, 9.999999999999885e-17, 9.999999999999885e-17, 9.999999999999885e-17, 9.999999999999885e-17, 9.999999999999885e-17, 9.999999999999885e-17, 9.999999999999885e-17, 9.999999999999885e-17, 9.999999999999885e-17, 9.999999999999885e-17, 9.999999999999885e-17, 9.999999999999885e-17, 9.999999999999885e-17, 9.999999999999885e-17, 9.999999999999885e-17, 9.999999999999885e-17, 9.999999999999885e-17, 9.999999999999885e-17, 9.999999999999885e-17, 9.999999999999885e-17, 9.999999999999885e-17, 9.999999999999885e-17, 9.999999999999885e-17, 9.999999999999885e-17, 9.999999999999885e-17, 9.999999999999885e-17, 9.999999999999885e-17, 9.999999999999885e-17, 9.999999999999885e-17, 9.999999999999885e-17, 9.999999999999885e-17, 9.999999999999885e-17, 9.999999999999885e-17, 9.999999999999885e-17, 9.999999999999885e-17, 9.999999999999885e-17, 9.999999999999885e-17, 9.999999999999885e-17, 9.999999999999885e-17, 9.999999999999885e-17, 9.999999999999885e-17, 9.999999999999885e-17], "profits": [1.0, 1.0, 1.0, 1.0, 1.0, 1.0, 1.0, 1.0, 1.0, 1.0, 1.0, 1.0, 1.0, 1.0, 1.0, 1.0, 1.0, 1.0, 1.0, 1.0, 1.0, 1.0, 1.0, 1.0, 1.0, 1.0, 1.0, 1.0, 1.0, 1.0, 1.0, 1.0, 1.0, 1.0, 1.0, 1.0, 1.0, 1.0, 1.0, 1.0, 1.0, 1.0, 1.0, 1.0, 1.0, 1.0, 1.0, 1.0, 1.0, 1.0, 1.0, 1.0, 1.0, 1.0, 1.0, 1.0, 1.0, 1.0, 1.0, 1.0, 1.0, 1.0, 1.0, 1.0, 1.0, 1.0, 1.0, 1.0, 1.0, 1.0, 1.0, 1.0, 1.0, 1.0, 1.0, 1.0, 1.0, 1.0, 1.0, 1.0, 1.0, 1.0, 1.0, 1.0, 1.0, 0.1, 1.0, 1.0, 1.0, 0.1, 1.0, 1.0, 1.0, 1.0, 1.0, 1.0, 1.0, 1.0, 1.0, 1.0, 1.0, 1.0, 1.0, 1.0, 1.0, 1.0, 1.0, 1.0, 1.0, 1.0, 1.0, 1.0, 1.0, 1.0, 1.0, 1.0, 1.0, 1.0, 1.0, 1.0, 1.0, 1.0, 1.0, 1.0, 1.0, 1.0, 1.0, 1.0, 1.0, 1.0, 1.0, 1.0, 1.0, 1.0, 1.0, 1.0, 1.0, 1.0, 1.0, 1.0, 1.0, 1.0, 1.0, 1.0, 1.0, 1.0, 1.0, 1.0, 1.0, 1.0, 1.0, 1.0, 1.0, 1.0, 1.0, 1.0, 1.0, 1.0, 1.0, 1.0, 1.0, 1.0, 1.0, 1.0, 1.0, 1.0, 1.0, 1.0, 1.0, 1.0, 1.0, 1.0, 1.0, 1.0, 1.0, 1.0, 1.0, 1.0, 1.0, 1.0, 1.0, 1.0, 1.0, 1.0, 1.0, 1.0, 1.0, 1.0, 1.0, 1.0, 1.0, 1.0, 1.0, 1.0, 1.0, 1.0, 1.0, 1.0, 1.0, 1.0], "min_weight": 0.95, "max_distance": 3}