{"n_items": 200, "weights": [0.002055090480591566, 0.004808744378214023, 0.006451923707958133, 0.005818479186489671, 0.0052612054225868845, 0.006576581605151749, 0.00485354704860245, 0.006797717355690403, 0.007900507103603053, 0.0028998157146624477, 0.004785681062201484, 0.004796080910791563, 0.0063527956267877975, 0.004407090068839378, 0.005197325633988828, 0.005340992598702762, 0.004155694250673275, 0.004672424239440837, 0.008043336439226138, 0.0028598707356843494, 0.006284209898288632, 0.004971232546206226, 0.00585693994355708, 0.0065211477992755725, 0.004950159911864383, 0.0052866799760244755, 0.004579143235269376, 0.0027825747882449215, 0.005063240078627138, 0.004332457835686595, 0.004693908774392323, 0.00567100614856254, 0.005447039092766254, 0.005225456578354874, 0.0043574540550934465, 0.006086597915454204, 0.004534509043167688, 0.004385530827023146, 0.00479279779397951, 0.0052704082928458585, 0.00497449910475722, 0.0047848695162804435, 0.004698325930696481, 0.005039733225410633, 0.003509599754839214, 0.0051692923373779, 0.004359575237722595, 0.005548531283730555, 0.005097867099628935, 0.0054432034859934015, 0.0015278210737162247, 0.006018823026787606, 0.005888568321087124, 0.0020694302237928702, 0.003818815513474316, 0.0037581434139687554, 0.006846091269656517, 0.0059150316420933215, 0.00559067601109811, 0.005707390779916314, 0.006003694508653659, 0.004614498232676454, 0.003354671748157266, 0.005978592524630194, 0.0037803825336607047, 0.0052731150308834955, 0.0051677718640445, 0.00403422423738811, 0.006470116170978286, 0.006360817476166949, 0.004448679644251115, 0.005754007072185313, 0.005615087402752404, 0.005683012360150853, 0.004590293362893527, 0.007198957207028678, 0.0034076545970261646, 0.004488471844221508, 0.003559350140127068, 0.002969049514418807, 0.005783843024690989, 0.0052480377917499665, 0.00457345196959655, 0.0031700650399805953, 0.005341088865921281, 0.008591625671893234, 0.003389578989785029, 0.006682056203418149, 0.0048342984150273995, 0.006736592968681082, 0.004020909196789951, 0.006169766700925279, 0.0035501437516328206, 0.0051405433102014245, 0.0019122340703873965, 0.00518413606947998, 0.00654691638924156, 0.006086888687116897, 0.004785413043486557, 0.004262320286542943, 0.006486830871712127, 0.00762713166682732, 0.008338022148115432, 0.005773909265612228, 0.003026122849555318, 0.004576830610486205, 0.001750160560752547, 0.005151283813337246, 0.007674147608649842, 0.0031727318822847685, 0.0040389223042533885, 0.005940219776433195, 0.005672903787424033, 0.004975896402414706, 0.007001650855291753, 0.004682871073798413, 0.005900246912177222, 0.005043670989499587, 0.005463722469813088, 0.0038751099660901582, 0.005587086116831616, 0.006753632257313725, 0.005363259193177539, 0.005006591120351136, 0.005901568512294246, 0.003660724362187767, 0.004350425164492763, 0.006267090630083916, 0.002682589609397101, 0.006756609083364521, 0.004965557476330326, 0.004376001305513303, 0.005118682739000726, 0.004306852017134562, 0.003812075592803881, 0.005797601009949289, 0.004694554116808884, 0.004607145235323148, 0.004309982074547423, 0.0048986638421939155, 0.00602180432072478, 0.004119606945941738, 0.004374850769832942, 0.006062743055339723, 0.004315990569324079, 0.0048208200853372025, 0.004176414737782705, 0.004321295228402235, 0.0060423201697675216, 0.006354470529358362, 0.006394527999036001, 0.005391229474503921, 0.006019299717429198, 0.002187095397828984, 0.0031397676642836883, 0.0018249759195484048, 0.0053175708935665825, 0.003286400329997667, 0.0043658403853211675, 0.006702304867735421, 0.00638974116639152, 0.003693607069792974, 0.00514712486233064, 0.007402631176453625, 0.0038121540381488516, 0.0031199365266915825, 0.004569466363898917, 0.005838638209687793, 0.00466184742076962, 0.005542903262320883, 0.0037550477480000877, 0.006514412636401372, 0.0061010371261730305, 0.0036450011886855465, 0.005067244377887852, 0.004767345447634648, 0.005207710258420551, 0.0015005127301715403, 0.004977876949094589, 0.0059615602148117485, 0.0038737146157349052, 0.005398013547374221, 0.004589832711884795, 0.006872991632386312, 0.004302751430544584, 0.003770016962042231, 0.00530238432554072, 0.0024139922345467663, 0.005148740028776102, 0.00523114656530566, 0.004733473897040438, 0.004699252129046697, 0.004971814129559129, 0.007059384427187958, 0.005130527848725271, 0.005854296378040735, 0.004762056959282031, 0.006915549962673124, 0.0041523794598028315, 0.004857431370603685],