{"n_items": 200, "weights": [0.0027774958753888144, 0.0035273055087031813, 0.005768064991771554, 0.00582194484580132, 0.004095694007140403, 0.0065361458738156025, 0.004698641589081017, 0.0038028647095200738, 0.005675549679801303, 0.0025082891088933773, 0.007548837338303228, 0.004822831991016598, 0.0053866677622996725, 0.003843690119084658, 0.0037388374792911125, 0.005199040372702843, 0.0037422841018886163, 0.005676087764600339, 0.0055984501738630356, 0.0052643155497404835, 0.006422549597378773, 0.007406306080319955, 0.005145179195226295, 0.004101043879946485, 0.005103913073303007, 0.005708084164864732, 0.004576316718736141, 0.004017419042523989, 0.0049017067979984785, 0.004597683152670376, 0.004960767197415523, 0.006184436458562941, 0.006630143865037231, 0.004076709930752167, 0.0059063779260680625, 0.006818342526235068, 0.003738544165444596, 0.0031048262908175924, 0.0033532155307704915, 0.006427120562653797, 0.00512314129735259, 0.0065881868706270975, 0.0037563187073355, 0.004702229845022064, 0.006607825548862093, 0.00744403859250058, 0.004387981259164018, 0.0044916639292811615, 0.004322658195179732, 0.006735505368738878, 0.005443479885001068, 0.0030834775217501694, 0.007265537714144679, 0.005553970930964837, 0.004003922437737017, 0.003981420405616275, 0.005171965801233972, 0.005294952771542687, 0.008123855959487307, 0.003476964591008404, 0.004050558001674877, 0.006995745272825155, 0.0042685289432855215, 0.004471210393149058, 0.003925472282525924, 0.004935158507682114, 0.004656427791672428, 0.00424475931930937, 0.003926700842659512, 0.007766608102286999, 0.003131330469649094, 0.004158651925908211, 0.005765275757007692, 0.003832820768860282, 0.005007471360979622, 0.005956234526592412, 0.0010853369120921166, 0.004663118485775824, 0.0052197766668007645, 0.0021982637890304215, 0.004305878028359143, 0.007534558217723226, 0.004303719058965845, 0.006262509152254588, 0.004244176199031966, 0.0035127037450806056, 0.005339554479020332, 0.005892093870833123, 0.001282789557847231, 0.004016791160984786, 0.004848262058146572, 0.0033353907461216186, 0.0071065787174631806, 0.003969077923578575, 0.007232501274418564, 0.0029606941723339083, 0.006078794258278824, 0.006438378835200815, 0.003380126671566746, 0.006859991566858717, 0.005691585443624898, 0.005453081165401923, 0.0051978007894017625, 0.005963467264147764, 0.005048407697073883, 0.007179676378045905, 0.003966796391543633, 0.007100520838847789, 0.002130770382516496, 0.005070228823712838, 0.007568871051082766, 0.006102062450530105, 0.005527417474572203, 0.006648993088507868, 0.0040758399789464815, 0.0077106973618594745, 0.004498582673924378, 0.005981969504205116, 0.004688315423484958, 0.00604866818486533, 0.0027668905826113473, 0.004018177885335881, 0.0059896319031406044, 0.004935717022267326, 0.0026977346934754405, 0.006223294256248389, 0.0032158301356879047, 0.00443035096276429, 0.0072570879737911325, 0.005483795330209815, 0.00385101433524308, 0.00621222037784863, 0.005375216464604462, 0.004965860909162596, 0.003864968648139727, 0.006122527331289991, 0.004858403624943093, 0.006215888909901988, 0.004139894239236978, 0.007138919991029239, 0.0017672902337538996, 0.004700637914278221, 0.0036812804027394684, 0.0034496295364452815, 0.008203605550602637, 0.00371022210060584, 0.006845755528923643, 0.000595783553147566, 0.004759621747487977, 0.0051643288342921815, 0.003689982934485065, 0.0038306946800224164, 0.006792012107082885, 0.006969066798531524, 0.005024669822584495, 0.006180243721391306, 0.005492282728391908, 0.006516212244487822, 0.006001512738510442, 0.006318553945277714, 0.004711095012738416, 0.004468893049200385, 0.005247541563821381, 0.006866590478410576, 0.004646172933550144, 0.004105982296333662, 0.004735154728897005, 0.004934153108196141, 0.005175781110219358, 0.005124729889043322, 0.004071463549824861, 0.004853181001961371, 0.0035678283112635214, 0.004015798579021393, 0.004604130318950016, 0.005158130908366032, 0.005905056845930348, 0.004496166514811555, 0.0051690725829142805, 0.001625007250293253, 0.005349921281372985, 0.0050652011360026354, 0.007420178174573717, 0.005392559870678865, 0.004797385405939412, 0.0018685412173881854, 0.006344529889102119, 0.006612132207868812, 0.004441892679264998, 0.005611307202288087, 0.0026906455298518588, 0.0056534270316127965, 0.003927395270419449, 0.005932233048681323, 0.005502361566239308, 0.007830354116278247, 0.004508377033159231, 0.001869471548785469, 0.005771909642597726, 0.004880838602059252], "profits": [1.0, 1.0, 1.0, 1.0, 1.0, 1.0, 1.0, 1.0, 1.0, 1.0, 1.0, 1.0, 1.0, 1.0, 1.0, 1.0, 1.0, 1.0, 1.0, 1.0, 1.0, 1.0, 1.0, 1.0, 1.0, 1.0, 1.0, 1.0, 1.0, 1.0, 1.0, 1.0, 1.0, 1.0, 1.0, 1.0, 1.0, 1.0, 1.0, 1.0, 1.0, 1.0, 1.0, 1.0, 1.0, 1.0, 1.0, 1.0, 1.0, 1.0, 1.0, 1.0, 1.0, 1.0, 1.0, 1.0, 1.0, 1.0, 1.0, 1.0, 1.0, 1.0, 1.0, 1.0, 1.0, 1.0, 1.0, 1.0, 1.0, 1.0, 1.0, 1.0, 1.0, 1.0, 1.0, 1.0, 1.0, 1.0, 1.0, 1.0, 1.0, 1.0, 1.0, 1.0, 1.0, 1.0, 1.0, 1.0, 1.0, 1.0, 1.0, 1.0, 1.0, 1.0, 1.0, 1.0, 1.0, 1.0, 1.0, 1.0, 1.0, 1.0, 1.0, 1.0, 1.0, 1.0, 1.0, 1.0, 1.0, 1.0, 1.0, 1.0, 1.0, 1.0, 1.0, 1.0, 1.0, 1.0, 1.0, 1.0, 1.0, 1.0, 1.0, 1.0, 1.0, 1.0, 1.0, 1.0, 1.0, 1.0, 1.0, 1.0, 1.0, 1.0, 1.0, 1.0, 1.0, 1.0, 1.0, 1.0, 1.0, 1.0, 1.0, 1.0, 1.0, 1.0, 1.0, 1.0, 1.0, 1.0, 1.0, 1.0, 1.0, 1.0, 1.0, 1.0, 1.0, 1.0, 1.0, 1.0, 1.0, 1.0, 1.0, 1.0, 1.0, 1.0, 1.0, 1.0, 1.0, 1.0, 1.0, 1.0, 1.0, 1.0, 1.0, 1.0, 1.0, 1.0, 1.0, 1.0, 1.0, 1.0, 1.0, 1.0, 1.0, 1.0, 1.0, 1.0, 1.0, 1.0, 1.0, 1.0, 1.0, 1.0, 1.0, 1.0, 1.0, 1.0, 1.0, 1.0], "min_weight": 0.95, "max_distance": 3}