{"n_items": 400, "weights": [9.999999999999767e-17, 9.999999999999767e-17, 9.999999999999767e-17, 9.999999999999767e-17, 9.999999999999767e-17, 9.999999999999767e-17, 9.999999999999767e-17, 9.999999999999767e-17, 9.999999999999767e-17, 9.999999999999767e-17, 9.999999999999767e-17, 9.999999999999767e-17, 9.999999999999767e-17, 9.999999999999767e-17, 9.999999999999767e-17, 9.999999999999767e-17, 9.999999999999767e-17, 9.999999999999767e-17, 9.999999999999767e-17, 9.999999999999767e-17, 9.999999999999767e-17, 9.999999999999767e-17, 9.999999999999767e-17, 9.999999999999767e-17, 9.999999999999767e-17, 9.999999999999767e-17, 9.999999999999767e-17, 9.999999999999767e-17, 9.999999999999767e-17, 9.999999999999767e-17, 9.999999999999767e-17, 9.999999999999767e-17, 9.999999999999767e-17, 9.999999999999767e-17, 9.999999999999767e-17, 9.999999999999767e-17, 9.999999999999767e-17, 9.999999999999767e-17, 9.999999999999767e-17, 9.999999999999767e-17, 9.999999999999767e-17, 9.999999999999767e-17, 9.999999999999767e-17, 9.999999999999767e-17, 9.999999999999767e-17, 9.999999999999767e-17, 9.999999999999767e-17, 9.999999999999767e-17, 9.999999999999767e-17, 9.999999999999767e-17, 9.999999999999767e-17, 9.999999999999767e-17, 9.999999999999767e-17, 9.999999999999767e-17, 9.999999999999767e-17, 9.999999999999767e-17, 9.999999999999767e-17, 9.999999999999767e-17, 9.999999999999767e-17, 9.999999999999767e-17, 9.999999999999767e-17, 9.999999999999767e-17, 9.999999999999767e-17, 9.999999999999767e-17, 9.999999999999767e-17, 9.999999999999767e-17, 9.999999999999767e-17, 9.999999999999767e-17, 9.999999999999767e-17, 9.999999999999767e-17, 9.999999999999767e-17, 9.999999999999767e-05, 9.999999999999767e-17, 9.999999999999767e-05, 9.999999999999767e-05, 9.999999999999767e-05, 9.999999999999767e-17, 9.999999999999767e-17, 9.999999999999767e-05, 0.00019999999999999535, 0.00019999999999999535, 9.999999999999767e-05, 9.999999999999767e-05, 9.999999999999767e-05, 9.999999999999767e-17, 9.999999999999767e-17, 9.999999999999767e-05, 9.999999999999767e-17, 0.00019999999999999535, 9.999999999999767e-05, 0.00029999999999999303, 0.00029999999999999303, 0.00029999999999999303, 0.00029999999999999303, 0.00029999999999999303, 0.00029999999999999303, 0.0004999999999999884, 0.00029999999999999303, 0.0003999999999999907, 0.0007999999999999814, 0.0006999999999999837, 0.0009999999999999768, 0.0006999999999999837, 0.0011999999999999721, 0.0010999999999999745, 0.0010999999999999745, 0.0006999999999999837, 0.0010999999999999745, 0.001799999999999958, 0.0025999999999999396, 0.0020999999999999513, 0.0018999999999999558, 0.002799999999999935, 0.002199999999999949, 0.0022999999999999466, 0.0025999999999999396, 0.0013999999999999675, 0.0031999999999999256, 0.002499999999999942, 0.003699999999999914, 0.0034999999999999185, 0.003999999999999907, 0.003899999999999909, 0.0034999999999999185, 0.004599999999999893, 0.0059999999999998605, 0.003999999999999907, 0.00729999999999983, 0.005899999999999863, 0.007999999999999815, 0.006399999999999851, 0.006699999999999844, 0.0059999999999998605, 0.00949999999999978, 0.007399999999999828, 0.00819999999999981, 0.008099999999999812, 0.007899999999999817, 0.008099999999999812, 0.0085999999999998, 0.008899999999999793, 0.010099999999999765, 0.011999999999999721, 0.012999999999999698, 0.010599999999999754, 0.012199999999999716, 0.011999999999999721, 0.01249999999999971, 0.016899999999999606, 0.016199999999999624, 0.014399999999999665, 0.013999999999999674, 0.01499999999999965, 0.015099999999999648, 0.01679999999999961, 0.013499999999999686, 0.013599999999999684, 0.012999999999999698, 0.01459999999999966, 0.015299999999999644, 0.015799999999999634, 0.01639999999999962, 0.017499999999999592, 0.014299999999999667, 0.01679999999999961, 0.018399999999999573, 0.015199999999999646, 0.01589999999999963, 0.017499999999999592, 0.015399999999999641, 0.014799999999999655, 0.015699999999999634, 0.012599999999999707, 0.013699999999999681, 0.014299999999999667, 0.015399999999999641, 0.014699999999999658, 0.011999999999999721, 0.013799999999999679, 0.014099999999999672, 0.013399999999999688, 0.012699999999999705, 0.012599999999999707, 0.011099999999999742, 0.012099999999999719, 0.010599999999999754, 0.011699999999999728, 0.009699999999999775, 0.009299999999999784, 0.008499999999999803, 0.007999999999999815, 0.010799999999999749, 0.00729999999999983, 0.008299999999999808, 0.006699999999999844, 0.007599999999999823, 0.0059999999999998605, 0.0062999999999998535, 0.006099999999999858, 0.004399999999999898, 0.004999999999999884, 0.0042999999999999, 0.004399999999999898, 0.0059999999999998605, 0.003399999999999921, 0.0037999999999999115, 0.0029999999999999302, 0.003999999999999907, 0.003399999999999921, 0.0032999999999999232, 0.0026999999999999373, 0.003099999999999928, 0.002799999999999935, 0.0016999999999999604, 0.0015999999999999628, 0.0020999999999999513, 0.0018999999999999558, 0.0016999999999999604, 0.0013999999999999675, 0.0015999999999999628, 0.0005999999999999861, 0.000899999999999979, 0.0009999999999999768, 0.0013999999999999675, 0.0007999999999999814, 0.000899999999999979, 0.0006999999999999837, 0.0007999999999999814, 0.0004999999999999884, 0.00029999999999999303, 0.0004999999999999884, 0.00029999999999999303, 0.0005999999999999861, 0.00029999999999999303, 0.00029999999999999303, 0.0004999999999999884, 0.00019999999999999535, 0.0003999999999999907, 9.999999999999767e-05, 9.999999999999767e-17, 0.00019999999999999535, 0.00019999999999999535, 9.999999999999767e-17, 9.999999999999767e-17, 9.999999999999767e-17, 9.999999999999767e-17, 9.999999999999767e-05, 0.00019999999999999535, 9.999999999999767e-17, 9.999999999999767e-17, 9.999999999999767e-17, 9.999999999999767e-17, 9.999999999999767e-17, 9.999999999999767e-17, 9.999999999999767e-17, 9.999999999999767e-17, 9.999999999999767e-17, 9.999999999999767e-17, 9.999999999999767e-17, 9.999999999999767e-17, 9.999999999999767e-05, 9.999999999999767e-17, 9.999999999999767e-17, 9.999999999999767e-17, 9.999999999999767e-17, 9.999999999999767e-17, 9.999999999999767e-17, 9.999999999999767e-17, 9.999999999999767e-17, 9.999999999999767e-17, 9.999999999999767e-17, 9.999999999999767e-17, 9.999999999999767e-17, 9.999999999999767e-17, 9.999999999999767e-17, 9.999999999999767e-17, 9.999999999999767e-17, 9.999999999999767e-17, 9.999999999999767e-17, 9.999999999999767e-17, 9.999999999999767e-17, 9.999999999999767e-17, 9.999999999999767e-17, 9.999999999999767e-17, 9.999999999999767e-17, 9.999999999999767e-17, 9.999999999999767e-17, 9.999999999999767e-17, 9.999999999999767e-17, 9.999999999999767e-17, 9.999999999999767e-17, 9.999999999999767e-17, 9.999999999999767e-17, 9.999999999999767e-17, 9.999999999999767e-17, 9.999999999999767e-17, 9.999999999999767e-17, 9.999999999999767e-17, 9.999999999999767e-17, 9.999999999999767e-17, 9.999999999999767e-17, 9.999999999999767e-17, 9.999999999999767e-17, 9.999999999999767e-17, 9.999999999999767e-17, 9.999999999999767e-17, 9.999999999999767e-17, 9.999999999999767e-17, 9.999999999999767e-17, 9.999999999999767e-17, 9.999999999999767e-17, 9.999999999999767e-17, 9.999999999999767e-17, 9.999999999999767e-17, 9.999999999999767e-17, 9.999999999999767e-17, 9.999999999999767e-17, 9.999999999999767e-17, 9.999999999999767e-17, 9.999999999999767e-17, 9.999999999999767e-17, 9.999999999999767e-17, 9.999999999999767e-17, 9.999999999999767e-17, 9.999999999999767e-17, 9.999999999999767e-17, 9.999999999999767e-17, 9.999999999999767e-17, 9.999999999999767e-17, 9.999999999999767e-17, 9.999999999999767e-17, 9.999999999999767e-17, 9.999999999999767e-17, 9.999999999999767e-17, 9.999999999999767e-17, 9.999999999999767e-17, 9.999999999999767e-17, 9.999999999999767e-17, 9.999999999999767e-17, 9.999999999999767e-17, 9.999999999999767e-17, 9.999999999999767e-17, 9.999999999999767e-17, 9.999999999999767e-17, 9.999999999999767e-17, 9.999999999999767e-17, 9.999999999999767e-17, 9.999999999999767e-17, 9.999999999999767e-17, 9.999999999999767e-17, 