{"n_items": 200, "weights": [0.00664037816235743, 0.0038312393415379114, 0.00410372857972586, 0.007274474078743168, 0.0037828228639160905, 0.0031129872914270975, 0.005748261351451661, 0.005299105845788824, 0.006071030622747706, 0.00592677679963782, 0.005171373486800735, 0.0046405689855935645, 0.003356620852638095, 0.004073241638338795, 0.005233836117414053, 0.0028971517900717217, 0.005872222510559081, 0.007846610301869348, 0.005588574631916535, 0.005697393560827638, 0.0032104803384921917, 0.006908222112004272, 0.005176913931435773, 0.006575789240499628, 0.007776244718834931, 0.004914828157075594, 0.005704778104657985, 0.00508084214604232, 0.0035499618499633488, 0.006887712574491399, 0.004996533113635728, 0.004670866113419758, 0.004752135434704445, 0.005703657244024866, 0.004439334489653974, 0.00677157276657049, 0.006846305119375311, 0.005716672224096246, 0.006159195726567012, 0.004909607943842811, 0.0037395420786681326, 0.00526516781038707, 0.007120576929408789, 0.004757364146864964, 0.0032565386258215337, 0.004631429258925257, 0.004838327295198654, 0.007221128944745792, 0.005345295301464551, 0.005447035621219198, 0.005915758995601681, 0.005457351377738648, 0.005480198616845082, 0.00453154072317099, 0.003207523301631714, 0.006413643752414927, 0.005464747247161675, 0.003469651159613025, 0.003644348098945341, 0.00515871883499174, 0.005099986280311641, 0.0018470854556370472, 0.006012208373870606, 0.0042730698312529, 0.004983695082008635, 0.0019093900128535413, 0.0036956493306693487, 0.005631591208953302, 0.004634961053780232, 0.00460620812658651, 0.005410805894919781, 0.004496483061438836, 0.0028005844974615477, 0.00429381012458049, 0.004578862494351744, 0.006243168904927089, 0.0074855885273927706, 0.005070749898532174, 0.008715759001370973, 0.006388941191341373, 0.005003725075415074, 0.007516199744524765, 0.004239035290565769, 0.005335180070388389, 0.004519131911788457, 0.005143321285015116, 0.004924500457325027, 0.0073316836977591225, 0.004933956030453796, 0.004841638608615353, 0.005547433964892461, 0.006347233506083705, 0.005517388274600794, 0.0035408149790661023, 0.005051085964336722, 0.005802988030008172, 0.005953728956510857, 0.0058468099416026185, 0.004171769312187089, 0.0030311065484238623, 0.00487958474023011, 0.004752750671278152, 0.008269202290912239, 0.0017663620298826652, 0.0029308119732217607, 0.004125812682753297, 0.004130237907569738, 0.004857699737577061, 0.004935396744783857, 0.006410589431866904, 0.006397700637297034, 0.00471110325127283, 0.005240919572890268, 0.005388682441689291, 0.005334866877787221, 0.007524444016722281, 0.00449584673494873, 0.005540578355661897, 0.00435349011933005, 0.004181458906697589, 0.004008511491099923, 0.004853388799685853, 0.00239931068850522, 0.003676922693089412, 0.006435136052520746, 0.003773411856763823, 0.004024789840347095, 0.00509919045995162, 0.004565120280414561, 0.004338835859378209, 0.005905318807186703, 0.006894529675836864, 0.0051735096277613045, 0.004497109709197109, 0.006977815797357614, 0.003488796414581571, 0.005076540466822371, 0.00477344767189251, 0.004249496961783164, 0.005474122143094963, 0.0028303563824204478, 0.0025164390438915914, 0.005104966947641321, 0.005074202215198363, 0.0039578706531147295, 0.00440204330584232, 0.004847377712514272, 0.005699154689451479, 0.0048442965068230944, 0.005664194369257531, 0.005593011781976039, 0.004870316793628992, 0.006021535611591314, 0.005800780603858167, 0.0028335422781177715, 0.004225174185832054, 0.005043166553676996, 0.002476291466756275, 0.004931187487877064, 0.004399161214573059, 0.003646927965844143, 0.00621332069541942, 0.006115532728293206, 0.0030353138535109815, 0.003851748412913397, 0.0064174056589329075, 0.0047615495806968165, 0.00628310064110944, 0.0034029983827355602, 0.004457732416874847, 0.0064618297043595035, 0.005405707505454665, 0.005968928629292853, 0.0032791302562910373, 0.005592831080240517, 0.0029646833628756606, 0.005212849442005772, 0.003958167466456249, 0.006017555617678466, 0.0056781413683772, 0.0029983802403184302, 0.0049568438339871405, 0.00500007216683128, 0.004491709304227845, 0.0040650005342441654, 0.006058071138668692, 0.005250536413602202, 0.007438155865532082, 0.0029727011129762103, 0.00542491145193035, 0.005075890165696133, 0.0046656065183140515, 0.005644000091589541, 0.0055332363705597465, 0.006082136517494382, 0.005626486613829543, 0.003067735453862962, 0.0052684796679510395, 0.002126379792362948, 0.0064170274655983225], "profits": [1.0, 1.0, 1.0, 1.0, 1.0, 1.0, 1.0, 1.0, 0.1, 1.0, 1.0, 1.0, 1.0, 1.0, 0.1, 1.0, 1.0, 1.0, 1.0, 1.0, 1.0, 1.0, 1.0, 1.0, 1.0, 1.0, 1.0, 1.0, 1.0, 1.0, 1.0, 1.0, 1.0, 1.0, 1.0, 1.0, 1.0, 1.0, 1.0, 1.0, 1.0, 1.0, 1.0, 1.0, 1.0, 1.0, 1.0, 1.0, 1.0, 1.0, 1.0, 1.0, 1.0, 1.0, 1.0, 1.0, 1.0, 1.0, 1.0, 1.0, 1.0, 1.0, 1.0, 1.0, 1.0, 1.0, 1.0, 1.0, 1.0, 1.0, 1.0, 1.0, 1.0, 1.0, 1.0, 1.0, 1.0, 1.0, 1.0, 1.0, 1.0, 1.0, 1.0, 1.0, 1.0, 1.0, 1.0, 1.0, 1.0, 1.0, 1.0, 1.0, 1.0, 1.0, 1.0, 1.0, 1.0, 1.0, 1.0, 1.0, 1.0, 1.0, 1.0, 1.0, 1.0, 1.0, 1.0, 1.0, 1.0, 1.0, 1.0, 1.0, 1.0, 1.0, 1.0, 1.0, 1.0, 1.0, 1.0, 1.0, 1.0, 1.0, 1.0, 1.0, 1.0, 1.0, 1.0, 1.0, 1.0, 1.0, 1.0, 1.0, 1.0, 1.0, 1.0, 1.0, 1.0, 1.0, 1.0, 1.0, 1.0, 1.0, 1.0, 1.0, 1.0, 1.0, 1.0, 1.0, 1.0, 1.0, 1.0, 1.0, 1.0, 1.0, 1.0, 1.0, 1.0, 1.0, 1.0, 1.0, 1.0, 1.0, 1.0, 1.0, 1.0, 1.0, 1.0, 1.0, 1.0, 1.0, 1.0, 1.0, 1.0, 1.0, 1.0, 1.0, 1.0, 1.0, 1.0, 1.0, 1.0, 1.0, 1.0, 1.0, 1.0, 1.0, 1.0, 1.0, 1.0, 1.0, 1.0, 1.0, 1.0, 1.0, 1.0, 1.0, 1.0, 1.0, 1.0, 1.0], "min_weight": 0.95, "max_distance": 3}