{"n_items": 400, "weights": [9.999999999999763e-17, 9.999999999999763e-17, 9.999999999999763e-17, 9.999999999999763e-17, 9.999999999999763e-17, 9.999999999999763e-17, 9.999999999999763e-17, 9.999999999999763e-17, 9.999999999999763e-17, 9.999999999999763e-17, 9.999999999999763e-17, 9.999999999999763e-17, 9.999999999999763e-17, 9.999999999999763e-17, 9.999999999999763e-17, 9.999999999999763e-17, 9.999999999999763e-17, 9.999999999999763e-17, 9.999999999999763e-17, 9.999999999999763e-17, 9.999999999999763e-17, 9.999999999999763e-17, 9.999999999999763e-17, 9.999999999999763e-17, 9.999999999999763e-17, 9.999999999999763e-17, 9.999999999999763e-17, 9.999999999999763e-17, 9.999999999999763e-17, 9.999999999999763e-17, 9.999999999999763e-17, 9.999999999999763e-17, 9.999999999999763e-17, 9.999999999999763e-17, 9.999999999999763e-17, 9.999999999999763e-17, 9.999999999999763e-17, 9.999999999999763e-17, 9.999999999999763e-17, 9.999999999999763e-17, 9.999999999999763e-17, 9.999999999999763e-17, 9.999999999999763e-17, 9.999999999999763e-17, 9.999999999999763e-17, 9.999999999999763e-17, 9.999999999999763e-17, 9.999999999999763e-17, 9.999999999999763e-17, 9.999999999999763e-17, 9.999999999999763e-17, 9.999999999999763e-17, 9.999999999999763e-17, 9.999999999999763e-17, 9.999999999999763e-17, 9.999999999999763e-17, 9.999999999999763e-17, 9.999999999999763e-17, 9.999999999999763e-17, 9.999999999999763e-17, 9.999999999999763e-17, 9.999999999999763e-17, 9.999999999999763e-17, 9.999999999999763e-17, 9.999999999999763e-17, 9.999999999999763e-17, 9.999999999999763e-17, 9.999999999999763e-17, 9.999999999999763e-17, 9.999999999999763e-17, 9.999999999999763e-17, 9.999999999999763e-17, 9.999999999999763e-17, 9.999999999999763e-17, 9.999999999999763e-17, 9.999999999999763e-17, 9.999999999999763e-17, 9.999999999999763e-17, 9.999999999999763e-17, 9.999999999999763e-05, 0.00019999999999999527, 9.999999999999763e-05, 9.999999999999763e-17, 0.00019999999999999527, 0.0002999999999999929, 0.0004999999999999882, 0.00019999999999999527, 0.0004999999999999882, 0.00039999999999999053, 0.0006999999999999834, 0.0011999999999999717, 0.0007999999999999811, 0.0019999999999999528, 0.0022999999999999458, 0.0018999999999999551, 0.002499999999999941, 0.0031999999999999243, 0.0037999999999999102, 0.0036999999999999126, 0.0037999999999999102, 0.005299999999999874, 0.005399999999999872, 0.004999999999999882, 0.006499999999999846, 0.007099999999999832, 0.008999999999999788, 0.009099999999999785, 0.009799999999999769, 0.010699999999999746, 0.010699999999999746, 0.012599999999999702, 0.01349999999999968, 0.013999999999999669, 0.013399999999999683, 0.016399999999999613, 0.016699999999999604, 0.01649999999999961, 0.015099999999999643, 0.016399999999999613, 0.016599999999999608, 0.014999999999999646, 0.013899999999999671, 0.01479999999999965, 0.016599999999999608, 0.015299999999999639, 0.014199999999999664, 0.01479999999999965, 0.012799999999999697, 0.012399999999999706, 0.011299999999999732, 0.010599999999999749, 0.010699999999999746, 0.008099999999999809, 0.008099999999999809, 0.008199999999999806, 0.008299999999999804, 0.006499999999999846, 0.005299999999999874, 0.0042999999999998985, 0.002999999999999929, 0.004199999999999901, 0.004399999999999896, 0.0031999999999999243, 0.0025999999999999387, 0.0018999999999999551, 0.0015999999999999621, 0.0017999999999999575, 0.0012999999999999694, 0.0015999999999999621, 0.0013999999999999668, 0.001099999999999974, 0.0005999999999999859, 0.00019999999999999527, 0.0004999999999999882, 0.0002999999999999929, 0.00019999999999999527, 9.999999999999763e-17, 0.00019999999999999527, 9.999999999999763e-05, 9.999999999999763e-05, 0.00019999999999999527, 9.999999999999763e-17, 9.999999999999763e-17, 9.999999999999763e-05, 9.999999999999763e-17, 9.999999999999763e-17, 9.999999999999763e-17, 9.999999999999763e-17, 9.999999999999763e-17, 9.999999999999763e-17, 9.999999999999763e-17, 9.999999999999763e-17, 9.999999999999763e-17, 9.999999999999763e-17, 9.999999999999763e-17, 9.999999999999763e-17, 9.999999999999763e-17, 9.999999999999763e-17, 9.999999999999763e-17, 9.999999999999763e-17, 9.999999999999763e-17, 9.999999999999763e-17, 9.999999999999763e-17, 9.999999999999763e-17, 9.999999999999763e-17, 9.999999999999763e-17, 9.999999999999763e-17, 9.999999999999763e-17, 9.999999999999763e-17, 9.999999999999763e-17, 9.999999999999763e-17, 9.999999999999763e-17, 9.999999999999763e-17, 9.999999999999763e-17, 9.999999999999763e-17, 9.999999999999763e-17, 9.999999999999763e-17, 9.999999999999763e-17, 9.999999999999763e-17, 9.999999999999763e-17, 9.999999999999763e-17, 9.999999999999763e-17, 9.999999999999763e-17, 9.999999999999763e-17, 9.999999999999763e-17, 9.999999999999763e-17, 9.999999999999763e-17, 9.999999999999763e-17, 9.999999999999763e-17, 9.999999999999763e-17, 9.999999999999763e-17, 9.999999999999763e-17, 9.999999999999763e-17, 9.999999999999763e-17, 9.999999999999763e-17, 9.999999999999763e-17, 9.999999999999763e-17, 9.999999999999763e-17, 9.999999999999763e-17, 9.999999999999763e-17, 9.999999999999763e-17, 9.999999999999763e-17, 9.999999999999763e-17, 9.999999999999763e-17, 9.999999999999763e-17, 9.999999999999763e-17, 9.999999999999763e-17, 9.999999999999763e-17, 9.999999999999763e-17, 9.999999999999763e-05, 9.999999999999763e-05, 9.999999999999763e-17, 9.999999999999763e-17, 9.999999999999763e-17, 9.999999999999763e-17, 9.999999999999763e-17, 9.999999999999763e-05, 9.999999999999763e-17, 9.999999999999763e-17, 9.999999999999763e-17, 9.999999999999763e-17, 9.999999999999763e-17, 9.999999999999763e-05, 9.999999999999763e-17, 9.999999999999763e-17, 9.999999999999763e-17, 0.00019999999999999527, 0.00039999999999999053, 0.00019999999999999527, 0.00039999999999999053, 0.00039999999999999053, 0.0004999999999999882, 0.0007999999999999811, 0.0005999999999999859, 0.0005999999999999859, 0.0011999999999999717, 0.0009999999999999764, 0.0016999999999999598, 0.0018999999999999551, 0.0018999999999999551, 0.0016999999999999598, 0.0020999999999999504, 0.0027999999999999336, 0.004199999999999901, 0.003899999999999908, 0.0042999999999998985, 0.006299999999999851, 0.0063999999999998485, 0.008299999999999804, 0.0069999999999998345, 0.008599999999999797, 0.009399999999999778, 0.010399999999999755, 0.01139999999999973, 0.012899999999999695, 0.013999999999999669, 0.011599999999999725, 0.015299999999999639, 0.013299999999999685, 0.013899999999999671, 0.01729999999999959, 0.015099999999999643, 0.016299999999999613, 0.014499999999999657, 0.0169999999999996, 0.01729999999999959, 0.01739999999999959, 0.014099999999999667, 0.015199999999999641, 0.015799999999999627, 0.01309999999999969, 0.012599999999999702, 0.013699999999999676, 0.012599999999999702, 0.010099999999999762, 0.009199999999999783, 0.009899999999999767, 0.009799999999999769, 0.007499999999999823, 0.009499999999999776, 0.00589999999999986, 0.005599999999999867, 0.0045999999999998915, 0.0045999999999998915, 0.004399999999999896, 0.004399999999999896, 0.0034999999999999172, 0.003299999999999922, 0.0027999999999999336, 0.002199999999999948, 0.0012999999999999694, 0.0017999999999999575, 0.0014999999999999645, 0.0009999999999999764, 0.001099999999999974, 0.001099999999999974, 0.0006999999999999834, 0.0006999999999999834, 0.0004999999999999882, 9.999999999999763e-05, 9.999999999999763e-05, 9.999999999999763e-17, 0.0002999999999999929, 9.999999999999763e-05, 9.999999999999763e-17, 9.999999999999763e-05, 0.00019999999999999527, 9.999999999999763e-17, 9.999999999999763e-17, 9.999999999999763e-17, 9.999999999999763e-17, 9.999999999999763e-17, 9.999999999999763e-17, 9.999999999999763e-17, 9.999999999999763e-17, 9.999999999999763e-17, 9.999999999999763e-17, 9.999999999999763e-17, 9.999999999999763e-05, 9.999999999999763e-17, 9.999999999999763e-17, 9.999999999999763e-17, 9.999999999999763e-17, 9.999999999999763e-17, 9.999999999999763e-17, 9.999999999999763e-17, 9.999999999999763e-17, 9.999999999999763e-17, 9.999999999999763e-17, 9.999999999999763e-17, 