{"n_items": 200, "weights": [9.999999999999904e-17, 9.999999999999904e-17, 9.999999999999904e-17, 9.999999999999904e-17, 9.999999999999904e-17, 9.999999999999904e-17, 9.999999999999904e-17, 9.999999999999904e-17, 9.999999999999904e-17, 9.999999999999904e-17, 9.999999999999904e-17, 9.999999999999904e-17, 9.999999999999904e-17, 9.999999999999904e-17, 9.999999999999904e-17, 9.999999999999904e-17, 9.999999999999904e-17, 9.999999999999904e-17, 9.999999999999904e-17, 9.999999999999904e-17, 9.999999999999904e-17, 9.999999999999904e-17, 9.999999999999904e-17, 9.999999999999904e-17, 9.999999999999904e-17, 9.999999999999904e-17, 9.999999999999904e-17, 9.999999999999904e-17, 9.999999999999904e-05, 9.999999999999904e-05, 9.999999999999904e-17, 9.999999999999904e-17, 9.999999999999904e-17, 9.999999999999904e-17, 9.999999999999904e-17, 9.999999999999904e-05, 9.999999999999904e-05, 9.999999999999904e-17, 9.999999999999904e-05, 0.00039999999999999617, 0.00019999999999999809, 9.999999999999904e-17, 0.0002999999999999971, 0.00039999999999999617, 0.00039999999999999617, 0.00039999999999999617, 0.0004999999999999951, 0.0012999999999999874, 0.0011999999999999884, 0.0014999999999999855, 0.0018999999999999818, 0.0019999999999999805, 0.002399999999999977, 0.0031999999999999694, 0.0024999999999999758, 0.0032999999999999683, 0.0033999999999999673, 0.003599999999999965, 0.004699999999999955, 0.00729999999999993, 0.007099999999999932, 0.00729999999999993, 0.00829999999999992, 0.00839999999999992, 0.009099999999999912, 0.010599999999999898, 0.011499999999999889, 0.012999999999999875, 0.015099999999999855, 0.014299999999999861, 0.016999999999999835, 0.01659999999999984, 0.014899999999999856, 0.017299999999999833, 0.018499999999999822, 0.01649999999999984, 0.022599999999999783, 0.019599999999999812, 0.02179999999999979, 0.021599999999999793, 0.02179999999999979, 0.01879999999999982, 0.024399999999999766, 0.021999999999999787, 0.021499999999999794, 0.020999999999999797, 0.021899999999999788, 0.022599999999999783, 0.023199999999999776, 0.022899999999999778, 0.022299999999999785, 0.02179999999999979, 0.019399999999999813, 0.020899999999999797, 0.02179999999999979, 0.021599999999999793, 0.02489999999999976, 0.020299999999999804, 0.019399999999999813, 0.018199999999999824, 0.020299999999999804, 0.01679999999999984, 0.018099999999999825, 0.015299999999999852, 0.01459999999999986, 0.016299999999999842, 0.012599999999999879, 0.013199999999999873, 0.01459999999999986, 0.009999999999999903, 0.009899999999999905, 0.008799999999999916, 0.008599999999999917, 0.007999999999999922, 0.006099999999999941, 0.006599999999999937, 0.005399999999999948, 0.004699999999999955, 0.004299999999999958, 0.0037999999999999636, 0.002699999999999974, 0.0025999999999999747, 0.0014999999999999855, 0.0018999999999999818, 0.0019999999999999805, 0.0017999999999999826, 0.0011999999999999884, 0.0009999999999999903, 0.0009999999999999903, 0.0005999999999999942, 0.0004999999999999951, 0.0002999999999999971, 9.999999999999904e-17, 0.00019999999999999809, 0.0002999999999999971, 0.00039999999999999617, 9.999999999999904e-17, 9.999999999999904e-05, 0.00039999999999999617, 0.00019999999999999809, 9.999999999999904e-17, 9.999999999999904e-17, 9.999999999999904e-05, 9.999999999999904e-17, 9.999999999999904e-17, 9.999999999999904e-17, 9.999999999999904e-17, 9.999999999999904e-17, 9.999999999999904e-17, 9.999999999999904e-17, 9.999999999999904e-17, 9.999999999999904e-17, 9.999999999999904e-17, 9.999999999999904e-17, 9.999999999999904e-17, 9.999999999999904e-17, 9.999999999999904e-17, 9.999999999999904e-17, 9.999999999999904e-17, 9.999999999999904e-17, 9.999999999999904e-17, 9.999999999999904e-17, 9.999999999999904e-17, 9.999999999999904e-17, 9.999999999999904e-17, 9.999999999999904e-17, 9.999999999999904e-17, 9.999999999999904e-17, 9.999999999999904e-17, 9.999999999999904e-17, 9.999999999999904e-17, 9.999999999999904e-17, 9.999999999999904e-17, 9.999999999999904e-17, 9.999999999999904e-17, 9.999999999999904e-17, 9.999999999999904e-17, 9.999999999999904e-17, 9.999999999999904e-17, 9.999999999999904e-17, 9.999999999999904e-17, 9.999999999999904e-17, 9.999999999999904e-17, 9.999999999999904e-17, 9.999999999999904e-17, 9.999999999999904e-17, 9.999999999999904e-17, 9.999999999999904e-17, 9.999999999999904e-17, 9.999999999999904e-17, 9.999999999999904e-17, 9.999999999999904e-17, 9.999999999999904e-17, 9.999999999999904e-17, 9.999999999999904e-17, 9.999999999999904e-17, 9.999999999999904e-17, 9.999999999999904e-17, 9.999999999999904e-17, 9.999999999999904e-17], "profits": [1.0, 1.0, 1.0, 1.0, 1.0, 1.0, 1.0, 1.0, 1.0, 1.0, 1.0, 1.0, 1.0, 1.0, 1.0, 1.0, 1.0, 1.0, 1.0, 1.0, 1.0, 1.0, 1.0, 1.0, 1.0, 1.0, 1.0, 1.0, 1.0, 1.0, 1.0, 1.0, 1.0, 1.0, 1.0, 1.0, 1.0, 1.0, 1.0, 1.0, 1.0, 1.0, 1.0, 1.0, 1.0, 0.1, 1.0, 1.0, 1.0, 1.0, 1.0, 1.0, 1.0, 1.0, 1.0, 1.0, 1.0, 1.0, 1.0, 1.0, 1.0, 1.0, 1.0, 1.0, 1.0, 1.0, 1.0, 1.0, 1.0, 1.0, 0.1, 1.0, 1.0, 1.0, 1.0, 1.0, 1.0, 1.0, 1.0, 1.0, 1.0, 1.0, 1.0, 1.0, 1.0, 1.0, 1.0, 1.0, 1.0, 1.0, 1.0, 1.0, 1.0, 1.0, 1.0, 1.0, 1.0, 1.0, 1.0, 1.0, 1.0, 1.0, 1.0, 1.0, 1.0, 1.0, 1.0, 1.0, 1.0, 1.0, 1.0, 1.0, 1.0, 1.0, 1.0, 1.0, 1.0, 1.0, 1.0, 1.0, 1.0, 1.0, 1.0, 1.0, 1.0, 1.0, 1.0, 1.0, 1.0, 1.0, 1.0, 1.0, 1.0, 1.0, 1.0, 1.0, 1.0, 1.0, 1.0, 1.0, 1.0, 1.0, 1.0, 1.0, 1.0, 1.0, 1.0, 1.0, 1.0, 1.0, 1.0, 1.0, 1.0, 1.0, 1.0, 1.0, 1.0, 1.0, 1.0, 1.0, 1.0, 1.0, 1.0, 1.0, 1.0, 1.0, 1.0, 1.0, 1.0, 1.0, 1.0, 1.0, 1.0, 1.0, 1.0, 1.0, 1.0, 1.0, 1.0, 1.0, 1.0, 1.0, 1.0, 1.0, 1.0, 1.0, 1.0, 1.0, 1.0, 1.0, 1.0, 1.0, 1.0, 1.0, 1.0, 1.0, 1.0, 1.0, 1.0, 1.0], "min_weight": 0.95, "max_distance": 5}