{"n_items": 200, "weights": [0.0007999999999999907, 0.00039999999999999536, 0.0010999999999999873, 0.0009999999999999883, 0.0015999999999999814, 0.003699999999999957, 0.004599999999999946, 0.006399999999999926, 0.007399999999999914, 0.009299999999999892, 0.01129999999999987, 0.012799999999999851, 0.018799999999999782, 0.019199999999999776, 0.025299999999999705, 0.025799999999999698, 0.03139999999999964, 0.030499999999999645, 0.03109999999999964, 0.03109999999999964, 0.029799999999999653, 0.030699999999999644, 0.030199999999999647, 0.025599999999999703, 0.024699999999999712, 0.020299999999999763, 0.01639999999999981, 0.012299999999999856, 0.01029999999999988, 0.0085999999999999, 0.00429999999999995, 0.003199999999999963, 0.0033999999999999603, 0.0021999999999999745, 0.0016999999999999802, 0.0010999999999999873, 0.00039999999999999536, 0.0006999999999999919, 0.0002999999999999965, 9.999999999999884e-05, 9.999999999999884e-17, 9.999999999999884e-17, 9.999999999999884e-05, 9.999999999999884e-17, 9.999999999999884e-17, 9.999999999999884e-17, 9.999999999999884e-17, 9.999999999999884e-17, 9.999999999999884e-17, 9.999999999999884e-17, 9.999999999999884e-17, 9.999999999999884e-17, 9.999999999999884e-17, 9.999999999999884e-17, 9.999999999999884e-17, 9.999999999999884e-17, 9.999999999999884e-17, 9.999999999999884e-17, 9.999999999999884e-17, 9.999999999999884e-17, 9.999999999999884e-17, 9.999999999999884e-17, 9.999999999999884e-17, 9.999999999999884e-17, 9.999999999999884e-17, 9.999999999999884e-17, 9.999999999999884e-17, 9.999999999999884e-17, 9.999999999999884e-17, 9.999999999999884e-17, 9.999999999999884e-17, 9.999999999999884e-17, 9.999999999999884e-17, 0.00019999999999999768, 0.0004999999999999942, 0.0004999999999999942, 9.999999999999884e-05, 0.0008999999999999896, 0.0018999999999999779, 0.0025999999999999695, 0.002499999999999971, 0.004499999999999948, 0.004999999999999942, 0.008899999999999896, 0.009799999999999885, 0.011899999999999862, 0.0170999999999998, 0.015899999999999814, 0.02229999999999974, 0.026199999999999696, 0.02739999999999968, 0.02669999999999969, 0.03079999999999964, 0.033899999999999604, 0.03079999999999964, 0.028899999999999662, 0.031199999999999638, 0.02939999999999966, 0.025399999999999704, 0.021599999999999748, 0.01889999999999978, 0.015799999999999818, 0.011599999999999866, 0.008299999999999903, 0.0085999999999999, 0.0052999999999999384, 0.004799999999999944, 0.0032999999999999614, 0.0027999999999999674, 0.0008999999999999896, 0.0008999999999999896, 0.0008999999999999896, 0.0002999999999999965, 9.999999999999884e-05, 0.0002999999999999965, 9.999999999999884e-05, 0.00019999999999999768, 9.999999999999884e-17, 9.999999999999884e-17, 9.999999999999884e-17, 9.999999999999884e-17, 9.999999999999884e-17, 9.999999999999884e-17, 9.999999999999884e-17, 9.999999999999884e-17, 9.999999999999884e-17, 9.999999999999884e-17, 9.999999999999884e-17, 9.999999999999884e-17, 9.999999999999884e-17, 9.999999999999884e-17, 9.999999999999884e-17, 9.999999999999884e-17, 9.999999999999884e-17, 9.999999999999884e-17, 9.999999999999884e-17, 9.999999999999884e-17, 9.999999999999884e-17, 9.999999999999884e-17, 9.999999999999884e-17, 9.999999999999884e-17, 9.999999999999884e-17, 9.999999999999884e-17, 9.999999999999884e-17, 9.999999999999884e-17, 9.999999999999884e-17, 9.999999999999884e-17, 9.999999999999884e-17, 9.999999999999884e-17, 9.999999999999884e-17, 9.999999999999884e-17, 9.999999999999884e-17, 9.999999999999884e-17, 9.999999999999884e-17, 9.999999999999884e-17, 9.999999999999884e-17, 9.999999999999884e-17, 9.999999999999884e-17, 9.999999999999884e-17, 9.999999999999884e-17, 9.999999999999884e-17, 9.999999999999884e-17, 9.999999999999884e-17, 9.999999999999884e-17, 9.999999999999884e-17, 9.999999999999884e-17, 9.999999999999884e-17, 9.999999999999884e-17, 9.999999999999884e-17, 9.999999999999884e-17, 9.999999999999884e-17, 9.999999999999884e-17, 9.999999999999884e-17, 9.999999999999884e-17, 9.999999999999884e-17, 9.999999999999884e-17, 9.999999999999884e-17, 9.999999999999884e-17, 9.999999999999884e-17, 9.999999999999884e-17, 9.999999999999884e-17, 9.999999999999884e-17, 9.999999999999884e-17, 9.999999999999884e-17, 9.999999999999884e-17, 9.999999999999884e-17, 9.999999999999884e-17, 9.999999999999884e-17, 9.999999999999884e-17, 9.999999999999884e-17, 9.999999999999884e-17, 9.999999999999884e-17, 9.999999999999884e-17, 9.999999999999884e-17, 9.999999999999884e-17, 9.999999999999884e-17, 9.999999999999884e-17, 9.999999999999884e-17, 9.999999999999884e-17, 9.999999999999884e-17], "profits": [1.0, 1.0, 1.0, 1.0, 1.0, 1.0, 1.0, 1.0, 1.0, 1.0, 0.1, 1.0, 1.0, 1.0, 1.0, 1.0, 1.0, 1.0, 0.1, 1.0, 1.0, 1.0, 1.0, 1.0, 1.0, 1.0, 1.0, 1.0, 1.0, 1.0, 1.0, 1.0, 1.0, 1.0, 1.0, 1.0, 1.0, 1.0, 1.0, 1.0, 1.0, 1.0, 1.0, 1.0, 1.0, 1.0, 1.0, 1.0, 1.0, 1.0, 1.0, 1.0, 1.0, 1.0, 1.0, 1.0, 1.0, 1.0, 1.0, 1.0, 1.0, 1.0, 1.0, 1.0, 1.0, 1.0, 1.0, 1.0, 1.0, 1.0, 1.0, 1.0, 1.0, 1.0, 1.0, 1.0, 1.0, 1.0, 1.0, 1.0, 1.0, 1.0, 1.0, 1.0, 1.0, 1.0, 1.0, 1.0, 1.0, 1.0, 1.0, 1.0, 1.0, 1.0, 1.0, 1.0, 1.0, 1.0, 1.0, 1.0, 1.0, 1.0, 1.0, 1.0, 1.0, 1.0, 1.0, 1.0, 1.0, 1.0, 1.0, 1.0, 1.0, 1.0, 1.0, 1.0, 1.0, 1.0, 1.0, 1.0, 1.0, 1.0, 1.0, 1.0, 1.0, 1.0, 1.0, 1.0, 1.0, 1.0, 1.0, 1.0, 1.0, 1.0, 1.0, 1.0, 1.0, 1.0, 1.0, 1.0, 1.0, 1.0, 1.0, 1.0, 1.0, 1.0, 1.0, 1.0, 1.0, 1.0, 1.0, 1.0, 1.0, 1.0, 1.0, 1.0, 1.0, 1.0, 1.0, 1.0, 1.0, 1.0, 1.0, 1.0, 1.0, 1.0, 1.0, 1.0, 1.0, 1.0, 1.0, 1.0, 1.0, 1.0, 1.0, 1.0, 1.0, 1.0, 1.0, 1.0, 1.0, 1.0, 1.0, 1.0, 1.0, 1.0, 1.0, 1.0, 1.0, 1.0, 1.0, 1.0, 1.0, 1.0, 1.0, 1.0, 1.0, 1.0, 1.0, 1.0], "min_weight": 0.95, "max_distance": 2}