{"n_items": 600, "weights": [9.999999999999851e-17, 9.999999999999851e-17, 9.999999999999851e-05, 9.999999999999851e-17, 9.999999999999851e-17, 9.999999999999851e-05, 9.999999999999851e-17, 9.999999999999851e-17, 9.999999999999851e-17, 9.999999999999851e-17, 9.999999999999851e-05, 9.999999999999851e-17, 9.999999999999851e-05, 9.999999999999851e-17, 9.999999999999851e-17, 9.999999999999851e-17, 9.999999999999851e-17, 9.999999999999851e-17, 9.999999999999851e-17, 9.999999999999851e-17, 9.999999999999851e-17, 9.999999999999851e-05, 9.999999999999851e-17, 9.999999999999851e-05, 9.999999999999851e-05, 9.999999999999851e-17, 0.00019999999999999703, 9.999999999999851e-05, 9.999999999999851e-05, 9.999999999999851e-17, 9.999999999999851e-17, 9.999999999999851e-05, 9.999999999999851e-17, 9.999999999999851e-17, 9.999999999999851e-05, 9.999999999999851e-05, 9.999999999999851e-05, 0.00029999999999999553, 9.999999999999851e-05, 9.999999999999851e-05, 9.999999999999851e-05, 9.999999999999851e-17, 9.999999999999851e-05, 9.999999999999851e-05, 9.999999999999851e-05, 9.999999999999851e-05, 9.999999999999851e-17, 9.999999999999851e-05, 9.999999999999851e-17, 9.999999999999851e-05, 0.00029999999999999553, 0.00019999999999999703, 9.999999999999851e-17, 0.00019999999999999703, 9.999999999999851e-17, 0.00029999999999999553, 9.999999999999851e-05, 9.999999999999851e-05, 0.00029999999999999553, 0.00029999999999999553, 0.00019999999999999703, 9.999999999999851e-17, 9.999999999999851e-17, 9.999999999999851e-17, 9.999999999999851e-17, 9.999999999999851e-17, 0.00029999999999999553, 0.00019999999999999703, 9.999999999999851e-17, 9.999999999999851e-17, 0.00029999999999999553, 9.999999999999851e-17, 9.999999999999851e-05, 0.00029999999999999553, 9.999999999999851e-05, 9.999999999999851e-05, 0.00039999999999999406, 0.00019999999999999703, 0.00029999999999999553, 0.00039999999999999406, 0.00039999999999999406, 0.00019999999999999703, 0.00029999999999999553, 0.00029999999999999553, 0.0005999999999999911, 0.00019999999999999703, 0.00029999999999999553, 0.0005999999999999911, 0.00039999999999999406, 0.00039999999999999406, 0.00039999999999999406, 0.0004999999999999925, 0.0005999999999999911, 0.0004999999999999925, 0.0004999999999999925, 0.00039999999999999406, 0.0007999999999999881, 0.0008999999999999865, 0.0006999999999999896, 0.00039999999999999406, 0.00019999999999999703, 0.0006999999999999896, 0.0006999999999999896, 0.00039999999999999406, 0.00019999999999999703, 0.00039999999999999406, 0.0012999999999999806, 0.0004999999999999925, 0.0007999999999999881, 0.0005999999999999911, 0.0004999999999999925, 0.0007999999999999881, 0.0011999999999999821, 0.00029999999999999553, 0.0007999999999999881, 0.00029999999999999553, 0.0010999999999999836, 0.0004999999999999925, 0.0005999999999999911, 0.0007999999999999881, 0.0004999999999999925, 0.0011999999999999821, 0.0014999999999999777, 0.0004999999999999925, 0.0015999999999999762, 0.0012999999999999806, 0.0005999999999999911, 0.000999999999999985, 0.0007999999999999881, 0.0010999999999999836, 0.001799999999999973, 0.0007999999999999881, 0.0014999999999999777, 0.0013999999999999792, 0.001799999999999973, 0.0010999999999999836, 0.0018999999999999716, 0.0006999999999999896, 0.0015999999999999762, 0.0013999999999999792, 0.0013999999999999792, 0.0014999999999999777, 0.0013999999999999792, 0.0012999999999999806, 0.0016999999999999745, 0.000999999999999985, 0.001799999999999973, 0.0012999999999999806, 0.0010999999999999836, 0.0013999999999999792, 0.0016999999999999745, 0.0012999999999999806, 0.0029999999999999554, 0.0023999999999999642, 0.0020999999999999686, 0.00199999999999997, 0.00269999999999996, 0.00269999999999996, 0.0024999999999999628, 0.002199999999999967, 0.0011999999999999821, 0.0016999999999999745, 0.002899999999999957, 0.002199999999999967, 0.00269999999999996, 0.0014999999999999777, 0.0027999999999999583, 0.0016999999999999745, 0.0024999999999999628, 0.001799999999999973, 0.002199999999999967, 0.002199999999999967, 0.00269999999999996, 0.0027999999999999583, 0.0024999999999999628, 0.0027999999999999583, 0.0025999999999999613, 0.00269999999999996, 0.00269999999999996, 0.003399999999999949, 0.003299999999999951, 0.0038999999999999417, 0.003099999999999954, 0.0038999999999999417, 0.0036999999999999447, 0.003799999999999943, 0.004499999999999933, 0.0027999999999999583, 0.003799999999999943, 0.002899999999999957, 0.0036999999999999447, 0.004199999999999937, 0.003599999999999946, 0.0038999999999999417, 0.003599999999999946, 0.0034999999999999476, 0.0024999999999999628, 0.0031999999999999524, 0.00269999999999996, 0.0031999999999999524, 0.003299999999999951, 0.00399999999999994, 0.003799999999999943, 0.0029999999999999554, 0.005099999999999924, 0.003599999999999946, 0.0034999999999999476, 0.003599999999999946, 0.004599999999999931, 0.004099999999999939, 0.0036999999999999447, 0.004399999999999934, 0.0049999999999999255, 0.0051999999999999226, 0.00399999999999994, 0.006599999999999902, 0.0036999999999999447, 0.005699999999999915, 0.005099999999999924, 0.0049999999999999255, 0.005499999999999918, 0.006299999999999906, 0.004899999999999927, 0.0051999999999999226, 0.004499999999999933, 0.004399999999999934, 0.005599999999999917, 0.004199999999999937, 0.004099999999999939, 0.005899999999999912, 0.0047999999999999285, 0.003799999999999943, 0.0049999999999999255, 0.005499999999999918, 0.00469999999999993, 0.00539999999999992, 0.006299999999999906, 0.004899999999999927, 0.006099999999999909, 0.0036999999999999447, 0.0051999999999999226, 0.005099999999999924, 0.00399999999999994, 0.005599999999999917, 0.0049999999999999255, 0.005599999999999917, 0.005599999999999917, 0.006599999999999902, 0.005099999999999924, 0.004399999999999934, 0.004599999999999931, 0.004399999999999934, 0.005499999999999918, 0.005799999999999914, 0.004399999999999934, 0.004899999999999927, 0.005899999999999912, 0.005599999999999917, 0.005599999999999917, 0.005299999999999921, 0.004599999999999931, 0.004899999999999927, 0.0051999999999999226, 0.005699999999999915, 0.004199999999999937, 0.003799999999999943, 0.005299999999999921, 0.004899999999999927, 0.003799999999999943, 0.005699999999999915, 0.004299999999999936, 0.005499999999999918, 0.005999999999999911, 0.005499999999999918, 0.004299999999999936, 0.004399999999999934, 0.004399999999999934, 0.005499999999999918, 0.006099999999999909, 0.0049999999999999255, 0.005599999999999917, 0.004899999999999927, 0.005299999999999921, 0.004599999999999931, 0.003799999999999943, 0.005299999999999921, 0.005799999999999914, 0.00469999999999993, 0.00469999999999993, 0.006399999999999905, 0.00539999999999992, 0.005299999999999921, 0.00539999999999992, 0.0051999999999999226, 0.004899999999999927, 0.005999999999999911, 0.00399999999999994, 0.005799999999999914, 0.00469999999999993, 0.004199999999999937, 0.004499999999999933, 0.0038999999999999417, 0.004199999999999937, 0.003399999999999949, 0.004199999999999937, 0.004199999999999937, 0.0051999999999999226, 0.00399999999999994, 0.004199999999999937, 0.004599999999999931, 0.0047999999999999285, 0.003599999999999946, 0.003799999999999943, 0.0047999999999999285, 0.00399999999999994, 0.005599999999999917, 0.004399999999999934, 0.004199999999999937, 0.004099999999999939, 0.004399999999999934, 0.004199999999999937, 0.00399999999999994, 0.004599999999999931, 0.004199999999999937, 0.003099999999999954, 0.003599999999999946, 0.0036999999999999447, 0.0023999999999999642, 0.0024999999999999628, 0.003399999999999949, 0.0038999999999999417, 0.0018999999999999716, 0.002899999999999957, 0.0027999999999999583, 0.004299999999999936, 0.003399999999999949, 0.0029999999999999554, 0.003399999999999949, 0.0038999999999999417, 0.003099999999999954, 0.003099999999999954, 0.0036999999999999447, 0.003399999999999949, 0.003099999999999954, 0.003099999999999954, 0.0023999999999999642, 0.0018999999999999716, 0.0031999999999999524, 0.002899999999999957, 0.002899999999999957, 0.0025999999999999613, 0.002899999999999957, 