{"n_items": 200, "weights": [1.0022048506714707e-16, 1.0022048506714707e-16, 1.0022048506714707e-16, 1.0022048506714707e-16, 1.0022048506714707e-16, 1.0022048506714707e-16, 1.0022048506714707e-16, 1.0022048506714707e-16, 1.0022048506714707e-16, 1.0022048506714707e-16, 1.0022048506714707e-16, 1.0022048506714707e-16, 1.0022048506714707e-16, 1.0022048506714707e-16, 1.0022048506714707e-16, 1.0022048506714707e-16, 1.0022048506714707e-16, 1.0022048506714707e-16, 1.0022048506714707e-16, 1.0022048506714707e-16, 1.0022048506714707e-16, 1.0022048506714707e-16, 1.0022048506714707e-16, 1.0022048506714707e-16, 1.0022048506714707e-16, 1.0022048506714707e-16, 1.0022048506714707e-16, 1.0022048506714707e-16, 1.0022048506714707e-16, 1.0022048506714707e-16, 1.0022048506714707e-16, 1.0022048506714707e-16, 1.0022048506714707e-16, 1.0022048506714707e-16, 1.0022048506714707e-16, 1.0022048506714707e-16, 1.0022048506714707e-16, 1.0022048506714707e-16, 1.0022048506714707e-16, 1.0022048506714707e-16, 1.0022048506714707e-16, 1.0022048506714707e-16, 1.0022048506714707e-16, 1.0022048506714707e-16, 1.0022048506714707e-16, 1.0022048506714707e-16, 1.0022048506714707e-16, 0.00010022048506714707, 1.0022048506714707e-16, 1.0022048506714707e-16, 1.0022048506714707e-16, 1.0022048506714707e-16, 1.0022048506714707e-16, 1.0022048506714707e-16, 1.0022048506714707e-16, 1.0022048506714707e-16, 1.0022048506714707e-16, 1.0022048506714707e-16, 1.0022048506714707e-16, 1.0022048506714707e-16, 1.0022048506714707e-16, 1.0022048506714707e-16, 1.0022048506714707e-16, 1.0022048506714707e-16, 1.0022048506714707e-16, 0.00010022048506714707, 1.0022048506714707e-16, 0.00010022048506714707, 0.00010022048506714707, 0.00020044097013429413, 0.00020044097013429413, 0.00040088194026858826, 0.00020044097013429413, 0.00010022048506714707, 0.00040088194026858826, 0.00040088194026858826, 0.00010022048506714707, 0.00010022048506714707, 0.00010022048506714707, 0.00010022048506714707, 0.0006013229104028824, 0.0005011024253357353, 0.00040088194026858826, 0.0003006614552014412, 0.00020044097013429413, 0.0003006614552014412, 0.0005011024253357353, 0.0010022048506714706, 0.0008017638805371765, 0.001503307276007206, 0.001503307276007206, 0.0010022048506714706, 0.001603527761074353, 0.0009019843656043236, 0.0018039687312086472, 0.0017037482461415001, 0.0024052916416115295, 0.0011024253357386177, 0.0024052916416115295, 0.002004409701342941, 0.0026057326117458236, 0.0019041892162757943, 0.0025055121266786768, 0.002906394066947265, 0.003207055522148706, 0.0034074964922830003, 0.0034074964922830003, 0.004309480857887324, 0.004209260372820177, 0.004509921828021618, 0.004209260372820177, 0.004008819402685882, 0.005311685708558795, 0.005311685708558795, 0.00751653638003603, 0.0068149929845660005, 0.006113449589095971, 0.00751653638003603, 0.007616756865103177, 0.00922028462617753, 0.007115654439767442, 0.008117859290438912, 0.008318300260573206, 0.009621166566446118, 0.009721387051513266, 0.008017638805371765, 0.012527560633393383, 0.01092403287231903, 0.008819402685908941, 0.01062337141711759, 0.01332932451393056, 0.012427340148326237, 0.013930647424333443, 0.014531970334736325, 0.012226899178191942, 0.013028663058729118, 0.015333734215273502, 0.017037482461415003, 0.016235718580877825, 0.015534175185407796, 0.01643615955101212, 0.016135498095810677, 0.017538584886750738, 0.014531970334736325, 0.017338143916616443, 0.016135498095810677, 0.015834836640609237, 0.015433954700340648, 0.018340348767287913, 0.016235718580877825, 0.017638805371817882, 0.016335939065944972, 0.01473241130487062, 0.016837041491280708, 0.017338143916616443, 0.015333734215273502, 0.01603527761074353, 0.015534175185407796, 0.013830426939266295, 0.016536380036079264, 0.015534175185407796, 0.015433954700340648, 0.01433152936460203, 0.015133293245139207, 0.016335939065944972, 0.014231308879534884, 0.014832631789937765, 0.012126678693124796, 0.010222489476849, 0.012026458208057648, 0.011224694327520471, 0.009721387051513266, 0.010823812387251884, 0.010723591902184736, 0.009420725596311824, 0.009621166566446118, 0.008719182200841795, 0.007917418320304619, 0.008719182200841795, 0.007015433954700295, 0.007115654439767442, 0.006013229104028824, 0.006714772499498854, 0.005411906193625942, 0.00581278813389453, 0.006313890559230265, 0.004610142313088765, 0.004710362798155912, 0.0050110242533573535, 0.0035077169773501476, 0.0039085989176187354, 0.004509921828021618, 0.00410903988775303, 0.0033072760072158534, 0.002705953096812971, 0.0023050711565443826, 0.002906394066947265, 0.001503307276007206, 0.002004409701342941, 1.0022048506714707e-16], "profits": [1.0, 1.0, 1.0, 1.0, 1.0, 1.0, 1.0, 1.0, 1.0, 1.0, 1.0, 1.0, 1.0, 1.0, 1.0, 1.0, 1.0, 1.0, 1.0, 1.0, 1.0, 1.0, 1.0, 1.0, 1.0, 1.0, 1.0, 1.0, 1.0, 1.0, 1.0, 1.0, 1.0, 1.0, 1.0, 1.0, 1.0, 1.0, 1.0, 1.0, 1.0, 1.0, 1.0, 1.0, 1.0, 1.0, 1.0, 1.0, 1.0, 1.0, 1.0, 1.0, 1.0, 1.0, 1.0, 1.0, 1.0, 1.0, 1.0, 1.0, 1.0, 1.0, 1.0, 1.0, 1.0, 1.0, 1.0, 1.0, 1.0, 1.0, 1.0, 1.0, 1.0, 1.0, 1.0, 1.0, 1.0, 1.0, 1.0, 1.0, 1.0, 1.0, 1.0, 1.0, 1.0, 1.0, 1.0, 1.0, 1.0, 1.0, 1.0, 1.0, 1.0, 1.0, 1.0, 1.0, 1.0, 1.0, 1.0, 1.0, 1.0, 1.0, 1.0, 1.0, 1.0, 1.0, 1.0, 1.0, 1.0, 1.0, 1.0, 1.0, 0.1, 1.0, 1.0, 1.0, 1.0, 1.0, 1.0, 1.0, 1.0, 1.0, 1.0, 1.0, 1.0, 0.1, 1.0, 1.0, 1.0, 1.0, 1.0, 1.0, 1.0, 1.0, 1.0, 1.0, 1.0, 1.0, 1.0, 1.0, 1.0, 1.0, 1.0, 1.0, 1.0, 1.0, 1.0, 1.0, 1.0, 1.0, 1.0, 1.0, 1.0, 1.0, 1.0, 1.0, 1.0, 1.0, 1.0, 1.0, 1.0, 1.0, 1.0, 1.0, 1.0, 1.0, 1.0, 1.0, 1.0, 1.0, 1.0, 1.0, 1.0, 1.0, 1.0, 1.0, 1.0, 1.0, 1.0, 1.0, 1.0, 1.0, 1.0, 1.0, 1.0, 1.0, 1.0, 1.0, 1.0, 1.0, 1.0, 1.0, 1.0, 1.0, 1.0, 1.0, 1.0, 1.0, 1.0, 1.0], "min_weight": 0.95, "max_distance": 2}