{"n_items": 200, "weights": [9.999999999999884e-17, 9.999999999999884e-17, 9.999999999999884e-17, 9.999999999999884e-17, 9.999999999999884e-17, 0.00019999999999999768, 9.999999999999884e-05, 0.0008999999999999896, 0.00039999999999999536, 0.0013999999999999837, 0.0015999999999999814, 0.002499999999999971, 0.003699999999999957, 0.004799999999999944, 0.005499999999999936, 0.008399999999999902, 0.010399999999999878, 0.01469999999999983, 0.014399999999999833, 0.019399999999999775, 0.02249999999999974, 0.025899999999999698, 0.02939999999999966, 0.031299999999999634, 0.028699999999999667, 0.03229999999999962, 0.03289999999999962, 0.03189999999999963, 0.02749999999999968, 0.025599999999999703, 0.02489999999999971, 0.021199999999999754, 0.018399999999999785, 0.013499999999999842, 0.012099999999999859, 0.008199999999999905, 0.008099999999999906, 0.005399999999999937, 0.0037999999999999558, 0.003099999999999964, 0.0014999999999999825, 0.0009999999999999883, 0.000599999999999993, 0.0008999999999999896, 0.0002999999999999965, 0.00039999999999999536, 9.999999999999884e-05, 9.999999999999884e-17, 9.999999999999884e-17, 9.999999999999884e-05, 9.999999999999884e-17, 9.999999999999884e-17, 9.999999999999884e-17, 9.999999999999884e-17, 9.999999999999884e-17, 9.999999999999884e-17, 9.999999999999884e-17, 9.999999999999884e-17, 9.999999999999884e-17, 9.999999999999884e-17, 9.999999999999884e-17, 9.999999999999884e-17, 9.999999999999884e-17, 9.999999999999884e-17, 9.999999999999884e-17, 9.999999999999884e-17, 9.999999999999884e-17, 9.999999999999884e-17, 9.999999999999884e-17, 9.999999999999884e-17, 9.999999999999884e-17, 9.999999999999884e-17, 9.999999999999884e-17, 9.999999999999884e-17, 9.999999999999884e-17, 9.999999999999884e-17, 9.999999999999884e-17, 9.999999999999884e-17, 9.999999999999884e-17, 9.999999999999884e-17, 9.999999999999884e-17, 9.999999999999884e-17, 9.999999999999884e-17, 9.999999999999884e-17, 9.999999999999884e-17, 9.999999999999884e-17, 9.999999999999884e-17, 9.999999999999884e-17, 9.999999999999884e-17, 9.999999999999884e-17, 9.999999999999884e-17, 9.999999999999884e-17, 9.999999999999884e-17, 9.999999999999884e-17, 9.999999999999884e-17, 9.999999999999884e-17, 9.999999999999884e-17, 9.999999999999884e-17, 9.999999999999884e-17, 9.999999999999884e-17, 9.999999999999884e-17, 9.999999999999884e-17, 9.999999999999884e-17, 9.999999999999884e-17, 9.999999999999884e-17, 9.999999999999884e-17, 9.999999999999884e-05, 9.999999999999884e-17, 9.999999999999884e-17, 9.999999999999884e-17, 9.999999999999884e-17, 9.999999999999884e-17, 0.00019999999999999768, 9.999999999999884e-05, 9.999999999999884e-05, 0.00019999999999999768, 0.000599999999999993, 0.0007999999999999907, 0.0010999999999999873, 0.0014999999999999825, 0.0032999999999999614, 0.003699999999999957, 0.005699999999999933, 0.00689999999999992, 0.009799999999999885, 0.010699999999999876, 0.014399999999999833, 0.018399999999999785, 0.021399999999999753, 0.02319999999999973, 0.02399999999999972, 0.027299999999999682, 0.03099999999999964, 0.031599999999999635, 0.03179999999999963, 0.03179999999999963, 0.03279999999999962, 0.02899999999999966, 0.024499999999999716, 0.023599999999999725, 0.018699999999999783, 0.01779999999999979, 0.013599999999999841, 0.011499999999999866, 0.00769999999999991, 0.005699999999999933, 0.002999999999999965, 0.004399999999999949, 0.002299999999999973, 0.0014999999999999825, 0.0021999999999999745, 0.0010999999999999873, 0.0004999999999999942, 9.999999999999884e-17, 9.999999999999884e-17, 0.0002999999999999965, 9.999999999999884e-17, 9.999999999999884e-05, 9.999999999999884e-17, 9.999999999999884e-17, 9.999999999999884e-17, 9.999999999999884e-17, 9.999999999999884e-17, 9.999999999999884e-17, 9.999999999999884e-17, 9.999999999999884e-17, 9.999999999999884e-17, 9.999999999999884e-17, 9.999999999999884e-17, 9.999999999999884e-17, 9.999999999999884e-17, 9.999999999999884e-17, 9.999999999999884e-17, 9.999999999999884e-17, 9.999999999999884e-17, 9.999999999999884e-17, 9.999999999999884e-17, 9.999999999999884e-17, 9.999999999999884e-17, 9.999999999999884e-17, 9.999999999999884e-17, 9.999999999999884e-17, 9.999999999999884e-17, 9.999999999999884e-17, 9.999999999999884e-17, 9.999999999999884e-17, 9.999999999999884e-17, 9.999999999999884e-17, 9.999999999999884e-17, 9.999999999999884e-17, 9.999999999999884e-17, 9.999999999999884e-17, 9.999999999999884e-17, 9.999999999999884e-17, 9.999999999999884e-17, 9.999999999999884e-17, 9.999999999999884e-17, 9.999999999999884e-17, 9.999999999999884e-17, 9.999999999999884e-17], "profits": [1.0, 1.0, 1.0, 1.0, 1.0, 1.0, 1.0, 1.0, 1.0, 1.0, 1.0, 1.0, 1.0, 1.0, 1.0, 1.0, 1.0, 1.0, 1.0, 1.0, 1.0, 1.0, 1.0, 1.0, 1.0, 1.0, 1.0, 1.0, 1.0, 1.0, 1.0, 1.0, 1.0, 1.0, 1.0, 1.0, 1.0, 1.0, 1.0, 1.0, 1.0, 1.0, 1.0, 1.0, 1.0, 1.0, 1.0, 1.0, 1.0, 1.0, 1.0, 1.0, 1.0, 1.0, 1.0, 1.0, 1.0, 1.0, 1.0, 1.0, 1.0, 1.0, 1.0, 1.0, 1.0, 1.0, 1.0, 1.0, 1.0, 1.0, 1.0, 1.0, 1.0, 1.0, 1.0, 1.0, 1.0, 1.0, 1.0, 1.0, 1.0, 1.0, 1.0, 1.0, 1.0, 1.0, 1.0, 1.0, 1.0, 1.0, 1.0, 1.0, 1.0, 1.0, 1.0, 1.0, 1.0, 1.0, 1.0, 1.0, 1.0, 1.0, 1.0, 1.0, 1.0, 1.0, 1.0, 1.0, 1.0, 1.0, 1.0, 1.0, 1.0, 1.0, 1.0, 1.0, 1.0, 1.0, 1.0, 1.0, 1.0, 1.0, 1.0, 1.0, 1.0, 1.0, 1.0, 1.0, 1.0, 1.0, 1.0, 1.0, 1.0, 1.0, 1.0, 1.0, 1.0, 1.0, 1.0, 1.0, 1.0, 1.0, 1.0, 1.0, 1.0, 1.0, 1.0, 1.0, 1.0, 1.0, 1.0, 1.0, 1.0, 1.0, 1.0, 1.0, 1.0, 1.0, 1.0, 1.0, 1.0, 1.0, 1.0, 1.0, 1.0, 1.0, 1.0, 1.0, 1.0, 1.0, 1.0, 1.0, 1.0, 1.0, 1.0, 1.0, 1.0, 1.0, 1.0, 1.0, 1.0, 1.0, 1.0, 1.0, 1.0, 1.0, 1.0, 1.0, 1.0, 1.0, 1.0, 1.0, 1.0, 1.0, 1.0, 1.0, 1.0, 1.0, 1.0, 1.0], "min_weight": 0.95, "max_distance": 2}