{"n_items": 400, "weights": [9.999999999999808e-17, 9.999999999999808e-17, 9.999999999999808e-17, 9.999999999999808e-17, 9.999999999999808e-17, 9.999999999999808e-17, 9.999999999999808e-17, 9.999999999999808e-17, 9.999999999999808e-17, 9.999999999999808e-17, 9.999999999999808e-17, 9.999999999999808e-17, 9.999999999999808e-17, 9.999999999999808e-17, 9.999999999999808e-17, 9.999999999999808e-17, 9.999999999999808e-17, 9.999999999999808e-17, 9.999999999999808e-17, 9.999999999999808e-17, 9.999999999999808e-17, 9.999999999999808e-17, 9.999999999999808e-17, 9.999999999999808e-17, 9.999999999999808e-17, 9.999999999999808e-17, 9.999999999999808e-17, 9.999999999999808e-17, 9.999999999999808e-17, 9.999999999999808e-17, 9.999999999999808e-17, 9.999999999999808e-17, 9.999999999999808e-17, 9.999999999999808e-17, 9.999999999999808e-17, 9.999999999999808e-17, 9.999999999999808e-17, 9.999999999999808e-17, 9.999999999999808e-17, 9.999999999999808e-17, 9.999999999999808e-17, 9.999999999999808e-17, 9.999999999999808e-17, 9.999999999999808e-17, 9.999999999999808e-17, 9.999999999999808e-17, 9.999999999999808e-17, 9.999999999999808e-17, 9.999999999999808e-17, 9.999999999999808e-17, 9.999999999999808e-17, 9.999999999999808e-17, 9.999999999999808e-17, 9.999999999999808e-17, 9.999999999999808e-17, 9.999999999999808e-17, 9.999999999999808e-17, 9.999999999999808e-17, 9.999999999999808e-17, 9.999999999999808e-17, 9.999999999999808e-17, 9.999999999999808e-17, 9.999999999999808e-17, 9.999999999999808e-17, 9.999999999999808e-17, 9.999999999999808e-17, 9.999999999999808e-17, 9.999999999999808e-17, 9.999999999999808e-17, 9.999999999999808e-17, 9.999999999999808e-17, 9.999999999999808e-17, 9.999999999999808e-17, 9.999999999999808e-17, 9.999999999999808e-17, 9.999999999999808e-17, 9.999999999999808e-17, 9.999999999999808e-17, 9.999999999999808e-17, 9.999999999999808e-17, 9.999999999999808e-17, 9.999999999999808e-17, 9.999999999999808e-17, 9.999999999999808e-17, 9.999999999999808e-17, 9.999999999999808e-17, 9.999999999999808e-17, 9.999999999999808e-17, 9.999999999999808e-17, 9.999999999999808e-17, 9.999999999999808e-17, 9.999999999999808e-17, 9.999999999999808e-17, 9.999999999999808e-17, 9.999999999999808e-17, 9.999999999999808e-17, 9.999999999999808e-17, 9.999999999999808e-17, 9.999999999999808e-17, 9.999999999999808e-17, 9.999999999999808e-17, 9.999999999999808e-17, 9.999999999999808e-17, 9.999999999999808e-17, 9.999999999999808e-17, 9.999999999999808e-17, 9.999999999999808e-17, 9.999999999999808e-17, 9.999999999999808e-17, 9.999999999999808e-17, 9.999999999999808e-17, 9.999999999999808e-17, 9.999999999999808e-17, 9.999999999999808e-17, 9.999999999999808e-17, 9.999999999999808e-17, 9.999999999999808e-17, 9.999999999999808e-17, 9.999999999999808e-17, 9.999999999999808e-17, 9.999999999999808e-17, 9.999999999999808e-17, 9.999999999999808e-17, 9.999999999999808e-17, 9.999999999999808e-17, 9.999999999999808e-17, 9.999999999999808e-17, 9.999999999999808e-17, 9.999999999999808e-17, 9.999999999999808e-17, 9.999999999999808e-17, 9.999999999999808e-17, 9.999999999999808e-17, 9.999999999999808e-17, 9.999999999999808e-17, 9.999999999999808e-17, 9.999999999999808e-17, 9.999999999999807e-05, 9.999999999999808e-17, 9.999999999999808e-17, 9.999999999999808e-17, 0.00019999999999999613, 9.999999999999808e-17, 9.999999999999808e-17, 9.999999999999807e-05, 9.999999999999807e-05, 9.999999999999807e-05, 9.999999999999808e-17, 9.999999999999807e-05, 0.00019999999999999613, 0.00039999999999999227, 0.00019999999999999613, 9.999999999999807e-05, 0.00039999999999999227, 0.00029999999999999423, 0.0004999999999999904, 0.00019999999999999613, 0.00019999999999999613, 0.0005999999999999885, 0.00039999999999999227, 0.00039999999999999227, 0.0008999999999999826, 9.999999999999807e-05, 0.0004999999999999904, 0.00019999999999999613, 0.0004999999999999904, 0.00019999999999999613, 0.0005999999999999885, 0.0004999999999999904, 0.0017999999999999653, 0.001599999999999969, 0.0008999999999999826, 0.001199999999999977, 0.0005999999999999885, 0.001199999999999977, 0.001399999999999973, 0.0016999999999999672, 0.001199999999999977, 0.002399999999999954, 0.001599999999999969, 0.00309999999999994, 0.0018999999999999634, 0.0018999999999999634, 0.002399999999999954, 0.0032999999999999362, 0.0035999999999999305, 0.0036999999999999286, 0.003899999999999925, 0.00309999999999994, 0.0032999999999999362, 0.004299999999999917, 0.004399999999999915, 0.003999999999999923, 0.004899999999999905, 0.004299999999999917, 0.0050999999999999015, 0.0040999999999999205, 0.004699999999999909, 0.004699999999999909, 0.005399999999999896, 0.00779999999999985, 0.006399999999999876, 0.007499999999999856, 0.0045999999999999115, 0.006299999999999879, 0.0072999999999998596, 0.007499999999999856, 0.007999999999999846, 0.006499999999999875, 0.007099999999999863, 0.008699999999999833, 0.008499999999999836, 0.008399999999999838, 0.008399999999999838, 0.006699999999999871, 0.00779999999999985, 0.006899999999999867, 0.009099999999999825, 0.008199999999999841, 0.008399999999999838, 0.0065999999999998725, 0.008399999999999838, 0.009699999999999813, 0.010599999999999795, 0.007899999999999848, 0.009099999999999825, 0.010499999999999798, 0.010799999999999792, 0.011199999999999785, 0.008199999999999841, 0.009699999999999813, 0.008599999999999833, 0.008399999999999838, 0.010199999999999803, 0.009699999999999813, 0.00779999999999985, 0.00929999999999982, 0.007899999999999848, 0.00929999999999982, 0.00879999999999983, 0.008499999999999836, 0.00879999999999983, 0.008199999999999841, 0.009499999999999818, 0.00929999999999982, 0.010199999999999803, 0.00929999999999982, 0.008399999999999838, 0.010099999999999805, 0.008599999999999833, 0.008599999999999833, 0.009399999999999818, 0.007399999999999857, 0.00779999999999985, 0.0072999999999998596, 0.009599999999999815, 0.010999999999999788, 0.008199999999999841, 0.00829999999999984, 0.009699999999999813, 0.008499999999999836, 0.008899999999999828, 0.007899999999999848, 0.008999999999999826, 0.008999999999999826, 0.009999999999999808, 0.006899999999999867, 0.006799999999999869, 0.00779999999999985, 0.008099999999999843, 0.009099999999999825, 0.011199999999999785, 0.009899999999999808, 0.006799999999999869, 0.00879999999999983, 0.009399999999999818, 0.007999999999999846, 0.009199999999999823, 0.008399999999999838, 0.009099999999999825, 0.008099999999999843, 0.008899999999999828, 0.00879999999999983, 0.00879999999999983, 0.00829999999999984, 0.007199999999999861, 0.006299999999999879, 0.006999999999999865, 0.006499999999999875, 0.006399999999999876, 0.0072999999999998596, 0.007199999999999861, 0.006699999999999871, 0.00569999999999989, 0.006999999999999865, 0.005499999999999894, 0.005799999999999889, 0.006499999999999875, 0.003899999999999925, 0.005299999999999898, 0.00569999999999989, 0.0037999999999999267, 0.004399999999999915, 0.0034999999999999324, 0.0040999999999999205, 0.0045999999999999115, 0.002499999999999952, 0.0037999999999999267, 0.0035999999999999305, 0.002499999999999952, 0.003199999999999938, 0.0028999999999999443, 0.00259999999999995, 0.00259999999999995, 0.00259999999999995, 0.0016999999999999672, 0.0019999999999999614, 0.0016999999999999672, 0.002399999999999954, 0.001599999999999969, 0.0009999999999999807, 0.001199999999999977, 0.0017999999999999653, 0.001599999999999969, 0.0008999999999999826, 0.0007999999999999845, 0.0010999999999999788, 0.0006999999999999865, 0.0004999999999999904, 0.0006999999999999865, 0.00039999999999999227, 0.0007999999999999845, 0.0004999999999999904, 0.0004999999999999904, 0.0010999999999999788, 0.0008999999999999826, 0.00029999999999999423, 0.00019999999999999613, 0.00029999999999999423, 0.00019999999999999613, 0.00019999999999999613, 9.999999999999807e-05, 9.999999999999808e-17, 9.999999999999807e-05, 0.00029999999999999423, 0.00019999999999999613, 9.999999999999808e-17, 0.00029999999999999423, 9.999999999999808e-17, 0.00029999999999999423, 9.999999999999807e-05, 9.999999999999808e-17, 