{"n_items": 200, "weights": [0.005024104265940435, 0.005356647249905197, 0.006411708042270961, 0.005883582015246404, 0.005529253695714092, 0.004898396879628706, 0.005223167949672425, 0.006129425220820632, 0.007492518072875222, 0.004412262970757043, 0.00633215619572088, 0.003738926897488601, 0.0017623165286670224, 0.00513594419021697, 0.005109084460044341, 0.003586792482765065, 0.004898559051909729, 0.004534182842464319, 0.006679729974681534, 0.004909930727188706, 0.006676308472570238, 0.006975006701803533, 0.004462825269577664, 0.004622998730686972, 0.004585085184107966, 0.002538849065876744, 0.005280921578677226, 0.004120522122344213, 0.0065241622700090715, 0.004550104587236132, 0.007118485619661069, 0.005899029704533067, 0.006417020107242682, 0.0038884581235536226, 0.0051502446850756126, 0.004281646859834635, 0.005325704971632664, 0.004228225291164159, 0.0045833309097283005, 0.005808681971778166, 0.0033658399656646266, 0.005664941741125472, 0.0056499488877220245, 0.006113261677008269, 0.005574309960246124, 0.006253124837006947, 0.004657728971625352, 0.0020671075656352625, 0.004559569117230683, 0.005579106354825792, 0.004422610414057136, 0.00438266657155745, 0.004549000623575321, 0.005394149282743334, 0.0057758145151936184, 0.0042369285605450115, 0.006350497660015874, 0.006053627999880659, 0.0058438628030017346, 0.006795875900088431, 0.004944613791046043, 0.00604958964211385, 0.00370726643419122, 0.0059470270802728115, 0.005390686117216457, 0.0049591369932891665, 0.005505485323897765, 0.004099476387118767, 0.0037146784974306612, 0.003283327789031586, 0.0050256290776983835, 0.005159890520375648, 0.006171832258545976, 0.004923339935659836, 0.005117734281509344, 0.0037441610062583183, 0.00451003752009817, 0.005708192216419082, 0.004723536521280391, 0.005930140110337151, 0.003680071180117815, 0.004896313522256635, 0.004514625254416026, 0.0029718519765086185, 0.006406570316492821, 0.004835297396449886, 0.007544273421823621, 0.005501326890620124, 0.007589455858179465, 0.005168265019474947, 0.003350459677697265, 0.005681536882486619, 0.006076150057424808, 0.006270424289194328, 0.002444083173934665, 0.00622914819147285, 0.0031880425187682587, 0.003034078163260514, 0.0025235896083501764, 0.0066894186641420685, 0.005706514620005091, 0.004986099979830267, 0.005903236061967397, 0.003741290448682293, 0.00346607926636736, 0.005841262640722336, 0.006468794288336492, 0.004915707215434252, 0.004081472563496551, 0.003956288240946626, 0.002521848004044302, 0.00635353541365262, 0.005417092632831629, 0.004875768143072089, 0.005287687305098779, 0.0033650333813836425, 0.005649999934361013, 0.006510598853400389, 0.003772464966105225, 0.0036604068719874815, 0.004615786111560769, 0.0030291599284781854, 0.005293972738916121, 0.006515426392516872, 0.005411342827867392, 0.004157174697897122, 0.00439425415257949, 0.0054958614679200095, 0.002635031762078248, 0.005203087514492755, 0.005542975019595428, 0.0062009460861524104, 0.0067315322467652325, 0.005306255855030342, 0.007468054774563149, 0.0030461411204897875, 0.0032896631843471395, 0.004394310996057979, 0.007481531350832731, 0.005583277635124313, 0.0033744454973962633, 0.007168439613351934, 0.0030254349567849356, 0.004658030759960597, 0.007708039662225994, 0.004892542565952759, 0.00344661351259382, 0.0057026668456019135, 0.004074372404326784, 0.004357002236835007, 0.006001265494688887, 0.005542897243686803, 0.006560900108743557, 0.0066972099864900225, 0.0051263392360659755, 0.005276011983932032, 0.0053277021813767115, 0.003550356943158931, 0.0033966464638957566, 0.0060762710137812325, 0.007014447204938154, 0.004304891057481768, 0.004407073020856598, 0.0035873775365189054, 0.004760716964063755, 0.0025919577345508552, 0.0063682148098408425, 0.004651645495844185, 0.005720030223166554, 0.006199720479816764, 0.005176375399590469, 0.004451008837656943, 0.004975122660672356, 0.004389259197244321, 0.005494318831451881, 0.0044240684255795115, 0.005478540275143546, 0.002936471147049315, 0.005418313174652927, 0.005926466443721991, 0.0029086055444779123, 0.0025275223581500156, 0.0045915191162655905, 0.003486567311719812, 0.004625254701078829, 0.005309073938558874, 0.006979791516938344, 0.004334420141765198, 0.004714708182584102, 0.0046101560811951355, 0.004936788510792113, 0.006011447528976925, 0.0059420144932475745, 0.004799169698292265, 0.0061889814334153475, 0.004455142893336556, 0.004409262070746487, 0.003174139301647684, 0.004735684990385337, 0.0061565369440597885], "profits": [1.0, 1.0, 1.0, 1.0, 1.0, 1.0, 1.0, 0.1, 1.0, 1.0, 1.0, 1.0, 1.0, 1.0, 1.0, 1.0, 1.0, 1.0, 1.0, 1.0, 1.0, 1.0, 0.1, 1.0, 1.0, 1.0, 1.0, 1.0, 1.0, 1.0, 1.0, 1.0, 1.0, 1.0, 1.0, 1.0, 1.0, 1.0, 1.0, 1.0, 1.0, 1.0, 1.0, 1.0, 1.0, 1.0, 1.0, 1.0, 1.0, 1.0, 1.0, 1.0, 1.0, 1.0, 1.0, 1.0, 1.0, 1.0, 1.0, 1.0, 1.0, 1.0, 1.0, 1.0, 1.0, 1.0, 1.0, 1.0, 1.0, 1.0, 1.0, 1.0, 1.0, 1.0, 1.0, 1.0, 1.0, 1.0, 1.0, 1.0, 1.0, 1.0, 1.0, 1.0, 1.0, 1.0, 1.0, 1.0, 1.0, 1.0, 1.0, 1.0, 1.0, 1.0, 1.0, 1.0, 1.0, 1.0, 1.0, 1.0, 1.0, 1.0, 1.0, 1.0, 1.0, 1.0, 1.0, 1.0, 1.0, 1.0, 1.0, 1.0, 1.0, 1.0, 1.0, 1.0, 1.0, 1.0, 1.0, 1.0, 1.0, 1.0, 1.0, 1.0, 1.0, 1.0, 1.0, 1.0, 1.0, 1.0, 1.0, 1.0, 1.0, 1.0, 1.0, 1.0, 1.0, 1.0, 1.0, 1.0, 1.0, 1.0, 1.0, 1.0, 1.0, 1.0, 1.0, 1.0, 1.0, 1.0, 1.0, 1.0, 1.0, 1.0, 1.0, 1.0, 1.0, 1.0, 1.0, 1.0, 1.0, 1.0, 1.0, 1.0, 1.0, 1.0, 1.0, 1.0, 1.0, 1.0, 1.0, 1.0, 1.0, 1.0, 1.0, 1.0, 1.0, 1.0, 1.0, 1.0, 1.0, 1.0, 1.0, 1.0, 1.0, 1.0, 1.0, 1.0, 1.0, 1.0, 1.0, 1.0, 1.0, 1.0, 1.0, 1.0, 1.0, 1.0, 1.0, 1.0], "min_weight": 0.95, "max_distance": 2}