{"n_items": 400, "weights": [9.99999999999976e-17, 9.99999999999976e-17, 9.99999999999976e-17, 9.99999999999976e-17, 9.99999999999976e-17, 9.99999999999976e-17, 9.99999999999976e-17, 9.99999999999976e-17, 9.99999999999976e-17, 9.99999999999976e-17, 9.99999999999976e-17, 9.99999999999976e-17, 9.99999999999976e-17, 9.99999999999976e-17, 9.99999999999976e-17, 9.99999999999976e-17, 9.99999999999976e-17, 9.99999999999976e-17, 9.99999999999976e-17, 9.99999999999976e-17, 9.99999999999976e-17, 9.99999999999976e-17, 9.99999999999976e-17, 9.99999999999976e-17, 9.99999999999976e-17, 9.99999999999976e-17, 9.99999999999976e-17, 9.99999999999976e-17, 9.99999999999976e-17, 9.99999999999976e-17, 9.99999999999976e-17, 9.99999999999976e-17, 9.99999999999976e-17, 9.99999999999976e-17, 9.99999999999976e-17, 9.99999999999976e-17, 9.99999999999976e-17, 9.99999999999976e-17, 9.99999999999976e-17, 9.99999999999976e-17, 9.99999999999976e-17, 9.99999999999976e-17, 9.99999999999976e-17, 9.99999999999976e-17, 9.99999999999976e-17, 9.99999999999976e-17, 9.99999999999976e-17, 9.99999999999976e-17, 9.99999999999976e-17, 9.99999999999976e-17, 9.99999999999976e-17, 9.99999999999976e-17, 9.99999999999976e-17, 9.99999999999976e-17, 9.99999999999976e-17, 9.99999999999976e-17, 9.99999999999976e-17, 9.99999999999976e-17, 9.99999999999976e-17, 9.99999999999976e-17, 9.99999999999976e-17, 9.99999999999976e-17, 9.99999999999976e-17, 9.99999999999976e-17, 9.99999999999976e-17, 9.99999999999976e-17, 9.99999999999976e-17, 9.99999999999976e-17, 9.99999999999976e-17, 9.99999999999976e-17, 9.99999999999976e-17, 9.99999999999976e-17, 9.99999999999976e-17, 9.99999999999976e-17, 9.99999999999976e-17, 9.99999999999976e-17, 9.99999999999976e-17, 9.99999999999976e-17, 9.99999999999976e-17, 9.99999999999976e-17, 9.99999999999976e-17, 9.99999999999976e-17, 9.99999999999976e-17, 9.99999999999976e-17, 9.99999999999976e-17, 9.99999999999976e-17, 9.99999999999976e-17, 9.99999999999976e-17, 9.99999999999976e-17, 9.99999999999976e-17, 9.99999999999976e-17, 9.99999999999976e-17, 9.99999999999976e-17, 9.99999999999976e-17, 9.99999999999976e-17, 9.99999999999976e-17, 9.99999999999976e-17, 9.99999999999976e-17, 9.99999999999976e-17, 9.99999999999976e-17, 9.99999999999976e-17, 9.99999999999976e-17, 9.99999999999976e-17, 9.99999999999976e-17, 9.99999999999976e-17, 9.99999999999976e-17, 9.99999999999976e-17, 9.99999999999976e-17, 9.99999999999976e-17, 9.99999999999976e-17, 9.99999999999976e-17, 9.99999999999976e-17, 9.99999999999976e-17, 9.99999999999976e-17, 9.99999999999976e-17, 9.99999999999976e-17, 9.99999999999976e-17, 9.99999999999976e-17, 9.99999999999976e-17, 9.99999999999976e-17, 9.99999999999976e-17, 9.99999999999976e-17, 9.99999999999976e-17, 9.999999999999759e-05, 9.99999999999976e-17, 9.99999999999976e-17, 9.99999999999976e-17, 9.99999999999976e-17, 9.99999999999976e-17, 9.99999999999976e-17, 9.99999999999976e-17, 9.99999999999976e-17, 9.99999999999976e-17, 9.999999999999759e-05, 9.99999999999976e-17, 0.00019999999999999518, 9.99999999999976e-17, 0.00019999999999999518, 9.99999999999976e-17, 9.99999999999976e-17, 9.99999999999976e-17, 9.99999999999976e-17, 9.99999999999976e-17, 9.99999999999976e-17, 0.00019999999999999518, 9.99999999999976e-17, 0.0002999999999999928, 0.00039999999999999037, 0.0002999999999999928, 0.00039999999999999037, 0.0005999999999999856, 0.000499999999999988, 0.00039999999999999037, 0.0008999999999999784, 0.0007999999999999807, 0.0013999999999999664, 0.000999999999999976, 0.0006999999999999832, 0.000999999999999976, 0.0012999999999999687, 0.0007999999999999807, 0.001499999999999964, 0.001499999999999964, 0.0016999999999999591, 0.0015999999999999615, 0.0012999999999999687, 0.001499999999999964, 0.001999999999999952, 0.0024999999999999398, 0.0023999999999999425, 0.0032999999999999206, 0.002999999999999928, 0.0028999999999999304, 0.0032999999999999206, 0.0028999999999999304, 0.004499999999999892, 0.0040999999999999015, 0.004499999999999892, 0.0030999999999999257, 0.00539999999999987, 0.0052999999999998725, 0.005999999999999856, 0.006299999999999849, 0.006499999999999844, 0.005699999999999863, 0.006299999999999849, 0.006899999999999834, 0.007299999999999825, 0.0073999999999998225, 0.00959999999999977, 0.01039999999999975, 0.0070999999999998295, 0.008999999999999784, 0.008899999999999787, 0.010599999999999745, 0.011999999999999712, 0.010599999999999745, 0.012399999999999703, 0.012699999999999696, 0.01209999999999971, 0.014099999999999661, 0.012399999999999703, 0.014199999999999659, 0.013499999999999675, 0.0124999999999997, 0.013499999999999675, 0.014799999999999645, 0.01499999999999964, 0.014499999999999652, 0.014799999999999645, 0.016899999999999596, 0.015199999999999636, 0.0165999999999996, 0.014699999999999647, 0.016499999999999605, 0.015499999999999629, 0.01579999999999962, 0.01499999999999964, 0.014899999999999643, 0.017599999999999578, 0.016399999999999606, 0.015499999999999629, 0.01579999999999962, 0.014899999999999643, 0.014499999999999652, 0.015999999999999615, 0.016099999999999615, 0.014199999999999659, 0.013199999999999682, 0.013599999999999673, 0.013599999999999673, 0.014399999999999654, 0.012999999999999687, 0.014099999999999661, 0.011999999999999712, 0.012799999999999692, 0.013599999999999673, 0.011799999999999717, 0.009999999999999759, 0.011299999999999729, 0.008599999999999794, 0.011899999999999715, 0.009899999999999763, 0.009499999999999773, 0.008499999999999796, 0.008199999999999803, 0.008999999999999784, 0.009099999999999782, 0.00749999999999982, 0.007199999999999827, 0.0082999999999998, 0.006599999999999841, 0.005799999999999861, 0.005999999999999856, 0.004699999999999887, 0.006099999999999854, 0.003899999999999906, 0.005499999999999868, 0.003499999999999916, 0.0043999999999998944, 0.0033999999999999183, 0.0033999999999999183, 0.0028999999999999304, 0.0032999999999999206, 0.0032999999999999206, 0.0024999999999999398, 0.0021999999999999472, 0.0018999999999999545, 0.0015999999999999615, 0.000999999999999976, 0.0015999999999999615, 0.0016999999999999591, 0.001999999999999952, 0.0010999999999999736, 0.0008999999999999784, 0.000999999999999976, 0.000999999999999976, 0.0006999999999999832, 0.0010999999999999736, 0.0007999999999999807, 0.000499999999999988, 0.0006999999999999832, 0.000499999999999988, 0.0002999999999999928, 0.0005999999999999856, 0.00019999999999999518, 0.00019999999999999518, 0.00019999999999999518, 0.0002999999999999928, 0.00019999999999999518, 9.999999999999759e-05, 0.00019999999999999518, 0.0002999999999999928, 0.00019999999999999518, 0.00019999999999999518, 0.00019999999999999518, 0.00039999999999999037, 9.999999999999759e-05, 9.99999999999976e-17, 0.00019999999999999518, 9.99999999999976e-17, 9.99999999999976e-17, 9.99999999999976e-17, 9.99999999999976e-17, 9.99999999999976e-17, 9.99999999999976e-17, 9.999999999999759e-05, 9.999999999999759e-05, 9.99999999999976e-17, 9.99999999999976e-17, 9.99999999999976e-17, 9.99999999999976e-17, 9.99999999999976e-17, 9.99999999999976e-17, 9.99999999999976e-17, 9.99999999999976e-17, 9.99999999999976e-17, 9.99999999999976e-17, 9.999999999999759e-05, 9.99999999999976e-17, 9.99999999999976e-17, 9.99999999999976e-17, 9.99999999999976e-17, 9.99999999999976e-17, 9.99999999999976e-17, 9.99999999999976e-17, 9.99999999999976e-17, 9.99999999999976e-17, 9.99999999999976e-17, 9.99999999999976e-17, 9.99999999999976e-17, 9.99999999999976e-17, 9.99999999999976e-17, 9.99999999999976e-17, 9.99999999999976e-17, 9.99999999999976e-17, 9.99999999999976e-17, 9.99999999999976e-17, 9.99999999999976e-17, 9.99999999999976e-17, 9.99999999999976e-17, 9.99999999999976e-17, 9.99999999999976e-17, 9.99999999999976e-17, 9.99999999999976e-17, 9.99999999999976e-17, 9.99999999999976e-17, 9.99999999999976e-17, 9.99999999999976e-17, 9.99999999999976e-17, 9.99999999999976e-17, 9.99999999999976e-17, 9.99999999999976e-17, 9.99999999999976e-17, 9.99999999999976e-17, 9.99999999999976e-17, 9.99999999999976e-17, 9.99999999999976e-17, 9.99999999999976e-17, 