{"n_items": 600, "weights": [9.999999999999679e-17, 9.999999999999679e-17, 9.999999999999679e-17, 9.999999999999679e-17, 9.999999999999679e-17, 9.999999999999679e-17, 9.999999999999679e-17, 9.999999999999679e-17, 9.999999999999679e-17, 9.999999999999679e-17, 9.999999999999679e-17, 9.999999999999679e-17, 9.999999999999679e-17, 9.999999999999679e-17, 9.999999999999679e-17, 9.999999999999679e-17, 9.999999999999679e-17, 9.999999999999679e-17, 9.999999999999679e-17, 9.999999999999679e-17, 9.999999999999679e-17, 9.999999999999679e-17, 9.999999999999679e-17, 9.999999999999679e-17, 9.999999999999679e-17, 9.999999999999679e-17, 9.999999999999679e-17, 9.999999999999679e-17, 9.999999999999679e-17, 9.999999999999679e-17, 9.999999999999679e-17, 9.999999999999679e-17, 9.999999999999679e-17, 9.999999999999679e-17, 9.999999999999679e-17, 9.999999999999679e-17, 9.999999999999679e-17, 9.999999999999679e-17, 9.999999999999679e-17, 9.999999999999679e-17, 9.999999999999679e-17, 9.999999999999679e-17, 9.999999999999679e-17, 9.999999999999679e-17, 9.999999999999679e-17, 9.999999999999679e-17, 9.999999999999679e-17, 9.999999999999679e-17, 9.999999999999679e-17, 9.999999999999679e-17, 9.999999999999679e-17, 9.999999999999679e-17, 9.999999999999679e-17, 9.999999999999679e-17, 9.999999999999679e-17, 9.999999999999679e-17, 9.999999999999679e-17, 9.999999999999679e-17, 9.999999999999679e-17, 9.999999999999679e-17, 9.999999999999679e-17, 9.999999999999679e-17, 9.999999999999679e-17, 9.999999999999679e-17, 9.999999999999679e-17, 9.999999999999679e-17, 9.999999999999679e-17, 9.999999999999679e-17, 9.999999999999679e-17, 9.999999999999679e-17, 9.999999999999679e-17, 9.999999999999679e-17, 9.999999999999679e-17, 9.999999999999679e-17, 9.999999999999679e-17, 9.999999999999679e-17, 9.999999999999679e-17, 9.999999999999679e-17, 9.999999999999679e-17, 9.999999999999679e-17, 9.999999999999679e-17, 9.999999999999679e-17, 9.999999999999679e-17, 9.999999999999679e-17, 9.999999999999679e-17, 9.999999999999679e-17, 9.999999999999679e-17, 9.999999999999679e-17, 9.999999999999679e-17, 9.999999999999679e-17, 9.999999999999679e-17, 9.999999999999679e-17, 9.999999999999679e-17, 9.999999999999679e-17, 9.999999999999679e-17, 9.999999999999679e-17, 9.999999999999679e-17, 9.999999999999679e-17, 9.999999999999679e-17, 9.999999999999679e-17, 9.999999999999679e-17, 9.999999999999679e-17, 9.999999999999679e-17, 9.999999999999679e-17, 9.999999999999679e-17, 9.999999999999679e-17, 9.999999999999679e-17, 9.999999999999679e-17, 9.999999999999679e-17, 9.999999999999679e-17, 9.999999999999679e-17, 9.999999999999679e-17, 9.999999999999679e-17, 9.999999999999679e-17, 9.999999999999679e-17, 9.999999999999679e-17, 9.999999999999679e-17, 9.999999999999679e-17, 9.999999999999679e-17, 9.999999999999679e-17, 9.999999999999679e-17, 9.999999999999679e-17, 9.999999999999679e-17, 9.999999999999679e-17, 9.999999999999679e-17, 9.999999999999679e-17, 9.999999999999679e-17, 9.999999999999679e-17, 9.999999999999679e-17, 9.999999999999679e-17, 9.999999999999679e-17, 9.999999999999679e-17, 9.999999999999679e-17, 9.999999999999679e-17, 9.999999999999679e-17, 9.999999999999679e-17, 9.999999999999679e-17, 9.999999999999679e-17, 9.999999999999679e-17, 9.999999999999679e-17, 9.999999999999679e-17, 9.999999999999679e-17, 9.999999999999679e-17, 9.999999999999679e-17, 9.999999999999679e-17, 9.999999999999679e-17, 9.999999999999679e-17, 9.999999999999679e-17, 9.999999999999679e-17, 9.999999999999679e-17, 9.999999999999679e-17, 9.999999999999679e-17, 9.999999999999679e-17, 9.999999999999679e-17, 9.999999999999679e-17, 9.999999999999679e-17, 9.999999999999679e-17, 9.999999999999679e-17, 9.999999999999679e-17, 9.999999999999679e-17, 9.999999999999679e-17, 9.999999999999679e-17, 9.999999999999679e-17, 9.999999999999679e-17, 9.999999999999679e-17, 9.999999999999679e-17, 9.999999999999679e-17, 9.999999999999679e-17, 9.999999999999679e-17, 9.999999999999679e-17, 9.999999999999679e-17, 9.999999999999679e-17, 9.999999999999679e-17, 9.999999999999679e-17, 9.999999999999679e-17, 9.999999999999679e-17, 9.999999999999679e-17, 9.999999999999679e-17, 9.999999999999679e-17, 9.999999999999679e-17, 9.999999999999679e-17, 9.999999999999679e-17, 9.999999999999679e-17, 9.999999999999679e-17, 9.999999999999679e-17, 9.999999999999679e-17, 9.999999999999679e-17, 9.999999999999679e-17, 9.999999999999679e-17, 9.999999999999679e-17, 9.999999999999679e-17, 9.999999999999679e-17, 9.999999999999679e-17, 9.999999999999679e-17, 9.999999999999679e-17, 9.999999999999679e-17, 9.999999999999679e-17, 9.999999999999679e-17, 9.999999999999679e-17, 9.999999999999679e-17, 9.999999999999679e-17, 9.999999999999679e-17, 9.999999999999679e-17, 9.999999999999679e-17, 9.999999999999679e-17, 9.999999999999679e-17, 9.999999999999679e-17, 9.999999999999679e-05, 9.999999999999679e-17, 9.999999999999679e-05, 9.999999999999679e-17, 9.999999999999679e-17, 9.999999999999679e-17, 9.999999999999679e-17, 9.999999999999679e-17, 9.999999999999679e-17, 9.999999999999679e-17, 9.999999999999679e-17, 9.999999999999679e-17, 9.999999999999679e-17, 9.999999999999679e-17, 9.999999999999679e-17, 9.999999999999679e-17, 9.999999999999679e-17, 9.999999999999679e-17, 0.00019999999999999359, 9.999999999999679e-17, 9.999999999999679e-05, 9.999999999999679e-17, 9.999999999999679e-05, 9.999999999999679e-17, 9.999999999999679e-05, 9.999999999999679e-17, 9.999999999999679e-17, 9.999999999999679e-05, 9.999999999999679e-17, 9.999999999999679e-17, 9.999999999999679e-17, 9.999999999999679e-05, 0.00019999999999999359, 0.00019999999999999359, 9.999999999999679e-17, 0.00019999999999999359, 9.999999999999679e-17, 0.00019999999999999359, 0.00019999999999999359, 0.00019999999999999359, 9.999999999999679e-05, 0.000499999999999984, 0.000499999999999984, 9.999999999999679e-05, 0.000499999999999984, 9.999999999999679e-05, 0.000499999999999984, 0.000499999999999984, 0.0002999999999999904, 0.00019999999999999359, 0.000499999999999984, 0.00039999999999998717, 0.00039999999999998717, 0.0007999999999999743, 0.0006999999999999775, 0.00019999999999999359, 9.999999999999679e-05, 0.0007999999999999743, 0.000499999999999984, 0.0012999999999999583, 0.0011999999999999615, 0.000999999999999968, 0.000499999999999984, 0.0005999999999999808, 0.0015999999999999487, 0.001399999999999955, 0.0005999999999999808, 0.0006999999999999775, 0.0010999999999999647, 0.0012999999999999583, 0.0005999999999999808, 0.0011999999999999615, 0.001499999999999952, 0.001399999999999955, 0.0015999999999999487, 0.0015999999999999487, 0.001399999999999955, 0.0011999999999999615, 0.0020999999999999326, 0.0017999999999999423, 0.0021999999999999294, 0.0016999999999999455, 0.001499999999999952, 0.0026999999999999134, 0.0018999999999999393, 0.00249999999999992, 0.001999999999999936, 0.00279999999999991, 0.00279999999999991, 0.0025999999999999166, 0.00249999999999992, 0.0017999999999999423, 0.0017999999999999423, 0.0030999999999999006, 0.002399999999999923, 0.0025999999999999166, 0.00249999999999992, 0.002999999999999904, 0.004399999999999859, 0.0034999999999998877, 0.0035999999999998845, 0.00249999999999992, 0.002399999999999923, 0.0034999999999998877, 0.004699999999999849, 0.0031999999999998974, 0.004499999999999856, 0.00559999999999982, 0.0037999999999998786, 0.0045999999999998525, 0.0035999999999998845, 0.005999999999999808, 0.004699999999999849, 0.005499999999999824, 0.00529999999999983, 0.004499999999999856, 0.004699999999999849, 0.00559999999999982, 0.003999999999999872, 0.004899999999999843, 0.006599999999999788, 0.005999999999999808, 0.006099999999999804, 0.0050999999999998364, 0.006399999999999795, 0.0050999999999998364, 0.0074999999999997595, 0.00559999999999982, 0.005199999999999833, 0.007399999999999763, 0.005199999999999833, 0.008099999999999741, 0.0069999999999997755, 0.006399999999999795, 0.007399999999999763, 0.005699999999999817, 0.006299999999999798, 0.006899999999999779, 0.007599999999999757, 0.008099999999999741, 0.006399999999999795, 