{"n_items": 600, "weights": [9.999999999999644e-17, 9.999999999999644e-17, 9.999999999999644e-17, 9.999999999999644e-17, 9.999999999999644e-17, 9.999999999999644e-17, 9.999999999999644e-17, 9.999999999999644e-17, 9.999999999999644e-17, 9.999999999999644e-17, 9.999999999999644e-17, 9.999999999999644e-17, 9.999999999999644e-17, 9.999999999999644e-17, 9.999999999999644e-17, 9.999999999999644e-17, 9.999999999999644e-17, 9.999999999999644e-17, 9.999999999999644e-17, 9.999999999999644e-17, 9.999999999999644e-17, 9.999999999999644e-17, 9.999999999999644e-17, 9.999999999999644e-17, 9.999999999999644e-17, 9.999999999999644e-17, 9.999999999999644e-17, 9.999999999999644e-17, 9.999999999999644e-17, 9.999999999999644e-17, 9.999999999999644e-17, 9.999999999999644e-17, 9.999999999999644e-17, 9.999999999999644e-17, 9.999999999999644e-17, 9.999999999999644e-17, 9.999999999999644e-17, 9.999999999999644e-17, 9.999999999999644e-17, 9.999999999999644e-17, 9.999999999999644e-17, 9.999999999999644e-17, 9.999999999999644e-17, 9.999999999999644e-17, 9.999999999999644e-17, 9.999999999999644e-17, 9.999999999999644e-17, 9.999999999999644e-17, 9.999999999999644e-17, 9.999999999999644e-17, 9.999999999999644e-17, 9.999999999999644e-17, 9.999999999999644e-17, 9.999999999999644e-17, 9.999999999999644e-17, 9.999999999999644e-17, 9.999999999999644e-17, 9.999999999999644e-17, 9.999999999999644e-17, 9.999999999999644e-17, 9.999999999999644e-17, 9.999999999999644e-17, 9.999999999999644e-17, 9.999999999999644e-17, 9.999999999999644e-17, 9.999999999999644e-17, 9.999999999999644e-17, 9.999999999999644e-17, 9.999999999999644e-17, 9.999999999999644e-17, 9.999999999999644e-17, 9.999999999999644e-17, 9.999999999999644e-17, 9.999999999999644e-17, 9.999999999999644e-17, 9.999999999999644e-17, 9.999999999999644e-17, 9.999999999999644e-17, 9.999999999999644e-17, 9.999999999999644e-17, 9.999999999999644e-17, 9.999999999999644e-17, 9.999999999999644e-17, 9.999999999999644e-17, 9.999999999999644e-17, 9.999999999999644e-17, 9.999999999999644e-17, 9.999999999999644e-17, 9.999999999999644e-17, 9.999999999999644e-17, 9.999999999999644e-17, 9.999999999999644e-17, 9.999999999999644e-05, 9.999999999999644e-17, 9.999999999999644e-17, 9.999999999999644e-17, 9.999999999999644e-17, 9.999999999999644e-17, 9.999999999999644e-17, 9.999999999999644e-17, 9.999999999999644e-17, 9.999999999999644e-17, 9.999999999999644e-05, 9.999999999999644e-17, 9.999999999999644e-17, 9.999999999999644e-17, 9.999999999999644e-17, 9.999999999999644e-17, 9.999999999999644e-17, 9.999999999999644e-17, 9.999999999999644e-17, 0.00019999999999999288, 9.999999999999644e-05, 9.999999999999644e-17, 9.999999999999644e-05, 0.00039999999999998576, 9.999999999999644e-05, 0.00019999999999999288, 0.00019999999999999288, 0.00039999999999998576, 0.00019999999999999288, 0.00039999999999998576, 0.00039999999999998576, 0.0004999999999999821, 9.999999999999644e-05, 0.0006999999999999751, 0.0005999999999999786, 0.0007999999999999715, 0.0007999999999999715, 0.0011999999999999572, 0.0009999999999999642, 0.0009999999999999642, 0.0006999999999999751, 0.001599999999999943, 0.0020999999999999253, 0.0016999999999999394, 0.001599999999999943, 0.0020999999999999253, 0.002299999999999918, 0.003399999999999879, 0.0032999999999998825, 0.0019999999999999285, 0.003199999999999886, 0.004399999999999843, 0.004099999999999854, 0.004999999999999821, 0.004399999999999843, 0.005099999999999818, 0.004399999999999843, 0.004399999999999843, 0.006099999999999783, 0.007199999999999743, 0.007099999999999747, 0.006599999999999765, 0.006299999999999775, 0.007799999999999722, 0.008599999999999693, 0.00699999999999975, 0.00869999999999969, 0.008999999999999678, 0.009199999999999672, 0.009899999999999647, 0.009299999999999668, 0.009999999999999643, 0.009499999999999661, 0.009099999999999676, 0.01009999999999964, 0.010299999999999632, 0.010899999999999611, 0.008999999999999678, 0.010499999999999626, 0.010299999999999632, 0.01039999999999963, 0.010499999999999626, 0.011699999999999582, 0.009699999999999653, 0.01039999999999963, 0.009199999999999672, 0.009299999999999668, 0.008499999999999697, 0.011299999999999597, 0.008999999999999678, 0.008799999999999687, 0.008099999999999712, 0.008799999999999687, 0.007099999999999747, 0.006499999999999768, 0.006099999999999783, 0.007499999999999733, 0.0055999999999998004, 0.006899999999999754, 0.005299999999999811, 0.007699999999999725, 0.006399999999999772, 0.005399999999999808, 0.004799999999999829, 0.0041999999999998506, 0.003999999999999857, 0.003899999999999861, 0.0025999999999999075, 0.003699999999999868, 0.003199999999999886, 0.0020999999999999253, 0.002299999999999918, 0.002999999999999893, 0.0023999999999999144, 0.001599999999999943, 0.0017999999999999358, 0.0013999999999999501, 0.0017999999999999358, 0.0013999999999999501, 0.0009999999999999642, 0.0010999999999999608, 0.00039999999999998576, 0.0006999999999999751, 0.00039999999999998576, 0.00019999999999999288, 0.0008999999999999679, 0.0004999999999999821, 9.999999999999644e-05, 0.00039999999999998576, 0.0002999999999999893, 0.00019999999999999288, 0.0002999999999999893, 9.999999999999644e-05, 9.999999999999644e-05, 0.00019999999999999288, 0.00019999999999999288, 9.999999999999644e-05, 9.999999999999644e-05, 9.999999999999644e-05, 9.999999999999644e-17, 0.00019999999999999288, 9.999999999999644e-17, 9.999999999999644e-17, 9.999999999999644e-17, 9.999999999999644e-17, 9.999999999999644e-17, 9.999999999999644e-17, 9.999999999999644e-17, 9.999999999999644e-17, 9.999999999999644e-17, 9.999999999999644e-17, 9.999999999999644e-05, 9.999999999999644e-17, 9.999999999999644e-17, 9.999999999999644e-17, 9.999999999999644e-17, 9.999999999999644e-17, 9.999999999999644e-17, 9.999999999999644e-17, 9.999999999999644e-17, 9.999999999999644e-17, 9.999999999999644e-17, 9.999999999999644e-17, 9.999999999999644e-17, 9.999999999999644e-17, 9.999999999999644e-17, 9.999999999999644e-17, 9.999999999999644e-17, 9.999999999999644e-17, 9.999999999999644e-17, 9.999999999999644e-17, 9.999999999999644e-17, 9.999999999999644e-17, 9.999999999999644e-17, 9.999999999999644e-17, 9.999999999999644e-17, 9.999999999999644e-17, 9.999999999999644e-17, 9.999999999999644e-17, 9.999999999999644e-17, 9.999999999999644e-17, 9.999999999999644e-17, 9.999999999999644e-17, 9.999999999999644e-17, 9.999999999999644e-17, 9.999999999999644e-17, 9.999999999999644e-17, 9.999999999999644e-17, 9.999999999999644e-17, 9.999999999999644e-17, 9.999999999999644e-17, 9.999999999999644e-17, 9.999999999999644e-17, 9.999999999999644e-17, 9.999999999999644e-17, 9.999999999999644e-17, 9.999999999999644e-17, 9.999999999999644e-17, 9.999999999999644e-17, 9.999999999999644e-17, 9.999999999999644e-17, 9.999999999999644e-17, 9.999999999999644e-17, 9.999999999999644e-17, 9.999999999999644e-17, 9.999999999999644e-17, 9.999999999999644e-17, 9.999999999999644e-17, 9.999999999999644e-17, 9.999999999999644e-17, 9.999999999999644e-17, 9.999999999999644e-17, 9.999999999999644e-17, 9.999999999999644e-17, 9.999999999999644e-17, 9.999999999999644e-17, 9.999999999999644e-17, 9.999999999999644e-17, 9.999999999999644e-17, 9.999999999999644e-17, 9.999999999999644e-17, 9.999999999999644e-17, 9.999999999999644e-17, 9.999999999999644e-17, 9.999999999999644e-17, 9.999999999999644e-17, 9.999999999999644e-17, 9.999999999999644e-17, 9.999999999999644e-17, 9.999999999999644e-17, 9.999999999999644e-17, 9.999999999999644e-17, 9.999999999999644e-17, 9.999999999999644e-17, 9.999999999999644e-17, 9.999999999999644e-17, 9.999999999999644e-17, 9.999999999999644e-17, 9.999999999999644e-17, 9.999999999999644e-17, 9.999999999999644e-17, 9.999999999999644e-17, 9.999999999999644e-17, 9.999999999999644e-17, 9.999999999999644e-17, 9.999999999999644e-17, 9.999999999999644e-17, 9.999999999999644e-17, 9.999999999999644e-17, 9.999999999999644e-17, 9.999999999999644e-17, 9.999999999999644e-17, 9.999999999999644e-17, 9.999999999999644e-17, 9.999999999999644e-17, 9.999999999999644e-17, 