{"n_items": 200, "weights": [9.99999999999985e-17, 9.99999999999985e-17, 9.99999999999985e-17, 9.99999999999985e-17, 9.99999999999985e-17, 9.99999999999985e-17, 9.99999999999985e-17, 9.99999999999985e-17, 9.99999999999985e-17, 9.99999999999985e-17, 9.99999999999985e-17, 9.99999999999985e-17, 9.99999999999985e-17, 9.99999999999985e-17, 9.99999999999985e-17, 9.99999999999985e-17, 9.99999999999985e-17, 9.99999999999985e-17, 9.99999999999985e-17, 9.99999999999985e-17, 9.99999999999985e-17, 9.99999999999985e-17, 9.99999999999985e-17, 9.99999999999985e-17, 9.99999999999985e-17, 9.99999999999985e-17, 9.99999999999985e-17, 9.99999999999985e-17, 9.99999999999985e-17, 9.99999999999985e-17, 9.99999999999985e-17, 9.99999999999985e-17, 9.99999999999985e-17, 9.99999999999985e-17, 9.99999999999985e-17, 9.99999999999985e-17, 9.99999999999985e-17, 9.99999999999985e-17, 9.99999999999985e-17, 9.99999999999985e-17, 9.99999999999985e-17, 9.99999999999985e-17, 9.99999999999985e-17, 9.99999999999985e-17, 9.99999999999985e-17, 9.99999999999985e-17, 9.99999999999985e-17, 9.99999999999985e-17, 9.99999999999985e-17, 9.99999999999985e-17, 9.99999999999985e-17, 9.99999999999985e-17, 9.99999999999985e-17, 9.99999999999985e-17, 9.99999999999985e-17, 9.99999999999985e-17, 9.99999999999985e-17, 9.99999999999985e-17, 9.99999999999985e-17, 9.99999999999985e-17, 9.99999999999985e-17, 9.99999999999985e-17, 9.99999999999985e-17, 9.99999999999985e-17, 9.99999999999985e-17, 9.99999999999985e-17, 9.99999999999985e-17, 9.99999999999985e-17, 9.99999999999985e-17, 9.99999999999985e-17, 9.99999999999985e-17, 9.99999999999985e-17, 9.99999999999985e-17, 9.99999999999985e-17, 9.99999999999985e-17, 9.99999999999985e-17, 9.99999999999985e-17, 9.99999999999985e-17, 9.99999999999985e-17, 9.99999999999985e-17, 9.99999999999985e-17, 9.99999999999985e-17, 9.99999999999985e-17, 9.99999999999985e-17, 9.99999999999985e-17, 9.99999999999985e-17, 9.99999999999985e-17, 9.99999999999985e-17, 9.99999999999985e-17, 9.99999999999985e-17, 9.99999999999985e-17, 9.99999999999985e-17, 9.99999999999985e-17, 9.99999999999985e-17, 9.99999999999985e-17, 9.99999999999985e-17, 9.99999999999985e-17, 9.99999999999985e-17, 9.99999999999985e-17, 9.99999999999985e-17, 9.99999999999985e-17, 9.99999999999985e-17, 9.99999999999985e-17, 9.99999999999985e-17, 9.99999999999985e-17, 9.99999999999985e-17, 9.99999999999985e-17, 9.99999999999985e-17, 9.99999999999985e-17, 9.99999999999985e-17, 9.99999999999985e-17, 9.99999999999985e-17, 9.99999999999985e-17, 9.99999999999985e-17, 9.99999999999985e-17, 9.99999999999985e-17, 9.99999999999985e-17, 9.99999999999985e-17, 9.99999999999985e-17, 9.99999999999985e-17, 9.99999999999985e-17, 9.99999999999985e-17, 9.99999999999985e-17, 9.99999999999985e-17, 9.99999999999985e-17, 9.99999999999985e-17, 9.99999999999985e-17, 9.99999999999985e-17, 9.99999999999985e-17, 9.99999999999985e-17, 9.99999999999985e-17, 9.99999999999985e-17, 9.99999999999985e-17, 9.99999999999985e-17, 9.99999999999985e-17, 9.99999999999985e-17, 9.99999999999985e-17, 9.99999999999985e-17, 9.99999999999985e-17, 0.00019999999999999697, 0.0002999999999999955, 0.00039999999999999395, 0.0004999999999999924, 0.0006999999999999895, 0.0009999999999999848, 0.0015999999999999758, 0.0028999999999999564, 0.0043999999999999335, 0.006299999999999905, 0.00869999999999987, 0.009399999999999858, 0.012999999999999803, 0.020899999999999686, 0.025699999999999612, 0.030499999999999538, 0.03839999999999942, 0.040999999999999384, 0.04799999999999927, 0.053499999999999194, 0.06109999999999908, 0.06149999999999907, 0.06369999999999904, 0.06069999999999908, 0.06199999999999906, 0.06029999999999909, 0.054799999999999176, 0.04899999999999926, 0.044499999999999325, 0.03779999999999943, 0.035599999999999465, 0.025599999999999613, 0.0198999999999997, 0.015499999999999766, 0.011999999999999818, 0.0075999999999998855, 0.006699999999999899, 0.003999999999999939, 0.0031999999999999516, 0.002599999999999961, 0.0019999999999999697, 0.0008999999999999864, 0.0007999999999999879, 0.00019999999999999697, 0.00039999999999999395, 9.99999999999985e-17, 9.999999999999849e-05, 9.999999999999849e-05, 9.99999999999985e-17, 9.99999999999985e-17, 9.99999999999985e-17, 9.99999999999985e-17, 9.99999999999985e-17, 9.99999999999985e-17, 9.99999999999985e-17, 9.99999999999985e-17, 9.99999999999985e-17, 9.99999999999985e-17, 9.99999999999985e-17, 9.99999999999985e-17, 9.99999999999985e-17], "profits": [1.0, 1.0, 1.0, 1.0, 1.0, 1.0, 1.0, 1.0, 1.0, 1.0, 1.0, 1.0, 1.0, 1.0, 1.0, 1.0, 1.0, 1.0, 1.0, 1.0, 1.0, 1.0, 1.0, 1.0, 1.0, 1.0, 1.0, 1.0, 1.0, 1.0, 1.0, 1.0, 1.0, 1.0, 1.0, 1.0, 1.0, 1.0, 1.0, 1.0, 1.0, 1.0, 1.0, 1.0, 1.0, 1.0, 1.0, 1.0, 1.0, 1.0, 1.0, 1.0, 1.0, 1.0, 1.0, 1.0, 1.0, 1.0, 1.0, 1.0, 1.0, 1.0, 1.0, 1.0, 1.0, 1.0, 1.0, 1.0, 1.0, 1.0, 1.0, 1.0, 1.0, 1.0, 1.0, 1.0, 1.0, 1.0, 1.0, 1.0, 1.0, 1.0, 1.0, 1.0, 1.0, 1.0, 1.0, 1.0, 1.0, 1.0, 1.0, 1.0, 1.0, 1.0, 1.0, 1.0, 1.0, 1.0, 1.0, 1.0, 1.0, 1.0, 1.0, 1.0, 1.0, 1.0, 1.0, 1.0, 1.0, 1.0, 1.0, 1.0, 1.0, 1.0, 1.0, 1.0, 1.0, 1.0, 1.0, 1.0, 1.0, 1.0, 1.0, 1.0, 1.0, 1.0, 1.0, 1.0, 1.0, 1.0, 1.0, 1.0, 1.0, 1.0, 1.0, 1.0, 1.0, 1.0, 1.0, 1.0, 1.0, 1.0, 1.0, 1.0, 1.0, 1.0, 1.0, 1.0, 1.0, 1.0, 1.0, 1.0, 1.0, 1.0, 1.0, 1.0, 1.0, 0.1, 1.0, 0.1, 1.0, 1.0, 1.0, 1.0, 1.0, 1.0, 1.0, 1.0, 1.0, 1.0, 1.0, 1.0, 1.0, 1.0, 1.0, 1.0, 1.0, 1.0, 1.0, 1.0, 1.0, 1.0, 1.0, 1.0, 1.0, 1.0, 1.0, 1.0, 1.0, 1.0, 1.0, 1.0, 1.0, 1.0, 1.0, 1.0, 1.0, 1.0, 1.0, 1.0], "min_weight": 0.95, "max_distance": 2}