{"n_items": 600, "weights": [0.0010999999999999738, 0.0009999999999999762, 0.0008999999999999785, 0.0004999999999999881, 0.0009999999999999762, 0.0008999999999999785, 0.000799999999999981, 0.0009999999999999762, 0.0009999999999999762, 0.000799999999999981, 0.0009999999999999762, 0.001299999999999969, 0.00209999999999995, 0.0010999999999999738, 0.0006999999999999833, 0.001299999999999969, 0.0008999999999999785, 0.0016999999999999596, 0.0019999999999999523, 0.001799999999999957, 0.0009999999999999762, 0.0022999999999999453, 0.0016999999999999596, 0.0019999999999999523, 0.00209999999999995, 0.0013999999999999666, 0.00209999999999995, 0.0018999999999999547, 0.0014999999999999643, 0.00209999999999995, 0.0018999999999999547, 0.0021999999999999477, 0.0022999999999999453, 0.0018999999999999547, 0.0019999999999999523, 0.00209999999999995, 0.0021999999999999477, 0.0018999999999999547, 0.0014999999999999643, 0.001799999999999957, 0.002599999999999938, 0.0011999999999999715, 0.0018999999999999547, 0.002399999999999943, 0.003499999999999917, 0.001599999999999962, 0.002899999999999931, 0.00209999999999995, 0.00209999999999995, 0.0014999999999999643, 0.002599999999999938, 0.0022999999999999453, 0.003099999999999926, 0.0019999999999999523, 0.002799999999999933, 0.003099999999999926, 0.003099999999999926, 0.003099999999999926, 0.002599999999999938, 0.002799999999999933, 0.002399999999999943, 0.003399999999999919, 0.003399999999999919, 0.0029999999999999285, 0.003599999999999914, 0.003399999999999919, 0.0036999999999999117, 0.0024999999999999406, 0.001799999999999957, 0.0036999999999999117, 0.003499999999999917, 0.002899999999999931, 0.003999999999999905, 0.0032999999999999215, 0.0026999999999999355, 0.004999999999999881, 0.003999999999999905, 0.004299999999999898, 0.002899999999999931, 0.003999999999999905, 0.003999999999999905, 0.004499999999999893, 0.003499999999999917, 0.005199999999999876, 0.003599999999999914, 0.003899999999999907, 0.004499999999999893, 0.004699999999999888, 0.003599999999999914, 0.0041999999999999, 0.004699999999999888, 0.004399999999999895, 0.003599999999999914, 0.003999999999999905, 0.0041999999999999, 0.004899999999999884, 0.004599999999999891, 0.005099999999999878, 0.003899999999999907, 0.003999999999999905, 0.003999999999999905, 0.005399999999999871, 0.004799999999999886, 0.004499999999999893, 0.0036999999999999117, 0.004999999999999881, 0.005799999999999862, 0.003999999999999905, 0.007799999999999814, 0.004399999999999895, 0.005499999999999869, 0.005299999999999873, 0.005199999999999876, 0.0041999999999999, 0.005399999999999871, 0.004499999999999893, 0.005899999999999859, 0.005999999999999857, 0.004799999999999886, 0.005699999999999864, 0.005099999999999878, 0.005299999999999873, 0.004699999999999888, 0.005399999999999871, 0.00629999999999985, 0.005699999999999864, 0.005899999999999859, 0.007799999999999814, 0.004999999999999881, 0.004699999999999888, 0.00629999999999985, 0.005499999999999869, 0.005999999999999857, 0.005399999999999871, 0.005399999999999871, 0.004799999999999886, 0.005799999999999862, 0.005899999999999859, 0.006999999999999834, 0.0041999999999999, 0.005499999999999869, 0.005799999999999862, 0.005299999999999873, 0.006099999999999855, 0.005299999999999873, 0.006199999999999852, 0.005999999999999857, 0.005399999999999871, 0.005699999999999864, 0.004899999999999884, 0.004699999999999888, 0.005999999999999857, 0.006799999999999838, 0.004399999999999895, 0.005999999999999857, 0.006399999999999848, 0.004499999999999893, 0.005599999999999866, 0.005399999999999871, 0.004999999999999881, 0.004899999999999884, 0.005099999999999878, 0.005899999999999859, 0.004399999999999895, 0.005099999999999878, 0.005399999999999871, 0.004699999999999888, 0.004399999999999895, 0.0041999999999999, 0.004599999999999891, 0.004299999999999898, 0.005199999999999876, 0.004799999999999886, 0.004099999999999902, 0.005399999999999871, 0.004799999999999886, 0.004299999999999898, 0.006099999999999855, 0.006099999999999855, 0.005999999999999857, 0.004899999999999884, 0.003999999999999905, 0.003999999999999905, 0.004099999999999902, 0.004599999999999891, 0.0041999999999999, 0.005099999999999878, 0.005399999999999871, 0.003499999999999917, 0.003999999999999905, 0.003399999999999919, 0.005599999999999866, 0.003399999999999919, 0.004399999999999895, 0.003099999999999926, 0.004699999999999888, 0.0036999999999999117, 0.0024999999999999406, 0.003999999999999905, 0.0041999999999999, 0.005599999999999866, 0.0041999999999999, 0.004399999999999895, 0.003899999999999907, 0.004099999999999902, 0.0041999999999999, 0.004599999999999891, 0.0032999999999999215, 0.0036999999999999117, 0.004999999999999881, 0.0041999999999999, 0.0037999999999999094, 0.003999999999999905, 0.004599999999999891, 0.0024999999999999406, 0.004399999999999895, 0.0026999999999999355, 0.002899999999999931, 0.002599999999999938, 0.0036999999999999117, 0.002899999999999931, 0.003999999999999905, 0.0026999999999999355, 0.002899999999999931, 0.003199999999999924, 0.002899999999999931, 0.003199999999999924, 0.002799999999999933, 0.003099999999999926, 0.0029999999999999285, 0.0026999999999999355, 0.002799999999999933, 0.003499999999999917, 0.002799999999999933, 0.0024999999999999406, 0.003399999999999919, 0.001599999999999962, 0.002399999999999943, 0.002799999999999933, 0.0024999999999999406, 0.0018999999999999547, 0.002399999999999943, 0.002399999999999943, 0.00209999999999995, 0.0016999999999999596, 0.00209999999999995, 0.0024999999999999406, 0.001799999999999957, 0.001799999999999957, 0.001799999999999957, 0.0021999999999999477, 0.0016999999999999596, 0.001799999999999957, 0.0014999999999999643, 0.001299999999999969, 0.0011999999999999715, 0.001799999999999957, 0.0011999999999999715, 0.0013999999999999666, 0.0021999999999999477, 0.0014999999999999643, 0.001299999999999969, 0.0011999999999999715, 0.0011999999999999715, 0.0022999999999999453, 0.0009999999999999762, 0.0014999999999999643, 0.0013999999999999666, 0.001599999999999962, 0.0008999999999999785, 0.0013999999999999666, 0.0006999999999999833, 0.001599999999999962, 0.0008999999999999785, 0.0013999999999999666, 0.001599999999999962, 0.0003999999999999905, 0.0004999999999999881, 0.000799999999999981, 0.0016999999999999596, 0.0010999999999999738, 0.0008999999999999785, 0.000799999999999981, 0.0010999999999999738, 0.0011999999999999715, 0.0008999999999999785, 0.0013999999999999666, 0.000799999999999981, 0.00029999999999999287, 0.0010999999999999738, 0.0005999999999999857, 0.0003999999999999905, 0.0006999999999999833, 0.001299999999999969, 0.0006999999999999833, 0.000799999999999981, 0.0006999999999999833, 0.0006999999999999833, 0.0003999999999999905, 0.000799999999999981, 0.00019999999999999524, 0.0004999999999999881, 0.0004999999999999881, 0.0004999999999999881, 0.0006999999999999833, 9.999999999999762e-05, 0.0006999999999999833, 0.00029999999999999287, 0.00029999999999999287, 0.0005999999999999857, 9.999999999999762e-05, 0.00019999999999999524, 0.00029999999999999287, 0.00019999999999999524, 0.0003999999999999905, 0.0003999999999999905, 0.0005999999999999857, 0.0004999999999999881, 0.0004999999999999881, 0.0003999999999999905, 0.0003999999999999905, 0.0003999999999999905, 0.00029999999999999287, 9.999999999999762e-05, 9.999999999999762e-05, 0.00019999999999999524, 9.999999999999762e-05, 9.999999999999762e-17, 0.00029999999999999287, 9.999999999999762e-05, 0.00019999999999999524, 9.999999999999762e-05, 0.00019999999999999524, 0.0004999999999999881, 9.999999999999762e-05, 0.00029999999999999287, 0.00019999999999999524, 0.00019999999999999524, 9.999999999999762e-17, 9.999999999999762e-17, 9.999999999999762e-05, 0.00019999999999999524, 0.00019999999999999524, 9.999999999999762e-05, 9.999999999999762e-05, 0.0003999999999999905, 9.999999999999762e-17, 9.999999999999762e-05, 9.999999999999762e-17, 9.999999999999762e-17, 9.999999999999762e-17, 0.00029999999999999287, 9.999999999999762e-17, 9.999999999999762e-17, 9.999999999999762e-17, 0.00019999999999999524, 