{"n_items": 200, "weights": [9.999999999999885e-17, 9.999999999999885e-17, 9.999999999999885e-17, 9.999999999999885e-17, 9.999999999999885e-17, 9.999999999999885e-17, 9.999999999999885e-17, 9.999999999999885e-17, 9.999999999999885e-17, 9.999999999999885e-17, 9.999999999999885e-17, 9.999999999999885e-17, 9.999999999999885e-17, 9.999999999999885e-17, 9.999999999999885e-17, 9.999999999999885e-17, 9.999999999999885e-17, 9.999999999999885e-17, 9.999999999999885e-17, 9.999999999999885e-17, 9.999999999999885e-17, 9.999999999999885e-17, 9.999999999999885e-17, 9.999999999999885e-17, 9.999999999999885e-17, 9.999999999999885e-17, 9.999999999999885e-17, 9.999999999999885e-17, 9.999999999999885e-17, 9.999999999999885e-17, 9.999999999999885e-17, 9.999999999999885e-17, 9.999999999999885e-17, 9.999999999999885e-17, 9.999999999999885e-17, 9.999999999999885e-17, 9.999999999999885e-17, 9.999999999999885e-17, 9.999999999999885e-17, 9.999999999999885e-17, 9.999999999999885e-17, 9.999999999999885e-17, 9.999999999999885e-17, 9.999999999999885e-17, 9.999999999999885e-17, 9.999999999999885e-17, 9.999999999999885e-17, 9.999999999999885e-17, 9.999999999999885e-17, 9.999999999999885e-17, 9.999999999999885e-17, 9.999999999999885e-17, 9.999999999999885e-05, 9.999999999999885e-05, 9.999999999999885e-17, 0.00029999999999999656, 9.999999999999885e-17, 0.0005999999999999931, 0.0001999999999999977, 0.00029999999999999656, 0.0003999999999999954, 0.0003999999999999954, 0.0004999999999999943, 0.0009999999999999885, 0.0009999999999999885, 0.0009999999999999885, 0.0011999999999999862, 0.001499999999999983, 0.0017999999999999794, 0.0018999999999999783, 0.0024999999999999714, 0.002899999999999967, 0.003399999999999961, 0.0044999999999999485, 0.005899999999999932, 0.006699999999999923, 0.007199999999999917, 0.007199999999999917, 0.008999999999999897, 0.009799999999999887, 0.012699999999999854, 0.013899999999999841, 0.01639999999999981, 0.01649999999999981, 0.018499999999999787, 0.01899999999999978, 0.023199999999999735, 0.02269999999999974, 0.024099999999999722, 0.025899999999999705, 0.02889999999999967, 0.0259999999999997, 0.03199999999999963, 0.02889999999999967, 0.03309999999999962, 0.03429999999999961, 0.03219999999999963, 0.030899999999999646, 0.028499999999999675, 0.03349999999999961, 0.03189999999999964, 0.032699999999999625, 0.03189999999999964, 0.02879999999999967, 0.027299999999999686, 0.028299999999999676, 0.022999999999999736, 0.022999999999999736, 0.018499999999999787, 0.023199999999999735, 0.016999999999999803, 0.01639999999999981, 0.015299999999999824, 0.01479999999999983, 0.013399999999999846, 0.010999999999999874, 0.011299999999999871, 0.007499999999999914, 0.0086999999999999, 0.007199999999999917, 0.00609999999999993, 0.0044999999999999485, 0.004799999999999945, 0.0037999999999999566, 0.0032999999999999623, 0.0022999999999999735, 0.0023999999999999725, 0.0011999999999999862, 0.001999999999999977, 0.0010999999999999875, 0.0007999999999999908, 0.000699999999999992, 0.0008999999999999897, 0.0004999999999999943, 0.0003999999999999954, 9.999999999999885e-05, 0.00029999999999999656, 9.999999999999885e-05, 0.0001999999999999977, 0.0005999999999999931, 9.999999999999885e-17, 9.999999999999885e-17, 9.999999999999885e-17, 9.999999999999885e-17, 9.999999999999885e-05, 9.999999999999885e-17, 9.999999999999885e-17, 9.999999999999885e-17, 9.999999999999885e-17, 9.999999999999885e-17, 9.999999999999885e-17, 9.999999999999885e-17, 9.999999999999885e-17, 9.999999999999885e-17, 9.999999999999885e-17, 9.999999999999885e-17, 9.999999999999885e-17, 9.999999999999885e-17, 9.999999999999885e-17, 9.999999999999885e-17, 9.999999999999885e-17, 9.999999999999885e-17, 9.999999999999885e-17, 9.999999999999885e-17, 9.999999999999885e-17, 9.999999999999885e-17, 9.999999999999885e-17, 9.999999999999885e-17, 9.999999999999885e-17, 9.999999999999885e-17, 9.999999999999885e-17, 9.999999999999885e-17, 9.999999999999885e-17, 9.999999999999885e-17, 9.999999999999885e-17, 9.999999999999885e-17, 9.999999999999885e-17, 9.999999999999885e-17, 9.999999999999885e-17, 9.999999999999885e-17, 9.999999999999885e-17, 9.999999999999885e-17, 9.999999999999885e-17, 9.999999999999885e-17, 9.999999999999885e-17, 9.999999999999885e-17, 9.999999999999885e-17, 9.999999999999885e-17, 9.999999999999885e-17, 9.999999999999885e-17, 9.999999999999885e-17, 9.999999999999885e-17, 9.999999999999885e-17, 9.999999999999885e-17, 9.999999999999885e-17, 9.999999999999885e-17, 9.999999999999885e-17, 9.999999999999885e-17, 9.999999999999885e-17, 9.999999999999885e-17],