{"n_items": 200, "weights": [9.99999999999989e-17, 9.99999999999989e-17, 9.99999999999989e-17, 9.99999999999989e-17, 9.99999999999989e-17, 9.99999999999989e-17, 9.99999999999989e-17, 9.99999999999989e-17, 9.99999999999989e-17, 9.99999999999989e-17, 9.99999999999989e-17, 9.99999999999989e-17, 9.99999999999989e-17, 9.99999999999989e-17, 9.99999999999989e-17, 9.99999999999989e-17, 9.99999999999989e-17, 9.99999999999989e-17, 9.99999999999989e-17, 9.99999999999989e-17, 9.99999999999989e-17, 9.99999999999989e-17, 9.99999999999989e-17, 9.99999999999989e-17, 9.99999999999989e-17, 9.99999999999989e-17, 9.99999999999989e-17, 9.99999999999989e-17, 9.99999999999989e-17, 9.99999999999989e-17, 9.99999999999989e-17, 9.99999999999989e-17, 9.99999999999989e-17, 9.99999999999989e-17, 9.99999999999989e-17, 9.99999999999989e-17, 9.99999999999989e-17, 9.99999999999989e-17, 9.99999999999989e-17, 9.99999999999989e-17, 9.99999999999989e-17, 9.99999999999989e-17, 9.99999999999989e-17, 9.99999999999989e-17, 9.99999999999989e-17, 9.99999999999989e-17, 9.99999999999989e-17, 9.99999999999989e-17, 9.99999999999989e-17, 9.99999999999989e-17, 9.99999999999989e-17, 9.99999999999989e-17, 9.99999999999989e-17, 9.99999999999989e-17, 9.99999999999989e-17, 9.99999999999989e-17, 9.99999999999989e-17, 9.99999999999989e-17, 9.99999999999989e-17, 9.99999999999989e-17, 9.99999999999989e-17, 9.99999999999989e-17, 9.99999999999989e-17, 9.99999999999989e-17, 9.99999999999989e-17, 9.999999999999891e-05, 0.00039999999999999563, 0.0002999999999999967, 0.0007999999999999913, 0.0012999999999999858, 0.002099999999999977, 0.003099999999999966, 0.005099999999999944, 0.005899999999999936, 0.008699999999999906, 0.01009999999999989, 0.01279999999999986, 0.013599999999999852, 0.01649999999999982, 0.021199999999999768, 0.02179999999999976, 0.026999999999999705, 0.03109999999999966, 0.031999999999999654, 0.030799999999999664, 0.033499999999999634, 0.028799999999999687, 0.028099999999999695, 0.027199999999999704, 0.02379999999999974, 0.02269999999999975, 0.020599999999999775, 0.015299999999999833, 0.013599999999999852, 0.011499999999999875, 0.0090999999999999, 0.0064999999999999294, 0.005399999999999941, 0.0025999999999999717, 0.0019999999999999784, 0.0014999999999999836, 0.0013999999999999848, 0.0007999999999999913, 9.999999999999891e-05, 0.0005999999999999934, 9.99999999999989e-17, 9.999999999999891e-05, 9.99999999999989e-17, 9.99999999999989e-17, 9.999999999999891e-05, 9.99999999999989e-17, 9.99999999999989e-17, 9.99999999999989e-17, 9.99999999999989e-17, 9.99999999999989e-17, 9.99999999999989e-17, 9.99999999999989e-17, 9.99999999999989e-17, 9.99999999999989e-17, 9.99999999999989e-17, 9.99999999999989e-17, 9.99999999999989e-17, 9.99999999999989e-17, 9.99999999999989e-17, 9.99999999999989e-17, 9.99999999999989e-17, 9.99999999999989e-17, 9.99999999999989e-17, 9.99999999999989e-17, 9.99999999999989e-17, 9.99999999999989e-17, 9.99999999999989e-17, 9.99999999999989e-17, 9.999999999999891e-05, 9.99999999999989e-17, 9.999999999999891e-05, 9.999999999999891e-05, 9.999999999999891e-05, 0.00019999999999999781, 0.0004999999999999946, 0.0009999999999999892, 0.0008999999999999902, 0.00039999999999999563, 0.002899999999999968, 0.002299999999999975, 0.004099999999999955, 0.005199999999999943, 0.007199999999999922, 0.009999999999999891, 0.014399999999999843, 0.01459999999999984, 0.017699999999999806, 0.02299999999999975, 0.02199999999999976, 0.024299999999999735, 0.027999999999999695, 0.03279999999999964, 0.03019999999999967, 0.03309999999999964, 0.030099999999999672, 0.027799999999999696, 0.029699999999999675, 0.02649999999999971, 0.020699999999999774, 0.019599999999999788, 0.017999999999999804, 0.012599999999999863, 0.011399999999999876, 0.007599999999999917, 0.006199999999999932, 0.004499999999999951, 0.003199999999999965, 0.0019999999999999784, 0.0014999999999999836, 0.0011999999999999869, 0.0004999999999999946, 0.0004999999999999946, 0.0002999999999999967, 0.00019999999999999781, 0.00039999999999999563, 0.00019999999999999781, 9.99999999999989e-17, 9.999999999999891e-05, 9.99999999999989e-17, 9.99999999999989e-17, 9.99999999999989e-17, 9.99999999999989e-17, 9.99999999999989e-17, 9.99999999999989e-17, 9.99999999999989e-17, 9.99999999999989e-17, 9.99999999999989e-17, 9.99999999999989e-17, 9.99999999999989e-17, 9.99999999999989e-17, 9.99999999999989e-17, 9.99999999999989e-17, 9.99999999999989e-17, 9.99999999999989e-17, 9.99999999999989e-17],