{"n_items": 200, "weights": [9.999999999999859e-17, 9.999999999999859e-17, 9.999999999999859e-17, 9.999999999999859e-17, 9.999999999999859e-17, 9.999999999999859e-17, 9.999999999999859e-17, 9.999999999999859e-17, 9.999999999999859e-17, 9.999999999999859e-17, 9.999999999999859e-17, 9.999999999999859e-17, 9.999999999999859e-17, 9.999999999999859e-17, 9.999999999999859e-17, 9.999999999999859e-17, 9.999999999999859e-17, 9.999999999999859e-17, 9.999999999999859e-17, 9.999999999999859e-17, 9.999999999999859e-17, 9.999999999999859e-17, 9.999999999999859e-17, 9.999999999999859e-17, 9.999999999999859e-17, 9.999999999999859e-17, 9.999999999999859e-17, 9.999999999999859e-17, 9.999999999999859e-17, 9.999999999999859e-17, 9.999999999999859e-17, 9.999999999999859e-17, 9.999999999999859e-17, 9.999999999999859e-17, 9.999999999999859e-17, 9.999999999999859e-17, 9.999999999999859e-17, 9.999999999999859e-17, 9.999999999999859e-17, 9.999999999999859e-17, 9.999999999999859e-17, 9.999999999999859e-17, 9.999999999999859e-17, 9.999999999999859e-17, 9.999999999999859e-17, 9.999999999999859e-17, 9.999999999999859e-17, 9.999999999999859e-17, 9.999999999999859e-17, 9.999999999999859e-17, 9.999999999999859e-17, 9.999999999999859e-17, 9.999999999999859e-17, 9.999999999999859e-17, 9.999999999999859e-17, 9.999999999999859e-17, 9.999999999999859e-17, 9.999999999999859e-17, 9.999999999999859e-17, 9.999999999999859e-17, 9.999999999999859e-17, 9.999999999999859e-17, 9.999999999999859e-17, 9.999999999999859e-17, 9.999999999999859e-17, 9.999999999999859e-17, 9.999999999999859e-17, 9.999999999999859e-17, 9.999999999999859e-17, 9.999999999999859e-17, 9.999999999999859e-17, 9.999999999999859e-17, 9.999999999999859e-17, 9.99999999999986e-05, 9.999999999999859e-17, 9.999999999999859e-17, 0.0001999999999999972, 9.99999999999986e-05, 0.0001999999999999972, 0.0003999999999999944, 0.0016999999999999763, 0.001499999999999979, 0.001499999999999979, 0.0032999999999999536, 0.003999999999999944, 0.0037999999999999466, 0.006599999999999907, 0.00859999999999988, 0.012499999999999825, 0.014499999999999798, 0.018499999999999742, 0.018799999999999737, 0.022999999999999677, 0.024099999999999663, 0.029599999999999585, 0.030299999999999577, 0.03309999999999954, 0.03239999999999955, 0.03499999999999951, 0.033999999999999524, 0.03409999999999952, 0.03199999999999955, 0.033399999999999534, 0.03439999999999952, 0.027599999999999614, 0.029799999999999584, 0.02999999999999958, 0.030599999999999572, 0.03479999999999951, 0.033799999999999525, 0.03299999999999954, 0.03769999999999947, 0.0356999999999995, 0.03069999999999957, 0.028599999999999598, 0.02919999999999959, 0.026599999999999627, 0.023099999999999676, 0.020999999999999706, 0.016999999999999762, 0.013399999999999813, 0.01349999999999981, 0.008999999999999874, 0.0060999999999999145, 0.00639999999999991, 0.003899999999999945, 0.0025999999999999635, 0.0013999999999999805, 0.0010999999999999847, 0.000999999999999986, 0.0002999999999999958, 9.99999999999986e-05, 0.0001999999999999972, 9.999999999999859e-17, 9.99999999999986e-05, 9.999999999999859e-17, 9.999999999999859e-17, 9.999999999999859e-17, 9.999999999999859e-17, 9.999999999999859e-17, 9.999999999999859e-17, 9.999999999999859e-17, 9.999999999999859e-17, 9.999999999999859e-17, 9.999999999999859e-17, 9.999999999999859e-17, 9.999999999999859e-17, 9.999999999999859e-17, 9.999999999999859e-17, 9.999999999999859e-17, 9.999999999999859e-17, 9.999999999999859e-17, 9.999999999999859e-17, 9.999999999999859e-17, 9.999999999999859e-17, 9.999999999999859e-17, 9.999999999999859e-17, 9.999999999999859e-17, 9.999999999999859e-17, 9.999999999999859e-17, 9.999999999999859e-17, 9.999999999999859e-17, 9.999999999999859e-17, 9.999999999999859e-17, 9.999999999999859e-17, 9.999999999999859e-17, 9.999999999999859e-17, 9.999999999999859e-17, 9.999999999999859e-17, 9.999999999999859e-17, 9.999999999999859e-17, 9.999999999999859e-17, 9.999999999999859e-17, 9.999999999999859e-17, 9.999999999999859e-17, 9.999999999999859e-17, 9.999999999999859e-17, 9.999999999999859e-17, 9.999999999999859e-17, 9.999999999999859e-17, 9.999999999999859e-17, 9.999999999999859e-17, 9.999999999999859e-17, 9.999999999999859e-17, 9.999999999999859e-17, 9.999999999999859e-17, 9.999999999999859e-17, 9.999999999999859e-17, 9.999999999999859e-17, 9.999999999999859e-17, 9.999999999999859e-17, 9.999999999999859e-17, 9.999999999999859e-17, 9.999999999999859e-17, 9.999999999999859e-17, 9.999999999999859e-17, 9.999999999999859e-17, 9.999999999999859e-17, 9.999999999999859e-17, 9.999999999999859e-17], "profits": [1.0, 1.0, 1.0, 1.0, 1.0, 1.0, 1.0, 1.0, 1.0, 1.0, 1.0, 1.0, 1.0, 1.0, 1.0, 1.0, 1.0, 1.0, 1.0, 1.0, 1.0, 1.0, 1.0, 1.0, 1.0, 1.0, 1.0, 1.0, 1.0, 1.0, 1.0, 1.0, 1.0, 1.0, 1.0, 1.0, 1.0, 1.0, 1.0, 1.0, 1.0, 1.0, 1.0, 1.0, 1.0, 1.0, 1.0, 1.0, 1.0, 1.0, 1.0, 1.0, 1.0, 1.0, 1.0, 1.0, 1.0, 1.0, 1.0, 1.0, 1.0, 1.0, 1.0, 1.0, 1.0, 1.0, 1.0, 1.0, 1.0, 1.0, 1.0, 1.0, 1.0, 1.0, 1.0, 1.0, 1.0, 1.0, 1.0, 1.0, 1.0, 1.0, 1.0, 1.0, 1.0, 1.0, 1.0, 1.0, 0.1, 1.0, 1.0, 1.0, 1.0, 1.0, 1.0, 1.0, 1.0, 1.0, 1.0, 0.1, 1.0, 1.0, 1.0, 1.0, 1.0, 1.0, 1.0, 1.0, 1.0, 1.0, 1.0, 1.0, 1.0, 1.0, 1.0, 1.0, 1.0, 1.0, 1.0, 1.0, 1.0, 1.0, 1.0, 1.0, 1.0, 1.0, 1.0, 1.0, 1.0, 1.0, 1.0, 1.0, 1.0, 1.0, 1.0, 1.0, 1.0, 1.0, 1.0, 1.0, 1.0, 1.0, 1.0, 1.0, 1.0, 1.0, 1.0, 1.0, 1.0, 1.0, 1.0, 1.0, 1.0, 1.0, 1.0, 1.0, 1.0, 1.0, 1.0, 1.0, 1.0, 1.0, 1.0, 1.0, 1.0, 1.0, 1.0, 1.0, 1.0, 1.0, 1.0, 1.0, 1.0, 1.0, 1.0, 1.0, 1.0, 1.0, 1.0, 1.0, 1.0, 1.0, 1.0, 1.0, 1.0, 1.0, 1.0, 1.0, 1.0, 1.0, 1.0, 1.0, 1.0, 1.0, 1.0, 1.0, 1.0, 1.0, 1.0, 1.0], "min_weight": 0.95, "max_distance": 5}