{"n_items": 200, "weights": [0.0017999999999999722, 0.003099999999999952, 0.004199999999999935, 0.006099999999999906, 0.010599999999999835, 0.013799999999999786, 0.014999999999999769, 0.022799999999999647, 0.02649999999999959, 0.03299999999999949, 0.042299999999999345, 0.042899999999999334, 0.05369999999999917, 0.05399999999999917, 0.055399999999999144, 0.06009999999999907, 0.06179999999999904, 0.06339999999999903, 0.06609999999999898, 0.05549999999999914, 0.05339999999999918, 0.04659999999999928, 0.04299999999999934, 0.03639999999999944, 0.03199999999999951, 0.025299999999999608, 0.018999999999999705, 0.014599999999999775, 0.01099999999999983, 0.00909999999999986, 0.006199999999999904, 0.0038999999999999395, 0.0024999999999999615, 0.0017999999999999722, 0.0009999999999999846, 0.0009999999999999846, 0.00029999999999999537, 0.00019999999999999692, 0.00039999999999999384, 9.999999999999846e-05, 9.999999999999846e-17, 9.999999999999846e-05, 9.999999999999846e-17, 9.999999999999846e-17, 9.999999999999846e-17, 9.999999999999846e-17, 9.999999999999846e-17, 9.999999999999846e-17, 9.999999999999846e-17, 9.999999999999846e-17, 9.999999999999846e-17, 9.999999999999846e-17, 9.999999999999846e-17, 9.999999999999846e-17, 9.999999999999846e-17, 9.999999999999846e-17, 9.999999999999846e-17, 9.999999999999846e-17, 9.999999999999846e-17, 9.999999999999846e-17, 9.999999999999846e-17, 9.999999999999846e-17, 9.999999999999846e-17, 9.999999999999846e-17, 9.999999999999846e-17, 9.999999999999846e-17, 9.999999999999846e-17, 9.999999999999846e-17, 9.999999999999846e-17, 9.999999999999846e-17, 9.999999999999846e-17, 9.999999999999846e-17, 9.999999999999846e-17, 9.999999999999846e-17, 9.999999999999846e-17, 9.999999999999846e-17, 9.999999999999846e-17, 9.999999999999846e-17, 9.999999999999846e-17, 9.999999999999846e-17, 9.999999999999846e-17, 9.999999999999846e-17, 9.999999999999846e-17, 9.999999999999846e-17, 9.999999999999846e-17, 9.999999999999846e-17, 9.999999999999846e-17, 9.999999999999846e-17, 9.999999999999846e-17, 9.999999999999846e-17, 9.999999999999846e-17, 9.999999999999846e-17, 9.999999999999846e-17, 9.999999999999846e-17, 9.999999999999846e-17, 9.999999999999846e-17, 9.999999999999846e-17, 9.999999999999846e-17, 9.999999999999846e-17, 9.999999999999846e-17, 9.999999999999846e-17, 9.999999999999846e-17, 9.999999999999846e-17, 9.999999999999846e-17, 9.999999999999846e-17, 9.999999999999846e-17, 9.999999999999846e-17, 9.999999999999846e-17, 9.999999999999846e-17, 9.999999999999846e-17, 9.999999999999846e-17, 9.999999999999846e-17, 9.999999999999846e-17, 9.999999999999846e-17, 9.999999999999846e-17, 9.999999999999846e-17, 9.999999999999846e-17, 9.999999999999846e-17, 9.999999999999846e-17, 9.999999999999846e-17, 9.999999999999846e-17, 9.999999999999846e-17, 9.999999999999846e-17, 9.999999999999846e-17, 9.999999999999846e-17, 9.999999999999846e-17, 9.999999999999846e-17, 9.999999999999846e-17, 9.999999999999846e-17, 9.999999999999846e-17, 9.999999999999846e-17, 9.999999999999846e-17, 9.999999999999846e-17, 9.999999999999846e-17, 9.999999999999846e-17, 9.999999999999846e-17, 9.999999999999846e-17, 9.999999999999846e-17, 9.999999999999846e-17, 9.999999999999846e-17, 9.999999999999846e-17, 9.999999999999846e-17, 9.999999999999846e-17, 9.999999999999846e-17, 9.999999999999846e-17, 9.999999999999846e-17, 9.999999999999846e-17, 9.999999999999846e-17, 9.999999999999846e-17, 9.999999999999846e-17, 9.999999999999846e-17, 9.999999999999846e-17, 9.999999999999846e-17, 9.999999999999846e-17, 9.999999999999846e-17, 9.999999999999846e-17, 9.999999999999846e-17, 9.999999999999846e-17, 9.999999999999846e-17, 9.999999999999846e-17, 9.999999999999846e-17, 9.999999999999846e-17, 9.999999999999846e-17, 9.999999999999846e-17, 9.999999999999846e-17, 9.999999999999846e-17, 9.999999999999846e-17, 9.999999999999846e-17, 9.999999999999846e-17, 9.999999999999846e-17, 9.999999999999846e-17, 9.999999999999846e-17, 9.999999999999846e-17, 9.999999999999846e-17, 9.999999999999846e-17, 9.999999999999846e-17, 9.999999999999846e-17, 9.999999999999846e-17, 9.999999999999846e-17, 9.999999999999846e-17, 9.999999999999846e-17, 9.999999999999846e-17, 9.999999999999846e-17, 9.999999999999846e-17, 9.999999999999846e-17, 9.999999999999846e-17, 9.999999999999846e-17, 9.999999999999846e-17, 9.999999999999846e-17, 9.999999999999846e-17, 9.999999999999846e-17, 9.999999999999846e-17, 9.999999999999846e-17, 9.999999999999846e-17, 9.999999999999846e-17, 9.999999999999846e-17, 9.999999999999846e-17, 9.999999999999846e-17, 9.999999999999846e-17, 9.999999999999846e-17], "profits": [1.0, 1.0, 1.0, 1.0, 1.0, 1.0, 1.0, 1.0, 1.0, 1.0, 1.0, 1.0, 1.0, 1.0, 1.0, 1.0, 1.0, 1.0, 1.0, 1.0, 1.0, 1.0, 1.0, 1.0, 1.0, 1.0, 1.0, 1.0, 1.0, 1.0, 1.0, 1.0, 1.0, 1.0, 1.0, 1.0, 1.0, 1.0, 1.0, 1.0, 1.0, 1.0, 1.0, 1.0, 1.0, 1.0, 1.0, 1.0, 1.0, 1.0, 1.0, 1.0, 1.0, 1.0, 1.0, 1.0, 1.0, 1.0, 1.0, 1.0, 1.0, 1.0, 1.0, 1.0, 1.0, 1.0, 1.0, 1.0, 1.0, 1.0, 1.0, 1.0, 1.0, 1.0, 1.0, 1.0, 1.0, 1.0, 1.0, 1.0, 1.0, 1.0, 1.0, 1.0, 1.0, 1.0, 1.0, 1.0, 1.0, 1.0, 1.0, 1.0, 1.0, 1.0, 1.0, 1.0, 1.0, 1.0, 1.0, 1.0, 1.0, 1.0, 1.0, 1.0, 1.0, 1.0, 1.0, 1.0, 1.0, 1.0, 1.0, 1.0, 1.0, 1.0, 1.0, 1.0, 1.0, 1.0, 1.0, 1.0, 1.0, 1.0, 1.0, 1.0, 1.0, 1.0, 1.0, 1.0, 1.0, 1.0, 1.0, 1.0, 1.0, 1.0, 1.0, 1.0, 1.0, 1.0, 1.0, 1.0, 1.0, 1.0, 1.0, 1.0, 1.0, 1.0, 1.0, 1.0, 1.0, 1.0, 1.0, 1.0, 1.0, 1.0, 1.0, 1.0, 1.0, 1.0, 1.0, 1.0, 1.0, 1.0, 1.0, 1.0, 1.0, 1.0, 1.0, 1.0, 1.0, 1.0, 1.0, 1.0, 1.0, 1.0, 1.0, 1.0, 1.0, 1.0, 1.0, 1.0, 1.0, 1.0, 1.0, 1.0, 1.0, 1.0, 1.0, 1.0, 1.0, 1.0, 1.0, 1.0, 1.0, 1.0, 1.0, 1.0, 1.0, 1.0, 1.0, 1.0], "min_weight": 0.95, "max_distance": 2}