{"n_items": 200, "weights": [1.0368066355624537e-16, 1.0368066355624537e-16, 1.0368066355624537e-16, 1.0368066355624537e-16, 1.0368066355624537e-16, 1.0368066355624537e-16, 1.0368066355624537e-16, 1.0368066355624537e-16, 1.0368066355624537e-16, 1.0368066355624537e-16, 1.0368066355624537e-16, 1.0368066355624537e-16, 1.0368066355624537e-16, 1.0368066355624537e-16, 1.0368066355624537e-16, 1.0368066355624537e-16, 1.0368066355624537e-16, 1.0368066355624537e-16, 1.0368066355624537e-16, 1.0368066355624537e-16, 1.0368066355624537e-16, 1.0368066355624537e-16, 1.0368066355624537e-16, 1.0368066355624537e-16, 1.0368066355624537e-16, 1.0368066355624537e-16, 1.0368066355624537e-16, 1.0368066355624537e-16, 1.0368066355624537e-16, 1.0368066355624537e-16, 1.0368066355624537e-16, 1.0368066355624537e-16, 1.0368066355624537e-16, 1.0368066355624537e-16, 1.0368066355624537e-16, 1.0368066355624537e-16, 1.0368066355624537e-16, 1.0368066355624537e-16, 1.0368066355624537e-16, 1.0368066355624537e-16, 1.0368066355624537e-16, 1.0368066355624537e-16, 1.0368066355624537e-16, 1.0368066355624537e-16, 1.0368066355624537e-16, 1.0368066355624537e-16, 1.0368066355624537e-16, 1.0368066355624537e-16, 1.0368066355624537e-16, 1.0368066355624537e-16, 1.0368066355624537e-16, 0.00020736132711249075, 1.0368066355624537e-16, 0.00031104199066873614, 0.00020736132711249075, 0.00010368066355624537, 0.00031104199066873614, 0.0011404872991186991, 0.0010368066355624537, 0.0022809745982373983, 0.003421461897356097, 0.0039398652151373245, 0.004769310523587287, 0.005495075168481005, 0.009331259720062083, 0.013167444271643161, 0.014204250907205616, 0.01741835147744922, 0.021461897356142793, 0.022395023328149, 0.027890098496630007, 0.027164333851736288, 0.032659409020217293, 0.03203732503887982, 0.03214100570243607, 0.03276308968377354, 0.03442198030067346, 0.030378434421979895, 0.028823224468636215, 0.022187662001036508, 0.02083981337480532, 0.01835147744945543, 0.013789528252980635, 0.011301192327630745, 0.007050285121824686, 0.007568688439605912, 0.004872991187143533, 0.0037325038880248332, 0.0029030585795748703, 0.0018662519440124166, 0.001658890616899926, 0.0012441679626749446, 0.0010368066355624537, 0.00020736132711249075, 0.00010368066355624537, 1.0368066355624537e-16, 0.00010368066355624537, 1.0368066355624537e-16, 1.0368066355624537e-16, 0.00010368066355624537, 1.0368066355624537e-16, 1.0368066355624537e-16, 1.0368066355624537e-16, 1.0368066355624537e-16, 1.0368066355624537e-16, 1.0368066355624537e-16, 1.0368066355624537e-16, 1.0368066355624537e-16, 1.0368066355624537e-16, 1.0368066355624537e-16, 1.0368066355624537e-16, 1.0368066355624537e-16, 1.0368066355624537e-16, 1.0368066355624537e-16, 1.0368066355624537e-16, 1.0368066355624537e-16, 1.0368066355624537e-16, 1.0368066355624537e-16, 1.0368066355624537e-16, 1.0368066355624537e-16, 1.0368066355624537e-16, 1.0368066355624537e-16, 1.0368066355624537e-16, 1.0368066355624537e-16, 1.0368066355624537e-16, 1.0368066355624537e-16, 1.0368066355624537e-16, 1.0368066355624537e-16, 1.0368066355624537e-16, 1.0368066355624537e-16, 1.0368066355624537e-16, 1.0368066355624537e-16, 1.0368066355624537e-16, 1.0368066355624537e-16, 1.0368066355624537e-16, 1.0368066355624537e-16, 1.0368066355624537e-16, 1.0368066355624537e-16, 1.0368066355624537e-16, 1.0368066355624537e-16, 1.0368066355624537e-16, 1.0368066355624537e-16, 1.0368066355624537e-16, 1.0368066355624537e-16, 1.0368066355624537e-16, 1.0368066355624537e-16, 1.0368066355624537e-16, 1.0368066355624537e-16, 1.0368066355624537e-16, 1.0368066355624537e-16, 1.0368066355624537e-16, 1.0368066355624537e-16, 1.0368066355624537e-16, 1.0368066355624537e-16, 1.0368066355624537e-16, 1.0368066355624537e-16, 1.0368066355624537e-16, 1.0368066355624537e-16, 1.0368066355624537e-16, 1.0368066355624537e-16, 1.0368066355624537e-16, 1.0368066355624537e-16, 1.0368066355624537e-16, 1.0368066355624537e-16, 1.0368066355624537e-16, 1.0368066355624537e-16, 1.0368066355624537e-16, 1.0368066355624537e-16, 1.0368066355624537e-16, 1.0368066355624537e-16, 1.0368066355624537e-16, 1.0368066355624537e-16, 0.00010368066355624537, 0.00010368066355624537, 0.00010368066355624537, 0.00010368066355624537, 0.00031104199066873614, 0.0004147226542249815, 0.0012441679626749446, 0.0014515292897874352, 0.0019699326075686622, 0.0039398652151373245, 0.004976671850699778, 0.006220839813374722, 0.008916537065837102, 0.010886469673405764, 0.014722654224986843, 0.017003628823224242, 0.02042509072058034, 0.028926905132192458, 0.030482115085536138, 0.0335925349922235, 0.03742871954380458, 0.04012441679626696, 0.044375324002073016, 0.04396060134784804, 0.047174701918091644, 0.04178330741316688, 0.04085018144116068, 1.0368066355624537e-16], "profits": [1.0, 1.0, 1.0, 1.0, 1.0, 1.0, 1.0, 1.0, 1.0, 1.0, 1.0, 1.0, 1.0, 1.0, 1.0, 1.0, 1.0, 1.0, 1.0, 1.0, 1.0, 1.0, 1.0, 1.0, 1.0, 1.0, 1.0, 1.0, 1.0, 1.0, 1.0, 1.0, 1.0, 1.0, 1.0, 1.0, 1.0, 1.0, 1.0, 1.0, 1.0, 1.0, 1.0, 1.0, 1.0, 1.0, 1.0, 1.0, 1.0, 1.0, 1.0, 1.0, 1.0, 1.0, 1.0, 1.0, 1.0, 1.0, 1.0, 1.0, 1.0, 1.0, 1.0, 1.0, 1.0, 1.0, 1.0, 1.0, 1.0, 1.0, 0.1, 1.0, 0.1, 1.0, 1.0, 1.0, 1.0, 1.0, 1.0, 1.0, 1.0, 1.0, 1.0, 1.0, 1.0, 1.0, 1.0, 1.0, 1.0, 1.0, 1.0, 1.0, 1.0, 1.0, 1.0, 1.0, 1.0, 1.0, 1.0, 1.0, 1.0, 1.0, 1.0, 1.0, 1.0, 1.0, 1.0, 1.0, 1.0, 1.0, 1.0, 1.0, 1.0, 1.0, 1.0, 1.0, 1.0, 1.0, 1.0, 1.0, 1.0, 1.0, 1.0, 1.0, 1.0, 1.0, 1.0, 1.0, 1.0, 1.0, 1.0, 1.0, 1.0, 1.0, 1.0, 1.0, 1.0, 1.0, 1.0, 1.0, 1.0, 1.0, 1.0, 1.0, 1.0, 1.0, 1.0, 1.0, 1.0, 1.0, 1.0, 1.0, 1.0, 1.0, 1.0, 1.0, 1.0, 1.0, 1.0, 1.0, 1.0, 1.0, 1.0, 1.0, 1.0, 1.0, 1.0, 1.0, 1.0, 1.0, 1.0, 1.0, 1.0, 1.0, 1.0, 1.0, 1.0, 1.0, 1.0, 1.0, 1.0, 1.0, 1.0, 1.0, 1.0, 1.0, 1.0, 1.0, 1.0, 1.0, 1.0, 1.0, 1.0, 1.0, 1.0, 1.0, 1.0, 1.0, 1.0, 1.0], "min_weight": 0.95, "max_distance": 2}