{"n_items": 400, "weights": [9.999999999999905e-17, 9.999999999999905e-17, 9.999999999999905e-17, 9.999999999999905e-17, 9.999999999999905e-17, 9.999999999999905e-17, 9.999999999999905e-17, 9.999999999999905e-17, 9.999999999999905e-17, 9.999999999999905e-17, 9.999999999999905e-17, 9.999999999999905e-17, 9.999999999999905e-17, 9.999999999999905e-17, 9.999999999999905e-17, 9.999999999999905e-17, 9.999999999999905e-17, 9.999999999999905e-17, 9.999999999999905e-17, 9.999999999999905e-17, 9.999999999999905e-17, 9.999999999999905e-17, 9.999999999999905e-17, 9.999999999999905e-17, 9.999999999999905e-17, 9.999999999999905e-17, 9.999999999999905e-17, 9.999999999999905e-17, 9.999999999999905e-17, 9.999999999999905e-17, 9.999999999999905e-17, 9.999999999999905e-17, 9.999999999999905e-17, 9.999999999999905e-17, 9.999999999999905e-17, 9.999999999999905e-17, 9.999999999999905e-17, 9.999999999999905e-17, 9.999999999999905e-17, 9.999999999999905e-17, 9.999999999999905e-17, 9.999999999999905e-17, 9.999999999999905e-17, 9.999999999999905e-17, 9.999999999999905e-17, 9.999999999999905e-17, 9.999999999999906e-05, 9.999999999999905e-17, 9.999999999999905e-17, 9.999999999999905e-17, 9.999999999999905e-17, 9.999999999999905e-17, 9.999999999999906e-05, 9.999999999999905e-17, 9.999999999999905e-17, 9.999999999999905e-17, 9.999999999999905e-17, 9.999999999999905e-17, 9.999999999999905e-17, 9.999999999999905e-17, 9.999999999999906e-05, 9.999999999999905e-17, 9.999999999999905e-17, 9.999999999999905e-17, 9.999999999999905e-17, 9.999999999999905e-17, 9.999999999999905e-17, 9.999999999999905e-17, 9.999999999999905e-17, 9.999999999999905e-17, 9.999999999999905e-17, 9.999999999999906e-05, 9.999999999999905e-17, 9.999999999999906e-05, 9.999999999999905e-17, 9.999999999999905e-17, 9.999999999999905e-17, 9.999999999999906e-05, 9.999999999999906e-05, 9.999999999999905e-17, 9.999999999999906e-05, 9.999999999999905e-17, 9.999999999999906e-05, 0.0003999999999999962, 9.999999999999906e-05, 9.999999999999905e-17, 9.999999999999905e-17, 9.999999999999905e-17, 9.999999999999906e-05, 0.00029999999999999715, 9.999999999999906e-05, 0.0001999999999999981, 0.00029999999999999715, 0.0005999999999999943, 0.0001999999999999981, 0.00029999999999999715, 0.0003999999999999962, 0.00029999999999999715, 0.00029999999999999715, 0.0005999999999999943, 9.999999999999906e-05, 0.0001999999999999981, 0.0004999999999999952, 0.0001999999999999981, 9.999999999999906e-05, 0.0006999999999999934, 0.0005999999999999943, 0.0003999999999999962, 0.0005999999999999943, 0.0006999999999999934, 0.0006999999999999934, 0.0005999999999999943, 0.0004999999999999952, 0.0004999999999999952, 0.0005999999999999943, 0.0009999999999999905, 0.0005999999999999943, 0.0006999999999999934, 0.0012999999999999878, 0.0005999999999999943, 0.0005999999999999943, 0.0004999999999999952, 0.0011999999999999886, 0.0006999999999999934, 0.0016999999999999839, 0.00029999999999999715, 0.0007999999999999924, 0.0010999999999999897, 0.0005999999999999943, 0.0008999999999999915, 0.0010999999999999897, 0.0006999999999999934, 0.001599999999999985, 0.0008999999999999915, 0.001599999999999985, 0.0011999999999999886, 0.0016999999999999839, 0.001599999999999985, 0.001899999999999982, 0.001999999999999981, 0.001799999999999983, 0.001899999999999982, 0.0026999999999999746, 0.0026999999999999746, 0.0022999999999999783, 0.0023999999999999772, 0.0026999999999999746, 0.002499999999999976, 0.00209999999999998, 0.0021999999999999793, 0.0016999999999999839, 0.00209999999999998, 0.0021999999999999793, 0.001899999999999982, 0.0033999999999999677, 0.00319999999999997, 0.0021999999999999793, 0.003799999999999964, 0.00319999999999997, 0.0034999999999999667, 0.0025999999999999756, 0.0029999999999999714, 0.0027999999999999735, 0.0026999999999999746, 0.0028999999999999725, 0.0034999999999999667, 0.00319999999999997, 0.004499999999999957, 0.0034999999999999667, 0.0029999999999999714, 0.004699999999999956, 0.003699999999999965, 0.006199999999999942, 0.003799999999999964, 0.004099999999999961, 0.00419999999999996, 0.005599999999999947, 0.005199999999999951, 0.005499999999999948, 0.004699999999999956, 0.004299999999999959, 0.005799999999999945, 0.006199999999999942, 0.004699999999999956, 0.004699999999999956, 0.005199999999999951, 0.005599999999999947, 0.006099999999999942, 0.005399999999999949, 0.007099999999999933, 0.005699999999999946, 0.00629999999999994, 0.0065999999999999375, 0.005999999999999943, 0.003799999999999964, 0.005999999999999943, 0.006499999999999938, 0.0047999999999999545, 0.00639999999999994, 0.006699999999999937, 0.007699999999999927, 0.008999999999999914, 0.006499999999999938, 0.007299999999999931, 0.00739999999999993, 0.007799999999999926, 0.00629999999999994, 0.00739999999999993, 0.007099999999999933, 0.006899999999999935, 0.007199999999999932, 0.008699999999999918, 0.008099999999999923, 0.007099999999999933, 0.00839999999999992, 0.007699999999999927, 0.0067999999999999354, 0.0074999999999999295, 0.007299999999999931, 0.007899999999999924, 0.007999999999999924, 0.007699999999999927, 0.009299999999999913, 0.007999999999999924, 0.007299999999999931, 0.009099999999999914, 0.009999999999999905, 0.007799999999999926, 0.008199999999999923, 0.008199999999999923, 0.007999999999999924, 0.007699999999999927, 0.006199999999999942, 0.009299999999999913, 0.0074999999999999295, 0.007699999999999927, 0.008199999999999923, 0.009199999999999913, 0.005899999999999944, 0.007999999999999924, 0.007299999999999931, 0.007199999999999932, 0.008499999999999919, 0.007599999999999928, 0.007199999999999932, 0.0065999999999999375, 0.007999999999999924, 0.007599999999999928, 0.007099999999999933, 0.00839999999999992, 0.00629999999999994, 0.0065999999999999375, 0.0074999999999999295, 0.0074999999999999295, 0.007899999999999924, 0.007699999999999927, 0.006499999999999938, 0.00639999999999994, 0.006199999999999942, 0.005399999999999949, 0.0067999999999999354, 0.005799999999999945, 0.00739999999999993, 0.006099999999999942, 0.006099999999999942, 0.007299999999999931, 0.007099999999999933, 0.005899999999999944, 0.005499999999999948, 0.00529999999999995, 0.005799999999999945, 0.004099999999999961, 0.005199999999999951, 0.00629999999999994, 0.005199999999999951, 0.004299999999999959, 0.005999999999999943, 0.005999999999999943, 0.00639999999999994, 0.004999999999999952, 0.004399999999999959, 0.0045999999999999566, 0.003799999999999964, 0.004099999999999961, 0.003899999999999963, 0.0033999999999999677, 0.004399999999999959, 0.00529999999999995, 0.003099999999999971, 0.003799999999999964, 0.0027999999999999735, 0.0028999999999999725, 0.003799999999999964, 0.0032999999999999688, 0.00319999999999997, 0.00319999999999997, 0.0022999999999999783, 0.003099999999999971, 0.0029999999999999714, 0.003599999999999966, 0.0028999999999999725, 0.0022999999999999783, 0.0026999999999999746, 0.0022999999999999783, 0.0022999999999999783, 0.0013999999999999868, 0.002499999999999976, 0.001899999999999982, 0.002499999999999976, 0.0023999999999999772, 0.00209999999999998, 0.001799999999999983, 0.0014999999999999857, 0.0014999999999999857, 0.001999999999999981, 0.001599999999999985, 0.001599999999999985, 0.0013999999999999868, 0.00209999999999998, 0.0014999999999999857, 0.0014999999999999857, 0.0010999999999999897, 0.0014999999999999857, 0.0011999999999999886, 0.0011999999999999886, 0.001599999999999985, 0.001899999999999982, 0.0012999999999999878, 0.0013999999999999868, 0.0008999999999999915, 0.0008999999999999915, 0.0007999999999999924, 0.0008999999999999915, 0.001599999999999985, 0.0005999999999999943, 0.0006999999999999934, 0.00029999999999999715, 0.0012999999999999878, 0.0007999999999999924, 0.0005999999999999943, 0.0009999999999999905, 0.0004999999999999952, 0.0003999999999999962, 0.0005999999999999943, 0.00029999999999999715, 0.0003999999999999962, 0.0005999999999999943, 0.0004999999999999952, 0.0001999999999999981, 9.999999999999906e-05, 0.0004999999999999952, 0.0001999999999999981, 9.999999999999906e-05, 