{"n_items": 400, "weights": [0.003212444389185982, 0.0021416643787958334, 0.0017761782745918497, 0.0020344342963278376, 0.001643589878088684, 0.0010923407061635688, 0.0014066088026463053, 0.0022757072871471876, 0.0024838375777732177, 0.0033445960806097377, 0.0019771984070552726, 0.0031951159014344042, 0.002895302800022769, 0.0036383136684625802, 0.0022821348440635143, 0.002375333448150204, 0.0029344479058156167, 0.001536036425720565, 0.002273772759998169, 0.001866384979724843, 0.0033444424061321487, 0.0016246595233713305, 0.0028433026913746665, 0.0028432705934087693, 0.002495196007962338, 0.002362729938355521, 0.00369313175740793, 0.0021766626844153406, 0.002742948060643685, 0.0024292185605781945, 0.001692112462298936, 0.003067914002924329, 0.0030387715022042617, 0.0012600696285966781, 0.00274805289773017, 0.0019681241707288845, 0.002980161012316986, 0.0026195945418953726, 0.0024444946645394987, 0.002128594564653119, 0.0015837893887445777, 0.0036063291390785405, 0.0032191136201268973, 0.002363898078527761, 0.0022226214080863366, 0.001926730316271732, 0.0026004299974025065, 0.0020031779349892367, 0.0027286330911240613, 0.00273875329328115, 0.0031261314118312105, 0.0031060129403189785, 0.002016805273183413, 0.002285131612841983, 0.003760838116680062, 0.002781172278718855, 0.0024200762229679746, 0.0034133494179434004, 0.0017363773411857189, 0.0012957553629047516, 0.002321596608926922, 0.0021996727907637554, 0.002684166259026082, 0.002038494414571137, 0.0022855788711252526, 0.0030824580715345697, 0.0020108913975812694, 0.0018808110935370915, 0.0014645960368390124, 0.0026673738412662995, 0.0018446743987465168, 0.0017114349973894553, 0.002939909061321906, 0.0028611889144529333, 0.00278171278998408, 0.003122798314967725, 0.0008974547682829541, 0.0021124983695203726, 0.0024652636850465474, 0.00227523802092603, 0.0026516111440806054, 0.0029252311824009627, 0.00196931503548438, 0.0031152667710656434, 0.0027089564827351646, 0.0032818215022359007, 0.0027385833979255763, 0.004333345610180096, 0.0028943780996789153, 0.0021285986172401086, 0.003254043232865803, 0.0009376324667693518, 0.002181673114436228, 0.002238110448001024, 0.0027369009664372766, 0.001812025276980566, 0.0024656426827664533, 0.0019030500122323277, 0.0036618609974943942, 0.0028065678565307095, 0.002843982799657382, 0.0030367173447318463, 0.001876023968960581, 0.002585383938034457, 0.002615466345035527, 0.002555882893187512, 0.0015562482564280063, 0.0021940993722990142, 0.002119963836269083, 0.0029643879215242555, 0.002668508731160525, 0.0016152887403197212, 0.002408224826353282, 0.0023879122237685764, 0.002952080620252365, 0.0035947804205666116, 0.0023126219222577783, 0.0015685935933772348, 0.0025967182317802044, 0.00259521350707245, 0.0019874426713211843, 0.003242640067738258, 0.0019311818718897196, 0.00306776052848187, 0.0022486904257272775, 0.001842673303983059, 0.002455699615745117, 0.0022314794088851416, 0.0021554729378277355, 0.003982898475852392, 0.0028831186194834477, 0.002870189666194242, 0.001644549434962629, 0.002299218465201196, 0.0024974075732216955, 0.0021544621003650936, 0.0012552800808222683, 0.001394981466540235, 0.002137682719669373, 0.0013416785653320438, 0.0023980521143977915, 0.0034091060195734573, 0.0023710844654545034, 0.002588878928758527, 0.0027317836046711523, 0.002465888810651186, 0.0023576419688049986, 0.0025467956307946103, 0.002844758123798051, 0.0019812676847597126, 0.0023357004216264833, 0.0026260715365025353, 0.0021775857757843544, 0.0022307111617122723, 0.0029148494413528472, 0.0029672002023034237, 0.0026290040277308093, 0.0019980456837897873, 0.002653226159886009, 0.0018066619684805928, 0.0028559516607398147, 0.002712170007834625, 0.0031722181428649188, 0.0035842481946841884, 0.0016819605031687358, 0.0024632785143662776, 0.0020799765666278244, 0.0014146950329011704, 0.002439200376400706, 0.002260002860907555, 0.003426283046289213, 0.0013184880719081936, 0.0028226419375076642, 0.0021707499153559547, 0.00274030535574043, 0.003018402285509514, 0.00271991357039993, 0.001787627543832016, 0.0034197679558514264, 0.0017956772929329718, 0.001860099496444241, 0.002295801516060154, 0.0022667975667696326, 0.0031080219309477883, 0.0027236329218936046, 0.0020353893063853636, 0.0027275551763077267, 0.002101703137944499, 0.002354860063314256, 0.0026135634255559483, 0.0014483004894717412, 0.0024672792496809215, 0.0026878303918865436, 0.0027749853099156207, 0.001776304343007919, 0.0027792584638041545, 0.004419584397061486, 0.002355747954083001, 0.002354022023365545, 0.0020227507880579325, 0.001986769064180146, 0.0026804898831760014, 0.0024632222030054815, 0.002233553396984, 0.0030090499435059246, 0.0024768331023043563, 0.00177418813779386, 0.0014401314675683867, 0.0020864383878093913, 0.0020073953354506884, 0.0027586474518957183, 0.002790684365717763, 0.0027643418515933896, 0.002154386797805022, 0.0016918259806010978, 0.0023822187313179335, 0.001870505988008273, 0.002975520181614859, 0.003280248745977, 0.0030361903770551105, 0.003008846387263974, 0.00224109970125379, 0.0037382916701485724, 0.002657799350506024, 0.002530413385178834, 0.0030177397051997542, 0.0027891979502340175, 0.0028007641883746504, 0.002432246428652448, 0.002991378228645718, 0.002806032116929539, 0.003104125520504526, 0.0026119356311735285, 0.0014519560428187972, 0.002473881105834777, 0.0029048533571525144, 0.0023791170091492253, 0.002840556371221209, 0.003014998857122013, 0.002969600451518985, 0.0023351619475401393, 0.0030724390687421814, 0.0017479544974985139, 0.0029036085510892144, 0.0020296392705554398, 0.00305173982793216, 0.0028337281385064834, 0.0017490188796164049, 0.002284355123363599, 0.002390148998620524, 0.0022019543000951157, 0.0014860109154535216, 0.001964251030097051, 0.002992267221227337, 0.002504342927662917, 0.0036438741515679367, 0.0013458877718876686, 0.002295560104130995, 0.003670082927325846, 0.002716438047111845, 0.0017633531715419352, 0.0036324091847133376, 0.0031130309110737543, 0.002490103932979548, 0.003669573170481756, 0.0029752224438031887, 0.0018915675564831814, 0.0037921092520104985, 0.00113498507505764, 0.001885380239494219, 0.0020234009576945503, 0.003633316801642932, 0.0030733757194389088, 0.002858082600392821, 0.0026603183667406123, 0.0021263918708108558, 0.002795550888635223, 0.0016873506702607597, 0.002419144387743491, 0.002623558750793377, 0.0028031274571701102, 0.003614055134294801, 0.0022729649904234526, 0.003262381282225364, 0.0038214371359482123, 0.002721333430774597, 0.0032276914694062183, 0.0027030683265835565, 0.0029185845329841834, 0.002614384787195224, 0.002836862606183553, 0.0017254000482107717, 0.0032254829705521642, 0.001908357079152132, 0.002454154362038591, 0.003466409372608987, 0.00230251698120555, 0.0017814180503662618, 0.0016358718923512403, 0.001871930649533292, 0.0028769847538540473, 0.003059286815980605, 0.002988742557834226, 0.002084603887058673, 0.0033004259052389793, 0.003242101430175484, 0.002266253175453405, 0.0015678317350362808, 0.0027497086444632675, 0.0023325030325650332, 0.0024236454745159702, 0.002337962146272222, 0.0029538124656224808, 0.001430250184190917, 0.002113273725969602, 0.002331470752183157, 0.0023297376811098535, 0.0018030056170827847, 0.0026984949138907696, 0.003145026891046214, 0.0020445277068797726, 0.0032323799016944796, 0.0023694774972717646, 0.0018480021701084886, 0.001517153386909849, 0.002953734405299034, 0.0019703981728191483, 0.0022760850414965898, 0.0031871485052268706, 0.0019508223107126497, 0.002711446357175601, 0.0032998890605746823, 0.0024722922983383467, 0.0030714522671201924, 0.00245676739534032, 0.003925163495576246, 0.003637298735694791, 0.003222163880760972, 0.0031578072774489313, 0.002048833279790248, 0.003309383790668511, 0.0023993575044082022, 0.002166218586524188, 0.0026929833627159475, 0.0027182375162394887, 0.0031886160565228867, 0.0029930408262373, 0.002751629283301193, 0.002052849844425281, 0.00136971247932971, 0.0031416836447460067, 0.002984542806897424, 0.0018283663748016798, 0.002097130761183794, 