{"n_items": 400, "weights": [9.999999999999773e-17, 9.999999999999773e-17, 9.999999999999773e-17, 9.999999999999773e-17, 9.999999999999773e-17, 9.999999999999773e-17, 9.999999999999773e-17, 9.999999999999773e-17, 9.999999999999773e-17, 9.999999999999773e-17, 9.999999999999773e-17, 9.999999999999773e-17, 9.999999999999773e-17, 9.999999999999773e-17, 9.999999999999773e-17, 9.999999999999773e-17, 9.999999999999773e-17, 9.999999999999773e-17, 9.999999999999773e-17, 9.999999999999773e-17, 9.999999999999773e-17, 9.999999999999773e-17, 9.999999999999773e-17, 9.999999999999773e-17, 9.999999999999773e-17, 9.999999999999773e-17, 9.999999999999773e-17, 9.999999999999773e-17, 9.999999999999773e-17, 9.999999999999773e-17, 9.999999999999773e-17, 9.999999999999773e-17, 9.999999999999773e-17, 9.999999999999773e-17, 9.999999999999773e-17, 9.999999999999773e-17, 9.999999999999773e-17, 9.999999999999773e-17, 9.999999999999773e-17, 9.999999999999773e-17, 9.999999999999773e-17, 9.999999999999773e-17, 9.999999999999773e-17, 9.999999999999773e-17, 9.999999999999773e-17, 9.999999999999773e-17, 9.999999999999773e-17, 9.999999999999773e-17, 9.999999999999773e-17, 9.999999999999773e-17, 9.999999999999773e-17, 9.999999999999773e-17, 9.999999999999773e-17, 9.999999999999773e-17, 9.999999999999773e-17, 9.999999999999773e-17, 9.999999999999773e-17, 9.999999999999773e-17, 9.999999999999773e-17, 9.999999999999773e-17, 9.999999999999773e-17, 9.999999999999773e-17, 9.999999999999773e-17, 9.999999999999773e-17, 9.999999999999773e-17, 9.999999999999773e-17, 9.999999999999773e-17, 9.999999999999773e-17, 9.999999999999773e-17, 9.999999999999773e-17, 9.999999999999773e-17, 9.999999999999773e-17, 9.999999999999773e-17, 9.999999999999773e-17, 9.999999999999773e-17, 9.999999999999773e-17, 9.999999999999773e-17, 9.999999999999773e-17, 9.999999999999773e-17, 9.999999999999773e-17, 9.999999999999773e-17, 9.999999999999773e-17, 9.999999999999773e-17, 9.999999999999773e-17, 9.999999999999773e-17, 9.999999999999773e-17, 9.999999999999773e-17, 9.999999999999773e-17, 9.999999999999773e-17, 9.999999999999773e-17, 9.999999999999773e-17, 9.999999999999773e-17, 9.999999999999773e-17, 9.999999999999773e-17, 9.999999999999773e-17, 9.999999999999773e-17, 9.999999999999773e-05, 9.999999999999773e-17, 9.999999999999773e-17, 9.999999999999773e-17, 9.999999999999773e-17, 9.999999999999773e-17, 9.999999999999773e-17, 9.999999999999773e-17, 9.999999999999773e-17, 9.999999999999773e-17, 9.999999999999773e-05, 9.999999999999773e-17, 9.999999999999773e-17, 9.999999999999773e-17, 9.999999999999773e-05, 9.999999999999773e-17, 9.999999999999773e-17, 9.999999999999773e-17, 9.999999999999773e-05, 9.999999999999773e-05, 9.999999999999773e-05, 9.999999999999773e-05, 9.999999999999773e-17, 0.00019999999999999546, 9.999999999999773e-05, 9.999999999999773e-05, 0.00019999999999999546, 9.999999999999773e-17, 0.0002999999999999932, 9.999999999999773e-05, 0.0002999999999999932, 0.00019999999999999546, 9.999999999999773e-05, 0.00019999999999999546, 0.0005999999999999864, 0.00019999999999999546, 0.0002999999999999932, 0.00019999999999999546, 0.0002999999999999932, 0.0008999999999999795, 0.001099999999999975, 0.0006999999999999841, 0.0008999999999999795, 0.0005999999999999864, 0.0006999999999999841, 0.0009999999999999773, 0.001099999999999975, 0.0012999999999999705, 0.001499999999999966, 0.0016999999999999613, 0.0006999999999999841, 0.001799999999999959, 0.002299999999999948, 0.0023999999999999456, 0.0016999999999999613, 0.0023999999999999456, 0.00219999999999995, 0.002899999999999934, 0.003299999999999925, 0.0033999999999999226, 0.004199999999999904, 0.0033999999999999226, 0.004799999999999891, 0.004499999999999897, 0.0049999999999998865, 0.005399999999999877, 0.005899999999999865, 0.005899999999999865, 0.005199999999999882, 0.005499999999999875, 0.006199999999999859, 0.007199999999999836, 0.007999999999999818, 0.009199999999999792, 0.008499999999999806, 0.006899999999999843, 0.008899999999999797, 0.008099999999999816, 0.009399999999999787, 0.01009999999999977, 0.010199999999999768, 0.010399999999999764, 0.009999999999999773, 0.01189999999999973, 0.012299999999999721, 0.012199999999999723, 0.011499999999999738, 0.01359999999999969, 0.013999999999999681, 0.012699999999999712, 0.015099999999999657, 0.014299999999999674, 0.015099999999999657, 0.013699999999999688, 0.01279999999999971, 0.013699999999999688, 0.013899999999999683, 0.016099999999999635, 0.01629999999999963, 0.014499999999999671, 0.014799999999999664, 0.013999999999999681, 0.016099999999999635, 0.016899999999999617, 0.01589999999999964, 0.01799999999999959, 0.015999999999999636, 0.016499999999999626, 0.01799999999999959, 0.01619999999999963, 0.017199999999999608, 0.015599999999999645, 0.01179999999999973, 0.014499999999999671, 0.01629999999999963, 0.01499999999999966, 0.013099999999999702, 0.013499999999999693, 0.014299999999999674, 0.013799999999999686, 0.011699999999999733, 0.014899999999999662, 0.011599999999999736, 0.011999999999999728, 0.011599999999999736, 0.0131999999999997, 0.011499999999999738, 0.008499999999999806, 0.010199999999999768, 0.008899999999999797, 0.009999999999999773, 0.0087999999999998, 0.008599999999999804, 0.007799999999999823, 0.007199999999999836, 0.006399999999999855, 0.004899999999999889, 0.008299999999999811, 0.0043999999999999, 0.006499999999999852, 0.004199999999999904, 0.005999999999999864, 0.0038999999999999114, 0.004799999999999891, 0.0027999999999999362, 0.003299999999999925, 0.0031999999999999273, 0.003299999999999925, 0.002899999999999934, 0.002999999999999932, 0.0023999999999999456, 0.0027999999999999362, 0.0030999999999999296, 0.002299999999999948, 0.0013999999999999681, 0.0016999999999999613, 0.0011999999999999728, 0.0013999999999999681, 0.0007999999999999818, 0.0016999999999999613, 0.0011999999999999728, 0.001099999999999975, 0.001799999999999959, 0.0006999999999999841, 0.0008999999999999795, 0.0005999999999999864, 0.0008999999999999795, 0.0004999999999999886, 0.0005999999999999864, 0.0007999999999999818, 0.0007999999999999818, 0.0002999999999999932, 0.0003999999999999909, 0.0004999999999999886, 9.999999999999773e-17, 0.0002999999999999932, 9.999999999999773e-05, 9.999999999999773e-17, 0.0002999999999999932, 0.0002999999999999932, 0.00019999999999999546, 0.00019999999999999546, 0.0003999999999999909, 9.999999999999773e-05, 9.999999999999773e-05, 9.999999999999773e-05, 0.00019999999999999546, 9.999999999999773e-17, 9.999999999999773e-17, 9.999999999999773e-05, 9.999999999999773e-17, 9.999999999999773e-17, 9.999999999999773e-05, 9.999999999999773e-17, 9.999999999999773e-05, 0.00019999999999999546, 9.999999999999773e-17, 9.999999999999773e-17, 9.999999999999773e-17, 9.999999999999773e-17, 9.999999999999773e-17, 9.999999999999773e-17, 9.999999999999773e-05, 9.999999999999773e-17, 9.999999999999773e-17, 9.999999999999773e-17, 9.999999999999773e-17, 9.999999999999773e-17, 9.999999999999773e-17, 9.999999999999773e-17, 9.999999999999773e-17, 9.999999999999773e-17, 9.999999999999773e-17, 9.999999999999773e-17, 9.999999999999773e-17, 9.999999999999773e-17, 9.999999999999773e-17, 9.999999999999773e-17, 9.999999999999773e-17, 9.999999999999773e-17, 9.999999999999773e-17, 9.999999999999773e-17, 9.999999999999773e-17, 9.999999999999773e-17, 9.999999999999773e-17, 9.999999999999773e-17, 9.999999999999773e-17, 9.999999999999773e-17, 9.999999999999773e-17, 9.999999999999773e-17, 9.999999999999773e-17, 9.999999999999773e-17, 9.999999999999773e-17, 9.999999999999773e-17, 9.999999999999773e-17, 9.999999999999773e-17, 9.999999999999773e-17, 9.999999999999773e-17, 9.999999999999773e-17, 9.999999999999773e-17, 9.999999999999773e-17, 9.999999999999773e-17, 9.999999999999773e-17, 9.999999999999773e-17, 9.999999999999773e-17, 9.999999999999773e-17, 9.999999999999773e-17, 9.999999999999773e-17, 9.999999999999773e-17, 9.999999999999773e-17, 9.999999999999773e-17, 9.999999999999773e-17, 9.999999999999773e-17, 9.999999999999773e-17, 9.999999999999773e-17, 