{"n_items": 200, "weights": [1.0096930533117763e-16, 1.0096930533117763e-16, 1.0096930533117763e-16, 1.0096930533117763e-16, 1.0096930533117763e-16, 1.0096930533117763e-16, 1.0096930533117763e-16, 1.0096930533117763e-16, 1.0096930533117763e-16, 1.0096930533117763e-16, 1.0096930533117763e-16, 1.0096930533117763e-16, 1.0096930533117763e-16, 1.0096930533117763e-16, 1.0096930533117763e-16, 1.0096930533117763e-16, 1.0096930533117763e-16, 1.0096930533117763e-16, 1.0096930533117763e-16, 1.0096930533117763e-16, 1.0096930533117763e-16, 1.0096930533117763e-16, 1.0096930533117763e-16, 1.0096930533117763e-16, 1.0096930533117763e-16, 1.0096930533117763e-16, 1.0096930533117763e-16, 1.0096930533117763e-16, 1.0096930533117763e-16, 1.0096930533117763e-16, 1.0096930533117763e-16, 1.0096930533117763e-16, 1.0096930533117763e-16, 1.0096930533117763e-16, 1.0096930533117763e-16, 1.0096930533117763e-16, 1.0096930533117763e-16, 1.0096930533117763e-16, 1.0096930533117763e-16, 1.0096930533117763e-16, 1.0096930533117763e-16, 1.0096930533117763e-16, 1.0096930533117763e-16, 1.0096930533117763e-16, 1.0096930533117763e-16, 1.0096930533117763e-16, 1.0096930533117763e-16, 1.0096930533117763e-16, 1.0096930533117763e-16, 1.0096930533117763e-16, 1.0096930533117763e-16, 1.0096930533117763e-16, 1.0096930533117763e-16, 1.0096930533117763e-16, 1.0096930533117763e-16, 1.0096930533117763e-16, 1.0096930533117763e-16, 1.0096930533117763e-16, 1.0096930533117763e-16, 1.0096930533117763e-16, 1.0096930533117763e-16, 1.0096930533117763e-16, 1.0096930533117763e-16, 1.0096930533117763e-16, 1.0096930533117763e-16, 1.0096930533117763e-16, 1.0096930533117763e-16, 1.0096930533117763e-16, 1.0096930533117763e-16, 1.0096930533117763e-16, 1.0096930533117763e-16, 1.0096930533117763e-16, 1.0096930533117763e-16, 1.0096930533117763e-16, 1.0096930533117763e-16, 1.0096930533117763e-16, 1.0096930533117763e-16, 1.0096930533117763e-16, 1.0096930533117763e-16, 1.0096930533117763e-16, 1.0096930533117763e-16, 1.0096930533117763e-16, 1.0096930533117763e-16, 1.0096930533117763e-16, 1.0096930533117763e-16, 1.0096930533117763e-16, 1.0096930533117763e-16, 1.0096930533117763e-16, 1.0096930533117763e-16, 1.0096930533117763e-16, 1.0096930533117763e-16, 1.0096930533117763e-16, 1.0096930533117763e-16, 1.0096930533117763e-16, 1.0096930533117763e-16, 1.0096930533117763e-16, 1.0096930533117763e-16, 1.0096930533117763e-16, 1.0096930533117763e-16, 1.0096930533117763e-16, 1.0096930533117763e-16, 1.0096930533117763e-16, 1.0096930533117763e-16, 1.0096930533117763e-16, 1.0096930533117763e-16, 1.0096930533117763e-16, 1.0096930533117763e-16, 1.0096930533117763e-16, 1.0096930533117763e-16, 1.0096930533117763e-16, 1.0096930533117763e-16, 1.0096930533117763e-16, 1.0096930533117763e-16, 1.0096930533117763e-16, 1.0096930533117763e-16, 1.0096930533117763e-16, 1.0096930533117763e-16, 1.0096930533117763e-16, 1.0096930533117763e-16, 1.0096930533117763e-16, 1.0096930533117763e-16, 1.0096930533117763e-16, 1.0096930533117763e-16, 1.0096930533117763e-16, 1.0096930533117763e-16, 1.0096930533117763e-16, 1.0096930533117763e-16, 1.0096930533117763e-16, 1.0096930533117763e-16, 1.0096930533117763e-16, 1.0096930533117763e-16, 1.0096930533117763e-16, 1.0096930533117763e-16, 1.0096930533117763e-16, 1.0096930533117763e-16, 1.0096930533117763e-16, 1.0096930533117763e-16, 1.0096930533117763e-16, 1.0096930533117763e-16, 1.0096930533117763e-16, 1.0096930533117763e-16, 1.0096930533117763e-16, 1.0096930533117763e-16, 1.0096930533117763e-16, 1.0096930533117763e-16, 1.0096930533117763e-16, 1.0096930533117763e-16, 1.0096930533117763e-16, 1.0096930533117763e-16, 1.0096930533117763e-16, 1.0096930533117763e-16, 1.0096930533117763e-16, 1.0096930533117763e-16, 1.0096930533117763e-16, 1.0096930533117763e-16, 1.0096930533117763e-16, 1.0096930533117763e-16, 1.0096930533117763e-16, 1.0096930533117763e-16, 1.0096930533117763e-16, 1.0096930533117763e-16, 1.0096930533117763e-16, 1.0096930533117763e-16, 1.0096930533117763e-16, 0.00020193861066235527, 0.00020193861066235527, 0.00020193861066235527, 0.00040387722132471053, 0.0008077544426494211, 0.0012116316639741317, 0.002524232633279441, 0.0032310177705976843, 0.004846526655896527, 0.006563004846526546, 0.008279483037156567, 0.01070274636510483, 0.014034733441033691, 0.016760904684975486, 0.021102584814216126, 0.027968497576736206, 0.03311793214862627, 0.041902261712438715, 0.04684975767366642, 0.050585621970919994, 0.05815831987075832, 0.06431744749596015, 0.06825525040387607, 0.06734652665589548, 0.06532714054927193, 0.06401453957996663, 0.054725363489498274, 0.052302100161550014, 0.04846526655896526, 0.04271001615508814, 0.03422859450726922, 0.03079563812600918, 0.024030694668820275, 0.01787156704361844, 0.015953150242326065, 1.0096930533117763e-16], "profits": [1.0, 1.0, 1.0, 1.0, 1.0, 1.0, 1.0, 1.0, 1.0, 1.0, 1.0, 1.0, 1.0, 1.0, 1.0, 1.0, 1.0, 1.0, 1.0, 1.0, 1.0, 1.0, 1.0, 1.0, 1.0, 1.0, 1.0, 1.0, 1.0, 1.0, 1.0, 1.0, 1.0, 1.0, 1.0, 1.0, 1.0, 1.0, 1.0, 1.0, 1.0, 1.0, 1.0, 1.0, 1.0, 1.0, 1.0, 1.0, 1.0, 1.0, 1.0, 1.0, 1.0, 1.0, 1.0, 1.0, 1.0, 1.0, 1.0, 1.0, 1.0, 1.0, 1.0, 1.0, 1.0, 1.0, 1.0, 1.0, 1.0, 1.0, 1.0, 1.0, 1.0, 1.0, 1.0, 1.0, 1.0, 1.0, 1.0, 1.0, 1.0, 1.0, 1.0, 1.0, 1.0, 1.0, 1.0, 1.0, 1.0, 1.0, 1.0, 1.0, 1.0, 1.0, 1.0, 1.0, 1.0, 1.0, 1.0, 1.0, 1.0, 1.0, 1.0, 1.0, 1.0, 1.0, 1.0, 1.0, 1.0, 1.0, 1.0, 1.0, 1.0, 1.0, 1.0, 1.0, 1.0, 1.0, 1.0, 1.0, 1.0, 1.0, 1.0, 1.0, 1.0, 1.0, 1.0, 1.0, 1.0, 1.0, 1.0, 1.0, 1.0, 1.0, 1.0, 1.0, 1.0, 1.0, 1.0, 1.0, 1.0, 1.0, 1.0, 1.0, 1.0, 1.0, 1.0, 1.0, 1.0, 1.0, 1.0, 1.0, 1.0, 1.0, 1.0, 1.0, 1.0, 1.0, 1.0, 1.0, 1.0, 1.0, 1.0, 1.0, 1.0, 1.0, 1.0, 1.0, 1.0, 1.0, 1.0, 1.0, 1.0, 1.0, 1.0, 1.0, 1.0, 1.0, 0.1, 1.0, 0.1, 1.0, 1.0, 1.0, 1.0, 1.0, 1.0, 1.0, 1.0, 1.0, 1.0, 1.0, 1.0, 1.0, 1.0, 1.0, 1.0, 1.0, 1.0, 1.0], "min_weight": 0.95, "max_distance": 2}