{"n_items": 200, "weights": [9.999999999999888e-17, 9.999999999999888e-17, 9.999999999999888e-17, 9.999999999999888e-17, 9.999999999999888e-17, 9.999999999999888e-17, 9.999999999999888e-17, 9.999999999999888e-17, 9.999999999999888e-17, 9.999999999999887e-05, 9.999999999999888e-17, 9.999999999999888e-17, 9.999999999999888e-17, 9.999999999999887e-05, 0.0002999999999999966, 0.0002999999999999966, 9.999999999999888e-17, 9.999999999999888e-17, 0.00019999999999999773, 9.999999999999888e-17, 0.0006999999999999921, 0.00019999999999999773, 0.0004999999999999944, 0.0007999999999999909, 0.0011999999999999865, 0.0007999999999999909, 0.0019999999999999775, 0.0013999999999999842, 0.002499999999999972, 0.0028999999999999673, 0.003099999999999965, 0.004199999999999953, 0.004499999999999949, 0.003699999999999958, 0.004299999999999951, 0.006799999999999923, 0.006999999999999921, 0.00789999999999991, 0.009999999999999887, 0.012199999999999862, 0.011099999999999876, 0.014099999999999842, 0.014299999999999839, 0.017299999999999805, 0.01679999999999981, 0.02049999999999977, 0.02149999999999976, 0.01889999999999979, 0.023199999999999738, 0.024299999999999725, 0.027599999999999687, 0.028199999999999684, 0.03259999999999963, 0.028599999999999678, 0.03089999999999965, 0.028699999999999677, 0.03199999999999964, 0.027999999999999685, 0.03379999999999962, 0.033399999999999624, 0.030499999999999656, 0.031699999999999645, 0.0266999999999997, 0.030699999999999655, 0.028099999999999684, 0.028999999999999672, 0.025499999999999714, 0.024299999999999725, 0.02299999999999974, 0.0177999999999998, 0.019799999999999776, 0.01619999999999982, 0.01589999999999982, 0.015499999999999825, 0.014499999999999836, 0.01239999999999986, 0.011299999999999873, 0.009599999999999892, 0.009499999999999892, 0.008599999999999903, 0.006099999999999931, 0.004899999999999944, 0.004199999999999953, 0.004299999999999951, 0.0026999999999999694, 0.003099999999999965, 0.0019999999999999775, 0.0007999999999999909, 0.0018999999999999785, 0.0010999999999999875, 0.0008999999999999899, 0.0008999999999999899, 0.00039999999999999547, 0.00019999999999999773, 0.00039999999999999547, 0.00039999999999999547, 0.0006999999999999921, 0.0002999999999999966, 9.999999999999887e-05, 9.999999999999888e-17, 9.999999999999887e-05, 0.0002999999999999966, 9.999999999999888e-17, 9.999999999999888e-17, 9.999999999999888e-17, 9.999999999999888e-17, 9.999999999999888e-17, 9.999999999999887e-05, 9.999999999999888e-17, 9.999999999999888e-17, 9.999999999999888e-17, 9.999999999999888e-17, 9.999999999999888e-17, 9.999999999999888e-17, 9.999999999999888e-17, 9.999999999999888e-17, 9.999999999999888e-17, 9.999999999999888e-17, 9.999999999999888e-17, 9.999999999999888e-17, 9.999999999999888e-17, 9.999999999999888e-17, 9.999999999999888e-17, 9.999999999999888e-17, 9.999999999999888e-17, 9.999999999999888e-17, 9.999999999999888e-17, 9.999999999999888e-17, 9.999999999999888e-17, 9.999999999999888e-17, 9.999999999999888e-17, 9.999999999999888e-17, 9.999999999999888e-17, 9.999999999999888e-17, 9.999999999999888e-17, 9.999999999999888e-17, 9.999999999999888e-17, 9.999999999999888e-17, 9.999999999999888e-17, 9.999999999999888e-17, 9.999999999999888e-17, 9.999999999999888e-17, 9.999999999999888e-17, 9.999999999999888e-17, 9.999999999999888e-17, 9.999999999999888e-17, 9.999999999999888e-17, 9.999999999999888e-17, 9.999999999999888e-17, 9.999999999999888e-17, 9.999999999999888e-17, 9.999999999999888e-17, 9.999999999999888e-17, 9.999999999999888e-17, 9.999999999999888e-17, 9.999999999999888e-17, 9.999999999999888e-17, 9.999999999999888e-17, 9.999999999999888e-17, 9.999999999999888e-17, 9.999999999999888e-17, 9.999999999999888e-17, 9.999999999999888e-17, 9.999999999999888e-17, 9.999999999999888e-17, 9.999999999999888e-17, 9.999999999999888e-17, 9.999999999999888e-17, 9.999999999999888e-17, 9.999999999999888e-17, 9.999999999999888e-17, 9.999999999999888e-17, 9.999999999999888e-17, 9.999999999999888e-17, 9.999999999999888e-17, 9.999999999999888e-17, 9.999999999999888e-17, 9.999999999999888e-17, 9.999999999999888e-17, 9.999999999999888e-17, 9.999999999999888e-17, 9.999999999999888e-17, 9.999999999999888e-17, 9.999999999999888e-17, 9.999999999999888e-17, 9.999999999999888e-17, 9.999999999999888e-17, 9.999999999999888e-17, 9.999999999999888e-17, 9.999999999999888e-17, 9.999999999999888e-17, 9.999999999999888e-17, 9.999999999999888e-17, 9.999999999999888e-17, 9.999999999999888e-17, 9.999999999999888e-17, 9.999999999999888e-17, 9.999999999999888e-17, 9.999999999999888e-17, 9.999999999999888e-17], "profits": [1.0, 1.0, 1.0, 1.0, 1.0, 1.0, 1.0, 1.0, 1.0, 1.0, 1.0, 1.0, 1.0, 1.0, 1.0, 1.0, 1.0, 1.0, 1.0, 1.0, 1.0, 1.0, 1.0, 1.0, 1.0, 1.0, 1.0, 1.0, 1.0, 1.0, 1.0, 1.0, 1.0, 1.0, 1.0, 1.0, 1.0, 1.0, 1.0, 1.0, 1.0, 1.0, 0.1, 1.0, 1.0, 1.0, 1.0, 1.0, 1.0, 1.0, 0.1, 1.0, 1.0, 1.0, 1.0, 1.0, 1.0, 1.0, 1.0, 1.0, 1.0, 1.0, 1.0, 1.0, 1.0, 1.0, 1.0, 1.0, 1.0, 1.0, 1.0, 1.0, 1.0, 1.0, 1.0, 1.0, 1.0, 1.0, 1.0, 1.0, 1.0, 1.0, 1.0, 1.0, 1.0, 1.0, 1.0, 1.0, 1.0, 1.0, 1.0, 1.0, 1.0, 1.0, 1.0, 1.0, 1.0, 1.0, 1.0, 1.0, 1.0, 1.0, 1.0, 1.0, 1.0, 1.0, 1.0, 1.0, 1.0, 1.0, 1.0, 1.0, 1.0, 1.0, 1.0, 1.0, 1.0, 1.0, 1.0, 1.0, 1.0, 1.0, 1.0, 1.0, 1.0, 1.0, 1.0, 1.0, 1.0, 1.0, 1.0, 1.0, 1.0, 1.0, 1.0, 1.0, 1.0, 1.0, 1.0, 1.0, 1.0, 1.0, 1.0, 1.0, 1.0, 1.0, 1.0, 1.0, 1.0, 1.0, 1.0, 1.0, 1.0, 1.0, 1.0, 1.0, 1.0, 1.0, 1.0, 1.0, 1.0, 1.0, 1.0, 1.0, 1.0, 1.0, 1.0, 1.0, 1.0, 1.0, 1.0, 1.0, 1.0, 1.0, 1.0, 1.0, 1.0, 1.0, 1.0, 1.0, 1.0, 1.0, 1.0, 1.0, 1.0, 1.0, 1.0, 1.0, 1.0, 1.0, 1.0, 1.0, 1.0, 1.0, 1.0, 1.0, 1.0, 1.0, 1.0, 1.0], "min_weight": 0.95, "max_distance": 5}