{"n_items": 200, "weights": [1.000200040007998e-16, 1.000200040007998e-16, 1.000200040007998e-16, 1.000200040007998e-16, 1.000200040007998e-16, 1.000200040007998e-16, 1.000200040007998e-16, 1.000200040007998e-16, 1.000200040007998e-16, 1.000200040007998e-16, 1.000200040007998e-16, 1.000200040007998e-16, 1.000200040007998e-16, 1.000200040007998e-16, 1.000200040007998e-16, 1.000200040007998e-16, 1.000200040007998e-16, 1.000200040007998e-16, 0.0001000200040007998, 0.0001000200040007998, 1.000200040007998e-16, 1.000200040007998e-16, 1.000200040007998e-16, 1.000200040007998e-16, 0.0001000200040007998, 1.000200040007998e-16, 1.000200040007998e-16, 0.0001000200040007998, 1.000200040007998e-16, 1.000200040007998e-16, 0.0002000400080015996, 1.000200040007998e-16, 0.0003000600120023994, 1.000200040007998e-16, 0.0001000200040007998, 0.0003000600120023994, 0.0003000600120023994, 0.0001000200040007998, 0.0002000400080015996, 0.0001000200040007998, 0.0001000200040007998, 0.0006001200240047988, 0.0002000400080015996, 0.000500100020003999, 0.0004000800160031992, 0.0004000800160031992, 0.0012002400480095976, 0.0002000400080015996, 0.0006001200240047988, 0.0008001600320063984, 0.0009001800360071982, 0.0003000600120023994, 0.0012002400480095976, 0.0007001400280055985, 0.001000200040007998, 0.0017003400680135965, 0.0015003000600119969, 0.0015003000600119969, 0.0021004200840167957, 0.0017003400680135965, 0.002400480096019195, 0.002400480096019195, 0.0019003800760151962, 0.0018003600720143964, 0.0019003800760151962, 0.0021004200840167957, 0.0030006001200239938, 0.0036007201440287928, 0.0033006601320263933, 0.0033006601320263933, 0.002900580116023194, 0.004300860172034391, 0.004200840168033591, 0.004300860172034391, 0.006101220244048787, 0.00490098019603919, 0.006701340268053586, 0.005401080216043189, 0.0066013202640527865, 0.005601120224044788, 0.007101420284056786, 0.008601720344068782, 0.008401680336067183, 0.008501700340067983, 0.008001600320063983, 0.008701740348069583, 0.008801760352070382, 0.009401880376075181, 0.00970194038807758, 0.010602120424084779, 0.010602120424084779, 0.012602520504100774, 0.012702540508101575, 0.012702540508101575, 0.011502300460091977, 0.012902580516103174, 0.01430286057211437, 0.01410282056411277, 0.012902580516103174, 0.014002800560111972, 0.01430286057211437, 0.01540308061612317, 0.01490298059611917, 0.016003200640127967, 0.01430286057211437, 0.016803360672134365, 0.014002800560111972, 0.016803360672134365, 0.01500300060011997, 0.014002800560111972, 0.016603320664132767, 0.016903380676135164, 0.01480296059211837, 0.01500300060011997, 0.015903180636127168, 0.015603120624124767, 0.014202840568113571, 0.01450290058011597, 0.016503300660131965, 0.01540308061612317, 0.01580316063212637, 0.015503100620123968, 0.016303260652130367, 0.013902780556111171, 0.01520304060812157, 0.015303060612122369, 0.011702340468093576, 0.01410282056411277, 0.013602720544108772, 0.01470294058811757, 0.011302260452090377, 0.012902580516103174, 0.011602320464092776, 0.011402280456091176, 0.01040208041608318, 0.010102020404080779, 0.009201840368073581, 0.01020204040808158, 0.008901780356071183, 0.008801760352070382, 0.008401680336067183, 0.006701340268053586, 0.006401280256051187, 0.006501300260051987, 0.006401280256051187, 0.007001400280055986, 0.00500100020003999, 0.005601120224044788, 0.0053010602120423895, 0.006301260252050387, 0.00510102020404079, 0.004000800160031992, 0.00510102020404079, 0.004200840168033591, 0.004400880176035191, 0.0037007401480295926, 0.0023004600920183953, 0.003500700140027993, 0.003900780156031192, 0.002600520104020795, 0.0027005401080215947, 0.0021004200840167957, 0.0019003800760151962, 0.0018003600720143964, 0.0015003000600119969, 0.0016003200640127967, 0.0016003200640127967, 0.0016003200640127967, 0.0011002200440087978, 0.0011002200440087978, 0.0013002600520103974, 0.0006001200240047988, 0.0008001600320063984, 0.0009001800360071982, 0.0009001800360071982, 0.0007001400280055985, 0.0003000600120023994, 0.0003000600120023994, 0.0004000800160031992, 0.0006001200240047988, 0.0002000400080015996, 0.0004000800160031992, 0.0003000600120023994, 0.0001000200040007998, 0.000500100020003999, 0.0003000600120023994, 0.0003000600120023994, 0.0004000800160031992, 0.0001000200040007998, 1.000200040007998e-16, 0.0004000800160031992, 0.0002000400080015996, 1.000200040007998e-16, 0.0001000200040007998, 1.000200040007998e-16, 1.000200040007998e-16, 1.000200040007998e-16, 0.0001000200040007998, 1.000200040007998e-16, 1.000200040007998e-16], "profits": [1.0, 1.0, 1.0, 1.0, 1.0, 1.0, 1.0, 1.0, 1.0, 1.0, 1.0, 1.0, 1.0, 1.0, 1.0, 1.0, 1.0, 1.0, 1.0, 1.0, 1.0, 1.0, 1.0, 1.0, 1.0, 1.0, 1.0, 1.0, 1.0, 1.0, 1.0, 1.0, 1.0, 1.0, 1.0, 1.0, 1.0, 1.0, 1.0, 1.0, 1.0, 1.0, 1.0, 1.0, 1.0, 1.0, 1.0, 1.0, 1.0, 1.0, 1.0, 1.0, 1.0, 1.0, 1.0, 1.0, 1.0, 1.0, 1.0, 1.0, 1.0, 1.0, 1.0, 1.0, 1.0, 1.0, 1.0, 1.0, 1.0, 1.0, 1.0, 1.0, 1.0, 1.0, 1.0, 1.0, 1.0, 1.0, 1.0, 1.0, 1.0, 1.0, 1.0, 1.0, 1.0, 1.0, 1.0, 1.0, 1.0, 1.0, 1.0, 1.0, 1.0, 1.0, 1.0, 1.0, 1.0, 1.0, 1.0, 1.0, 1.0, 1.0, 1.0, 1.0, 1.0, 1.0, 1.0, 1.0, 1.0, 1.0, 1.0, 1.0, 1.0, 1.0, 1.0, 1.0, 1.0, 1.0, 1.0, 1.0, 1.0, 1.0, 1.0, 1.0, 1.0, 1.0, 1.0, 1.0, 1.0, 1.0, 1.0, 1.0, 1.0, 1.0, 1.0, 1.0, 1.0, 1.0, 1.0, 1.0, 1.0, 1.0, 1.0, 1.0, 1.0, 1.0, 1.0, 1.0, 1.0, 1.0, 1.0, 1.0, 1.0, 1.0, 1.0, 1.0, 1.0, 1.0, 1.0, 1.0, 1.0, 1.0, 1.0, 1.0, 1.0, 1.0, 1.0, 1.0, 1.0, 1.0, 1.0, 1.0, 1.0, 1.0, 1.0, 1.0, 1.0, 1.0, 1.0, 1.0, 1.0, 1.0, 1.0, 1.0, 1.0, 1.0, 1.0, 1.0, 1.0, 1.0, 1.0, 1.0, 1.0, 1.0, 1.0, 1.0, 1.0, 1.0, 1.0, 1.0], "min_weight": 0.95, "max_distance": 3}