{"n_items": 200, "weights": [9.999999999999894e-17, 9.999999999999894e-17, 9.999999999999894e-17, 9.999999999999894e-17, 9.999999999999894e-17, 9.999999999999894e-17, 9.999999999999894e-17, 9.999999999999894e-17, 9.999999999999894e-17, 9.999999999999894e-17, 9.999999999999894e-17, 9.999999999999894e-17, 9.999999999999894e-17, 9.999999999999894e-17, 9.999999999999894e-17, 9.999999999999894e-17, 9.999999999999894e-17, 9.999999999999894e-17, 9.999999999999894e-17, 9.999999999999894e-17, 9.999999999999894e-17, 9.999999999999894e-17, 9.999999999999894e-17, 9.999999999999894e-17, 9.999999999999894e-17, 9.999999999999894e-17, 9.999999999999894e-17, 9.999999999999894e-17, 9.999999999999894e-17, 9.999999999999894e-17, 9.999999999999894e-17, 9.999999999999894e-17, 9.999999999999894e-17, 9.999999999999894e-17, 9.999999999999894e-17, 9.999999999999894e-17, 9.999999999999894e-17, 9.999999999999894e-17, 9.999999999999894e-17, 9.999999999999894e-17, 9.999999999999894e-17, 9.999999999999894e-17, 9.999999999999894e-17, 9.999999999999894e-17, 9.999999999999894e-17, 9.999999999999894e-17, 9.999999999999894e-17, 9.999999999999894e-17, 9.999999999999894e-17, 9.999999999999894e-17, 9.999999999999894e-17, 9.999999999999894e-17, 9.999999999999894e-17, 9.999999999999894e-17, 9.999999999999894e-17, 9.999999999999894e-17, 9.999999999999894e-17, 9.999999999999894e-17, 9.999999999999894e-17, 9.999999999999894e-17, 9.999999999999894e-17, 9.999999999999894e-17, 9.999999999999894e-17, 9.999999999999894e-17, 9.999999999999894e-17, 9.999999999999894e-17, 9.999999999999894e-17, 9.999999999999894e-17, 9.999999999999894e-17, 9.999999999999894e-17, 9.999999999999894e-17, 0.00029999999999999683, 0.00029999999999999683, 9.999999999999895e-05, 9.999999999999894e-17, 0.0001999999999999979, 9.999999999999895e-05, 0.0001999999999999979, 0.0005999999999999937, 0.00029999999999999683, 9.999999999999895e-05, 0.0008999999999999905, 0.0015999999999999832, 0.0008999999999999905, 0.0013999999999999852, 0.0011999999999999873, 0.0014999999999999842, 0.004099999999999957, 0.0015999999999999832, 0.0033999999999999642, 0.004599999999999951, 0.0033999999999999642, 0.0041999999999999555, 0.006399999999999933, 0.00759999999999992, 0.008199999999999914, 0.00849999999999991, 0.012999999999999862, 0.013199999999999861, 0.01419999999999985, 0.016799999999999822, 0.017699999999999813, 0.019599999999999795, 0.01699999999999982, 0.022799999999999758, 0.022799999999999758, 0.026399999999999722, 0.025299999999999732, 0.027299999999999713, 0.02949999999999969, 0.030599999999999676, 0.030699999999999675, 0.03159999999999967, 0.02919999999999969, 0.03349999999999965, 0.03329999999999965, 0.03309999999999965, 0.026899999999999716, 0.030899999999999674, 0.02959999999999969, 0.031099999999999673, 0.03179999999999966, 0.027199999999999714, 0.026799999999999716, 0.026399999999999722, 0.021599999999999772, 0.02069999999999978, 0.021299999999999774, 0.01709999999999982, 0.015099999999999841, 0.01699999999999982, 0.014699999999999845, 0.011799999999999875, 0.011199999999999882, 0.0094999999999999, 0.006599999999999931, 0.00859999999999991, 0.007199999999999924, 0.005999999999999937, 0.006199999999999935, 0.003999999999999958, 0.003899999999999959, 0.0021999999999999767, 0.0041999999999999555, 0.0026999999999999715, 0.0014999999999999842, 0.0014999999999999842, 0.0010999999999999884, 0.0005999999999999937, 0.0009999999999999894, 0.00029999999999999683, 0.0004999999999999947, 0.0001999999999999979, 0.0003999999999999958, 0.0001999999999999979, 9.999999999999895e-05, 0.0001999999999999979, 0.0001999999999999979, 9.999999999999895e-05, 0.0001999999999999979, 9.999999999999894e-17, 9.999999999999894e-17, 9.999999999999895e-05, 9.999999999999894e-17, 9.999999999999895e-05, 9.999999999999894e-17, 9.999999999999895e-05, 9.999999999999894e-17, 9.999999999999894e-17, 9.999999999999894e-17, 9.999999999999894e-17, 9.999999999999894e-17, 9.999999999999894e-17, 9.999999999999894e-17, 9.999999999999894e-17, 9.999999999999894e-17, 9.999999999999894e-17, 9.999999999999894e-17, 9.999999999999894e-17, 9.999999999999894e-17, 9.999999999999894e-17, 9.999999999999894e-17, 9.999999999999894e-17, 9.999999999999894e-17, 9.999999999999894e-17, 9.999999999999894e-17, 9.999999999999894e-17, 9.999999999999894e-17, 9.999999999999894e-17, 9.999999999999894e-17, 9.999999999999894e-17, 9.999999999999894e-17, 9.999999999999894e-17, 9.999999999999894e-17, 9.999999999999894e-17, 9.999999999999894e-17, 9.999999999999894e-17, 9.999999999999894e-17, 9.999999999999894e-17, 9.999999999999894e-17],