{"n_items": 400, "weights": [0.0014343817368740704, 0.0017695507783287113, 0.0019538248754212813, 0.002933039081842504, 0.0021760218719742083, 0.0032188249452213477, 0.0011650463673706915, 0.002294871335317457, 0.0022432988971339313, 0.001258954576461464, 0.002632905172500575, 0.0024204275089168706, 0.0022562498101102242, 0.0016160304340498927, 0.0024067587217836703, 0.0023130071255674607, 0.001786264888954469, 0.0038676176918424846, 0.0029580997643579047, 0.0028455745406204386, 0.003797116434101964, 0.0028798882498053237, 0.0022646846089817954, 0.001238742274253346, 0.002855917324245165, 0.0038117706305178813, 0.0029165013451143804, 0.0017635379169066712, 0.001436463548119145, 0.0014094003104641022, 0.002293245443665294, 0.002442766459596159, 0.0030539746710704515, 0.002387449663613732, 0.0035058431105763057, 0.0022940952762546276, 0.002907386872613749, 0.0023637126670059947, 0.0015667037291377719, 0.0020079291472471575, 0.0022382125366152703, 0.0022885604980429583, 0.002662360786046951, 0.0012943180754483694, 0.0026430301663114314, 0.001547467609621052, 0.003660276454800835, 0.0036982317183383924, 0.0018808314837811123, 0.002408486940139378, 0.0023367349962443184, 0.0028339765278368187, 0.0026060425843606586, 0.0023661059971110164, 0.0024732138634985757, 0.0031052429271230053, 0.0023649573026429745, 0.002168491211099797, 0.001389161667102979, 0.002326319525826126, 0.0020848835723064345, 0.0021506606524276314, 0.0021851692283793777, 0.003230962414084059, 0.0017315536537814325, 0.0038846912808892992, 0.002413812188772094, 0.0022598840911116917, 0.0024200194078089305, 0.0028933482514575384, 0.0035953931724766954, 0.002750126058834327, 0.003461782169244881, 0.001560115441420208, 0.0013735189840858226, 0.0034085746303250176, 0.0024674518946278664, 0.0017779037239876124, 0.0034994951108043453, 0.002867514676521156, 0.0026099895766650352, 0.0020895226972162833, 0.001439485127811049, 0.002157594715814459, 0.002715226629569974, 0.0029869193633682307, 0.002762721049813186, 0.0023343697863485204, 0.002406835794765024, 0.0019250811551596828, 0.0025534678220693655, 0.002449569765590386, 0.0022572316609253524, 0.0032246715375415787, 0.0037271508229506766, 0.0019984681437491625, 0.0017961371780128358, 0.0013357453763360508, 0.002516718022858161, 0.002112355889641722, 0.0024789393075968415, 0.002185915792469941, 0.003127586252133969, 0.0031384273084166226, 0.0024060227593211423, 0.0012700801627078054, 0.0020697536341562715, 0.0019231754737567787, 0.002648495603009266, 0.002798153146251853, 0.003909522041729041, 0.0027104174347534833, 0.0027984703549926815, 0.0029262363259533646, 0.0019040314375359342, 0.00260546146349102, 0.002743925708415512, 0.002011229043918391, 0.0025900922722783904, 0.0019966854124274865, 0.002259509546624874, 0.0034787554526468463, 0.0031406859817530134, 0.0031441249073338555, 0.0028152378442330723, 0.002462648333182782, 0.001857544708913072, 0.001965829211470836, 0.0025904827853369867, 0.0031659616120028366, 0.0021087757236677965, 0.003059448709687544, 0.0033407303440768413, 0.002543696147716386, 0.002795080477820062, 0.002775505982909231, 0.0017734154951935446, 0.002763274924604985, 0.0026280365292345883, 0.001631928154634057, 0.004188150906713408, 0.004215588176977441, 0.0029432877678586874, 0.00271987275138832, 0.002671181655303053, 0.0017242103193408922, 0.003132946094493371, 0.002472797175592835, 0.0029081657578822247, 0.002728506599548563, 0.0019714577015513485, 0.001381372417169767, 0.0015992705100072576, 0.001397629008212692, 0.0016961907067763059, 0.0014447837985570083, 0.002597023496988641, 0.002026033880709261, 0.0036585972871524992, 0.003028052849561364, 0.0030607810106345417, 0.001767090736195548, 0.0023479747067683063, 0.0017946675539930114, 0.0015524654659985378, 0.0014130240586031832, 0.003743504387975342, 0.002330513121443017, 0.003524370022387808, 0.002336027102418624, 0.003035851208824345, 0.002205841032589189, 0.002865840702683036, 0.0021297690730004595, 0.0032752388302068037, 0.0025093702058151916, 0.0026335412436978636, 0.002865014700222736, 0.001878336788238645, 0.003076136671643013, 0.0020003676074805492, 0.002273362127469796, 0.002626415036862051, 0.003127337626409598, 0.002512203535138228, 0.0022535494486098234, 0.002514215977941251, 0.0021964047149197643, 0.0021966453668732957, 0.0015398858467132305, 0.002780773119334293, 0.0029978445026195687, 0.0015258076291520628, 0.0026849331707381636, 0.0023108874980557093, 0.0023688683195578993, 0.003376310489578695, 0.0021116671732475927, 0.003164268877015009, 0.0028157979660389573, 0.0034703408198478915, 0.0024950457774150655, 0.0031788539175526664, 0.001435175851725124, 0.0025719086849674212, 0.0034286275320102454, 0.0024205476360858232, 0.0029415337105510877, 0.002769236344942566, 0.002768417165426629, 0.0014612694099115297, 0.001866632872249523, 0.0014008088702596208, 0.0035012409506162117, 0.0025402841410209613, 0.0023657393559096728, 0.0021497050333174612, 0.0027279675039891082, 0.0020769448537946438, 0.0020860143001602493, 0.002445479071174156, 0.002450007197041887, 0.0017634888643125195, 0.0030740673421901527, 0.0025095847662116428, 0.002334982552548886, 0.0016934713943347615, 0.003074058545272605, 0.0024308408147369017, 0.0021706347650032897, 0.0020238117811873344, 0.0012217917982334872, 0.003344090323595557, 0.002383379878349171, 0.0030285528378448763, 0.0036734445902144963, 0.00297833982677375, 0.0024083435392117836, 0.0022936580774327547, 0.0031058832800011206, 0.0029489883538255835, 0.0030463155839714202, 0.001996837465583183, 0.00236138775605175, 0.0033706210090571798, 0.0028890919753817787, 0.0018735663228608703, 0.0025766332767277736, 0.0019726040594098913, 0.0017398387337607087, 0.0027910822735606484, 0.0021477119050278236, 0.0031765459708561926, 0.0034878198452442492, 0.002033667980598201, 0.001974080069951943, 0.0032167451059210293, 0.002567107104719406, 0.0026614649665108307, 0.002627568982134363, 0.0023383652032141714, 0.0021893797378146744, 0.001019436318907814, 0.0033744356310835342, 0.0017498596845903912, 0.0018968194912038399, 0.0032044895171639966, 0.001480568557865354, 0.002877890001159771, 0.003139842623807329, 0.0018653363871737518, 0.0025140642808821655, 0.0019028842569181943, 0.0025519471272690856, 0.0027420651061715678, 0.0020748503344991476, 0.002712976487964069, 0.0022606295370914617, 0.002477684077644585, 0.0029310433686889938, 0.0018742360474504772, 0.0015186851732018826, 0.0028660638565480433, 0.0022429990757653465, 0.0014112916540113968, 0.0024892422811275323, 0.004231970147748896, 0.003030454140464197, 0.0026388059572966995, 0.002145311093605991, 0.0019946496535914672, 0.0014245245463492301, 0.0027721398346323353, 0.0024404770812346374, 0.003260796826254663, 0.0019089904086107559, 0.003064624796017891, 0.0026527530504020795, 0.0027385094539673733, 0.0029867140846356202, 0.0022050040099734322, 0.00127858058001792, 0.0018318833180729103, 0.0020607816498719976, 0.0020840975835114163, 0.002342986963710532, 0.0019690171576171385, 0.0027556682250543187, 0.0025731627648867507, 0.002857619672501803, 0.002895382327116629, 0.002774462589061248, 0.0020933253668745963, 0.00329875665281277, 0.001967949829892306, 0.0029942702007663092, 0.0017455884943979707, 0.0017151491370476634, 0.0022433686930939463, 0.002667888166198839, 0.002570127589690669, 0.002077774996644178, 0.0030245014732336213, 0.0026620778294875304, 0.002065459481433125, 0.00294088052367087, 0.003657949802374031, 0.0024685070591481317, 0.0028145550374540722, 0.003576256466037237, 0.0020711825036441958, 0.00245404603632922, 0.003024651726494048, 0.003804565942335486, 0.002790259005095677, 0.002637955381956407, 0.0014504805713219716, 0.0016754603828221038, 0.0033594286454089253, 0.002259415020967181, 0.0031393688261589087, 0.003091327906393506, 0.002513625324384161, 0.0019329648806165657, 0.0022626494466984207, 0.0032171433286832334, 0.002015232369668639, 0.0018756836790274865, 0.0025432651012576657, 0.0023405093609002053, 0.0025159395317770825, 0.0015651752319887702, 