{"n_items": 200, "weights": [9.99999999999989e-17, 9.99999999999989e-17, 9.99999999999989e-17, 9.99999999999989e-17, 9.99999999999989e-17, 9.99999999999989e-17, 9.99999999999989e-17, 9.99999999999989e-17, 9.99999999999989e-17, 9.99999999999989e-17, 9.99999999999989e-17, 9.99999999999989e-17, 9.99999999999989e-17, 9.99999999999989e-17, 9.99999999999989e-17, 9.99999999999989e-17, 9.99999999999989e-17, 9.99999999999989e-17, 9.99999999999989e-17, 9.99999999999989e-17, 9.99999999999989e-17, 9.99999999999989e-17, 9.99999999999989e-17, 9.99999999999989e-17, 9.99999999999989e-17, 9.99999999999989e-17, 9.99999999999989e-17, 9.99999999999989e-17, 9.99999999999989e-17, 9.99999999999989e-17, 9.99999999999989e-17, 9.99999999999989e-17, 9.99999999999989e-17, 9.99999999999989e-17, 9.99999999999989e-17, 9.99999999999989e-17, 9.99999999999989e-17, 9.99999999999989e-17, 9.99999999999989e-17, 9.99999999999989e-17, 9.99999999999989e-17, 9.99999999999989e-17, 9.99999999999989e-17, 9.99999999999989e-17, 9.99999999999989e-17, 9.99999999999989e-17, 9.99999999999989e-17, 9.99999999999989e-17, 9.99999999999989e-17, 9.99999999999989e-17, 9.99999999999989e-17, 9.999999999999891e-05, 0.00019999999999999781, 9.99999999999989e-17, 9.99999999999989e-17, 9.99999999999989e-17, 9.99999999999989e-17, 9.99999999999989e-17, 9.99999999999989e-17, 9.999999999999891e-05, 9.999999999999891e-05, 9.999999999999891e-05, 0.00019999999999999781, 0.0005999999999999934, 9.999999999999891e-05, 0.0004999999999999946, 0.0006999999999999924, 0.0013999999999999848, 0.001099999999999988, 0.0011999999999999869, 0.0009999999999999892, 0.0009999999999999892, 0.002899999999999968, 0.003399999999999963, 0.003599999999999961, 0.003999999999999957, 0.003999999999999957, 0.00459999999999995, 0.005899999999999936, 0.0064999999999999294, 0.009399999999999898, 0.007899999999999914, 0.009899999999999892, 0.0090999999999999, 0.011499999999999875, 0.01459999999999984, 0.013799999999999849, 0.016199999999999822, 0.018599999999999797, 0.019999999999999782, 0.020699999999999774, 0.021399999999999766, 0.021699999999999765, 0.023599999999999743, 0.023199999999999745, 0.026899999999999705, 0.029699999999999675, 0.025099999999999727, 0.03019999999999967, 0.033299999999999635, 0.030899999999999664, 0.029899999999999673, 0.03029999999999967, 0.02939999999999968, 0.02649999999999971, 0.02959999999999968, 0.028599999999999688, 0.02849999999999969, 0.024599999999999733, 0.02669999999999971, 0.025099999999999727, 0.02669999999999971, 0.020999999999999772, 0.02209999999999976, 0.0181999999999998, 0.02009999999999978, 0.018499999999999798, 0.016199999999999822, 0.013899999999999848, 0.01269999999999986, 0.010599999999999884, 0.010799999999999883, 0.009699999999999894, 0.008499999999999907, 0.007599999999999917, 0.008499999999999907, 0.00459999999999995, 0.005099999999999944, 0.003599999999999961, 0.00369999999999996, 0.0024999999999999727, 0.0018999999999999792, 0.0017999999999999804, 0.0023999999999999738, 0.002299999999999975, 0.0014999999999999836, 0.0013999999999999848, 0.0004999999999999946, 0.0012999999999999858, 0.0002999999999999967, 0.0002999999999999967, 0.0002999999999999967, 0.00039999999999999563, 9.99999999999989e-17, 0.0002999999999999967, 9.99999999999989e-17, 0.00019999999999999781, 9.99999999999989e-17, 9.99999999999989e-17, 9.999999999999891e-05, 9.99999999999989e-17, 9.99999999999989e-17, 9.99999999999989e-17, 9.99999999999989e-17, 9.99999999999989e-17, 9.999999999999891e-05, 9.999999999999891e-05, 9.99999999999989e-17, 9.99999999999989e-17, 9.99999999999989e-17, 9.99999999999989e-17, 9.99999999999989e-17, 9.99999999999989e-17, 9.99999999999989e-17, 9.99999999999989e-17, 9.99999999999989e-17, 9.99999999999989e-17, 9.99999999999989e-17, 9.99999999999989e-17, 9.99999999999989e-17, 9.99999999999989e-17, 9.99999999999989e-17, 9.99999999999989e-17, 9.99999999999989e-17, 9.99999999999989e-17, 9.99999999999989e-17, 9.99999999999989e-17, 9.99999999999989e-17, 9.99999999999989e-17, 9.99999999999989e-17, 9.99999999999989e-17, 9.99999999999989e-17, 9.99999999999989e-17, 9.99999999999989e-17, 9.99999999999989e-17, 9.99999999999989e-17, 9.99999999999989e-17, 9.99999999999989e-17, 9.99999999999989e-17, 9.99999999999989e-17, 9.99999999999989e-17, 9.99999999999989e-17, 9.99999999999989e-17, 9.99999999999989e-17, 9.99999999999989e-17, 9.99999999999989e-17, 9.99999999999989e-17, 9.99999999999989e-17, 9.99999999999989e-17, 9.99999999999989e-17],