{"n_items": 200, "weights": [9.999999999999851e-17, 9.999999999999851e-17, 9.999999999999851e-17, 9.999999999999851e-17, 9.999999999999851e-17, 9.999999999999851e-17, 9.999999999999851e-17, 9.999999999999851e-17, 9.999999999999851e-17, 9.999999999999851e-17, 9.999999999999851e-17, 9.999999999999851e-17, 9.999999999999851e-17, 9.999999999999851e-17, 9.999999999999851e-17, 9.999999999999851e-17, 9.999999999999851e-17, 9.999999999999851e-17, 9.999999999999851e-17, 9.999999999999851e-17, 9.999999999999851e-17, 9.999999999999851e-17, 9.999999999999851e-17, 9.999999999999851e-17, 9.999999999999851e-17, 9.999999999999851e-17, 9.999999999999851e-17, 9.999999999999851e-17, 9.999999999999851e-17, 9.999999999999851e-17, 9.999999999999851e-17, 9.999999999999851e-17, 9.999999999999851e-17, 9.999999999999851e-17, 9.999999999999851e-17, 9.999999999999851e-17, 9.999999999999851e-17, 9.999999999999851e-17, 9.999999999999851e-17, 9.999999999999851e-17, 9.999999999999851e-17, 9.999999999999851e-17, 9.999999999999851e-17, 9.999999999999851e-17, 9.999999999999851e-17, 9.999999999999851e-17, 9.999999999999851e-17, 9.999999999999851e-17, 9.999999999999851e-17, 9.999999999999851e-17, 9.999999999999851e-17, 9.999999999999851e-17, 9.999999999999851e-17, 9.999999999999851e-17, 9.999999999999851e-17, 9.999999999999851e-17, 9.999999999999851e-17, 9.999999999999851e-17, 9.999999999999851e-17, 9.999999999999851e-17, 9.999999999999851e-17, 9.999999999999851e-17, 9.999999999999851e-17, 9.999999999999851e-17, 9.999999999999851e-17, 9.999999999999851e-17, 9.999999999999851e-17, 9.999999999999851e-17, 9.999999999999851e-17, 9.999999999999851e-17, 9.999999999999851e-17, 9.999999999999851e-17, 9.999999999999851e-17, 9.999999999999851e-17, 9.999999999999851e-17, 9.999999999999851e-17, 9.999999999999851e-17, 0.00019999999999999703, 9.999999999999851e-17, 0.00029999999999999553, 0.00019999999999999703, 0.0006999999999999896, 0.0007999999999999881, 0.0014999999999999777, 0.0029999999999999554, 0.0031999999999999524, 0.0047999999999999285, 0.007099999999999894, 0.010399999999999845, 0.012399999999999816, 0.01539999999999977, 0.021899999999999673, 0.02479999999999963, 0.031899999999999526, 0.03389999999999949, 0.044399999999999336, 0.05059999999999924, 0.05489999999999918, 0.0599999999999991, 0.06359999999999905, 0.06299999999999906, 0.06309999999999906, 0.062199999999999075, 0.06139999999999909, 0.051299999999999235, 0.05159999999999923, 0.037699999999999435, 0.03569999999999947, 0.031199999999999534, 0.023099999999999656, 0.017399999999999742, 0.015199999999999773, 0.011299999999999831, 0.008299999999999877, 0.0066999999999999005, 0.0047999999999999285, 0.00469999999999993, 0.0020999999999999686, 0.0010999999999999836, 0.0006999999999999896, 0.0005999999999999911, 0.00039999999999999406, 9.999999999999851e-17, 9.999999999999851e-05, 9.999999999999851e-05, 9.999999999999851e-05, 9.999999999999851e-05, 9.999999999999851e-17, 9.999999999999851e-17, 9.999999999999851e-17, 9.999999999999851e-17, 9.999999999999851e-17, 9.999999999999851e-17, 9.999999999999851e-17, 9.999999999999851e-17, 9.999999999999851e-17, 9.999999999999851e-17, 9.999999999999851e-17, 9.999999999999851e-17, 9.999999999999851e-17, 9.999999999999851e-17, 9.999999999999851e-17, 9.999999999999851e-17, 9.999999999999851e-17, 9.999999999999851e-17, 9.999999999999851e-17, 9.999999999999851e-17, 9.999999999999851e-17, 9.999999999999851e-17, 9.999999999999851e-17, 9.999999999999851e-17, 9.999999999999851e-17, 9.999999999999851e-17, 9.999999999999851e-17, 9.999999999999851e-17, 9.999999999999851e-17, 9.999999999999851e-17, 9.999999999999851e-17, 9.999999999999851e-17, 9.999999999999851e-17, 9.999999999999851e-17, 9.999999999999851e-17, 9.999999999999851e-17, 9.999999999999851e-17, 9.999999999999851e-17, 9.999999999999851e-17, 9.999999999999851e-17, 9.999999999999851e-17, 9.999999999999851e-17, 9.999999999999851e-17, 9.999999999999851e-17, 9.999999999999851e-17, 9.999999999999851e-17, 9.999999999999851e-17, 9.999999999999851e-17, 9.999999999999851e-17, 9.999999999999851e-17, 9.999999999999851e-17, 9.999999999999851e-17, 9.999999999999851e-17, 9.999999999999851e-17, 9.999999999999851e-17, 9.999999999999851e-17, 9.999999999999851e-17, 9.999999999999851e-17, 9.999999999999851e-17, 9.999999999999851e-17, 9.999999999999851e-17, 9.999999999999851e-17, 9.999999999999851e-17, 9.999999999999851e-17, 9.999999999999851e-17, 9.999999999999851e-17, 9.999999999999851e-17, 9.999999999999851e-17, 9.999999999999851e-17, 9.999999999999851e-17, 9.999999999999851e-17, 9.999999999999851e-17, 9.999999999999851e-17], "profits": [1.0, 1.0, 1.0, 1.0, 1.0, 1.0, 1.0, 1.0, 1.0, 1.0, 1.0, 1.0, 1.0, 1.0, 1.0, 1.0, 1.0, 1.0, 1.0, 1.0, 1.0, 1.0, 1.0, 1.0, 1.0, 1.0, 1.0, 1.0, 1.0, 1.0, 1.0, 1.0, 1.0, 1.0, 1.0, 1.0, 1.0, 1.0, 1.0, 1.0, 1.0, 1.0, 1.0, 1.0, 1.0, 1.0, 1.0, 1.0, 1.0, 1.0, 1.0, 1.0, 1.0, 1.0, 1.0, 1.0, 1.0, 1.0, 1.0, 1.0, 1.0, 1.0, 1.0, 1.0, 1.0, 1.0, 1.0, 1.0, 1.0, 1.0, 1.0, 1.0, 1.0, 1.0, 1.0, 1.0, 1.0, 1.0, 1.0, 1.0, 1.0, 1.0, 1.0, 1.0, 1.0, 1.0, 1.0, 1.0, 1.0, 1.0, 1.0, 1.0, 1.0, 1.0, 1.0, 1.0, 1.0, 1.0, 1.0, 1.0, 1.0, 1.0, 1.0, 1.0, 1.0, 1.0, 1.0, 1.0, 1.0, 1.0, 1.0, 1.0, 1.0, 1.0, 1.0, 1.0, 1.0, 1.0, 1.0, 1.0, 1.0, 1.0, 1.0, 1.0, 1.0, 1.0, 1.0, 1.0, 1.0, 1.0, 1.0, 1.0, 1.0, 1.0, 1.0, 1.0, 1.0, 1.0, 1.0, 1.0, 1.0, 1.0, 1.0, 1.0, 1.0, 1.0, 1.0, 1.0, 1.0, 1.0, 1.0, 1.0, 1.0, 1.0, 1.0, 1.0, 1.0, 1.0, 1.0, 1.0, 1.0, 1.0, 1.0, 1.0, 1.0, 1.0, 1.0, 1.0, 1.0, 1.0, 1.0, 1.0, 1.0, 1.0, 1.0, 1.0, 1.0, 1.0, 1.0, 1.0, 1.0, 1.0, 1.0, 1.0, 1.0, 1.0, 1.0, 1.0, 1.0, 1.0, 1.0, 1.0, 1.0, 1.0, 1.0, 1.0, 1.0, 1.0, 1.0, 1.0], "min_weight": 0.95, "max_distance": 2}