{"n_items": 600, "weights": [0.021799999999998956, 0.023699999999998868, 0.02049999999999902, 0.01929999999999908, 0.020399999999999023, 0.02129999999999898, 0.020199999999999035, 0.024799999999998813, 0.019599999999999063, 0.01929999999999908, 0.02259999999999892, 0.019599999999999063, 0.023099999999998896, 0.020299999999999027, 0.01929999999999908, 0.020399999999999023, 0.018699999999999106, 0.01939999999999907, 0.019499999999999067, 0.01929999999999908, 0.01689999999999919, 0.016999999999999186, 0.016399999999999214, 0.01689999999999919, 0.015899999999999238, 0.017399999999999166, 0.014299999999999317, 0.016599999999999206, 0.015799999999999245, 0.014299999999999317, 0.014999999999999283, 0.014699999999999297, 0.015199999999999273, 0.01419999999999932, 0.014999999999999283, 0.013699999999999345, 0.011799999999999436, 0.010799999999999484, 0.012199999999999416, 0.014699999999999297, 0.012399999999999406, 0.012099999999999422, 0.010999999999999474, 0.010899999999999478, 0.009699999999999535, 0.010999999999999474, 0.010899999999999478, 0.009299999999999555, 0.009599999999999541, 0.010199999999999512, 0.007699999999999632, 0.006999999999999665, 0.007899999999999623, 0.006299999999999698, 0.007699999999999632, 0.0071999999999996555, 0.006499999999999689, 0.005099999999999756, 0.007699999999999632, 0.006399999999999694, 0.006299999999999698, 0.004999999999999761, 0.005499999999999737, 0.004799999999999771, 0.004999999999999761, 0.004199999999999799, 0.00459999999999978, 0.004899999999999766, 0.00459999999999978, 0.003399999999999837, 0.003199999999999847, 0.0037999999999998183, 0.0028999999999998615, 0.002799999999999866, 0.002799999999999866, 0.0030999999999998516, 0.002699999999999871, 0.002799999999999866, 0.00229999999999989, 0.002699999999999871, 0.0015999999999999235, 0.0023999999999998853, 0.0021999999999998947, 0.0016999999999999186, 0.0017999999999999139, 0.0014999999999999283, 0.0011999999999999426, 0.0008999999999999569, 0.0012999999999999377, 0.0012999999999999377, 0.0017999999999999139, 0.000999999999999952, 0.0008999999999999569, 0.0007999999999999618, 0.0011999999999999426, 0.0014999999999999283, 0.0007999999999999618, 0.0007999999999999618, 0.0003999999999999809, 0.000499999999999976, 0.000999999999999952, 0.000499999999999976, 0.0007999999999999618, 0.0005999999999999713, 9.999999999999522e-05, 0.0003999999999999809, 0.0003999999999999809, 0.000499999999999976, 0.00019999999999999044, 0.0006999999999999665, 0.0005999999999999713, 9.999999999999522e-05, 0.0005999999999999713, 9.999999999999522e-05, 0.0003999999999999809, 0.00019999999999999044, 9.999999999999522e-05, 9.999999999999522e-05, 9.999999999999522e-17, 9.999999999999522e-17, 9.999999999999522e-17, 0.00019999999999999044, 9.999999999999522e-17, 0.00029999999999998566, 9.999999999999522e-17, 0.00029999999999998566, 9.999999999999522e-17, 0.00019999999999999044, 9.999999999999522e-17, 9.999999999999522e-17, 9.999999999999522e-17, 9.999999999999522e-17, 9.999999999999522e-17, 9.999999999999522e-05, 9.999999999999522e-17, 9.999999999999522e-17, 9.999999999999522e-17, 9.999999999999522e-17, 9.999999999999522e-17, 9.999999999999522e-17, 9.999999999999522e-17, 9.999999999999522e-17, 9.999999999999522e-17, 9.999999999999522e-17, 9.999999999999522e-17, 9.999999999999522e-17, 9.999999999999522e-17, 9.999999999999522e-17, 9.999999999999522e-17, 9.999999999999522e-17, 9.999999999999522e-17, 9.999999999999522e-17, 9.999999999999522e-17, 9.999999999999522e-17, 9.999999999999522e-17, 9.999999999999522e-17, 9.999999999999522e-17, 9.999999999999522e-17, 9.999999999999522e-17, 9.999999999999522e-17, 9.999999999999522e-17, 9.999999999999522e-17, 9.999999999999522e-17, 9.999999999999522e-17, 9.999999999999522e-17, 9.999999999999522e-17, 9.999999999999522e-17, 9.999999999999522e-17, 9.999999999999522e-17, 9.999999999999522e-17, 9.999999999999522e-17, 9.999999999999522e-17, 9.999999999999522e-17, 9.999999999999522e-17, 9.999999999999522e-17, 9.999999999999522e-17, 9.999999999999522e-17, 9.999999999999522e-17, 9.999999999999522e-17, 9.999999999999522e-17, 9.999999999999522e-17, 9.999999999999522e-17, 9.999999999999522e-17, 9.999999999999522e-17, 9.999999999999522e-17, 9.999999999999522e-17, 9.999999999999522e-17, 9.999999999999522e-17, 9.999999999999522e-17, 9.999999999999522e-17, 9.999999999999522e-17, 9.999999999999522e-17, 9.999999999999522e-17, 9.999999999999522e-17, 9.999999999999522e-17, 9.999999999999522e-17, 9.999999999999522e-17, 9.999999999999522e-17, 9.999999999999522e-17, 9.999999999999522e-17, 9.999999999999522e-17, 9.999999999999522e-17, 9.999999999999522e-17, 9.999999999999522e-17, 9.999999999999522e-17, 9.999999999999522e-17, 9.999999999999522e-17, 9.999999999999522e-17, 9.999999999999522e-17, 9.999999999999522e-17, 9.999999999999522e-17, 9.999999999999522e-17, 9.999999999999522e-17, 9.999999999999522e-17, 9.999999999999522e-17, 9.999999999999522e-17, 9.999999999999522e-17, 9.999999999999522e-17, 9.999999999999522e-17, 9.999999999999522e-17, 9.999999999999522e-17, 9.999999999999522e-17, 9.999999999999522e-17, 9.999999999999522e-17, 9.999999999999522e-17, 9.999999999999522e-17, 9.999999999999522e-17, 9.999999999999522e-17, 9.999999999999522e-17, 9.999999999999522e-17, 9.999999999999522e-17, 9.999999999999522e-17, 9.999999999999522e-17, 9.999999999999522e-17, 9.999999999999522e-17, 9.999999999999522e-17, 9.999999999999522e-17, 9.999999999999522e-17, 9.999999999999522e-17, 9.999999999999522e-17, 9.999999999999522e-17, 9.999999999999522e-17, 9.999999999999522e-17, 9.999999999999522e-17, 9.999999999999522e-17, 9.999999999999522e-17, 9.999999999999522e-17, 9.999999999999522e-17, 9.999999999999522e-17, 9.999999999999522e-17, 9.999999999999522e-17, 9.999999999999522e-17, 9.999999999999522e-17, 9.999999999999522e-17, 9.999999999999522e-17, 9.999999999999522e-17, 9.999999999999522e-17, 9.999999999999522e-17, 9.999999999999522e-17, 9.999999999999522e-17, 9.999999999999522e-17, 9.999999999999522e-17, 9.999999999999522e-17, 9.999999999999522e-17, 9.999999999999522e-17, 9.999999999999522e-17, 9.999999999999522e-17, 9.999999999999522e-17, 9.999999999999522e-17, 9.999999999999522e-17, 9.999999999999522e-17, 9.999999999999522e-17, 9.999999999999522e-17, 9.999999999999522e-17, 9.999999999999522e-17, 9.999999999999522e-17, 9.999999999999522e-17, 9.999999999999522e-17, 9.999999999999522e-17, 9.999999999999522e-17, 9.999999999999522e-17, 9.999999999999522e-17, 9.999999999999522e-17, 9.999999999999522e-17, 9.999999999999522e-17, 9.999999999999522e-17, 9.999999999999522e-17, 9.999999999999522e-17, 9.999999999999522e-17, 9.999999999999522e-17, 9.999999999999522e-17, 9.999999999999522e-17, 9.999999999999522e-17, 9.999999999999522e-17, 9.999999999999522e-17, 9.999999999999522e-17, 9.999999999999522e-17, 9.999999999999522e-17, 9.999999999999522e-17, 9.999999999999522e-17, 9.999999999999522e-17, 9.999999999999522e-17, 9.999999999999522e-17, 9.999999999999522e-17, 9.999999999999522e-17, 9.999999999999522e-17, 9.999999999999522e-17, 9.999999999999522e-17, 9.999999999999522e-17, 9.999999999999522e-17, 9.999999999999522e-17, 9.999999999999522e-17, 9.999999999999522e-17, 9.999999999999522e-17, 9.999999999999522e-17, 9.999999999999522e-17, 9.999999999999522e-17, 9.999999999999522e-17, 9.999999999999522e-17, 9.999999999999522e-17, 9.999999999999522e-17, 9.999999999999522e-17, 9.999999999999522e-17, 9.999999999999522e-17, 9.999999999999522e-17, 9.999999999999522e-17, 9.999999999999522e-17, 9.999999999999522e-17, 9.999999999999522e-17, 9.999999999999522e-17, 9.999999999999522e-17, 9.999999999999522e-17, 9.999999999999522e-17, 9.999999999999522e-17, 9.999999999999522e-17, 9.999999999999522e-17, 9.999999999999522e-17, 9.999999999999522e-17, 9.999999999999522e-17, 9.999999999999522e-17, 9.999999999999522e-17, 9.999999999999522e-17, 9.999999999999522e-17, 9.999999999999522e-17, 9.999999999999522e-17, 9.999999999999522e-17, 9.999999999999522e-17, 9.999999999999522e-17, 9.999999999999522e-17, 9.999999999999522e-17, 