{"n_items": 200, "weights": [1.0626992561105033e-16, 1.0626992561105033e-16, 1.0626992561105033e-16, 1.0626992561105033e-16, 1.0626992561105033e-16, 1.0626992561105033e-16, 1.0626992561105033e-16, 1.0626992561105033e-16, 1.0626992561105033e-16, 1.0626992561105033e-16, 1.0626992561105033e-16, 1.0626992561105033e-16, 1.0626992561105033e-16, 1.0626992561105033e-16, 1.0626992561105033e-16, 1.0626992561105033e-16, 1.0626992561105033e-16, 1.0626992561105033e-16, 1.0626992561105033e-16, 1.0626992561105033e-16, 1.0626992561105033e-16, 1.0626992561105033e-16, 1.0626992561105033e-16, 1.0626992561105033e-16, 1.0626992561105033e-16, 1.0626992561105033e-16, 1.0626992561105033e-16, 1.0626992561105033e-16, 1.0626992561105033e-16, 1.0626992561105033e-16, 1.0626992561105033e-16, 1.0626992561105033e-16, 1.0626992561105033e-16, 1.0626992561105033e-16, 1.0626992561105033e-16, 1.0626992561105033e-16, 1.0626992561105033e-16, 1.0626992561105033e-16, 1.0626992561105033e-16, 1.0626992561105033e-16, 1.0626992561105033e-16, 1.0626992561105033e-16, 1.0626992561105033e-16, 1.0626992561105033e-16, 1.0626992561105033e-16, 1.0626992561105033e-16, 1.0626992561105033e-16, 1.0626992561105033e-16, 1.0626992561105033e-16, 1.0626992561105033e-16, 1.0626992561105033e-16, 1.0626992561105033e-16, 1.0626992561105033e-16, 1.0626992561105033e-16, 1.0626992561105033e-16, 1.0626992561105033e-16, 1.0626992561105033e-16, 1.0626992561105033e-16, 1.0626992561105033e-16, 1.0626992561105033e-16, 1.0626992561105033e-16, 1.0626992561105033e-16, 1.0626992561105033e-16, 1.0626992561105033e-16, 1.0626992561105033e-16, 1.0626992561105033e-16, 1.0626992561105033e-16, 1.0626992561105033e-16, 1.0626992561105033e-16, 1.0626992561105033e-16, 1.0626992561105033e-16, 1.0626992561105033e-16, 1.0626992561105033e-16, 1.0626992561105033e-16, 1.0626992561105033e-16, 1.0626992561105033e-16, 1.0626992561105033e-16, 1.0626992561105033e-16, 1.0626992561105033e-16, 1.0626992561105033e-16, 1.0626992561105033e-16, 1.0626992561105033e-16, 1.0626992561105033e-16, 1.0626992561105033e-16, 1.0626992561105033e-16, 1.0626992561105033e-16, 1.0626992561105033e-16, 1.0626992561105033e-16, 1.0626992561105033e-16, 1.0626992561105033e-16, 1.0626992561105033e-16, 1.0626992561105033e-16, 1.0626992561105033e-16, 1.0626992561105033e-16, 1.0626992561105033e-16, 1.0626992561105033e-16, 1.0626992561105033e-16, 1.0626992561105033e-16, 1.0626992561105033e-16, 1.0626992561105033e-16, 1.0626992561105033e-16, 1.0626992561105033e-16, 1.0626992561105033e-16, 1.0626992561105033e-16, 1.0626992561105033e-16, 1.0626992561105033e-16, 1.0626992561105033e-16, 1.0626992561105033e-16, 1.0626992561105033e-16, 1.0626992561105033e-16, 1.0626992561105033e-16, 1.0626992561105033e-16, 1.0626992561105033e-16, 1.0626992561105033e-16, 1.0626992561105033e-16, 1.0626992561105033e-16, 1.0626992561105033e-16, 1.0626992561105033e-16, 1.0626992561105033e-16, 1.0626992561105033e-16, 1.0626992561105033e-16, 1.0626992561105033e-16, 1.0626992561105033e-16, 1.0626992561105033e-16, 1.0626992561105033e-16, 1.0626992561105033e-16, 1.0626992561105033e-16, 1.0626992561105033e-16, 1.0626992561105033e-16, 1.0626992561105033e-16, 1.0626992561105033e-16, 1.0626992561105033e-16, 1.0626992561105033e-16, 1.0626992561105033e-16, 1.0626992561105033e-16, 1.0626992561105033e-16, 1.0626992561105033e-16, 1.0626992561105033e-16, 1.0626992561105033e-16, 1.0626992561105033e-16, 1.0626992561105033e-16, 1.0626992561105033e-16, 1.0626992561105033e-16, 1.0626992561105033e-16, 1.0626992561105033e-16, 1.0626992561105033e-16, 1.0626992561105033e-16, 1.0626992561105033e-16, 1.0626992561105033e-16, 1.0626992561105033e-16, 1.0626992561105033e-16, 1.0626992561105033e-16, 1.0626992561105033e-16, 1.0626992561105033e-16, 0.00010626992561105033, 0.00021253985122210065, 0.00010626992561105033, 0.0004250797024442013, 0.0007438894792773523, 0.00010626992561105033, 0.0004250797024442013, 0.0005313496280552517, 0.0007438894792773523, 0.0004250797024442013, 0.001594048884165755, 0.000956429330499453, 0.002019128586609956, 0.0022316684378320567, 0.001912858660998906, 0.002869287991498359, 0.004038257173219912, 0.004675876726886214, 0.0064824654622740695, 0.006163655685440919, 0.008501594048884027, 0.00956429330499453, 0.011689691817215535, 0.01307120085015919, 0.015727948990435447, 0.017003188097768053, 0.021041445270987964, 0.025398512221041027, 0.025079702444207878, 0.028905419766205687, 0.02975557917109409, 0.03549415515409081, 0.03836344314558917, 0.03942614240169967, 0.044102019128585884, 0.04824654622741685, 0.04930924548352735, 0.054622741764079864, 0.057173219978745075, 0.05982996811902133, 0.06184909670563129, 0.0652497343251849, 0.06811902231668326, 0.0669500531349617, 0.06875664187034956, 1.0626992561105033e-16], "profits": [1.0, 1.0, 1.0, 1.0, 1.0, 1.0, 1.0, 1.0, 1.0, 1.0, 1.0, 1.0, 1.0, 1.0, 1.0, 1.0, 1.0, 1.0, 1.0, 1.0, 1.0, 1.0, 1.0, 1.0, 1.0, 1.0, 1.0, 1.0, 1.0, 1.0, 1.0, 1.0, 1.0, 1.0, 1.0, 1.0, 1.0, 1.0, 1.0, 1.0, 1.0, 1.0, 1.0, 1.0, 1.0, 1.0, 1.0, 1.0, 1.0, 1.0, 1.0, 1.0, 1.0, 1.0, 1.0, 1.0, 1.0, 1.0, 1.0, 1.0, 1.0, 1.0, 1.0, 1.0, 1.0, 1.0, 1.0, 1.0, 1.0, 1.0, 1.0, 1.0, 1.0, 1.0, 1.0, 1.0, 1.0, 1.0, 1.0, 1.0, 1.0, 1.0, 1.0, 1.0, 1.0, 1.0, 1.0, 1.0, 1.0, 1.0, 1.0, 1.0, 1.0, 1.0, 1.0, 1.0, 1.0, 1.0, 1.0, 1.0, 1.0, 1.0, 1.0, 1.0, 1.0, 1.0, 1.0, 1.0, 1.0, 1.0, 1.0, 1.0, 1.0, 1.0, 1.0, 1.0, 1.0, 1.0, 1.0, 1.0, 1.0, 1.0, 1.0, 1.0, 1.0, 1.0, 1.0, 1.0, 1.0, 1.0, 1.0, 1.0, 1.0, 1.0, 1.0, 1.0, 1.0, 1.0, 1.0, 1.0, 1.0, 1.0, 1.0, 1.0, 1.0, 1.0, 1.0, 1.0, 1.0, 1.0, 1.0, 1.0, 1.0, 1.0, 1.0, 1.0, 1.0, 1.0, 1.0, 1.0, 1.0, 1.0, 1.0, 1.0, 1.0, 1.0, 1.0, 1.0, 1.0, 1.0, 1.0, 1.0, 1.0, 1.0, 1.0, 1.0, 1.0, 1.0, 1.0, 1.0, 1.0, 1.0, 1.0, 1.0, 1.0, 1.0, 1.0, 1.0, 1.0, 1.0, 1.0, 1.0, 1.0, 1.0, 1.0, 1.0, 1.0, 1.0, 1.0, 1.0], "min_weight": 0.95, "max_distance": 2}