{"n_items": 600, "weights": [0.008799999999999778, 0.008899999999999776, 0.010199999999999744, 0.010099999999999746, 0.009499999999999762, 0.010099999999999746, 0.00869999999999978, 0.010799999999999728, 0.007599999999999809, 0.007899999999999801, 0.009299999999999767, 0.00869999999999978, 0.009899999999999751, 0.011199999999999719, 0.0077999999999998045, 0.008999999999999774, 0.011399999999999714, 0.008999999999999774, 0.009199999999999769, 0.008199999999999794, 0.009199999999999769, 0.007099999999999822, 0.008799999999999778, 0.008599999999999785, 0.008999999999999774, 0.008299999999999792, 0.009699999999999756, 0.008099999999999797, 0.0077999999999998045, 0.008899999999999776, 0.005999999999999849, 0.006599999999999834, 0.007599999999999809, 0.008099999999999797, 0.00679999999999983, 0.007599999999999809, 0.006399999999999839, 0.006899999999999826, 0.005699999999999857, 0.0061999999999998445, 0.006499999999999837, 0.005299999999999867, 0.006099999999999847, 0.004999999999999874, 0.006099999999999847, 0.006099999999999847, 0.005799999999999855, 0.0061999999999998445, 0.00479999999999988, 0.00519999999999987, 0.004999999999999874, 0.0037999999999999046, 0.0035999999999999097, 0.0037999999999999046, 0.004499999999999887, 0.0035999999999999097, 0.003499999999999912, 0.0038999999999999022, 0.004199999999999895, 0.0045999999999998846, 0.002499999999999937, 0.003699999999999907, 0.0018999999999999523, 0.0019999999999999497, 0.0029999999999999246, 0.0022999999999999423, 0.0027999999999999297, 0.0015999999999999597, 0.0028999999999999274, 0.00239999999999994, 0.0016999999999999574, 0.00239999999999994, 0.0015999999999999597, 0.0019999999999999497, 0.0021999999999999446, 0.0018999999999999523, 0.00119999999999997, 0.0017999999999999548, 0.0010999999999999723, 0.0010999999999999723, 0.0012999999999999674, 0.0010999999999999723, 0.0009999999999999749, 0.0010999999999999723, 0.0004999999999999874, 0.0015999999999999597, 0.0013999999999999649, 0.0013999999999999649, 0.0009999999999999749, 0.0007999999999999799, 0.0010999999999999723, 0.0002999999999999925, 0.0004999999999999874, 9.999999999999748e-05, 0.0007999999999999799, 0.00019999999999999497, 0.00039999999999998994, 0.0002999999999999925, 0.0004999999999999874, 0.0004999999999999874, 0.00039999999999998994, 9.999999999999748e-05, 0.0002999999999999925, 0.00019999999999999497, 0.00019999999999999497, 0.0004999999999999874, 0.0002999999999999925, 0.00019999999999999497, 9.999999999999748e-17, 0.00019999999999999497, 0.00039999999999998994, 9.999999999999748e-17, 9.999999999999748e-17, 0.00019999999999999497, 0.00019999999999999497, 9.999999999999748e-17, 0.00019999999999999497, 9.999999999999748e-05, 9.999999999999748e-17, 9.999999999999748e-05, 0.00019999999999999497, 9.999999999999748e-05, 9.999999999999748e-17, 0.00019999999999999497, 9.999999999999748e-17, 9.999999999999748e-17, 0.00019999999999999497, 9.999999999999748e-17, 9.999999999999748e-17, 9.999999999999748e-17, 9.999999999999748e-17, 9.999999999999748e-17, 9.999999999999748e-05, 9.999999999999748e-17, 9.999999999999748e-17, 9.999999999999748e-17, 0.00019999999999999497, 9.999999999999748e-17, 9.999999999999748e-17, 9.999999999999748e-17, 9.999999999999748e-17, 9.999999999999748e-17, 9.999999999999748e-05, 9.999999999999748e-17, 9.999999999999748e-17, 9.999999999999748e-17, 9.999999999999748e-17, 9.999999999999748e-17, 9.999999999999748e-17, 9.999999999999748e-17, 9.999999999999748e-17, 9.999999999999748e-17, 9.999999999999748e-17, 9.999999999999748e-17, 9.999999999999748e-17, 9.999999999999748e-17, 9.999999999999748e-17, 9.999999999999748e-17, 9.999999999999748e-17, 9.999999999999748e-17, 9.999999999999748e-17, 9.999999999999748e-17, 9.999999999999748e-17, 9.999999999999748e-17, 9.999999999999748e-17, 9.999999999999748e-17, 9.999999999999748e-17, 9.999999999999748e-17, 9.999999999999748e-17, 9.999999999999748e-17, 9.999999999999748e-17, 9.999999999999748e-17, 9.999999999999748e-17, 9.999999999999748e-17, 9.999999999999748e-17, 9.999999999999748e-17, 9.999999999999748e-17, 9.999999999999748e-05, 9.999999999999748e-17, 9.999999999999748e-17, 9.999999999999748e-17, 9.999999999999748e-17, 9.999999999999748e-17, 9.999999999999748e-17, 9.999999999999748e-17, 9.999999999999748e-17, 9.999999999999748e-17, 9.999999999999748e-17, 9.999999999999748e-17, 9.999999999999748e-17, 9.999999999999748e-17, 9.999999999999748e-17, 9.999999999999748e-17, 9.999999999999748e-05, 9.999999999999748e-17, 9.999999999999748e-05, 9.999999999999748e-05, 9.999999999999748e-17, 9.999999999999748e-17, 9.999999999999748e-05, 9.999999999999748e-17, 9.999999999999748e-17, 9.999999999999748e-17, 9.999999999999748e-17, 9.999999999999748e-05, 9.999999999999748e-05, 0.00019999999999999497, 9.999999999999748e-17, 9.999999999999748e-17, 9.999999999999748e-17, 9.999999999999748e-17, 9.999999999999748e-05, 0.00019999999999999497, 9.999999999999748e-05, 9.999999999999748e-17, 9.999999999999748e-05, 9.999999999999748e-05, 9.999999999999748e-05, 9.999999999999748e-17, 0.0004999999999999874, 9.999999999999748e-05, 9.999999999999748e-05, 9.999999999999748e-17, 0.00019999999999999497, 0.00019999999999999497, 0.0002999999999999925, 9.999999999999748e-05, 9.999999999999748e-05, 0.00039999999999998994, 0.0002999999999999925, 0.00019999999999999497, 0.0002999999999999925, 9.999999999999748e-05, 9.999999999999748e-05, 0.0004999999999999874, 0.00019999999999999497, 9.999999999999748e-05, 0.000599999999999985, 0.00019999999999999497, 0.0006999999999999824, 0.0002999999999999925, 0.00019999999999999497, 0.000599999999999985, 0.00019999999999999497, 0.0004999999999999874, 0.000599999999999985, 0.0007999999999999799, 0.0002999999999999925, 0.0006999999999999824, 0.000599999999999985, 0.0002999999999999925, 0.00119999999999997, 0.000599999999999985, 0.0008999999999999774, 0.00119999999999997, 0.0015999999999999597, 0.00119999999999997, 0.0012999999999999674, 0.0012999999999999674, 0.0010999999999999723, 0.0015999999999999597, 0.0013999999999999649, 0.0017999999999999548, 0.0010999999999999723, 0.0016999999999999574, 0.0015999999999999597, 0.0021999999999999446, 0.0019999999999999497, 0.0020999999999999474, 0.0020999999999999474, 0.0016999999999999574, 0.002699999999999932, 0.0027999999999999297, 0.0029999999999999246, 0.002499999999999937, 0.002699999999999932, 0.0018999999999999523, 0.0022999999999999423, 0.0028999999999999274, 0.0029999999999999246, 0.0027999999999999297, 0.002599999999999935, 0.0029999999999999246, 0.0027999999999999297, 0.0028999999999999274, 0.003399999999999915, 0.003699999999999907, 0.003699999999999907, 0.003499999999999912, 0.004499999999999887, 0.004099999999999897, 0.0037999999999999046, 0.004199999999999895, 0.004399999999999889, 0.00519999999999987, 0.0038999999999999022, 0.004399999999999889, 0.004399999999999889, 0.003699999999999907, 0.004099999999999897, 0.004499999999999887, 0.00479999999999988, 0.003399999999999915, 0.0045999999999998846, 0.003499999999999912, 0.0045999999999998846, 0.004699999999999882, 0.004099999999999897, 0.005099999999999872, 0.005699999999999857, 0.005299999999999867, 0.00519999999999987, 0.005299999999999867, 0.005499999999999862, 0.0058999999999998515, 0.005099999999999872, 0.005499999999999862, 0.00479999999999988, 0.006099999999999847, 0.005299999999999867, 0.005599999999999859, 0.004999999999999874, 0.005099999999999872, 0.00479999999999988, 0.004499999999999887, 0.004999999999999874, 0.005999999999999849, 0.004199999999999895, 0.005399999999999864, 0.004699999999999882, 0.006899999999999826, 0.004699999999999882, 0.004399999999999889, 0.005099999999999872, 0.0045999999999998846, 0.004699999999999882, 0.0042999999999998924, 0.00479999999999988, 0.004099999999999897, 0.005599999999999859, 0.004499999999999887, 0.0039999999999998995, 0.003699999999999907, 0.004399999999999889, 0.004099999999999897, 0.0035999999999999097, 0.0038999999999999022, 0.0037999999999999046, 0.00519999999999987, 0.003499999999999912, 0.004999999999999874, 