{"n_items": 200, "weights": [9.999999999999907e-17, 9.999999999999907e-17, 9.999999999999907e-17, 9.999999999999907e-05, 9.999999999999907e-17, 9.999999999999907e-17, 9.999999999999907e-17, 9.999999999999907e-05, 9.999999999999907e-17, 9.999999999999907e-05, 9.999999999999907e-17, 9.999999999999907e-05, 0.0003999999999999963, 0.0006999999999999935, 0.00019999999999999814, 0.0003999999999999963, 0.0003999999999999963, 0.0007999999999999926, 0.0004999999999999953, 0.0002999999999999972, 0.0006999999999999935, 0.0010999999999999899, 0.0007999999999999926, 0.0016999999999999843, 0.0014999999999999862, 0.0018999999999999824, 0.002599999999999976, 0.002599999999999976, 0.0036999999999999655, 0.00429999999999996, 0.0033999999999999686, 0.004899999999999955, 0.004199999999999961, 0.00649999999999994, 0.0070999999999999345, 0.00849999999999992, 0.010099999999999906, 0.008099999999999925, 0.0107999999999999, 0.010299999999999905, 0.011499999999999894, 0.01399999999999987, 0.012699999999999882, 0.013199999999999877, 0.014499999999999865, 0.017899999999999833, 0.01609999999999985, 0.01849999999999983, 0.01719999999999984, 0.020999999999999804, 0.02049999999999981, 0.02349999999999978, 0.0212999999999998, 0.02269999999999979, 0.02489999999999977, 0.020999999999999804, 0.01919999999999982, 0.024499999999999772, 0.020799999999999808, 0.02269999999999979, 0.026399999999999754, 0.024299999999999773, 0.02499999999999977, 0.021999999999999797, 0.02269999999999979, 0.024299999999999773, 0.018899999999999823, 0.02359999999999978, 0.02289999999999979, 0.02049999999999981, 0.02049999999999981, 0.020899999999999808, 0.019899999999999814, 0.01839999999999983, 0.01609999999999985, 0.01749999999999984, 0.01729999999999984, 0.015399999999999857, 0.01389999999999987, 0.012399999999999885, 0.012299999999999886, 0.010999999999999899, 0.012599999999999884, 0.00849999999999992, 0.008899999999999917, 0.00849999999999992, 0.007399999999999931, 0.00869999999999992, 0.005999999999999945, 0.004699999999999957, 0.003999999999999963, 0.0035999999999999665, 0.003799999999999965, 0.002799999999999974, 0.003799999999999965, 0.0023999999999999777, 0.0018999999999999824, 0.0010999999999999899, 0.0010999999999999899, 0.0014999999999999862, 0.0009999999999999907, 0.0009999999999999907, 0.0007999999999999926, 0.0008999999999999916, 0.0007999999999999926, 0.00019999999999999814, 9.999999999999907e-17, 0.0002999999999999972, 0.00019999999999999814, 9.999999999999907e-17, 0.00019999999999999814, 9.999999999999907e-17, 9.999999999999907e-05, 9.999999999999907e-17, 9.999999999999907e-05, 9.999999999999907e-17, 9.999999999999907e-05, 9.999999999999907e-17, 9.999999999999907e-17, 9.999999999999907e-17, 9.999999999999907e-05, 9.999999999999907e-17, 9.999999999999907e-17, 9.999999999999907e-17, 9.999999999999907e-17, 9.999999999999907e-17, 9.999999999999907e-17, 9.999999999999907e-17, 9.999999999999907e-17, 9.999999999999907e-17, 9.999999999999907e-05, 9.999999999999907e-17, 9.999999999999907e-17, 9.999999999999907e-17, 9.999999999999907e-17, 9.999999999999907e-17, 9.999999999999907e-17, 9.999999999999907e-17, 9.999999999999907e-17, 9.999999999999907e-17, 9.999999999999907e-17, 9.999999999999907e-17, 9.999999999999907e-17, 9.999999999999907e-17, 9.999999999999907e-17, 9.999999999999907e-17, 9.999999999999907e-17, 9.999999999999907e-17, 9.999999999999907e-17, 9.999999999999907e-17, 9.999999999999907e-17, 9.999999999999907e-17, 9.999999999999907e-17, 9.999999999999907e-17, 9.999999999999907e-17, 9.999999999999907e-17, 9.999999999999907e-17, 9.999999999999907e-17, 9.999999999999907e-17, 9.999999999999907e-17, 9.999999999999907e-17, 9.999999999999907e-17, 9.999999999999907e-17, 9.999999999999907e-17, 9.999999999999907e-17, 9.999999999999907e-17, 9.999999999999907e-17, 9.999999999999907e-17, 9.999999999999907e-17, 9.999999999999907e-17, 9.999999999999907e-17, 9.999999999999907e-17, 9.999999999999907e-17, 9.999999999999907e-17, 9.999999999999907e-17, 9.999999999999907e-17, 9.999999999999907e-17, 9.999999999999907e-17, 9.999999999999907e-17, 9.999999999999907e-17, 9.999999999999907e-17, 9.999999999999907e-17, 9.999999999999907e-17, 9.999999999999907e-17, 9.999999999999907e-17, 9.999999999999907e-17, 9.999999999999907e-17, 9.999999999999907e-17, 9.999999999999907e-17, 9.999999999999907e-17, 9.999999999999907e-17, 9.999999999999907e-17, 9.999999999999907e-17, 9.999999999999907e-17, 9.999999999999907e-17, 9.999999999999907e-17, 9.999999999999907e-17, 9.999999999999907e-17, 9.999999999999907e-17, 9.999999999999907e-17], "profits": [1.0, 1.0, 1.0, 1.0, 1.0, 1.0, 1.0, 1.0, 1.0, 1.0, 1.0, 1.0, 1.0, 1.0, 1.0, 1.0, 1.0, 1.0, 1.0, 1.0, 1.0, 1.0, 1.0, 1.0, 1.0, 1.0, 1.0, 1.0, 1.0, 1.0, 1.0, 1.0, 1.0, 1.0, 1.0, 1.0, 1.0, 0.1, 1.0, 1.0, 1.0, 1.0, 1.0, 1.0, 1.0, 1.0, 1.0, 1.0, 0.1, 1.0, 1.0, 1.0, 1.0, 1.0, 1.0, 1.0, 1.0, 1.0, 1.0, 1.0, 1.0, 1.0, 1.0, 1.0, 1.0, 1.0, 1.0, 1.0, 1.0, 1.0, 1.0, 1.0, 1.0, 1.0, 1.0, 1.0, 1.0, 1.0, 1.0, 1.0, 1.0, 1.0, 1.0, 1.0, 1.0, 1.0, 1.0, 1.0, 1.0, 1.0, 1.0, 1.0, 1.0, 1.0, 1.0, 1.0, 1.0, 1.0, 1.0, 1.0, 1.0, 1.0, 1.0, 1.0, 1.0, 1.0, 1.0, 1.0, 1.0, 1.0, 1.0, 1.0, 1.0, 1.0, 1.0, 1.0, 1.0, 1.0, 1.0, 1.0, 1.0, 1.0, 1.0, 1.0, 1.0, 1.0, 1.0, 1.0, 1.0, 1.0, 1.0, 1.0, 1.0, 1.0, 1.0, 1.0, 1.0, 1.0, 1.0, 1.0, 1.0, 1.0, 1.0, 1.0, 1.0, 1.0, 1.0, 1.0, 1.0, 1.0, 1.0, 1.0, 1.0, 1.0, 1.0, 1.0, 1.0, 1.0, 1.0, 1.0, 1.0, 1.0, 1.0, 1.0, 1.0, 1.0, 1.0, 1.0, 1.0, 1.0, 1.0, 1.0, 1.0, 1.0, 1.0, 1.0, 1.0, 1.0, 1.0, 1.0, 1.0, 1.0, 1.0, 1.0, 1.0, 1.0, 1.0, 1.0, 1.0, 1.0, 1.0, 1.0, 1.0, 1.0, 1.0, 1.0, 1.0, 1.0, 1.0, 1.0], "min_weight": 0.95, "max_distance": 2}