{"n_items": 400, "weights": [9.99999999999976e-17, 9.99999999999976e-17, 9.99999999999976e-17, 9.99999999999976e-17, 9.99999999999976e-17, 9.99999999999976e-17, 9.99999999999976e-17, 9.99999999999976e-17, 9.99999999999976e-17, 9.99999999999976e-17, 9.99999999999976e-17, 9.99999999999976e-17, 9.99999999999976e-17, 9.99999999999976e-17, 9.99999999999976e-17, 9.99999999999976e-17, 9.99999999999976e-17, 9.99999999999976e-17, 9.99999999999976e-17, 9.99999999999976e-17, 9.99999999999976e-17, 9.99999999999976e-17, 9.99999999999976e-17, 9.99999999999976e-17, 9.99999999999976e-17, 9.99999999999976e-17, 9.99999999999976e-17, 9.99999999999976e-17, 9.99999999999976e-17, 9.99999999999976e-17, 9.99999999999976e-17, 9.99999999999976e-17, 9.99999999999976e-17, 9.99999999999976e-17, 9.99999999999976e-17, 9.99999999999976e-17, 9.99999999999976e-17, 9.99999999999976e-17, 9.99999999999976e-17, 9.99999999999976e-17, 9.99999999999976e-17, 9.99999999999976e-17, 9.99999999999976e-17, 9.99999999999976e-17, 9.99999999999976e-17, 9.99999999999976e-17, 9.99999999999976e-17, 9.99999999999976e-17, 9.99999999999976e-17, 9.99999999999976e-17, 9.99999999999976e-17, 9.99999999999976e-17, 9.99999999999976e-17, 9.99999999999976e-17, 9.99999999999976e-17, 9.99999999999976e-17, 9.99999999999976e-17, 9.99999999999976e-17, 9.99999999999976e-17, 9.99999999999976e-17, 9.99999999999976e-17, 9.99999999999976e-17, 9.99999999999976e-17, 9.99999999999976e-17, 9.99999999999976e-17, 9.99999999999976e-17, 9.99999999999976e-17, 9.99999999999976e-17, 9.99999999999976e-17, 9.99999999999976e-17, 9.99999999999976e-17, 9.99999999999976e-17, 9.99999999999976e-17, 9.99999999999976e-17, 9.99999999999976e-17, 9.99999999999976e-17, 9.99999999999976e-17, 9.99999999999976e-17, 9.99999999999976e-17, 9.99999999999976e-17, 9.99999999999976e-17, 9.99999999999976e-17, 9.99999999999976e-17, 9.99999999999976e-17, 9.99999999999976e-17, 9.99999999999976e-17, 9.99999999999976e-17, 9.99999999999976e-17, 9.99999999999976e-17, 9.99999999999976e-17, 9.99999999999976e-17, 9.99999999999976e-17, 9.99999999999976e-17, 9.99999999999976e-17, 9.99999999999976e-17, 9.99999999999976e-17, 9.99999999999976e-17, 9.99999999999976e-17, 9.99999999999976e-17, 9.99999999999976e-17, 9.99999999999976e-17, 9.99999999999976e-17, 9.99999999999976e-17, 9.99999999999976e-17, 9.99999999999976e-17, 9.999999999999759e-05, 0.00019999999999999518, 9.99999999999976e-17, 0.00019999999999999518, 9.99999999999976e-17, 0.0002999999999999928, 9.999999999999759e-05, 9.99999999999976e-17, 0.0002999999999999928, 0.000499999999999988, 0.0006999999999999832, 0.000999999999999976, 0.0002999999999999928, 0.0006999999999999832, 0.0011999999999999713, 0.0011999999999999713, 0.0013999999999999664, 0.0024999999999999398, 0.0030999999999999257, 0.0023999999999999425, 0.0021999999999999472, 0.004199999999999899, 0.0043999999999998944, 0.004499999999999892, 0.005799999999999861, 0.006299999999999849, 0.0067999999999998366, 0.0073999999999998225, 0.010299999999999752, 0.008899999999999787, 0.00919999999999978, 0.010899999999999738, 0.011799999999999717, 0.011999999999999712, 0.012299999999999705, 0.011299999999999729, 0.01499999999999964, 0.015099999999999638, 0.0166999999999996, 0.017599999999999578, 0.014099999999999661, 0.014799999999999645, 0.016799999999999597, 0.015099999999999638, 0.014699999999999647, 0.01579999999999962, 0.014299999999999657, 0.014099999999999661, 0.012699999999999696, 0.014499999999999652, 0.014699999999999647, 0.013199999999999682, 0.012399999999999703, 0.011599999999999722, 0.010199999999999754, 0.010499999999999747, 0.007599999999999818, 0.007299999999999825, 0.00789999999999981, 0.0061999999999998515, 0.007199999999999827, 0.005199999999999875, 0.004299999999999897, 0.003199999999999923, 0.0032999999999999206, 0.0028999999999999304, 0.0025999999999999374, 0.0021999999999999472, 0.003199999999999923, 0.001999999999999952, 0.0016999999999999591, 0.000999999999999976, 0.0006999999999999832, 0.0006999999999999832, 0.00039999999999999037, 0.0005999999999999856, 0.000499999999999988, 0.00019999999999999518, 9.99999999999976e-17, 9.999999999999759e-05, 9.99999999999976e-17, 9.999999999999759e-05, 0.00019999999999999518, 9.999999999999759e-05, 9.99999999999976e-17, 0.00019999999999999518, 9.99999999999976e-17, 9.99999999999976e-17, 9.99999999999976e-17, 9.99999999999976e-17, 9.99999999999976e-17, 9.99999999999976e-17, 9.99999999999976e-17, 9.99999999999976e-17, 9.99999999999976e-17, 9.99999999999976e-17, 9.99999999999976e-17, 9.99999999999976e-17, 9.99999999999976e-17, 9.99999999999976e-17, 9.99999999999976e-17, 9.99999999999976e-17, 9.99999999999976e-17, 9.99999999999976e-17, 9.99999999999976e-17, 9.99999999999976e-17, 9.99999999999976e-17, 9.99999999999976e-17, 9.99999999999976e-17, 9.99999999999976e-17, 9.99999999999976e-17, 9.99999999999976e-17, 9.99999999999976e-17, 9.99999999999976e-17, 9.99999999999976e-17, 9.99999999999976e-17, 9.99999999999976e-17, 9.99999999999976e-17, 9.99999999999976e-17, 9.99999999999976e-17, 9.99999999999976e-17, 9.99999999999976e-17, 9.99999999999976e-17, 9.99999999999976e-17, 9.99999999999976e-17, 9.99999999999976e-17, 9.99999999999976e-17, 9.99999999999976e-17, 9.99999999999976e-17, 9.99999999999976e-17, 9.99999999999976e-17, 9.99999999999976e-17, 9.99999999999976e-17, 9.99999999999976e-17, 9.99999999999976e-17, 9.99999999999976e-17, 9.99999999999976e-17, 9.99999999999976e-17, 9.99999999999976e-17, 9.99999999999976e-17, 9.99999999999976e-17, 9.99999999999976e-17, 9.99999999999976e-17, 9.99999999999976e-17, 9.99999999999976e-17, 9.99999999999976e-17, 9.99999999999976e-17, 9.99999999999976e-17, 9.99999999999976e-17, 9.99999999999976e-17, 9.99999999999976e-17, 9.99999999999976e-17, 9.99999999999976e-17, 9.999999999999759e-05, 9.999999999999759e-05, 9.99999999999976e-17, 9.999999999999759e-05, 9.99999999999976e-17, 9.99999999999976e-17, 9.99999999999976e-17, 9.99999999999976e-17, 0.00019999999999999518, 9.999999999999759e-05, 9.999999999999759e-05, 0.00039999999999999037, 0.00039999999999999037, 0.000499999999999988, 0.000499999999999988, 0.0002999999999999928, 0.0006999999999999832, 0.000999999999999976, 0.0007999999999999807, 0.001499999999999964, 0.0013999999999999664, 0.001999999999999952, 0.0018999999999999545, 0.002299999999999945, 0.003199999999999923, 0.0040999999999999015, 0.004299999999999897, 0.004499999999999892, 0.005999999999999856, 0.006299999999999849, 0.006899999999999834, 0.0052999999999998725, 0.007199999999999827, 0.009099999999999782, 0.008599999999999794, 0.00959999999999977, 0.009899999999999763, 0.01289999999999969, 0.013199999999999682, 0.01169999999999972, 0.01499999999999964, 0.014199999999999659, 0.014799999999999645, 0.015499999999999629, 0.015699999999999624, 0.015299999999999633, 0.01829999999999956, 0.015699999999999624, 0.017199999999999587, 0.014699999999999647, 0.017199999999999587, 0.012999999999999687, 0.014799999999999645, 0.013399999999999678, 0.013899999999999666, 0.012599999999999698, 0.013099999999999685, 0.010299999999999752, 0.011599999999999722, 0.010199999999999754, 0.009499999999999773, 0.010299999999999752, 0.008599999999999794, 0.007299999999999825, 0.004799999999999885, 0.005699999999999863, 0.0027999999999999328, 0.003199999999999923, 0.004199999999999899, 0.0036999999999999113, 0.0024999999999999398, 0.002699999999999935, 0.0013999999999999664, 0.002299999999999945, 0.0013999999999999664, 0.0012999999999999687, 0.0006999999999999832, 0.0007999999999999807, 0.000499999999999988, 0.00039999999999999037, 0.000499999999999988, 0.0007999999999999807, 0.0002999999999999928, 0.0002999999999999928, 9.99999999999976e-17, 9.99999999999976e-17, 9.99999999999976e-17, 9.99999999999976e-17, 9.999999999999759e-05, 9.99999999999976e-17, 9.999999999999759e-05, 9.99999999999976e-17, 9.99999999999976e-17, 9.99999999999976e-17, 9.99999999999976e-17, 9.99999999999976e-17, 9.99999999999976e-17, 9.99999999999976e-17, 9.99999999999976e-17, 9.99999999999976e-17, 9.99999999999976e-17, 