{"n_items": 400, "weights": [1.0002000400079925e-16, 1.0002000400079925e-16, 1.0002000400079925e-16, 1.0002000400079925e-16, 1.0002000400079925e-16, 1.0002000400079925e-16, 1.0002000400079925e-16, 1.0002000400079925e-16, 1.0002000400079925e-16, 1.0002000400079925e-16, 1.0002000400079925e-16, 1.0002000400079925e-16, 1.0002000400079925e-16, 1.0002000400079925e-16, 1.0002000400079925e-16, 1.0002000400079925e-16, 1.0002000400079925e-16, 1.0002000400079925e-16, 1.0002000400079925e-16, 1.0002000400079925e-16, 1.0002000400079925e-16, 1.0002000400079925e-16, 1.0002000400079925e-16, 1.0002000400079925e-16, 1.0002000400079925e-16, 1.0002000400079925e-16, 1.0002000400079925e-16, 1.0002000400079925e-16, 1.0002000400079925e-16, 1.0002000400079925e-16, 1.0002000400079925e-16, 1.0002000400079925e-16, 1.0002000400079925e-16, 1.0002000400079925e-16, 1.0002000400079925e-16, 1.0002000400079925e-16, 1.0002000400079925e-16, 1.0002000400079925e-16, 1.0002000400079925e-16, 1.0002000400079925e-16, 1.0002000400079925e-16, 1.0002000400079925e-16, 1.0002000400079925e-16, 1.0002000400079925e-16, 1.0002000400079925e-16, 0.00010002000400079925, 1.0002000400079925e-16, 1.0002000400079925e-16, 0.00010002000400079925, 1.0002000400079925e-16, 1.0002000400079925e-16, 0.00010002000400079925, 1.0002000400079925e-16, 1.0002000400079925e-16, 1.0002000400079925e-16, 1.0002000400079925e-16, 1.0002000400079925e-16, 1.0002000400079925e-16, 1.0002000400079925e-16, 1.0002000400079925e-16, 1.0002000400079925e-16, 1.0002000400079925e-16, 1.0002000400079925e-16, 1.0002000400079925e-16, 1.0002000400079925e-16, 0.00010002000400079925, 0.00010002000400079925, 1.0002000400079925e-16, 1.0002000400079925e-16, 1.0002000400079925e-16, 1.0002000400079925e-16, 0.0002000400080015985, 1.0002000400079925e-16, 0.00010002000400079925, 0.00010002000400079925, 1.0002000400079925e-16, 1.0002000400079925e-16, 0.00010002000400079925, 0.00010002000400079925, 0.00010002000400079925, 1.0002000400079925e-16, 1.0002000400079925e-16, 1.0002000400079925e-16, 1.0002000400079925e-16, 1.0002000400079925e-16, 0.00010002000400079925, 0.0002000400080015985, 0.00030006001200239777, 0.00010002000400079925, 0.0002000400080015985, 0.000400080016003197, 0.000400080016003197, 1.0002000400079925e-16, 0.00030006001200239777, 0.0006001200240047955, 0.00030006001200239777, 0.000400080016003197, 0.00030006001200239777, 1.0002000400079925e-16, 0.00030006001200239777, 0.00030006001200239777, 1.0002000400079925e-16, 0.00030006001200239777, 0.0006001200240047955, 0.0002000400080015985, 0.000400080016003197, 0.00030006001200239777, 0.00030006001200239777, 0.000400080016003197, 0.00010002000400079925, 0.0005001000200039962, 0.0002000400080015985, 0.0005001000200039962, 0.000800160032006394, 0.0005001000200039962, 0.000400080016003197, 0.0005001000200039962, 0.0005001000200039962, 0.0007001400280055947, 0.0006001200240047955, 0.0006001200240047955, 0.0007001400280055947, 0.0010002000400079925, 0.0009001800360071932, 0.0002000400080015985, 0.0011002200440087917, 0.0007001400280055947, 0.000800160032006394, 0.0009001800360071932, 0.0007001400280055947, 0.0013002600520103903, 0.0013002600520103903, 0.001200240048009591, 0.0015003000600119889, 0.0017003400680135872, 0.0011002200440087917, 0.0011002200440087917, 0.0011002200440087917, 0.001600320064012788, 0.0013002600520103903, 0.0021004200840167844, 0.0030006001200239777, 0.0015003000600119889, 0.0021004200840167844, 0.0018003600720143864, 0.002000400080015985, 0.0021004200840167844, 0.002800560112022379, 0.0023004600920183828, 0.0023004600920183828, 0.0019003800760151858, 0.0022004400880175834, 0.00270054010802158, 0.0022004400880175834, 0.0023004600920183828, 0.0029005801160231783, 0.0022004400880175834, 0.0034006801360271744, 0.003600720144028773, 0.0022004400880175834, 0.0034006801360271744, 0.002500500100019981, 0.00400080016003197, 0.0029005801160231783, 0.0031006201240247767, 0.003200640128025576, 0.002400480096019182, 0.003700740148029572, 0.0031006201240247767, 0.0034006801360271744, 0.0019003800760151858, 0.0046009201840367655, 0.00400080016003197, 0.003300660132026375, 0.004400880176035167, 0.004200840168033569, 0.0034006801360271744, 0.005901180236047156, 0.004300860172034368, 0.004900980196039163, 0.005201040208041561, 0.0045009001800359666, 0.005901180236047156, 0.004100820164032769, 0.005101020204040762, 0.005901180236047156, 0.004300860172034368, 0.004800960192038364, 0.005601120224044758, 0.005501100220043959, 0.00660132026405275, 0.004100820164032769, 0.00540108021604316, 0.006801360272054349, 0.005901180236047156, 0.00530106021204236, 0.007001400280055948, 0.007001400280055948, 0.005801160232046357, 0.007501500300059943, 0.006801360272054349, 0.007501500300059943, 0.007601520304060743, 0.005501100220043959, 0.007701540308061542, 0.007201440288057546, 0.006201240248049553, 0.0073014602920583455, 0.008901780356071132, 0.00660132026405275, 0.007101420284056747, 0.006801360272054349, 0.008901780356071132, 0.007901580316063141, 0.007401480296059144, 0.007401480296059144, 0.006501300260051951, 0.009601920384076729, 0.00800160032006394, 0.009401880376075129, 0.0073014602920583455, 0.007701540308061542, 0.010102020404080723, 0.00800160032006394, 0.008101620324064739, 0.009601920384076729, 0.008901780356071132, 0.005501100220043959, 0.00800160032006394, 0.008301660332066339, 0.007101420284056747, 0.007801560312062341, 0.008501700340067937, 0.0073014602920583455, 0.007501500300059943, 0.008201640328065538, 0.008501700340067937, 0.007101420284056747, 0.006901380276055148, 0.0073014602920583455, 0.009101820364072732, 0.008301660332066339, 0.006801360272054349, 0.008601720344068736, 0.007101420284056747, 0.007901580316063141, 0.0073014602920583455, 0.008101620324064739, 0.007501500300059943, 0.008101620324064739, 0.007501500300059943, 0.008301660332066339, 0.009701940388077528, 0.005701140228045558, 0.006301260252050353, 0.006501300260051951, 0.00660132026405275, 0.00670134026805355, 0.008301660332066339, 0.006801360272054349, 0.007401480296059144, 0.008101620324064739, 0.006901380276055148, 0.005101020204040762, 0.006801360272054349, 0.007001400280055948, 0.005201040208041561, 0.006101220244048754, 0.005601120224044758, 0.00400080016003197, 0.004100820164032769, 0.005001000200039962, 0.007201440288057546, 0.0047009401880375645, 0.005101020204040762, 0.0046009201840367655, 0.0045009001800359666, 0.004900980196039163, 0.004900980196039163, 0.0047009401880375645, 0.005201040208041561, 0.005101020204040762, 0.004900980196039163, 0.003500700140027974, 0.003300660132026375, 0.0045009001800359666, 0.0039007801560311706, 0.003500700140027974, 0.003300660132026375, 0.0031006201240247767, 0.004400880176035167, 0.00270054010802158, 0.0034006801360271744, 0.004200840168033569, 0.003300660132026375, 0.0031006201240247767, 0.003200640128025576, 0.003600720144028773, 0.004300860172034368, 0.0034006801360271744, 0.0034006801360271744, 0.0029005801160231783, 0.0038007601520303716, 0.0034006801360271744, 0.0023004600920183828, 0.002800560112022379, 0.0034006801360271744, 0.003500700140027974, 0.0021004200840167844, 0.00270054010802158, 0.002400480096019182, 0.003700740148029572, 0.0010002000400079925, 0.002000400080015985, 0.0017003400680135872, 0.002800560112022379, 0.0015003000600119889, 0.0017003400680135872, 0.0019003800760151858, 0.001600320064012788, 0.0015003000600119889, 0.0014002800560111895, 0.0013002600520103903, 0.0007001400280055947, 0.0014002800560111895, 0.0013002600520103903, 0.0011002200440087917, 0.0009001800360071932, 0.0014002800560111895, 0.0010002000400079925, 0.001200240048009591, 0.0005001000200039962, 0.000800160032006394, 0.000400080016003197, 0.0007001400280055947, 0.0010002000400079925, 0.0007001400280055947, 0.0009001800360071932, 0.0005001000200039962, 0.0011002200440087917, 0.0011002200440087917, 0.000400080016003197, 0.0005001000200039962, 0.001200240048009591, 0.000800160032006394, 0.0009001800360071932, 0.00030006001200239777, 0.00030006001200239777, 0.0007001400280055947, 