{"n_items": 400, "weights": [0.0029382208279814795, 0.0021167194954137616, 0.0028798421826062392, 0.003179321305338721, 0.003329255425044394, 0.0034058991668113672, 0.0014347400822391598, 0.0030490459418400823, 0.0037012710092183074, 0.0035948555592382136, 0.0035512640646103684, 0.0020357087308189186, 0.0016095335231413176, 0.0032647951805509228, 0.0023577840903700525, 0.002772756916673791, 0.0028423548620428933, 0.0004054467017348633, 0.0021505055166447964, 0.0026718156405060377, 0.0026003076066329492, 0.0023916810759120936, 0.0018913284510119008, 0.0033744275560653905, 0.002599452707222785, 0.0024742536761151153, 0.0024375407995004122, 0.0035151449912654738, 0.002630220208286343, 0.0015312804054193148, 0.0028939711543371936, 0.001460588089190993, 0.003160825247128481, 0.0018996142174396483, 0.002600774507819271, 0.0018762345321742542, 0.001979253935661793, 0.004017202484915913, 0.0037367474216492133, 0.0025889719775111794, 0.0018545888328313801, 0.003259182579289833, 0.002959230734617278, 0.0020546561787041524, 0.00241724324079977, 0.002563950620294534, 0.002607835310482148, 0.0021528696160609197, 0.0026875161788561964, 0.0023974815921100462, 0.0007789480457655914, 0.002295818200810273, 0.0016088751626102604, 0.002931275944562016, 0.003057473281430683, 0.0019263949369907817, 0.002209786025379405, 0.0023264128627001673, 0.002080888654447233, 0.0029395437163542435, 0.002383767879900298, 0.0016469283238366222, 0.0027435039345359807, 0.0016473268016665185, 0.0015024198891605577, 0.0036573793293588966, 0.0016354231480379415, 0.0024431193338223015, 0.0017412928735188768, 0.002276522408717414, 0.003091843944396612, 0.00347413623457507, 0.0035080304130787887, 0.0031973503843993195, 0.002261176899776739, 0.0028681899812939855, 0.002502281718164462, 0.002789501952558136, 0.0020394858244603144, 0.003152355996973159, 0.002425767803991931, 0.002296839109482721, 0.0011549868839985306, 0.0023618596240212136, 0.002185930406641325, 0.003531611955970721, 0.0020254100344338543, 0.0031827817562288035, 0.0020280994393382804, 0.0026289000520833086, 0.0012826107483274135, 0.0025736649245435513, 0.002923897760297153, 0.0025904154187271914, 0.002278456020818296, 0.0027421061441455625, 0.001639641863312256, 0.0020305789442109207, 0.00257610520685157, 0.0017858551781047035, 0.0032462699321830924, 0.0021781859284413937, 0.0017421137422995582, 0.0023595965416177748, 0.00255599704267691, 0.002670566333236593, 0.0012827338018946758, 0.001604350117510082, 0.001859442394643344, 0.0023194869294218294, 0.0021293745507720333, 0.0023123160324215, 0.002135929721509083, 0.002505979676420025, 0.0018816998101181019, 0.0023989636297278402, 0.0027348181204357737, 0.002292198174692445, 0.0014909501623008878, 0.0030887330715632304, 0.0022034661118352874, 0.0028141843955840746, 0.002347606528078773, 0.0026705948690853394, 0.0028314630758229787, 0.002996464366098632, 0.0032124159583851205, 0.0017919480915686635, 0.0020584052339087996, 0.002152583384794404, 0.0013613282537161112, 0.002707393896292236, 0.0023836915510615747, 0.00379921594144854, 0.0013844197247563997, 0.00240324744301793, 0.00262408733048787, 0.0022153181914239908, 0.0028536326121993286, 0.0029989771035107077, 0.00219030584248859, 0.003177314500609813, 0.0031948201757228227, 0.0030668504321699594, 0.002889505639075045, 0.00293969468689405, 0.002323676172560719, 0.0020178705255400413, 0.003488521129889268, 0.002090701960167501, 0.00292431504739676, 0.002759858807838924, 0.0031587227054158153, 0.0027232946551608082, 0.0018298902303577576, 0.002683570714479847, 0.0023800651051456216, 0.0025810207029279, 0.0017708034109266602, 0.0016557369873006367, 0.002261067843148907, 0.003161704386623758, 0.0036841128253859, 0.003146177634319286, 0.002501743052908964, 0.001994325181927327, 0.001970838837087166, 0.0015125302226826239, 0.0014148277463204822, 0.0026522961217966975, 0.0023779062117564188, 0.002316057101446907, 0.002027489487724949, 0.0033500051703615834, 0.0017461841327282522, 0.0016642407055445874, 0.0024714906398634997, 0.0014111395161762019, 0.0032777179914575895, 0.0019746203093032734, 0.003455910127987514, 0.0024874694118643247, 0.003478835403593499, 0.0029514051737324866, 0.0027834564953752123, 0.0024814937656259025, 0.0030160129053662895, 0.002389817080333518, 0.0024753063168368858, 0.0019567851245557654, 0.002584337120306929, 0.0026556714343465918, 0.001800283624416274, 0.0032410341453848433, 0.002884233677647667, 0.0014155340927425725, 0.0032281731608453405, 0.002550412905772956, 0.0038568971305065715, 0.0017063881097845546, 0.0016607405048754214, 0.0019958775080934923, 0.003397673873030172, 0.0024359670424144142, 0.002533839511770656, 0.002665133124210495, 0.002430126808367218, 0.0031686752818354, 0.0013615797811082644, 0.0016876499647423377, 0.0024125618098224154, 0.0028837105924557124, 0.0027406247111875378, 0.0024144819632021036, 0.002480638439265289, 0.002113564995019106, 0.0021026202386979537, 0.0018944759671263177, 0.0027479859735844484, 0.0028599119471687646, 0.0018456527298875876, 0.0021225893641317085, 0.0030534935949141375, 0.002380163053631847, 0.0018869484503619518, 0.0039312846028012475, 0.002695913563226318, 0.002620594974789695, 0.0026339328642278, 0.0020591980505401085, 0.0011404875702052076, 0.002311574619442665, 0.0025475073510270057, 0.0011532725283537268, 0.0028243474968684197, 0.00290672328662462, 0.0029248174326869606, 0.0025794037790115468, 0.0026237003215764353, 0.0020480192033839697, 0.0022571807198986742, 0.0031550444625716508, 0.0024766057109863017, 0.002357871021566984, 0.0032556719843023505, 0.00198305534452539, 0.0026399170635023027, 0.00167508665197154, 0.002442656907771807, 0.0024978884684960325, 0.0031999122141804265, 0.0025302324211463325, 0.003032558977738351, 0.0019474730909128984, 0.002018421902975871, 0.0024442071320951754, 0.0013596677632772506, 0.0029441077619347675, 0.0027065677037017032, 0.0022864097577421304, 0.0025076772993737418, 0.0017770996868301157, 0.0029589366277024912, 0.0021655898228829114, 0.0022804595615924525, 0.0017172325330726075, 0.0028666014921130876, 0.002929268430997046, 0.002651123984038862, 0.0027022199450551726, 0.002741955766921664, 0.0026691030756866296, 0.002981915846952637, 0.0027167249292429346, 0.0034110863122443547, 0.003203762158921293, 0.002071536474081057, 0.003369136803606182, 0.0011079613243196998, 0.0029068928626931516, 0.0024774682360725153, 0.002338096092948425, 0.003448530152952005, 0.002621851758063307, 0.0025338561017067465, 0.002356095962332061, 0.0022552991541449565, 0.0031171926143828102, 0.0012241937022389846, 0.0025861180933543313, 0.002656728026195985, 0.002728066936277583, 0.0027216168297717765, 0.002976631296533269, 0.002165995621826614, 0.0027525141736747484, 0.001980430770498693, 0.0023903241351950523, 0.001778895003682763, 0.0025079061015018606, 0.002175955767522988, 0.003199678097408244, 0.0028327749117152165, 0.0016472492417019047, 0.0020734754268359385, 0.004269902131508344, 0.002151638603818937, 0.0021244212578880118, 0.00294489625077639, 0.0029076640229458123, 0.0007923689846055943, 0.0020468049719599836, 0.003152914825444081, 0.001957262141908607, 0.0015467772798849946, 0.0034988661477688477, 0.002938169591475672, 0.003402152107875021, 0.00208087382756728, 0.0010011166001905295, 0.0032474259790627215, 0.003777334597269547, 0.0021692842229246415, 0.0024190155554319887, 0.0020985243061778305, 0.004064067866894517, 0.0022642418129009737, 0.003106484040710788, 0.0026041099369180742, 0.0022957221236105554, 0.0026164004976275993, 0.0024359152949990684, 0.002552217818203443, 0.002145407683942086, 0.0027820961325005444, 0.001325968025090191, 0.0019766054406649028, 0.0015355835770245224, 0.001929454228331241, 0.0014713763756427057, 0.0023292583082666247, 0.0038259692946645087, 0.002700805152038204, 0.0024663011473969945, 0.0037774604507171917, 0.001933642036505074, 0.0019206701269792867, 0.0026149390698828644, 0.0019866694081603275, 0.003009552760545554, 0.002553684214460035, 0.003140002260867061, 0.00232397224738095, 