{"n_items": 200, "weights": [0.006396907752639995, 0.004781618110638461, 0.00639329026905783, 0.006694213305939385, 0.0060166896713262225, 0.005566252911212532, 0.005092293759439443, 0.0039511728428092, 0.005721371480319313, 0.006386095894390617, 0.005538717006358939, 0.006149343135538429, 0.005834467971381275, 0.004409301023666907, 0.0054249620801727575, 0.003142557455715192, 0.0033963569343409975, 0.005612629526980961, 0.002999432799893927, 0.004110177322451723, 0.004785631706203311, 0.005166323478960023, 0.004586510998541371, 0.006562414602781508, 0.003081738547628109, 0.005188042966016472, 0.005736745475293303, 0.005308607102711381, 0.005367299950047087, 0.005437485339507235, 0.004676479478552989, 0.0038553489888519307, 0.0046830524305365405, 0.005345863764656865, 0.006607897952859928, 0.0055365746875991285, 0.006149035808588005, 0.005635502422668339, 0.004529800830973648, 0.0060848641276937, 0.0025923624049817053, 0.0045764188330588915, 0.004500558535939648, 0.005702496533992235, 0.0039629770783582985, 0.005136910209265063, 0.003934703452730846, 0.006326182784026047, 0.006595077960684337, 0.005607815426677006, 0.0031647941615062275, 0.0069171499143998805, 0.007101329401664048, 0.007181642198002904, 0.0054760089497792475, 0.006331165179906048, 0.0025799093036428253, 0.004205926034457098, 0.004718511931176454, 0.0027732425554192414, 0.0032438639258651047, 0.0037870868641995065, 0.006305357791094148, 0.0039111692946285385, 0.005964767773156296, 0.005048292654180792, 0.0033440778308546225, 0.004861328073155232, 0.008230447549157614, 0.005912476047349234, 0.0026571344039041478, 0.006166237389068831, 0.005475690571618405, 0.004347523153434065, 0.005182753119208591, 0.008003252395642417, 0.003719570572351599, 0.005627179242054117, 0.004793119882744954, 0.006501879636983155, 0.005429249408789043, 0.00514697249806498, 0.004270505718366381, 0.0033199564518042956, 0.0029310533609687764, 0.006574433424352158, 0.006087190979618703, 0.006247476771493419, 0.005750419198822606, 0.006278526670440371, 0.0036438664740356752, 0.006255948630191068, 0.004314055055980864, 0.002871172031377694, 0.005085308711358206, 0.003995853122791172, 0.00579896633079857, 0.005988605413809568, 0.006804401544717826, 0.0031329861974417517, 0.005050331680212283, 0.004863015667653008, 0.005638622249286433, 0.006066872440097601, 0.005300797872411545, 0.0038882310018094573, 0.006658473850639017, 0.004252766586070307, 0.006100904187071334, 0.0014902734316185658, 0.006035409103510694, 0.0056405951582654355, 0.004953969184363736, 0.00572475142772695, 0.0052712633270482435, 0.0038400012968895576, 0.004157635738106274, 0.005953453254868649, 0.004971845704830397, 0.004463394432275558, 0.006735513582886007, 0.004817965817650416, 0.004575400819140901, 0.004332948702173226, 0.004618554890030052, 0.003508056399424619, 0.0029950109778345575, 0.004389396538444953, 0.0033934735331587903, 0.005229208828584787, 0.00396799648884848, 0.0029033328337115007, 0.005876510140249569, 0.006286130889057058, 0.003979061800921198, 0.0033294285753259064, 0.004301329400622354, 0.006320690684842463, 0.0055225206413878495, 0.007771543118872335, 0.004575452112131761, 0.004374412371476857, 0.006288901668561313, 0.005314688157159992, 0.004595606256980255, 0.005460120555366423, 0.004336456272462233, 0.005015562686346554, 0.004656016640614479, 0.0069198331821470295, 0.005417200952268248, 0.003824143701089549, 0.003509379922061579, 0.005097482378658174, 0.0057706356394149425, 0.0035107885033292094, 0.003206761248242215, 0.004018959742503164, 0.00444295508127835, 0.006345353321388478, 0.003241285884069423, 0.003473270681810045, 0.00632858084720212, 0.0046433171871312065, 0.005857516302603806, 0.001739783700941042, 0.004212031312886699, 0.005098343091304016, 0.0073085825915656915, 0.003919469881514416, 0.006095225591198599, 0.0028748321073641353, 0.0032272150240215116, 0.004084298013860619, 0.005359665004584261, 0.003881189824384635, 0.004917362059089858, 0.005093122094910135, 0.00587337025954059, 0.00414305470235936, 0.004036036855153945, 0.005219556079202235, 0.005598404646678661, 0.007000603029827845, 0.004094898056851946, 0.005989119883679961, 0.00712137223054579, 0.0037819665175018004, 0.004140726053567991, 0.007012673510951637, 0.005542728563898393, 0.005368845845272035, 0.004290775012882259, 0.005513881601297946, 0.0048289019353867325, 0.004870009690128623, 0.004478340688913024, 0.006027619048171751, 0.005654359595004393, 0.005861861410850495], "profits": [1.0, 1.0, 1.0, 1.0, 1.0, 1.0, 1.0, 1.0, 1.0, 1.0, 1.0, 1.0, 1.0, 1.0, 1.0, 1.0, 1.0, 1.0, 1.0, 1.0, 1.0, 1.0, 1.0, 1.0, 1.0, 1.0, 1.0, 1.0, 1.0, 1.0, 1.0, 1.0, 1.0, 1.0, 1.0, 1.0, 1.0, 1.0, 1.0, 1.0, 1.0, 1.0, 1.0, 1.0, 1.0, 1.0, 1.0, 1.0, 1.0, 1.0, 1.0, 1.0, 1.0, 1.0, 1.0, 1.0, 1.0, 1.0, 1.0, 1.0, 1.0, 1.0, 1.0, 1.0, 1.0, 1.0, 1.0, 1.0, 1.0, 1.0, 1.0, 1.0, 1.0, 1.0, 1.0, 1.0, 1.0, 1.0, 1.0, 1.0, 1.0, 1.0, 1.0, 1.0, 1.0, 1.0, 1.0, 1.0, 1.0, 1.0, 1.0, 1.0, 1.0, 1.0, 1.0, 1.0, 1.0, 1.0, 1.0, 1.0, 1.0, 1.0, 1.0, 1.0, 1.0, 1.0, 1.0, 1.0, 1.0, 1.0, 1.0, 1.0, 1.0, 1.0, 1.0, 1.0, 1.0, 1.0, 1.0, 1.0, 1.0, 1.0, 1.0, 1.0, 1.0, 1.0, 1.0, 1.0, 1.0, 1.0, 1.0, 1.0, 1.0, 1.0, 1.0, 1.0, 1.0, 1.0, 1.0, 1.0, 1.0, 1.0, 1.0, 1.0, 1.0, 1.0, 1.0, 1.0, 1.0, 1.0, 1.0, 1.0, 1.0, 1.0, 1.0, 1.0, 1.0, 1.0, 1.0, 1.0, 1.0, 1.0, 1.0, 1.0, 1.0, 1.0, 1.0, 1.0, 1.0, 1.0, 1.0, 1.0, 1.0, 1.0, 1.0, 1.0, 1.0, 1.0, 1.0, 1.0, 1.0, 1.0, 1.0, 1.0, 1.0, 1.0, 1.0, 1.0, 1.0, 1.0, 1.0, 1.0, 1.0, 1.0, 1.0, 1.0, 1.0, 1.0, 1.0, 1.0], "min_weight": 0.95, "max_distance": 2}