{"n_items": 200, "weights": [9.99999999999989e-17, 9.99999999999989e-17, 9.99999999999989e-17, 9.99999999999989e-17, 9.99999999999989e-17, 9.99999999999989e-17, 9.99999999999989e-17, 9.99999999999989e-17, 9.99999999999989e-17, 9.99999999999989e-17, 9.99999999999989e-17, 9.99999999999989e-17, 9.99999999999989e-17, 9.99999999999989e-17, 9.99999999999989e-17, 9.99999999999989e-17, 9.99999999999989e-17, 9.99999999999989e-17, 9.99999999999989e-17, 9.99999999999989e-17, 9.99999999999989e-17, 9.99999999999989e-17, 9.99999999999989e-17, 9.99999999999989e-17, 9.99999999999989e-17, 9.99999999999989e-17, 9.99999999999989e-17, 9.99999999999989e-17, 9.99999999999989e-17, 9.99999999999989e-17, 9.99999999999989e-17, 9.99999999999989e-17, 9.99999999999989e-17, 9.99999999999989e-17, 9.99999999999989e-17, 9.99999999999989e-17, 9.99999999999989e-17, 9.99999999999989e-17, 9.99999999999989e-17, 9.99999999999989e-17, 9.99999999999989e-17, 9.99999999999989e-17, 9.99999999999989e-17, 9.99999999999989e-17, 9.99999999999989e-17, 9.99999999999989e-17, 9.99999999999989e-17, 9.99999999999989e-17, 9.99999999999989e-17, 9.99999999999989e-17, 9.99999999999989e-17, 9.99999999999989e-17, 9.99999999999989e-17, 9.99999999999989e-17, 9.99999999999989e-17, 9.99999999999989e-17, 9.99999999999989e-17, 9.99999999999989e-17, 9.99999999999989e-17, 9.99999999999989e-17, 9.99999999999989e-17, 9.99999999999989e-17, 9.999999999999891e-05, 0.00019999999999999781, 9.999999999999891e-05, 0.00039999999999999563, 0.0005999999999999934, 0.0008999999999999902, 0.0013999999999999848, 0.0017999999999999804, 0.002899999999999968, 0.0038999999999999573, 0.00639999999999993, 0.008999999999999902, 0.008999999999999902, 0.010399999999999887, 0.014499999999999841, 0.018699999999999797, 0.021499999999999766, 0.021199999999999768, 0.028899999999999683, 0.027699999999999697, 0.02849999999999969, 0.029899999999999673, 0.030599999999999666, 0.028599999999999688, 0.031599999999999656, 0.0274999999999997, 0.02589999999999972, 0.025199999999999726, 0.0181999999999998, 0.017999999999999804, 0.013999999999999848, 0.01189999999999987, 0.00819999999999991, 0.007899999999999914, 0.005099999999999944, 0.0024999999999999727, 0.0023999999999999738, 0.0013999999999999848, 0.0014999999999999836, 0.0004999999999999946, 0.00039999999999999563, 9.999999999999891e-05, 9.999999999999891e-05, 0.0002999999999999967, 9.999999999999891e-05, 9.99999999999989e-17, 9.99999999999989e-17, 9.99999999999989e-17, 9.99999999999989e-17, 9.99999999999989e-17, 9.99999999999989e-17, 9.99999999999989e-17, 9.99999999999989e-17, 9.99999999999989e-17, 9.99999999999989e-17, 9.99999999999989e-17, 9.99999999999989e-17, 9.99999999999989e-17, 9.99999999999989e-17, 9.99999999999989e-17, 9.99999999999989e-17, 9.99999999999989e-17, 9.99999999999989e-17, 9.99999999999989e-17, 9.99999999999989e-17, 9.99999999999989e-17, 9.99999999999989e-17, 9.99999999999989e-17, 9.99999999999989e-17, 9.99999999999989e-17, 9.99999999999989e-17, 9.99999999999989e-17, 9.99999999999989e-17, 9.99999999999989e-17, 9.99999999999989e-17, 9.99999999999989e-17, 9.999999999999891e-05, 9.999999999999891e-05, 0.00019999999999999781, 9.99999999999989e-17, 9.999999999999891e-05, 0.0005999999999999934, 0.0004999999999999946, 0.0009999999999999892, 0.0018999999999999792, 0.0012999999999999858, 0.003499999999999962, 0.004199999999999954, 0.005899999999999936, 0.007899999999999914, 0.011999999999999868, 0.015399999999999832, 0.01479999999999984, 0.0182999999999998, 0.023699999999999742, 0.02589999999999972, 0.025299999999999725, 0.030499999999999666, 0.03449999999999962, 0.03149999999999965, 0.03129999999999966, 0.03189999999999965, 0.027599999999999698, 0.02649999999999971, 0.020399999999999776, 0.019599999999999788, 0.017999999999999804, 0.016099999999999823, 0.012599999999999863, 0.009799999999999894, 0.007599999999999917, 0.005399999999999941, 0.0047999999999999475, 0.003099999999999966, 0.0017999999999999804, 0.002099999999999977, 0.0006999999999999924, 0.0004999999999999946, 0.00019999999999999781, 0.00019999999999999781, 0.0002999999999999967, 9.99999999999989e-17, 9.999999999999891e-05, 0.00019999999999999781, 9.99999999999989e-17, 9.99999999999989e-17, 9.99999999999989e-17, 9.99999999999989e-17, 9.99999999999989e-17, 9.99999999999989e-17, 9.99999999999989e-17, 9.99999999999989e-17, 9.99999999999989e-17, 9.99999999999989e-17, 9.99999999999989e-17, 9.99999999999989e-17, 9.99999999999989e-17, 9.99999999999989e-17],