{"n_items": 600, "weights": [0.002067047557954803, 0.0012093270857030697, 0.0011980381985942543, 0.001602389805869215, 0.0019721881738625053, 0.0018354343398824685, 0.0008494713376735759, 0.0015765832344809166, 0.0022988031754278045, 0.001256240791913405, 0.0012518107277396796, 0.001160282500946607, 0.0017586611151209398, 0.0012650895625242664, 0.0019688588080875847, 0.001071008967053592, 0.0020811866377433183, 0.002027853127803402, 0.0012217532648477309, 0.0010292840456734103, 0.001976335704723913, 0.002104933366552443, 0.0014873065945587374, 0.002054029428459273, 0.001433841766273454, 0.0012285653350276864, 0.001708586488082392, 0.002391584467274139, 0.0012989034599196357, 0.0014970772885113494, 0.0016043520106135978, 0.0011588732546824558, 0.00275061771005494, 0.0012778577039503592, 0.0014352990239151848, 0.0007623649927867287, 0.0016765570065230906, 0.002629421695044985, 0.001646263786106794, 0.0011341669225272862, 0.0015922363011931224, 0.0017765479823343454, 0.002313526482349263, 0.001685040484573776, 0.0021196524524245116, 0.0016856115743957237, 0.0010703537846361503, 0.001995299001537799, 0.0017057014261960414, 0.0016000263013471602, 0.0016175971453725457, 0.0016447693676653104, 0.0015539361181761673, 0.0008252393638724757, 0.0020479454891538145, 0.0013596053160294004, 0.0018976937014219349, 0.0017058186615167097, 0.0021558917934441464, 0.0022535678434904677, 0.002235971806620866, 0.002393904168205738, 0.002114622359698979, 0.001992497822808059, 0.0012848198264969182, 0.0016275307061974099, 0.002036708068870887, 0.0014603206631244898, 0.002394559234265725, 0.0021334486468084514, 0.0018192365473274192, 0.0021545295285090625, 0.0013344365712576836, 0.0016563473977597558, 0.0017718398242408588, 0.001463711422929499, 0.00135220834715723, 0.0016751170189202617, 0.0015524361834686256, 0.0014659081854001554, 0.0018876901018631679, 0.001252906505784763, 0.0015759962743118314, 0.0022418872477539074, 0.0011561813154696797, 0.002240077458340699, 0.0017578394502711795, 0.0020793300473915875, 0.0015772951816617508, 0.0012462797258742456, 0.0017256571849842573, 0.001839835437696423, 0.0015094852824378059, 0.00177636402421671, 0.0012380006797021413, 0.0006022592726605256, 0.0018063088475098296, 0.0022849599731322133, 0.0013142356570724537, 0.0007122016947206292, 0.0021467105377771575, 0.0016381944435300499, 0.001703104885729295, 0.002029993735611084, 0.0014829503157412934, 0.0016336306062181619, 0.0018289194190345402, 0.001847962612802865, 0.0020303634550355087, 0.0014974212295200595, 0.0018448248335874015, 0.0017627045998878685, 0.0015798211459983403, 0.0016598804418919552, 0.002024347859660411, 0.001519409328318186, 0.00180403924898195, 0.0016488117967934158, 0.0024405299218379513, 0.0017925692984490371, 0.002422823737760655, 0.002022724510979666, 0.0017203830800945595, 0.002270401181913419, 0.0020797331469226948, 0.002169204083694047, 0.0022126597047968494, 0.0018800755037218556, 0.001431571896415269, 0.0014003940541281886, 0.0013541325496250398, 0.001148330041485137, 0.0017370127726172248, 0.0026467687683165084, 0.0014840925476947062, 0.0015647943877610657, 0.0016987035523965022, 0.0015215657595450951, 0.001267086361256654, 0.0013617589649589379, 0.0021579865548048797, 0.0020381291991519255, 0.0016283072509192603, 0.0014367384535657814, 0.0017824326532470004, 0.0012869785062789888, 0.001997914326880413, 0.0024254139927878658, 0.002697771144474869, 0.0017324052829550997, 0.0016321084716727613, 0.0011446704341040008, 0.0021622037349471974, 0.0022374671524414964, 0.0018443943756527772, 0.0012933300530589453, 0.002112251551718443, 0.0016370788865766206, 0.0019376059149065576, 0.0018391305996111379, 0.002174672159337325, 0.001517974666531482, 0.0017364824503334768, 0.001455721429488607, 0.0016232603543792053, 0.001046100655513304, 0.002467250788615675, 0.001651107519126566, 0.0014777666877650393, 0.000985844994683955, 0.0011877425996949349, 0.000981605033808398, 0.0015375232586558843, 0.0011073985808678518, 0.0015914758113427345, 0.0021273525223581124, 0.0010034268372458846, 0.0021299541740097093, 0.0016308059956116022, 0.0016756252602234771, 0.0006418714057892551, 0.0017976735763935955, 0.001127998278697082, 0.0018890029462990386, 0.002138411377059665, 0.0013536634041257975, 0.0015244992757051088, 0.0015031737257879838, 0.0009892292231896479, 0.0021815720938529615, 0.0021958376289808483, 0.0008073246643408204, 0.0012664112436130649, 0.0023974945083416297, 0.000784691306081436, 0.0009321345843892417, 0.0020121731660142535, 0.002079061275553125, 0.0015315910235380098, 0.0016228928897226746, 0.0017620351849810339, 0.0015540115475221597, 0.0020298813902015177, 0.0011089943518493954, 0.0017952146798756526, 0.00139013594711191, 0.0022368187041922494, 0.0022385640848134984, 0.0012149933404469696, 0.0019058020621296771, 0.0014069669755130618, 0.001476263901873991, 0.001785084320391579, 0.001764126395539308, 0.0019823029050694556, 0.001094384772588853, 0.0018384677795645, 0.0012741039840782934, 0.0010811190542825528, 0.00231844952748465, 0.0014197923462896083, 0.0019150663646051542, 0.0020450251111678902, 0.0010892085381739491, 0.002608373536901923, 0.0017381588030597724, 0.002043588584959185, 0.0013245045344412476, 0.0011692825531653536, 0.0018127871277465789, 0.001388126084378437, 0.0017603146249751238, 0.001421888452384755, 0.000851243160714638, 0.0022540723131436718, 0.0017861417506313722, 0.0017333279095084577, 0.0012526610442023611, 0.0014911001312585526, 0.001704934174543189, 0.0019320644891151165, 0.0018314796562292031, 0.0014316201013491931, 0.0014592069881496532, 0.00136120600937496, 0.0017192615687324497, 0.00102082326410169, 0.002001789434558912, 0.0015391436178817542, 0.0013202181283766827, 0.0023075837040003352, 0.0018928657224716679, 0.0018747537823363936, 0.001190145178157151, 0.0016250311137116756, 0.0014149883167961451, 0.0023133673514317264, 0.001957265372268624, 0.001800943566300844, 0.0011756281624044796, 0.0015637218778605665, 0.0019189440755709526, 0.0016811533909066596, 0.0014853918637922983, 0.001538432397303371, 0.002310553571668974, 0.0015320500163353266, 0.0018611740394370764, 0.0022017593893110133, 0.0017279001596435363, 0.0019432609346668919, 0.0018960163964094985, 0.0015897426097158905, 0.0012680870998258678, 0.0009124950404632493, 0.0011529790224312424, 0.0011296357052737193, 0.0019824976421929114, 0.0018953382509733813, 0.0017008652552307226, 0.0009801743117398946, 0.001977846627995054, 0.00197731120460855, 0.0018878010386453117, 0.0014823439533098999, 0.0014608040480019024, 0.0012527548446172637, 0.0016338314363586398, 0.0016883538258470425, 0.0011084743808835278, 0.00227337401731828, 0.002245391197713408, 0.0016219882867544043, 0.0018754752913792434, 0.002315708417917726, 0.0018187895298877566, 0.0017461900392903068, 0.0018973106986805428, 0.002112315461157081, 0.0018099228457268072, 0.0019645525205496898, 0.0016233482853619948, 0.0019604651747534875, 0.0019421985382142902, 0.0016339480405491893, 0.0018063237381798407, 0.002038998481129326, 0.0016002969673730345, 0.0010409115416800043, 0.001095032407142095, 0.0019553957910219233, 0.0015029678300472972, 0.001647246403427931, 0.0026223046052598906, 0.00196503178368635, 0.000900173314090847, 0.0014149580267556062, 0.0020284646319331935, 0.0025080174202045304, 0.0013996089593839175, 0.0017418945636573405, 0.0013767000853453695, 0.0015503456174531677, 0.001837960214181535, 0.001752527967429935, 0.001404690609225035, 0.0010703495269997355, 0.0020463821177385093, 0.0019154951155911763, 0.0007994264391207019, 0.0015271529086133679, 0.0018643108961481892, 0.00234688785563273, 0.0015096755573007195, 0.0017222587623544007, 0.0007567344116583922, 0.0010010133926040728, 0.0012514615646825285, 0.0015807847342440015, 0.0013960425926645473, 0.001996416515554719, 0.0018359765678588047, 0.001882471972161316, 0.002331945862157142, 0.002175540096139347, 0.0014508807923155126, 0.0012817173403906514, 0.0018461758717611093, 0.002204201531669162, 0.0014408914100715346, 0.0016029661048819913, 