{"n_items": 200, "weights": [1.0006003602161244e-16, 1.0006003602161244e-16, 1.0006003602161244e-16, 1.0006003602161244e-16, 1.0006003602161244e-16, 1.0006003602161244e-16, 1.0006003602161244e-16, 1.0006003602161244e-16, 1.0006003602161244e-16, 1.0006003602161244e-16, 1.0006003602161244e-16, 1.0006003602161244e-16, 1.0006003602161244e-16, 1.0006003602161244e-16, 1.0006003602161244e-16, 1.0006003602161244e-16, 1.0006003602161244e-16, 1.0006003602161244e-16, 1.0006003602161244e-16, 1.0006003602161244e-16, 1.0006003602161244e-16, 1.0006003602161244e-16, 1.0006003602161244e-16, 1.0006003602161244e-16, 1.0006003602161244e-16, 1.0006003602161244e-16, 1.0006003602161244e-16, 1.0006003602161244e-16, 1.0006003602161244e-16, 1.0006003602161244e-16, 1.0006003602161244e-16, 1.0006003602161244e-16, 1.0006003602161244e-16, 1.0006003602161244e-16, 1.0006003602161244e-16, 1.0006003602161244e-16, 1.0006003602161244e-16, 1.0006003602161244e-16, 1.0006003602161244e-16, 1.0006003602161244e-16, 1.0006003602161244e-16, 1.0006003602161244e-16, 1.0006003602161244e-16, 1.0006003602161244e-16, 1.0006003602161244e-16, 1.0006003602161244e-16, 1.0006003602161244e-16, 0.00010006003602161244, 1.0006003602161244e-16, 1.0006003602161244e-16, 1.0006003602161244e-16, 1.0006003602161244e-16, 1.0006003602161244e-16, 0.00010006003602161244, 0.00040024014408644975, 0.00020012007204322488, 0.00040024014408644975, 0.00010006003602161244, 0.00020012007204322488, 0.00030018010806483734, 0.00010006003602161244, 0.00010006003602161244, 0.00020012007204322488, 0.00030018010806483734, 0.00030018010806483734, 0.0006003602161296747, 0.000700420252151287, 0.00040024014408644975, 0.0006003602161296747, 0.0006003602161296747, 0.001100660396237737, 0.0015009005403241865, 0.00010006003602161244, 0.0013007804682809616, 0.0008004802881728995, 0.0012007204322593494, 0.0006003602161296747, 0.000900540324194512, 0.0015009005403241865, 0.0013007804682809616, 0.002301380828497086, 0.002701620972583536, 0.0013007804682809616, 0.003001801080648373, 0.003201921152691598, 0.001801080648389024, 0.002901741044626761, 0.002501500900540311, 0.002701620972583536, 0.0031018611166699858, 0.003602161296778048, 0.003602161296778048, 0.004302581548929335, 0.00410246147688611, 0.004702821693015785, 0.005103061837102235, 0.005403241945167072, 0.004602761656994172, 0.006503902341404809, 0.006303782269361583, 0.006704022413448033, 0.005903542125275134, 0.006904142485491259, 0.00740444266559932, 0.009205523313988344, 0.008705223133880282, 0.010406243746247693, 0.01020612367420447, 0.010106063638182856, 0.010806483890334144, 0.011206724034420593, 0.010106063638182856, 0.013307984790874455, 0.012207324394636718, 0.01150690414248543, 0.012907744646788004, 0.012507504502701555, 0.012007204322593492, 0.01230738443065833, 0.013307984790874455, 0.01350810486291768, 0.014108465079047354, 0.015409245547328315, 0.013408044826896066, 0.014908945367220254, 0.016309785871522826, 0.01640984590754444, 0.015009005403241866, 0.015309185511306703, 0.016609965979587665, 0.014108465079047354, 0.016509905943566053, 0.016209725835501215, 0.016609965979587665, 0.015509305583349928, 0.015409245547328315, 0.016309785871522826, 0.015509305583349928, 0.014708825295177029, 0.015409245547328315, 0.018210926555933465, 0.014208525115068966, 0.015109065439263478, 0.017010206123674116, 0.015009005403241866, 0.013408044826896066, 0.013307984790874455, 0.011707024214528655, 0.01190714428657188, 0.012207324394636718, 0.012907744646788004, 0.01270762457474478, 0.010606363818290918, 0.011306784070442206, 0.010806483890334144, 0.011707024214528655, 0.010106063638182856, 0.010106063638182856, 0.010006003602161244, 0.010006003602161244, 0.008505103061837058, 0.00780468280968577, 0.008705223133880282, 0.00820492295377222, 0.007904742845707382, 0.007504502701620933, 0.007504502701620933, 0.007204322593556096, 0.0062037222333399715, 0.006303782269361583, 0.004502701620972559, 0.005703422053231909, 0.004702821693015785, 0.004702821693015785, 0.003802281368821273, 0.003902341404842885, 0.003402041224734823, 0.0031018611166699858, 0.002201320792475474, 0.002701620972583536, 0.003402041224734823, 0.0024014408645186987, 0.0024014408645186987, 0.002201320792475474, 0.002501500900540311, 0.0017010206123674115, 0.001600960576345799, 0.001600960576345799, 0.0019011406844106364, 0.000700420252151287, 0.0012007204322593494, 0.000900540324194512, 0.0012007204322593494, 0.00040024014408644975, 0.001100660396237737, 0.001100660396237737, 0.0008004802881728995, 0.0005003001801080622, 0.000700420252151287, 1.0006003602161244e-16],