{"n_items": 600, "weights": [9.999999999999713e-17, 9.999999999999713e-17, 9.999999999999713e-17, 9.999999999999713e-17, 9.999999999999713e-17, 9.999999999999713e-17, 9.999999999999713e-17, 9.999999999999713e-17, 9.999999999999713e-17, 9.999999999999713e-17, 9.999999999999713e-17, 9.999999999999713e-17, 9.999999999999713e-17, 9.999999999999713e-17, 9.999999999999713e-17, 9.999999999999713e-17, 9.999999999999713e-17, 9.999999999999713e-17, 9.999999999999713e-17, 9.999999999999713e-17, 9.999999999999713e-17, 9.999999999999713e-17, 9.999999999999713e-17, 9.999999999999713e-17, 9.999999999999713e-17, 9.999999999999713e-17, 9.999999999999713e-17, 9.999999999999713e-17, 9.999999999999713e-17, 9.999999999999713e-17, 9.999999999999713e-17, 9.999999999999713e-17, 9.999999999999713e-17, 9.999999999999713e-17, 9.999999999999713e-17, 9.999999999999713e-17, 9.999999999999713e-17, 9.999999999999713e-17, 9.999999999999713e-17, 9.999999999999713e-17, 9.999999999999713e-17, 9.999999999999713e-17, 9.999999999999713e-17, 9.999999999999713e-17, 9.999999999999713e-17, 9.999999999999713e-17, 9.999999999999713e-17, 9.999999999999713e-17, 9.999999999999713e-17, 9.999999999999713e-17, 9.999999999999713e-17, 9.999999999999713e-17, 9.999999999999713e-17, 9.999999999999713e-17, 9.999999999999713e-17, 9.999999999999713e-17, 9.999999999999713e-17, 9.999999999999713e-17, 9.999999999999713e-17, 9.999999999999713e-17, 9.999999999999713e-17, 9.999999999999713e-17, 9.999999999999713e-17, 9.999999999999713e-17, 9.999999999999713e-17, 9.999999999999713e-17, 9.999999999999713e-17, 9.999999999999713e-17, 9.999999999999713e-17, 9.999999999999713e-17, 9.999999999999713e-17, 9.999999999999713e-17, 9.999999999999713e-17, 9.999999999999713e-17, 9.999999999999713e-17, 9.999999999999713e-17, 9.999999999999713e-17, 9.999999999999713e-17, 9.999999999999713e-17, 9.999999999999713e-17, 9.999999999999713e-17, 9.999999999999713e-17, 9.999999999999713e-17, 9.999999999999713e-17, 9.999999999999713e-17, 9.999999999999713e-17, 9.999999999999713e-17, 9.999999999999713e-17, 9.999999999999713e-17, 9.999999999999713e-17, 9.999999999999713e-17, 9.999999999999713e-17, 9.999999999999713e-17, 9.999999999999713e-17, 9.999999999999713e-17, 9.999999999999713e-17, 9.999999999999713e-17, 9.999999999999713e-17, 9.999999999999713e-17, 9.999999999999713e-17, 9.999999999999713e-17, 9.999999999999713e-17, 9.999999999999713e-17, 9.999999999999713e-17, 9.999999999999713e-17, 9.999999999999713e-17, 9.999999999999713e-17, 9.999999999999713e-17, 9.999999999999713e-17, 9.999999999999713e-17, 9.999999999999713e-17, 9.999999999999713e-17, 9.999999999999713e-17, 9.999999999999713e-17, 9.999999999999713e-17, 9.999999999999713e-17, 9.999999999999713e-17, 9.999999999999713e-17, 9.999999999999713e-17, 9.999999999999713e-17, 9.999999999999713e-17, 9.999999999999713e-17, 9.999999999999713e-17, 9.999999999999713e-17, 9.999999999999713e-17, 9.999999999999713e-17, 9.999999999999713e-17, 9.999999999999713e-17, 9.999999999999713e-17, 9.999999999999713e-17, 9.999999999999713e-17, 9.999999999999713e-17, 9.999999999999713e-17, 9.999999999999713e-17, 9.999999999999713e-17, 9.999999999999713e-17, 9.999999999999713e-17, 9.999999999999713e-17, 9.999999999999713e-17, 9.999999999999713e-17, 9.999999999999713e-17, 9.999999999999713e-17, 9.999999999999713e-17, 9.999999999999713e-17, 9.999999999999713e-17, 9.999999999999713e-17, 9.999999999999713e-17, 9.999999999999713e-17, 9.999999999999713e-17, 9.999999999999713e-17, 9.999999999999713e-17, 9.999999999999713e-17, 9.999999999999713e-17, 9.999999999999713e-17, 9.999999999999713e-17, 9.999999999999713e-17, 9.999999999999713e-17, 9.999999999999713e-17, 9.999999999999713e-17, 9.999999999999713e-17, 9.999999999999713e-17, 9.999999999999713e-17, 9.999999999999713e-17, 9.999999999999713e-17, 9.999999999999713e-17, 9.999999999999713e-17, 9.999999999999713e-17, 9.999999999999713e-17, 9.999999999999713e-17, 9.999999999999713e-17, 9.999999999999713e-17, 9.999999999999713e-17, 9.999999999999713e-05, 9.999999999999713e-17, 9.999999999999713e-17, 9.999999999999713e-17, 9.999999999999713e-17, 9.999999999999713e-05, 9.999999999999713e-17, 9.999999999999713e-17, 9.999999999999713e-17, 9.999999999999713e-17, 9.999999999999713e-17, 9.999999999999713e-17, 9.999999999999713e-17, 9.999999999999713e-05, 9.999999999999713e-17, 9.999999999999713e-17, 9.999999999999713e-17, 9.999999999999713e-05, 9.999999999999713e-17, 9.999999999999713e-17, 9.999999999999713e-05, 9.999999999999713e-17, 9.999999999999713e-05, 9.999999999999713e-17, 9.999999999999713e-05, 0.00019999999999999426, 9.999999999999713e-17, 9.999999999999713e-05, 9.999999999999713e-05, 9.999999999999713e-05, 9.999999999999713e-05, 9.999999999999713e-17, 9.999999999999713e-05, 0.00019999999999999426, 9.999999999999713e-05, 0.00019999999999999426, 0.00019999999999999426, 9.999999999999713e-05, 9.999999999999713e-17, 0.00019999999999999426, 9.999999999999713e-05, 9.999999999999713e-17, 9.999999999999713e-17, 9.999999999999713e-05, 9.999999999999713e-05, 9.999999999999713e-05, 0.0003999999999999885, 9.999999999999713e-05, 0.0004999999999999856, 0.00029999999999999135, 9.999999999999713e-05, 0.0003999999999999885, 0.00029999999999999135, 0.00029999999999999135, 0.00019999999999999426, 0.0004999999999999856, 0.00029999999999999135, 0.0004999999999999856, 0.0005999999999999827, 0.0004999999999999856, 0.00029999999999999135, 0.0006999999999999799, 0.0003999999999999885, 0.0006999999999999799, 0.000799999999999977, 0.0005999999999999827, 0.0010999999999999684, 0.0005999999999999827, 0.0005999999999999827, 0.0009999999999999712, 0.0012999999999999626, 0.0005999999999999827, 0.001599999999999954, 0.0003999999999999885, 0.000799999999999977, 0.0016999999999999511, 0.0016999999999999511, 0.0013999999999999599, 0.0014999999999999569, 0.000799999999999977, 0.0012999999999999626, 0.0019999999999999424, 0.0017999999999999483, 0.0010999999999999684, 0.0009999999999999712, 0.0020999999999999396, 0.0014999999999999569, 0.0014999999999999569, 0.0026999999999999225, 0.0014999999999999569, 0.0019999999999999424, 0.0019999999999999424, 0.0025999999999999253, 0.003199999999999908, 0.0025999999999999253, 0.0028999999999999165, 0.0028999999999999165, 0.002199999999999937, 0.002499999999999928, 0.0026999999999999225, 0.0034999999999998995, 0.0034999999999998995, 0.0037999999999998907, 0.003999999999999885, 0.004599999999999868, 0.003999999999999885, 0.004099999999999882, 0.0034999999999998995, 0.004099999999999882, 0.0037999999999998907, 0.004299999999999877, 0.00449999999999987, 0.004299999999999877, 0.005399999999999845, 0.004699999999999865, 0.0033999999999999022, 0.004799999999999862, 0.004699999999999865, 0.0059999999999998275, 0.004799999999999862, 0.003999999999999885, 0.004699999999999865, 0.004199999999999879, 0.004799999999999862, 0.005499999999999842, 0.005499999999999842, 0.006199999999999822, 0.005699999999999836, 0.005699999999999836, 0.0067999999999998045, 0.004599999999999868, 0.006399999999999816, 0.006499999999999813, 0.004999999999999856, 0.005799999999999833, 0.005699999999999836, 0.005499999999999842, 0.006499999999999813, 0.005399999999999845, 0.007199999999999793, 0.0055999999999998395, 0.006199999999999822, 0.006199999999999822, 0.005899999999999831, 0.006899999999999802, 0.006699999999999808, 0.005799999999999833, 0.0059999999999998275, 0.007799999999999776, 0.0059999999999998275, 0.003999999999999885, 0.005899999999999831, 0.007799999999999776, 0.00449999999999987, 0.005899999999999831, 0.007699999999999779, 0.005699999999999836, 0.00659999999999981, 0.006099999999999824, 0.005799999999999833, 0.006399999999999816, 0.006199999999999822, 0.006899999999999802, 0.007099999999999796, 0.006899999999999802, 0.006099999999999824, 0.006199999999999822, 0.006699999999999808, 0.005299999999999847, 0.0055999999999998395, 0.005699999999999836, 0.0055999999999998395, 0.004899999999999859, 0.007799999999999776, 0.005299999999999847, 0.0059999999999998275, 0.006699999999999808, 