{"n_items": 400, "weights": [1.0006003602161182e-16, 1.0006003602161182e-16, 1.0006003602161182e-16, 1.0006003602161182e-16, 1.0006003602161182e-16, 1.0006003602161182e-16, 1.0006003602161182e-16, 1.0006003602161182e-16, 1.0006003602161182e-16, 1.0006003602161182e-16, 1.0006003602161182e-16, 1.0006003602161182e-16, 1.0006003602161182e-16, 1.0006003602161182e-16, 1.0006003602161182e-16, 1.0006003602161182e-16, 1.0006003602161182e-16, 1.0006003602161182e-16, 1.0006003602161182e-16, 1.0006003602161182e-16, 1.0006003602161182e-16, 1.0006003602161182e-16, 1.0006003602161182e-16, 1.0006003602161182e-16, 1.0006003602161182e-16, 1.0006003602161182e-16, 1.0006003602161182e-16, 1.0006003602161182e-16, 1.0006003602161182e-16, 1.0006003602161182e-16, 1.0006003602161182e-16, 1.0006003602161182e-16, 1.0006003602161182e-16, 1.0006003602161182e-16, 1.0006003602161182e-16, 1.0006003602161182e-16, 1.0006003602161182e-16, 1.0006003602161182e-16, 1.0006003602161182e-16, 1.0006003602161182e-16, 1.0006003602161182e-16, 1.0006003602161182e-16, 1.0006003602161182e-16, 1.0006003602161182e-16, 1.0006003602161182e-16, 1.0006003602161182e-16, 1.0006003602161182e-16, 1.0006003602161182e-16, 1.0006003602161182e-16, 1.0006003602161182e-16, 1.0006003602161182e-16, 1.0006003602161182e-16, 1.0006003602161182e-16, 1.0006003602161182e-16, 1.0006003602161182e-16, 1.0006003602161182e-16, 1.0006003602161182e-16, 1.0006003602161182e-16, 1.0006003602161182e-16, 1.0006003602161182e-16, 1.0006003602161182e-16, 1.0006003602161182e-16, 1.0006003602161182e-16, 1.0006003602161182e-16, 1.0006003602161182e-16, 1.0006003602161182e-16, 1.0006003602161182e-16, 1.0006003602161182e-16, 1.0006003602161182e-16, 1.0006003602161182e-16, 1.0006003602161182e-16, 1.0006003602161182e-16, 1.0006003602161182e-16, 1.0006003602161182e-16, 1.0006003602161182e-16, 1.0006003602161182e-16, 1.0006003602161182e-16, 1.0006003602161182e-16, 1.0006003602161182e-16, 1.0006003602161182e-16, 1.0006003602161182e-16, 1.0006003602161182e-16, 0.00010006003602161181, 1.0006003602161182e-16, 1.0006003602161182e-16, 1.0006003602161182e-16, 1.0006003602161182e-16, 1.0006003602161182e-16, 1.0006003602161182e-16, 0.00010006003602161181, 1.0006003602161182e-16, 0.00010006003602161181, 1.0006003602161182e-16, 0.00010006003602161181, 1.0006003602161182e-16, 0.00010006003602161181, 0.00010006003602161181, 1.0006003602161182e-16, 1.0006003602161182e-16, 1.0006003602161182e-16, 1.0006003602161182e-16, 0.00010006003602161181, 1.0006003602161182e-16, 1.0006003602161182e-16, 1.0006003602161182e-16, 0.00010006003602161181, 1.0006003602161182e-16, 0.00010006003602161181, 1.0006003602161182e-16, 1.0006003602161182e-16, 0.00010006003602161181, 0.00010006003602161181, 0.00010006003602161181, 1.0006003602161182e-16, 0.00010006003602161181, 1.0006003602161182e-16, 1.0006003602161182e-16, 1.0006003602161182e-16, 1.0006003602161182e-16, 1.0006003602161182e-16, 0.00020012007204322363, 1.0006003602161182e-16, 1.0006003602161182e-16, 0.00010006003602161181, 0.00010006003602161181, 1.0006003602161182e-16, 0.00010006003602161181, 0.00010006003602161181, 1.0006003602161182e-16, 0.00010006003602161181, 0.00020012007204322363, 0.00010006003602161181, 0.00020012007204322363, 0.00020012007204322363, 0.00010006003602161181, 0.00010006003602161181, 1.0006003602161182e-16, 0.00010006003602161181, 0.00030018010806483544, 0.00030018010806483544, 0.00010006003602161181, 0.00010006003602161181, 0.00010006003602161181, 0.00030018010806483544, 0.00020012007204322363, 0.00030018010806483544, 0.0005003001801080591, 0.0007004202521512827, 0.00030018010806483544, 0.00040024014408644726, 0.00010006003602161181, 0.0005003001801080591, 0.00040024014408644726, 0.00020012007204322363, 0.00040024014408644726, 0.00020012007204322363, 0.00040024014408644726, 0.00020012007204322363, 0.00010006003602161181, 0.00040024014408644726, 0.0007004202521512827, 0.0009005403241945063, 0.00030018010806483544, 0.0007004202521512827, 0.0008004802881728945, 0.00020012007204322363, 0.0014008405043025654, 0.0006003602161296709, 0.0008004802881728945, 0.0009005403241945063, 0.00110066039623773, 0.0014008405043025654, 0.0007004202521512827, 0.0005003001801080591, 0.0013007804682809536, 0.0010006003602161181, 0.0010006003602161181, 0.0010006003602161181, 0.0013007804682809536, 0.0009005403241945063, 0.0018010806483890127, 0.0015009005403241772, 0.0012007204322593418, 0.0020012007204322363, 0.0018010806483890127, 0.0008004802881728945, 0.002101260756453848, 0.0018010806483890127, 0.0025015009005402954, 0.0020012007204322363, 0.002701620972583519, 0.0018010806483890127, 0.0018010806483890127, 0.0024014408645186835, 0.002701620972583519, 0.0024014408645186835, 0.002801681008605131, 0.0031018611166699663, 0.0024014408645186835, 0.0031018611166699663, 0.0025015009005402954, 0.002801681008605131, 0.0035021012607564135, 0.00330198118871319, 0.003902341404842861, 0.0031018611166699663, 0.00440264158495092, 0.0035021012607564135, 0.0036021612967780253, 0.002701620972583519, 0.0031018611166699663, 0.0038022813688212494, 0.004202521512907696, 0.0036021612967780253, 0.004002401440864473, 0.004002401440864473, 0.00330198118871319, 0.0034020412247348017, 0.002801681008605131, 0.004202521512907696, 0.004202521512907696, 0.0037022213327996376, 0.004702821693015755, 0.0046027616569941435, 0.0035021012607564135, 0.0051030618371022025, 0.005903542125275097, 0.0051030618371022025, 0.0035021012607564135, 0.005703422053231873, 0.004802881729037367, 0.0062037222333399325, 0.005603362017210262, 0.0051030618371022025, 0.00550330198118865, 0.00550330198118865, 0.006003602161296709, 0.007004202521512827, 0.007804682809685722, 0.006303782269361544, 0.005803482089253485, 0.005303181909145426, 0.005203121873123814, 0.007404442665599275, 0.006904142485491215, 0.007604562737642499, 0.007704622773664111, 0.007904742845707333, 0.006503902341404768, 0.006003602161296709, 0.006503902341404768, 0.007204322593556051, 0.006303782269361544, 0.007104262557534439, 0.007804682809685722, 0.007904742845707333, 0.007804682809685722, 0.008004802881728945, 0.007204322593556051, 0.00830498298979378, 0.006303782269361544, 0.008004802881728945, 0.00880528316990184, 0.008204922953772169, 0.009605763458074734, 0.006704022413447992, 0.00880528316990184, 0.008004802881728945, 0.008405043025815392, 0.00830498298979378, 0.006503902341404768, 0.009505703422053122, 0.008204922953772169, 0.00990594356613957, 0.009505703422053122, 0.007104262557534439, 0.008905343205923451, 0.006904142485491215, 0.009005403241945063, 0.008004802881728945, 0.007404442665599275, 0.008905343205923451, 0.007204322593556051, 0.008405043025815392, 0.008505103061837004, 0.006704022413447992, 0.007604562737642499, 0.006704022413447992, 0.007404442665599275, 0.008204922953772169, 0.006704022413447992, 0.009305583350009899, 0.0073043826295776625, 0.008204922953772169, 0.006704022413447992, 0.006103662197318321, 0.007604562737642499, 0.008605163097858616, 0.007504502701620887, 0.005903542125275097, 0.006303782269361544, 0.00660396237742638, 0.006403842305383156, 0.006704022413447992, 0.00660396237742638, 0.006904142485491215, 0.006303782269361544, 0.005703422053231873, 0.0051030618371022025, 0.007104262557534439, 0.006403842305383156, 0.006103662197318321, 0.0062037222333399325, 0.0062037222333399325, 0.006804082449469603, 0.0046027616569941435, 0.006003602161296709, 0.005003001801080591, 0.005003001801080591, 0.006503902341404768, 0.005303181909145426, 0.006303782269361544, 0.005203121873123814, 0.005303181909145426, 0.005603362017210262, 0.004502701620972532, 0.0030018010806483544, 0.00440264158495092, 0.0062037222333399325, 0.0035021012607564135, 0.004702821693015755, 0.0034020412247348017, 0.0037022213327996376, 0.002601560936561907, 0.0034020412247348017, 0.00440264158495092, 0.003902341404842861, 0.004902941765058979, 0.0034020412247348017, 0.004102461476886084, 0.0034020412247348017, 0.004002401440864473, 0.0025015009005402954, 0.003902341404842861, 0.003201921152691578, 