{"n_items": 600, "weights": [9.999999999999533e-17, 9.999999999999533e-17, 9.999999999999533e-17, 9.999999999999533e-17, 9.999999999999533e-17, 9.999999999999533e-17, 9.999999999999533e-17, 9.999999999999533e-17, 9.999999999999533e-17, 9.999999999999533e-17, 9.999999999999533e-17, 9.999999999999533e-17, 9.999999999999533e-17, 9.999999999999533e-17, 9.999999999999533e-17, 9.999999999999533e-17, 9.999999999999533e-17, 9.999999999999533e-17, 9.999999999999533e-17, 9.999999999999533e-17, 9.999999999999533e-17, 9.999999999999533e-17, 9.999999999999533e-17, 9.999999999999533e-17, 9.999999999999533e-17, 9.999999999999533e-17, 9.999999999999533e-17, 9.999999999999533e-17, 9.999999999999533e-17, 9.999999999999533e-17, 9.999999999999533e-17, 9.999999999999533e-17, 9.999999999999533e-17, 9.999999999999533e-17, 9.999999999999533e-17, 9.999999999999533e-17, 9.999999999999533e-17, 9.999999999999533e-17, 9.999999999999533e-17, 9.999999999999533e-17, 9.999999999999533e-17, 9.999999999999533e-17, 9.999999999999533e-17, 9.999999999999533e-17, 9.999999999999533e-17, 9.999999999999533e-17, 9.999999999999533e-17, 9.999999999999533e-17, 9.999999999999533e-17, 9.999999999999533e-17, 9.999999999999533e-17, 9.999999999999533e-17, 9.999999999999533e-17, 9.999999999999533e-17, 9.999999999999533e-17, 9.999999999999533e-17, 9.999999999999533e-17, 9.999999999999533e-17, 9.999999999999533e-17, 9.999999999999533e-05, 9.999999999999533e-17, 9.999999999999533e-17, 9.999999999999533e-17, 9.999999999999533e-17, 9.999999999999533e-17, 9.999999999999533e-17, 9.999999999999533e-05, 9.999999999999533e-05, 0.0003999999999999813, 9.999999999999533e-05, 9.999999999999533e-17, 0.00019999999999999066, 9.999999999999533e-05, 0.0003999999999999813, 9.999999999999533e-05, 0.000299999999999986, 9.999999999999533e-05, 0.0004999999999999766, 0.00019999999999999066, 0.000599999999999972, 0.0008999999999999579, 0.0007999999999999626, 0.0009999999999999532, 0.0007999999999999626, 0.0015999999999999253, 0.0007999999999999626, 0.000599999999999972, 0.0014999999999999298, 0.0017999999999999158, 0.002399999999999888, 0.001899999999999911, 0.002099999999999902, 0.002499999999999883, 0.0035999999999998316, 0.004099999999999809, 0.003399999999999841, 0.0035999999999998316, 0.003399999999999841, 0.005199999999999757, 0.0038999999999998177, 0.005099999999999762, 0.006299999999999705, 0.00769999999999964, 0.006999999999999673, 0.007799999999999635, 0.008499999999999603, 0.008399999999999607, 0.009599999999999552, 0.010099999999999528, 0.012499999999999416, 0.011199999999999476, 0.013499999999999368, 0.01369999999999936, 0.011599999999999458, 0.013799999999999354, 0.01389999999999935, 0.015499999999999275, 0.016999999999999207, 0.016799999999999215, 0.016399999999999235, 0.019599999999999083, 0.01899999999999911, 0.01819999999999915, 0.017799999999999167, 0.01899999999999911, 0.02099999999999902, 0.02159999999999899, 0.021299999999999004, 0.022599999999998944, 0.021199999999999008, 0.020399999999999047, 0.02159999999999899, 0.02269999999999894, 0.022099999999998968, 0.022299999999998956, 0.01899999999999911, 0.019599999999999083, 0.020499999999999043, 0.019799999999999075, 0.019099999999999107, 0.017399999999999187, 0.01559999999999927, 0.015899999999999255, 0.0170999999999992, 0.01599999999999925, 0.01559999999999927, 0.015199999999999289, 0.016099999999999247, 0.015199999999999289, 0.013199999999999382, 0.011999999999999438, 0.011899999999999444, 0.011299999999999472, 0.010199999999999524, 0.0106999999999995, 0.008399999999999607, 0.008699999999999593, 0.008699999999999593, 0.007999999999999625, 0.006799999999999682, 0.005099999999999762, 0.006099999999999715, 0.005699999999999734, 0.00449999999999979, 0.004999999999999766, 0.0038999999999998177, 0.003399999999999841, 0.0025999999999998785, 0.002699999999999874, 0.0035999999999998316, 0.002099999999999902, 0.002099999999999902, 0.0007999999999999626, 0.001899999999999911, 0.0016999999999999205, 0.0013999999999999345, 0.0013999999999999345, 0.0007999999999999626, 0.0004999999999999766, 0.0010999999999999487, 0.0007999999999999626, 0.0003999999999999813, 0.0007999999999999626, 0.0006999999999999672, 0.0006999999999999672, 0.00019999999999999066, 0.000299999999999986, 0.00019999999999999066, 0.00019999999999999066, 9.999999999999533e-17, 0.000299999999999986, 0.00019999999999999066, 9.999999999999533e-05, 9.999999999999533e-17, 9.999999999999533e-05, 9.999999999999533e-17, 9.999999999999533e-05, 9.999999999999533e-05, 9.999999999999533e-17, 9.999999999999533e-05, 9.999999999999533e-17, 9.999999999999533e-17, 9.999999999999533e-05, 9.999999999999533e-17, 9.999999999999533e-17, 9.999999999999533e-17, 9.999999999999533e-17, 9.999999999999533e-17, 9.999999999999533e-17, 9.999999999999533e-05, 9.999999999999533e-17, 9.999999999999533e-05, 9.999999999999533e-17, 9.999999999999533e-17, 9.999999999999533e-17, 9.999999999999533e-17, 9.999999999999533e-17, 9.999999999999533e-17, 9.999999999999533e-17, 9.999999999999533e-17, 9.999999999999533e-17, 9.999999999999533e-17, 9.999999999999533e-17, 9.999999999999533e-17, 9.999999999999533e-17, 9.999999999999533e-17, 9.999999999999533e-17, 9.999999999999533e-17, 9.999999999999533e-17, 9.999999999999533e-17, 9.999999999999533e-17, 9.999999999999533e-17, 9.999999999999533e-17, 9.999999999999533e-17, 9.999999999999533e-17, 9.999999999999533e-17, 9.999999999999533e-17, 9.999999999999533e-17, 9.999999999999533e-17, 9.999999999999533e-17, 9.999999999999533e-17, 9.999999999999533e-17, 9.999999999999533e-17, 9.999999999999533e-17, 9.999999999999533e-17, 9.999999999999533e-17, 9.999999999999533e-17, 9.999999999999533e-17, 9.999999999999533e-17, 9.999999999999533e-17, 9.999999999999533e-17, 9.999999999999533e-17, 9.999999999999533e-17, 9.999999999999533e-17, 9.999999999999533e-17, 9.999999999999533e-17, 9.999999999999533e-17, 9.999999999999533e-17, 9.999999999999533e-17, 9.999999999999533e-17, 9.999999999999533e-17, 9.999999999999533e-17, 9.999999999999533e-17, 9.999999999999533e-17, 9.999999999999533e-17, 9.999999999999533e-17, 9.999999999999533e-17, 9.999999999999533e-17, 9.999999999999533e-17, 9.999999999999533e-17, 9.999999999999533e-17, 9.999999999999533e-17, 9.999999999999533e-17, 9.999999999999533e-17, 9.999999999999533e-17, 9.999999999999533e-17, 9.999999999999533e-17, 9.999999999999533e-17, 9.999999999999533e-17, 9.999999999999533e-17, 9.999999999999533e-17, 9.999999999999533e-17, 9.999999999999533e-17, 9.999999999999533e-17, 9.999999999999533e-17, 9.999999999999533e-17, 9.999999999999533e-17, 9.999999999999533e-17, 9.999999999999533e-17, 9.999999999999533e-17, 9.999999999999533e-17, 9.999999999999533e-17, 9.999999999999533e-17, 9.999999999999533e-17, 9.999999999999533e-17, 9.999999999999533e-17, 9.999999999999533e-17, 9.999999999999533e-17, 9.999999999999533e-17, 9.999999999999533e-17, 9.999999999999533e-17, 9.999999999999533e-17, 9.999999999999533e-17, 9.999999999999533e-17, 9.999999999999533e-17, 9.999999999999533e-17, 9.999999999999533e-17, 9.999999999999533e-17, 9.999999999999533e-17, 9.999999999999533e-17, 9.999999999999533e-17, 9.999999999999533e-17, 9.999999999999533e-17, 9.999999999999533e-17, 9.999999999999533e-17, 9.999999999999533e-17, 9.999999999999533e-17, 9.999999999999533e-17, 9.999999999999533e-17, 9.999999999999533e-17, 9.999999999999533e-17, 9.999999999999533e-17, 9.999999999999533e-17, 9.999999999999533e-17, 9.999999999999533e-17, 9.999999999999533e-17, 9.999999999999533e-17, 9.999999999999533e-17, 9.999999999999533e-17, 9.999999999999533e-17, 9.999999999999533e-17, 9.999999999999533e-17, 9.999999999999533e-17, 9.999999999999533e-17, 9.999999999999533e-17, 9.999999999999533e-17, 9.999999999999533e-17, 9.999999999999533e-17, 9.999999999999533e-17, 9.999999999999533e-17, 9.999999999999533e-17, 9.999999999999533e-17, 9.999999999999533e-17, 9.999999999999533e-17, 9.999999999999533e-17, 9.999999999999533e-17, 9.999999999999533e-17, 9.999999999999533e-17, 9.999999999999533e-17, 9.999999999999533e-17, 