{"n_items": 400, "weights": [9.999999999999729e-17, 9.999999999999729e-17, 9.999999999999729e-17, 9.999999999999729e-17, 9.999999999999729e-17, 9.999999999999729e-17, 9.999999999999729e-17, 9.999999999999729e-17, 9.999999999999729e-17, 9.999999999999729e-17, 9.999999999999729e-17, 9.999999999999729e-17, 9.999999999999729e-17, 9.999999999999729e-17, 9.999999999999729e-17, 9.999999999999729e-17, 9.999999999999729e-17, 9.999999999999729e-17, 9.999999999999729e-17, 9.999999999999729e-17, 9.999999999999729e-17, 9.999999999999729e-17, 9.999999999999729e-17, 9.999999999999729e-17, 9.999999999999729e-17, 9.999999999999729e-17, 9.999999999999729e-17, 9.999999999999729e-17, 9.999999999999729e-17, 9.999999999999729e-17, 9.999999999999729e-17, 9.999999999999729e-17, 9.999999999999729e-17, 9.999999999999729e-17, 9.999999999999729e-17, 9.999999999999729e-17, 9.999999999999729e-17, 9.999999999999729e-17, 9.999999999999729e-17, 9.999999999999729e-17, 9.999999999999729e-17, 9.999999999999729e-17, 9.999999999999729e-17, 9.999999999999729e-17, 9.999999999999729e-17, 9.999999999999729e-17, 9.999999999999729e-17, 9.999999999999729e-17, 9.999999999999729e-17, 9.999999999999729e-17, 9.999999999999729e-17, 9.999999999999729e-17, 9.999999999999729e-17, 9.999999999999729e-17, 9.999999999999729e-17, 9.999999999999729e-17, 9.999999999999729e-17, 9.999999999999729e-17, 9.999999999999729e-17, 9.999999999999729e-17, 9.999999999999729e-17, 9.999999999999729e-17, 9.999999999999729e-17, 9.999999999999729e-17, 9.999999999999729e-17, 9.999999999999729e-17, 9.999999999999729e-17, 9.999999999999729e-17, 9.999999999999729e-17, 9.999999999999729e-17, 9.999999999999729e-17, 9.999999999999729e-17, 9.999999999999729e-17, 9.999999999999729e-17, 9.999999999999729e-17, 9.999999999999729e-17, 9.999999999999729e-17, 9.999999999999729e-17, 9.999999999999729e-17, 9.999999999999729e-17, 9.999999999999729e-17, 9.999999999999729e-17, 9.999999999999729e-17, 9.999999999999729e-17, 9.999999999999729e-17, 9.999999999999729e-17, 9.999999999999729e-17, 9.999999999999729e-17, 9.999999999999729e-17, 9.999999999999729e-17, 9.999999999999729e-17, 9.999999999999729e-17, 9.999999999999729e-17, 9.999999999999729e-17, 9.999999999999729e-17, 9.999999999999729e-17, 9.999999999999729e-17, 9.999999999999729e-17, 9.999999999999729e-17, 9.999999999999729e-17, 9.999999999999729e-17, 9.999999999999729e-17, 9.999999999999729e-17, 9.999999999999729e-17, 9.999999999999729e-17, 9.999999999999729e-17, 9.999999999999729e-17, 9.999999999999729e-17, 9.999999999999729e-17, 9.999999999999729e-17, 9.999999999999729e-17, 9.999999999999729e-17, 9.99999999999973e-05, 0.00029999999999999184, 0.0001999999999999946, 9.999999999999729e-17, 9.99999999999973e-05, 0.0001999999999999946, 0.0003999999999999892, 0.0001999999999999946, 0.0005999999999999837, 0.000699999999999981, 0.0007999999999999784, 0.0005999999999999837, 0.0011999999999999674, 0.001399999999999962, 0.001399999999999962, 0.0014999999999999593, 0.0024999999999999324, 0.002099999999999943, 0.0028999999999999213, 0.003499999999999905, 0.003499999999999905, 0.005599999999999848, 0.006199999999999832, 0.006699999999999818, 0.006599999999999821, 0.008199999999999777, 0.007099999999999808, 0.00999999999999973, 0.009699999999999737, 0.009299999999999748, 0.009399999999999745, 0.012099999999999672, 0.01289999999999965, 0.012299999999999667, 0.013799999999999627, 0.014699999999999602, 0.013799999999999627, 0.01579999999999957, 0.01549999999999958, 0.01809999999999951, 0.014599999999999605, 0.01369999999999963, 0.01369999999999963, 0.015599999999999578, 0.013799999999999627, 0.01589999999999957, 0.015199999999999589, 0.014599999999999605, 0.013899999999999623, 0.01579999999999957, 0.013199999999999643, 0.009699999999999737, 0.012399999999999665, 0.009699999999999737, 0.009799999999999734, 0.006799999999999816, 0.007799999999999789, 0.008199999999999777, 0.007699999999999791, 0.004999999999999865, 0.006099999999999835, 0.006399999999999827, 0.0040999999999998885, 0.005299999999999856, 0.003999999999999892, 0.0036999999999998995, 0.0029999999999999185, 0.004599999999999875, 0.003499999999999905, 0.0031999999999999134, 0.005199999999999859, 0.004699999999999873, 0.004599999999999875, 0.005599999999999848, 0.007299999999999802, 0.005799999999999843, 0.008899999999999759, 0.009399999999999745, 0.009399999999999745, 0.010399999999999718, 0.010499999999999716, 0.012399999999999665, 0.01289999999999965, 0.01369999999999963, 0.011999999999999674, 0.012799999999999654, 0.014599999999999605, 0.01689999999999954, 0.012999999999999647, 0.015599999999999578, 0.01659999999999955, 0.014699999999999602, 0.016499999999999553, 0.017199999999999535, 0.01579999999999957, 0.01589999999999957, 0.015299999999999585, 0.014499999999999607, 0.014799999999999598, 0.01289999999999965, 0.010599999999999712, 0.009599999999999739, 0.012399999999999665, 0.011199999999999696, 0.008099999999999781, 0.007599999999999794, 0.00919999999999975, 0.008999999999999756, 0.006299999999999829, 0.006799999999999816, 0.005699999999999846, 0.004499999999999878, 0.0032999999999999106, 0.0036999999999998995, 0.003399999999999908, 0.002099999999999943, 0.003399999999999908, 0.0010999999999999701, 0.000999999999999973, 0.0012999999999999648, 0.001699999999999954, 0.001699999999999954, 0.0008999999999999756, 0.0005999999999999837, 0.0007999999999999784, 0.0003999999999999892, 9.999999999999729e-17, 9.99999999999973e-05, 9.99999999999973e-05, 9.999999999999729e-17, 9.99999999999973e-05, 9.999999999999729e-17, 9.99999999999973e-05, 0.0001999999999999946, 9.999999999999729e-17, 9.999999999999729e-17, 9.999999999999729e-17, 9.999999999999729e-17, 9.999999999999729e-17, 9.999999999999729e-17, 9.99999999999973e-05, 9.999999999999729e-17, 9.999999999999729e-17, 9.999999999999729e-17, 9.999999999999729e-17, 9.999999999999729e-17, 9.999999999999729e-17, 9.999999999999729e-17, 9.999999999999729e-17, 9.999999999999729e-17, 9.999999999999729e-17, 9.999999999999729e-17, 9.999999999999729e-17, 9.999999999999729e-17, 9.999999999999729e-17, 9.999999999999729e-17, 9.999999999999729e-17, 9.999999999999729e-17, 9.999999999999729e-17, 9.999999999999729e-17, 9.999999999999729e-17, 9.999999999999729e-17, 9.999999999999729e-17, 9.999999999999729e-17, 9.999999999999729e-17, 9.999999999999729e-17, 9.999999999999729e-17, 9.999999999999729e-17, 9.999999999999729e-17, 9.999999999999729e-17, 9.999999999999729e-17, 9.999999999999729e-17, 9.999999999999729e-17, 9.999999999999729e-17, 9.999999999999729e-17, 9.999999999999729e-17, 9.999999999999729e-17, 9.999999999999729e-17, 9.999999999999729e-17, 9.999999999999729e-17, 9.999999999999729e-17, 9.999999999999729e-17, 9.999999999999729e-17, 9.999999999999729e-17, 9.999999999999729e-17, 9.999999999999729e-17, 9.999999999999729e-17, 9.999999999999729e-17, 9.999999999999729e-17, 9.999999999999729e-17, 9.999999999999729e-17, 9.999999999999729e-17, 9.999999999999729e-17, 9.999999999999729e-17, 9.999999999999729e-17, 9.999999999999729e-17, 9.999999999999729e-17, 9.999999999999729e-17, 9.999999999999729e-17, 9.999999999999729e-17, 9.999999999999729e-17, 9.999999999999729e-17, 9.999999999999729e-17, 9.999999999999729e-17, 9.999999999999729e-17, 9.999999999999729e-17, 9.999999999999729e-17, 9.999999999999729e-17, 9.999999999999729e-17, 9.999999999999729e-17, 9.999999999999729e-17, 9.999999999999729e-17, 9.999999999999729e-17, 9.999999999999729e-17, 9.999999999999729e-17, 9.999999999999729e-17, 9.999999999999729e-17, 9.999999999999729e-17, 9.999999999999729e-17, 9.999999999999729e-17, 9.999999999999729e-17, 9.999999999999729e-17, 9.999999999999729e-17, 9.999999999999729e-17, 9.999999999999729e-17, 9.999999999999729e-17, 9.999999999999729e-17, 9.999999999999729e-17, 9.999999999999729e-17, 9.999999999999729e-17, 9.999999999999729e-17, 9.999999999999729e-17, 9.999999999999729e-17, 9.999999999999729e-17, 9.999999999999729e-17, 9.999999999999729e-17, 9.999999999999729e-17, 9.999999999999729e-17, 9.999999999999729e-17, 