{"n_items": 400, "weights": [0.0026712247671472713, 0.003343839664552233, 0.002237644695751517, 0.0032607280245085806, 0.0028347709894071212, 0.003482492934347496, 0.0019200260928922922, 0.002602592461921289, 0.0017082585237936457, 0.0022581838892239666, 0.0034231227899216713, 0.0035772940312588904, 0.002681061450731434, 0.0030673122925699028, 0.0027769436814198477, 0.002281440872191148, 0.0028119964150706825, 0.002044201276317148, 0.0034345581318821635, 0.0018131884208718281, 0.0015152088354293725, 0.001988858948035711, 0.0029162627953695014, 0.0026181966673327834, 0.0019436431198567104, 0.0011715428496295282, 0.0016547954820055639, 0.0015431904766928528, 0.0030435507343319467, 0.0029665112635782146, 0.0029303819600691714, 0.0032694503559216014, 0.0017314187447043355, 0.002663933241207974, 0.0018229676766574586, 0.0030561770948727704, 0.002887571316368327, 0.0025019082306482177, 0.002459840746953581, 0.003114214406359739, 0.003148749672456436, 0.0017896747055102236, 0.0032479097341080905, 0.0024733177528652953, 0.0016792410424862534, 0.0027135484499077635, 0.0020126739302684486, 0.0020015947812877647, 0.0016441356173783265, 0.002672126817927247, 0.001883829715991741, 0.002639003188843463, 0.0031873752803161064, 0.0016248645955700028, 0.0032670532409259582, 0.0030253806407079093, 0.0032533406003654986, 0.001524928945222963, 0.001912694201797116, 0.003302559550536111, 0.0020753456679612234, 0.0019310091171488748, 0.0031858537471207396, 0.0028589622003566944, 0.0027626974962859595, 0.0033053884323493545, 0.0018725303927936523, 0.003059319995674544, 0.0018714098848700987, 0.0026618480820287485, 0.0036210389079503425, 0.0029929160413822596, 0.0021803516425831244, 0.0014457124831220702, 0.00237344804838922, 0.0029090063247571743, 0.002323254105683124, 0.003611514193991843, 0.0022508876469639672, 0.002512998996040514, 0.0026529390540322023, 0.0011146882550132427, 0.0021836523913530215, 0.0038049937581930023, 0.0031066919487632507, 0.0023415834528820395, 0.0032129299058154715, 0.001879991978174906, 0.00445467417258207, 0.0026220028124109124, 0.00269184161356911, 0.0031161304780672385, 0.003151116960219667, 0.0030098016112392314, 0.0020047656937693553, 0.0025350981272080244, 0.00332632319894547, 0.0028355423683214032, 0.002038514660918652, 0.0029630203963007763, 0.001642355957329489, 0.0037871143101952105, 0.0027427105875631247, 0.0036913690521162743, 0.003952104165205195, 0.0033397299070770455, 0.002459122765453309, 0.0033817099058960974, 0.002876053401470864, 0.0035569606169883086, 0.002805032613935435, 0.002389170061331393, 0.00243731142650529, 0.0017530154401181053, 0.002685568431944268, 0.002689089846321302, 0.002556586644995346, 0.0028353222774851563, 0.0015109472494612215, 0.002545355560579539, 0.002057014429511674, 0.0032844910227866155, 0.00250260328001851, 0.001988305322299881, 0.002729503371118975, 0.0018080800429355257, 0.0029561839401928487, 0.0026858977654586765, 0.002394889445206159, 0.0018356872409499283, 0.0012555325904986272, 0.0030368312441904372, 0.0019801117729263073, 0.003336957033397059, 0.0024953569151691425, 0.0021377247222618867, 0.003140234998234524, 0.002692400800240017, 0.003563469550692808, 0.002517388923961599, 0.0033004900206381224, 0.0020301804036070093, 0.0022582752872445837, 0.0023375684150709285, 0.0023000349105786314, 0.0027994580826588775, 0.0011062940595756672, 0.0023117406861867347, 0.002962868074417302, 0.0023773048181810552, 0.003623989344551298, 0.002919091959388457, 0.0024783589593136827, 0.003002905562436523, 0.0029672054274288194, 0.0035915973689076316, 0.0014485189471684326, 0.001872442815714144, 0.0024142963873020284, 0.0031580850027445807, 0.0031727693996130867, 0.0038662997805682703, 0.0026425798148044665, 0.0030100309100816007, 0.0027653031045779515, 0.0030832480400916178, 0.00399745386342124, 0.003482133728800612, 0.002168983431512442, 0.0038154457515104556, 0.0012591372142144997, 0.0018125805847818183, 0.0037244851242123574, 0.0030855364602552283, 0.001966740647759954, 0.002822802220041689, 0.003532471269348695, 0.0031895270799450833, 0.0019982979628675535, 0.0021579077153859754, 0.00231755049923779, 0.004130609881527879, 0.0034012083995691913, 0.0013647150487113731, 0.0018511487255500991, 0.0026650358181570313, 0.0006151126504337354, 0.002771596375192869, 0.0020383491812455885, 0.0018158296885588845, 0.0034331144899960525, 0.0022721210261173884, 0.0014649959743948005, 0.002925231625606117, 0.0027772052547060814, 0.0026281542396763744, 0.002633721776433484, 0.0012283986692811506, 0.003329720819264809, 0.0027954794969519766, 0.0027270577466987317, 0.0023034225937840465, 0.0017195852934987711, 0.0023255789560734444, 0.0022696258263320943, 0.0022804636304875024, 0.002553268236057078, 0.0026635171118452594, 0.0026278989627541603, 0.002572232027979398, 0.0026361171950715695, 0.0028389610849441907, 0.0024206448155871087, 0.001979955273136621, 0.002301748251453488, 0.002145735258003046, 0.0025146421274393252, 0.002105532139618805, 0.0028070636898412486, 0.001015909227543268, 0.002501754531456708, 0.002428208660612097, 0.003169634144957812, 0.0017221598890875768, 0.002189747168882155, 0.0025538477829705314, 0.0025287814633166207, 0.002348872371746574, 0.002329909098880332, 0.0030803777140367594, 0.00252694906387621, 0.002235347018118701, 0.0016351254784031908, 0.0016264312727851346, 0.004105487311048867, 0.002221293764946014, 0.0021704964987006095, 0.0014882718783056916, 0.003024713974744369, 0.0019012347469195869, 0.002476694529731682, 0.002635510456429836, 0.0014816193720001813, 0.0022489482282938697, 0.0014150258018126739, 0.0027816385090364973, 0.002824759145747046, 0.002367627804890841, 0.0016589798113550533, 0.0024659738433118203, 0.0036990462713949604, 0.0020679692722952326, 0.003533350728903053, 0.0013780813765444436, 0.0032713604830732724, 0.0032411364386031646, 0.0024527269126199142, 0.0020912571120434388, 0.00280189689168859, 0.003102738842873672, 0.0026877808260065378, 0.0024900415063515706, 0.0030873082225496276, 0.002388472296454814, 0.0010344911053965708, 0.0038106963438947965, 0.0014928951723879743, 0.0028918094582500915, 0.0033135802631061068, 0.00254638586882181, 0.002544929573158113, 0.003902290854725917, 0.0006783950755049303, 0.001613836441496752, 0.00015514833079757347, 0.003433202239377001, 0.0015878139343763694, 0.0017761210052153475, 0.0029297982625922665, 0.0020181739005014974, 0.002640958893655349, 0.003494414873643035, 0.0010740268398669976, 0.0028980359113464555, 0.0022351241554676086, 0.0016550539684941318, 0.0029363803782577334, 0.0017795685610976692, 0.0025570344799282106, 0.002665002540648463, 0.0019022260475447094, 0.002809515191444205, 0.001904826185833949, 0.00226684765751381, 0.0018096810917266452, 0.003013556953456004, 0.002905326271508624, 0.0023094185301995645, 0.002243710165686088, 0.002813573506864031, 0.0020848814497023073, 0.0019297304820921973, 0.001770006594666322, 0.002022703890898492, 0.001648126693340321, 0.0023968598835163433, 0.002443468631741799, 0.0027898526495524927, 0.0025027980792843405, 0.0021537379007917187, 0.0015853569578544065, 0.002463701104840831, 0.001809546484035861, 0.0034832745517820564, 0.0027973352911344683, 0.002293809994174413, 0.0026606131860675273, 0.0025584683864779702, 0.0031618138199919384, 0.0021020260511309466, 0.0026622146940511997, 0.002064778183433024, 0.0030585960422404627, 0.00257318530846353, 0.002263666810691948, 0.002506430185213348, 0.0032886171185141813, 0.0030048182827654723, 0.0014035364292250914, 0.0018232110197455111, 0.002923916515549556, 0.003157595816318653, 0.002901572274851922, 0.0029855132981651796, 0.0016486967869251193, 0.0028586604865676675, 0.0028824990885765447, 0.002663408116518746, 0.0024900343351342722, 0.002405308236108044, 0.002047891774986398, 0.002189821291136425, 0.00170268141411086, 0.002030908134170505, 0.0023634814838110027, 0.0021286627188333265, 0.002129091721738352, 0.0026942948230390044, 0.0019685776040650033, 0.002512051510747529, 0.0029235707197808, 0.001960466367421534, 0.002087032920957787, 