{"n_items": 400, "weights": [0.002506483525857098, 0.0026027693022389817, 0.0019011937902134346, 0.0024452337703067734, 0.0019350779658975324, 0.0014191018223161044, 0.002283146860412066, 0.0022644025881864522, 0.0034324510852922225, 0.0032489501165123376, 0.0020467432596621474, 0.002152155705085958, 0.002333933093075398, 0.003547299334586987, 0.0033961601333218757, 0.002485974086892076, 0.0012701432654543753, 0.0039238166180868795, 0.0026637423949817185, 0.002828947941772219, 0.002140036120580825, 0.003231950180697203, 0.0008835025329590883, 0.002057630057948028, 0.0024575242696834357, 0.0029332802674698465, 0.002141330886406424, 0.002570876142639901, 0.00249781800881828, 0.0024222125455706342, 0.0028216861124344787, 0.0012075803193508498, 0.00400158375710133, 0.002844462185053565, 0.0023001565479461726, 0.001518482261137968, 0.002820152328879258, 0.0035184859868130874, 0.0019559673382827077, 0.0039284197636043905, 0.0032082928005785134, 0.0026263273332199043, 0.002028699272610793, 0.002266863004305738, 0.003228682467503307, 0.002755290993712773, 0.0016640591038188657, 0.001544520869814777, 0.0019483424589567166, 0.002140509480753399, 0.0018472935470426543, 0.003186733293115945, 0.0018297721031093335, 0.0032549136451984375, 0.002530244460133087, 0.0026745666176768734, 0.0023045985126130234, 0.0037889610168597453, 0.003155833920755303, 0.0018261001040168012, 0.0029288745630464837, 0.003063246062484865, 0.00217405832526043, 0.0029373255337143823, 0.0021688252960592415, 0.0022411258599651937, 0.001977604348025497, 0.002100796047033744, 0.0022856629197862684, 0.002476277295636898, 0.002092490976156069, 0.0025430146475468813, 0.0027671276388244754, 0.002815227963638773, 0.0018431756493754816, 0.0029990757617366567, 0.00298114834215934, 0.0027699381515715075, 0.0024934632296944397, 0.0025134959886415767, 0.0020848028255545385, 0.0030332182496039745, 0.001961650517167501, 0.0016298052007370015, 0.0031400614769055966, 0.002192798932810086, 0.0008077393598386015, 0.0026213281791756917, 0.002224356169128711, 0.0022231633560797666, 0.0012364390139634673, 0.002354611742622086, 0.00142350076369931, 0.0025237754463371133, 0.002156729315222891, 0.0027853985260154657, 0.0031040840152103026, 0.0018782202809764675, 0.0020972959434451704, 0.0025762481566458423, 0.0026136408513380586, 0.00291346107913105, 0.002717390056191418, 0.0028215053537339577, 0.0016683149018638444, 0.0011291914690281096, 0.0032366063306586337, 0.002539376958648568, 0.0024307632966118057, 0.0029259044295589175, 0.0025622024620434334, 0.0018099122935679162, 0.0025496421445273614, 0.001717859909354041, 0.0018419407354650437, 0.003992808127138554, 0.002391822853716405, 0.0014112810697320811, 0.0033976148157033683, 0.0025256339950915432, 0.003183820375267706, 0.0012810157214872006, 0.002446908656727285, 0.0030980216811632728, 0.003275000974097667, 0.0027085205376531783, 0.0024192193541556573, 0.0024931125503283307, 0.0024317780290722415, 0.00243308693227122, 0.001800601387157591, 0.002125181500595146, 0.0030878169596227243, 0.0019415715196973566, 0.0032710846259055974, 0.0024062773840287334, 0.002781642533294067, 0.0012835952117002832, 0.00178416748953981, 0.0025013200240541255, 0.002748600879090566, 0.003001677024871009, 0.003425421970014908, 0.0028338793004827776, 0.0026139131769058748, 0.0019580920282356046, 0.0023257923914305444, 0.0029589407001253936, 0.002134322404664065, 0.0025269631827213603, 0.0024437158166636134, 0.0031355494358402207, 0.002644303861614128, 0.002282309887071661, 0.0017659027215433556, 0.0017468597329221647, 0.0025504120575553595, 0.00266013920081656, 0.0021380520685830864, 0.0027884580738052485, 0.0024905978297300848, 0.002386773990993247, 0.0024238173081937483, 0.0016427406986553406, 0.002008526106978157, 0.002332898253171231, 0.002444526289629576, 0.002073093313702595, 0.0015860574405095005, 0.0035410381764647302, 0.002702737320749926, 0.00279431231914098, 0.0017658667263452897, 0.003366014010305596, 0.002864329617076116, 0.0029298601445743766, 0.0025493173315698473, 0.0034113332527797584, 0.0030047669934007426, 0.0024493684847056276, 0.0020810302950876104, 0.002477427672208716, 0.0025463165746214267, 0.0021990990107854324, 0.0017988628477438675, 0.0029951446417969337, 0.002629642192196256, 0.002363052792524705, 0.002447117629542017, 0.0017747422776811113, 0.0023062753573536423, 0.003608222342822332, 0.003058117251249553, 0.0022318303152594394, 0.002908374633669849, 0.0025821026951935787, 0.0023515468768147735, 0.0023778631512381744, 0.0027421463481237833, 0.003128204408566993, 0.0028014491875348662, 0.0037364841903167246, 0.002680547859243999, 0.0014945318130410695, 0.001465231584425544, 0.0025535067553748726, 0.001908268719851757, 0.002533383957986045, 0.0028386931299693927, 0.002498262456373742, 0.0025094351410495314, 0.002520905239385956, 0.0032290331565472583, 0.003613495147914319, 0.002045123138645513, 0.0022944892551993866, 0.0024910582450931385, 0.0023603411723820055, 0.002897811522196639, 0.0031939871673972954, 0.0023451191188029433, 0.0030896241870847488, 0.0022691989882256255, 0.0025034542821400366, 0.0021316772543741955, 0.0030027886483452193, 0.0030756179773442087, 0.002331525428065394, 0.0029908162340706, 0.0019709131411759042, 0.003640961564149749, 0.001848442740528422, 0.001625857927004426, 0.0021588968033291003, 0.0015069633046058094, 0.0018308529536595218, 0.0029860622022788758, 0.002623880906676307, 0.0018498077874897023, 0.002453225488223641, 0.002483852197012975, 0.003239594666403914, 0.003192825198503725, 0.0021052954186071993, 0.003358791192112763, 0.00193436020042486, 0.0021607769679224584, 0.0027060266550920763, 0.0015387606363773136, 0.0027035662482778845, 0.002189002144671515, 0.001906936697993787, 0.002429656111018083, 0.0026158792427952117, 0.0028425798330863777, 0.0021632215130397247, 0.0025070961881153682, 0.002198250609711407, 0.0020868566799518086, 0.002765534953433883, 0.0024741762341748607, 0.0029624900049944184, 0.0029657638026345918, 0.0025338817386526017, 0.0026460201375781162, 0.003643145979160361, 0.003244610834431304, 0.0035250673029322724, 0.0024838910158686157, 0.002825341899339501, 0.0016584438771882635, 0.002545569259105396, 0.0034195157360468547, 0.0023895394789107773, 0.0027704665531967966, 0.0023239494002968734, 0.002955449048646777, 0.0015681496550201792, 0.0020708506281791805, 0.002590634669582722, 0.0026789502923935133, 0.0018198142709318318, 0.002486221466208308, 0.0026927585073589105, 0.0023900230426509963, 0.002372446813030503, 0.0027719620179461986, 0.0026001687348951204, 0.0023687531722720334, 0.002831407415205573, 0.0031807119457557633, 0.0028520593858929236, 0.0017769174001571121, 0.003771870172043681, 0.001653915248886049, 0.0018050453197546617, 0.00199240760661934, 0.0013616699938928073, 0.00265095502132533, 0.002279376362643714, 0.0034103474602267653, 0.0027964158556061927, 0.003004586230983434, 0.0019129052621675855, 0.0027358426771523724, 0.0011778109797433692, 0.0032834968438340754, 0.0028961261411704787, 0.002324113498533909, 0.0018181387790373986, 0.0020862557847786812, 0.001905822318409142, 0.0023276393662113974, 0.0023617605142983947, 0.0029174138035912506, 0.0016130800879863647, 0.002764322340302985, 0.003116449857191992, 0.0030610850774152876, 0.001756400900302954, 0.00201407909472462, 0.0010620572094411096, 0.0027952246331014495, 0.0028501023157712947, 0.002405724121442575, 0.0024067219703684138, 0.0028831235225292946, 0.002816373909308861, 0.0019678420205011273, 0.0030901874054392636, 0.003621255893722171, 0.002845002490564187, 0.0017475311029466656, 0.0022700244426178758, 0.0015268601195290287, 0.0023931044774476717, 0.0021966742618706445, 0.0030191482305289394, 0.0030657522270986456, 0.0028242544103324494, 0.002627174103865851, 0.0024755984937291703, 0.0026171038813427214, 0.0013860837481947988, 0.0021284676672549464, 0.0031709953462367734, 0.0019527656670434608, 0.0023744979898235505, 0.0021370746046389085, 0.0030707314090770914, 0.0031104846511120663, 0.002032872741828015, 0.002194561058929572, 