{"n_items": 200, "weights": [9.999999999999854e-17, 9.999999999999854e-17, 9.999999999999854e-17, 9.999999999999854e-17, 9.999999999999854e-17, 9.999999999999854e-17, 9.999999999999854e-17, 9.999999999999854e-17, 9.999999999999854e-17, 9.999999999999854e-17, 9.999999999999854e-17, 9.999999999999854e-17, 9.999999999999854e-17, 9.999999999999854e-17, 9.999999999999854e-17, 9.999999999999854e-17, 9.999999999999854e-17, 9.999999999999854e-17, 9.999999999999854e-17, 9.999999999999854e-17, 9.999999999999854e-17, 9.999999999999854e-17, 9.999999999999854e-17, 9.999999999999854e-17, 9.999999999999854e-17, 9.999999999999854e-17, 9.999999999999854e-17, 9.999999999999854e-17, 9.999999999999854e-17, 9.999999999999854e-17, 9.999999999999854e-17, 9.999999999999854e-17, 9.999999999999854e-17, 9.999999999999854e-17, 9.999999999999854e-17, 9.999999999999854e-17, 9.999999999999854e-17, 9.999999999999854e-17, 9.999999999999854e-17, 9.999999999999854e-17, 9.999999999999854e-17, 9.999999999999854e-17, 9.999999999999854e-17, 9.999999999999854e-17, 9.999999999999854e-17, 9.999999999999854e-17, 9.999999999999854e-17, 9.999999999999854e-17, 9.999999999999854e-17, 9.999999999999854e-17, 9.999999999999854e-17, 9.999999999999854e-17, 9.999999999999854e-17, 9.999999999999854e-17, 9.999999999999854e-17, 9.999999999999854e-17, 9.999999999999854e-17, 9.999999999999854e-17, 9.999999999999854e-17, 9.999999999999854e-17, 9.999999999999854e-17, 9.999999999999854e-17, 9.999999999999854e-17, 9.999999999999854e-17, 9.999999999999854e-17, 9.999999999999854e-17, 9.999999999999854e-17, 9.999999999999854e-17, 9.999999999999854e-17, 9.999999999999854e-17, 9.999999999999854e-17, 9.999999999999854e-17, 9.999999999999854e-17, 9.999999999999854e-17, 9.999999999999854e-17, 9.999999999999854e-17, 9.999999999999854e-17, 9.999999999999854e-17, 9.999999999999854e-17, 9.999999999999854e-17, 9.999999999999854e-17, 9.999999999999854e-05, 9.999999999999854e-17, 9.999999999999854e-05, 9.999999999999854e-05, 0.00019999999999999708, 9.999999999999854e-05, 0.0011999999999999825, 0.0013999999999999796, 0.0009999999999999855, 0.005099999999999926, 0.00479999999999993, 0.00619999999999991, 0.008799999999999872, 0.012299999999999821, 0.014899999999999783, 0.02209999999999968, 0.02539999999999963, 0.029099999999999578, 0.03749999999999946, 0.04439999999999936, 0.045599999999999336, 0.058199999999999155, 0.05949999999999914, 0.06249999999999909, 0.06699999999999902, 0.06769999999999901, 0.06039999999999912, 0.05779999999999916, 0.05389999999999921, 0.05169999999999925, 0.0412999999999994, 0.0341999999999995, 0.030699999999999554, 0.026899999999999608, 0.018299999999999733, 0.01299999999999981, 0.010099999999999854, 0.009199999999999866, 0.00619999999999991, 0.0042999999999999376, 0.0020999999999999695, 0.001999999999999971, 0.0009999999999999855, 0.0005999999999999913, 0.00039999999999999416, 0.00019999999999999708, 9.999999999999854e-05, 0.00019999999999999708, 9.999999999999854e-17, 9.999999999999854e-17, 9.999999999999854e-17, 9.999999999999854e-17, 9.999999999999854e-05, 9.999999999999854e-17, 9.999999999999854e-17, 9.999999999999854e-17, 9.999999999999854e-17, 9.999999999999854e-17, 9.999999999999854e-17, 9.999999999999854e-17, 9.999999999999854e-17, 9.999999999999854e-17, 9.999999999999854e-17, 9.999999999999854e-17, 9.999999999999854e-17, 9.999999999999854e-17, 9.999999999999854e-17, 9.999999999999854e-17, 9.999999999999854e-17, 9.999999999999854e-17, 9.999999999999854e-17, 9.999999999999854e-17, 9.999999999999854e-17, 9.999999999999854e-17, 9.999999999999854e-17, 9.999999999999854e-17, 9.999999999999854e-17, 9.999999999999854e-17, 9.999999999999854e-17, 9.999999999999854e-17, 9.999999999999854e-17, 9.999999999999854e-17, 9.999999999999854e-17, 9.999999999999854e-17, 9.999999999999854e-17, 9.999999999999854e-17, 9.999999999999854e-17, 9.999999999999854e-17, 9.999999999999854e-17, 9.999999999999854e-17, 9.999999999999854e-17, 9.999999999999854e-17, 9.999999999999854e-17, 9.999999999999854e-17, 9.999999999999854e-17, 9.999999999999854e-17, 9.999999999999854e-17, 9.999999999999854e-17, 9.999999999999854e-17, 9.999999999999854e-17, 9.999999999999854e-17, 9.999999999999854e-17, 9.999999999999854e-17, 9.999999999999854e-17, 9.999999999999854e-17, 9.999999999999854e-17, 9.999999999999854e-17, 9.999999999999854e-17, 9.999999999999854e-17, 9.999999999999854e-17, 9.999999999999854e-17, 9.999999999999854e-17, 9.999999999999854e-17, 9.999999999999854e-17, 9.999999999999854e-17, 9.999999999999854e-17, 9.999999999999854e-17, 9.999999999999854e-17, 9.999999999999854e-17], "profits": [1.0, 1.0, 1.0, 1.0, 1.0, 1.0, 1.0, 1.0, 1.0, 1.0, 1.0, 1.0, 1.0, 1.0, 1.0, 1.0, 1.0, 1.0, 1.0, 1.0, 1.0, 1.0, 1.0, 1.0, 1.0, 1.0, 1.0, 1.0, 1.0, 1.0, 1.0, 1.0, 1.0, 1.0, 1.0, 1.0, 1.0, 1.0, 1.0, 1.0, 1.0, 1.0, 1.0, 1.0, 1.0, 1.0, 1.0, 1.0, 1.0, 1.0, 1.0, 1.0, 1.0, 1.0, 1.0, 1.0, 1.0, 1.0, 1.0, 1.0, 1.0, 1.0, 1.0, 1.0, 1.0, 1.0, 1.0, 1.0, 1.0, 1.0, 1.0, 1.0, 1.0, 1.0, 1.0, 1.0, 1.0, 1.0, 1.0, 1.0, 1.0, 1.0, 1.0, 1.0, 1.0, 1.0, 1.0, 1.0, 1.0, 1.0, 1.0, 1.0, 1.0, 1.0, 1.0, 1.0, 1.0, 1.0, 1.0, 1.0, 1.0, 1.0, 1.0, 1.0, 1.0, 1.0, 1.0, 1.0, 1.0, 1.0, 1.0, 1.0, 1.0, 1.0, 1.0, 1.0, 1.0, 1.0, 1.0, 1.0, 1.0, 1.0, 1.0, 1.0, 1.0, 1.0, 1.0, 1.0, 1.0, 1.0, 1.0, 1.0, 1.0, 1.0, 1.0, 1.0, 1.0, 1.0, 1.0, 1.0, 1.0, 1.0, 1.0, 1.0, 1.0, 1.0, 1.0, 1.0, 1.0, 1.0, 1.0, 1.0, 1.0, 1.0, 1.0, 1.0, 1.0, 1.0, 1.0, 1.0, 1.0, 1.0, 1.0, 1.0, 1.0, 1.0, 1.0, 1.0, 1.0, 1.0, 1.0, 1.0, 1.0, 1.0, 1.0, 1.0, 1.0, 1.0, 1.0, 1.0, 1.0, 1.0, 1.0, 1.0, 1.0, 1.0, 1.0, 1.0, 1.0, 1.0, 1.0, 1.0, 1.0, 1.0, 1.0, 1.0, 1.0, 1.0, 1.0, 1.0], "min_weight": 0.95, "max_distance": 3}