{"n_items": 200, "weights": [0.0033249957227891027, 0.005570578264392155, 0.006391746851668629, 0.005386357572972444, 0.0025738333865313406, 0.004691816003053354, 0.0047561590768295265, 0.004238329021333488, 0.004553681731484423, 0.0037025178862696087, 0.005768212433261455, 0.00744118550435625, 0.005309747886738521, 0.004853324062676759, 0.005268636392716258, 0.005261572631659162, 0.0063804920099209865, 0.005097714728582765, 0.006065252201508698, 0.004937600026631738, 0.005372089200830794, 0.00536498432393288, 0.0054670382399582594, 0.005769014657272423, 0.005995615788548585, 0.0065086105355421035, 0.005672957165626112, 0.0049095985721584615, 0.0049225994776999, 0.0048692646124376855, 0.0031937062990522254, 0.006703564857116853, 0.005713686605953012, 0.004698502970153145, 0.0048090965886541425, 0.005940173182450849, 0.0065310395575131725, 0.004894973612502343, 0.0055694482092883465, 0.004084177102257869, 0.007076302748741882, 0.005256320032198751, 0.0063827186234536315, 0.005891111558929137, 0.006289475177655828, 0.0048677562077852725, 0.0062633657311485565, 0.006498653437515072, 0.005173115967430783, 0.003771674194449019, 0.005233918835566238, 0.0028012185625941144, 0.005624192354032382, 0.006956227178050932, 0.0030940277084417194, 0.004364326899456592, 0.0026051323198963317, 0.004144613815285562, 0.00464765067884488, 0.0036664996317529452, 0.0023228185254001105, 0.005953628220922141, 0.005603712225559543, 0.0056938426499309825, 0.006663764463635747, 0.003465306937692337, 0.00652944885258225, 0.005430899326258514, 0.004171074662389835, 0.004458639834871152, 0.00485633717727228, 0.004123456926488326, 0.007093270526112748, 0.004877100719566706, 0.005579924263102535, 0.006827569014224048, 0.005574076128411309, 0.005474742757543018, 0.005751657029695289, 0.005359230804084884, 0.004729645607017002, 0.0064061920956158605, 0.005128586322994939, 0.005452030371593384, 0.004774416665403766, 0.0047996770223597785, 0.005277832439329496, 0.004346109619676392, 0.004768306085033831, 0.006495075157974552, 0.0035000118734668084, 0.004817961754241898, 0.0045465362854634666, 0.005042386780879683, 0.0029734622169641247, 0.005832232830071413, 0.00423186005952286, 0.003192386333118995, 0.00502449806833136, 0.005382743852726678, 0.006627147185340696, 0.005378061284944467, 0.005850343433952793, 0.005300567725789306, 0.005613886845096757, 0.0028855593805105183, 0.00487042784534215, 0.005361194950096317, 0.004899933513050067, 0.005008790979898955, 0.00419908260674131, 0.007248515544571735, 0.004277761582060517, 0.0037890408094065544, 0.004581812800900601, 0.007093637635249388, 0.0052264598913937445, 0.00457043965938134, 0.003425615981383429, 0.0022281282957696204, 0.005632352475688178, 0.004945917862161526, 0.005322232377929655, 0.0037941407916807462, 0.0048046821105943, 0.003057024289471084, 0.0021848094935427477, 0.005071328868529834, 0.003921819002599012, 0.00613977605463673, 0.006610796836844407, 0.004045015940973066, 0.004313003427253478, 0.004517982411492943, 0.0039041595344724137, 0.005561593148955198, 0.005361315879763925, 0.0034181722743090053, 0.006750797463388675, 0.006690045110364677, 0.005626889915974577, 0.0037645970686954375, 0.006081762988911761, 0.005207965159762256, 0.0037274945794164784, 0.005951094790995779, 0.004176364679813073, 0.005954255703278168, 0.008263194545012882, 0.0029805704067743296, 0.006015875845140105, 0.005446357842595332, 0.005718852229936066, 0.006624653833327876, 0.0032884915550020696, 0.006948639461691532, 0.005174435989582501, 0.002957853177826122, 0.0027931292675164644, 0.004983145205554175, 0.0049121616325753965, 0.0047965319123857075, 0.004613782661143283, 0.0043465010415011385, 0.002957896249578714, 0.004606124361203558, 0.007033918051038464, 0.0039356092082757045, 0.006005805390378165, 0.003917960760286888, 0.005033928275927604, 0.0053617764424897085, 0.0028837977974559815, 0.00669367290804808, 0.004173114401421307, 0.00560217621914792, 0.005413727776432104, 0.004215259347748388, 0.004017381637846122, 0.006218864111857295, 0.006078284938191747, 0.0052951036289602465, 0.005362823490780729, 0.005246736933430194, 0.005435129783317694, 0.005367552499832382, 0.00456317087498598, 0.0048875320786620526, 0.0055300201102625466, 0.004331790664752111, 0.006074197207122121, 0.004635018065153682, 0.004705237327555511, 0.0024409172618794733, 0.003926647389696647, 0.003103500953113994, 0.004001090986607095, 0.004354403906772093, 0.006480608197147168, 0.0035665968576106136], "profits": [1.0, 1.0, 1.0, 1.0, 1.0, 1.0, 1.0, 1.0, 1.0, 1.0, 0.1, 1.0, 1.0, 1.0, 0.1, 1.0, 1.0, 1.0, 1.0, 1.0, 1.0, 1.0, 1.0, 1.0, 1.0, 1.0, 1.0, 1.0, 1.0, 1.0, 1.0, 1.0, 1.0, 1.0, 1.0, 1.0, 1.0, 1.0, 1.0, 1.0, 1.0, 1.0, 1.0, 1.0, 1.0, 1.0, 1.0, 1.0, 1.0, 1.0, 1.0, 1.0, 1.0, 1.0, 1.0, 1.0, 1.0, 1.0, 1.0, 1.0, 1.0, 1.0, 1.0, 1.0, 1.0, 1.0, 1.0, 1.0, 1.0, 1.0, 1.0, 1.0, 1.0, 1.0, 1.0, 1.0, 1.0, 1.0, 1.0, 1.0, 1.0, 1.0, 1.0, 1.0, 1.0, 1.0, 1.0, 1.0, 1.0, 1.0, 1.0, 1.0, 1.0, 1.0, 1.0, 1.0, 1.0, 1.0, 1.0, 1.0, 1.0, 1.0, 1.0, 1.0, 1.0, 1.0, 1.0, 1.0, 1.0, 1.0, 1.0, 1.0, 1.0, 1.0, 1.0, 1.0, 1.0, 1.0, 1.0, 1.0, 1.0, 1.0, 1.0, 1.0, 1.0, 1.0, 1.0, 1.0, 1.0, 1.0, 1.0, 1.0, 1.0, 1.0, 1.0, 1.0, 1.0, 1.0, 1.0, 1.0, 1.0, 1.0, 1.0, 1.0, 1.0, 1.0, 1.0, 1.0, 1.0, 1.0, 1.0, 1.0, 1.0, 1.0, 1.0, 1.0, 1.0, 1.0, 1.0, 1.0, 1.0, 1.0, 1.0, 1.0, 1.0, 1.0, 1.0, 1.0, 1.0, 1.0, 1.0, 1.0, 1.0, 1.0, 1.0, 1.0, 1.0, 1.0, 1.0, 1.0, 1.0, 1.0, 1.0, 1.0, 1.0, 1.0, 1.0, 1.0, 1.0, 1.0, 1.0, 1.0, 1.0, 1.0, 1.0, 1.0, 1.0, 1.0, 1.0, 1.0], "min_weight": 0.95, "max_distance": 5}