{"n_items": 400, "weights": [0.00849999999999988, 0.008099999999999885, 0.008199999999999884, 0.009399999999999867, 0.009999999999999858, 0.009999999999999858, 0.009999999999999858, 0.010899999999999846, 0.011399999999999839, 0.012199999999999827, 0.010799999999999846, 0.010399999999999852, 0.010499999999999851, 0.01189999999999983, 0.00849999999999988, 0.011599999999999836, 0.011699999999999834, 0.007899999999999888, 0.011099999999999843, 0.010499999999999851, 0.00909999999999987, 0.009299999999999867, 0.012999999999999816, 0.010699999999999849, 0.00919999999999987, 0.00919999999999987, 0.009999999999999858, 0.010899999999999846, 0.009399999999999867, 0.009599999999999864, 0.010499999999999851, 0.009799999999999861, 0.008299999999999882, 0.009399999999999867, 0.007599999999999892, 0.008599999999999879, 0.0077999999999998895, 0.0069999999999999, 0.007299999999999897, 0.006099999999999914, 0.007699999999999891, 0.006199999999999912, 0.005899999999999917, 0.007099999999999899, 0.005799999999999918, 0.0056999999999999195, 0.004199999999999941, 0.004799999999999932, 0.0035999999999999487, 0.004699999999999933, 0.003999999999999943, 0.0048999999999999305, 0.0024999999999999645, 0.004199999999999941, 0.0029999999999999576, 0.003099999999999956, 0.0014999999999999788, 0.0022999999999999674, 0.002599999999999963, 0.002599999999999963, 0.002199999999999969, 0.0024999999999999645, 0.0024999999999999645, 0.0007999999999999887, 0.0014999999999999788, 0.0015999999999999773, 0.001199999999999983, 0.0019999999999999714, 0.0009999999999999857, 0.0012999999999999815, 0.0007999999999999887, 0.0008999999999999872, 0.00029999999999999575, 0.0004999999999999929, 0.0008999999999999872, 0.0008999999999999872, 0.00069999999999999, 0.00029999999999999575, 0.0005999999999999915, 0.00039999999999999433, 0.00019999999999999716, 0.0005999999999999915, 0.00019999999999999716, 0.0005999999999999915, 9.999999999999858e-05, 9.999999999999858e-17, 0.00029999999999999575, 0.00039999999999999433, 9.999999999999858e-05, 0.00029999999999999575, 0.00019999999999999716, 9.999999999999858e-17, 0.00019999999999999716, 0.00029999999999999575, 0.00019999999999999716, 0.00019999999999999716, 9.999999999999858e-17, 9.999999999999858e-05, 9.999999999999858e-17, 9.999999999999858e-05, 9.999999999999858e-05, 9.999999999999858e-05, 9.999999999999858e-17, 9.999999999999858e-17, 9.999999999999858e-17, 9.999999999999858e-17, 9.999999999999858e-17, 9.999999999999858e-17, 9.999999999999858e-17, 9.999999999999858e-17, 9.999999999999858e-17, 9.999999999999858e-17, 9.999999999999858e-17, 9.999999999999858e-17, 9.999999999999858e-17, 9.999999999999858e-17, 9.999999999999858e-17, 9.999999999999858e-17, 9.999999999999858e-17, 9.999999999999858e-17, 9.999999999999858e-17, 9.999999999999858e-17, 9.999999999999858e-17, 9.999999999999858e-17, 9.999999999999858e-17, 9.999999999999858e-17, 9.999999999999858e-17, 9.999999999999858e-17, 9.999999999999858e-17, 9.999999999999858e-17, 9.999999999999858e-17, 9.999999999999858e-17, 9.999999999999858e-05, 9.999999999999858e-17, 9.999999999999858e-17, 9.999999999999858e-17, 9.999999999999858e-17, 9.999999999999858e-17, 9.999999999999858e-17, 9.999999999999858e-17, 9.999999999999858e-17, 9.999999999999858e-17, 9.999999999999858e-17, 9.999999999999858e-17, 9.999999999999858e-17, 9.999999999999858e-17, 9.999999999999858e-17, 9.999999999999858e-17, 9.999999999999858e-05, 9.999999999999858e-05, 9.999999999999858e-05, 9.999999999999858e-17, 9.999999999999858e-17, 9.999999999999858e-05, 9.999999999999858e-05, 9.999999999999858e-05, 0.00019999999999999716, 9.999999999999858e-17, 9.999999999999858e-17, 9.999999999999858e-17, 9.999999999999858e-05, 9.999999999999858e-17, 9.999999999999858e-05, 9.999999999999858e-05, 0.00019999999999999716, 0.0004999999999999929, 0.00039999999999999433, 9.999999999999858e-05, 0.00029999999999999575, 0.00039999999999999433, 0.0004999999999999929, 0.00039999999999999433, 0.00029999999999999575, 0.0004999999999999929, 0.00069999999999999, 0.0004999999999999929, 0.00029999999999999575, 0.0007999999999999887, 0.0005999999999999915, 0.0007999999999999887, 0.00039999999999999433, 0.001199999999999983, 0.0007999999999999887, 0.0014999999999999788, 0.001199999999999983, 0.0012999999999999815, 0.0016999999999999758, 0.0014999999999999788, 0.00069999999999999, 0.001899999999999973, 0.001899999999999973, 0.0017999999999999744, 0.0022999999999999674, 0.002199999999999969, 0.00139999999999998, 0.0026999999999999615, 0.0033999999999999517, 0.0016999999999999758, 0.0035999999999999487, 0.0022999999999999674, 0.0035999999999999487, 0.0035999999999999487, 0.004299999999999939, 0.00349999999999995, 0.004099999999999942, 0.00279999999999996, 0.0050999999999999275, 0.0052999999999999246, 0.004599999999999935, 0.005399999999999923, 0.004799999999999932, 0.005399999999999923, 0.007099999999999899, 0.005399999999999923, 0.005899999999999917, 0.006299999999999911, 0.00559999999999992, 0.006499999999999908, 0.006499999999999908, 0.007599999999999892, 0.007399999999999895, 0.007899999999999888, 0.006599999999999906, 0.006599999999999906, 0.007299999999999897, 0.007499999999999894, 0.006599999999999906, 0.006399999999999909, 0.007899999999999888, 0.007899999999999888, 0.007599999999999892, 0.008899999999999873, 0.007299999999999897, 0.007899999999999888, 0.007699999999999891, 0.007299999999999897, 0.008399999999999882, 0.009399999999999867, 0.0069999999999999, 0.007899999999999888, 0.00909999999999987, 0.007599999999999892, 0.008399999999999882, 0.007399999999999895, 0.008599999999999879, 0.0056999999999999195, 0.006499999999999908, 0.006199999999999912, 0.005999999999999915, 0.006799999999999903, 0.007299999999999897, 0.006299999999999911, 0.00559999999999992, 0.0052999999999999246, 0.005199999999999926, 0.005899999999999917, 0.006299999999999911, 0.006099999999999914, 0.004799999999999932, 0.0036999999999999477, 0.0038999999999999447, 0.004699999999999933, 0.0048999999999999305, 0.004499999999999936, 0.003299999999999953, 0.00349999999999995, 0.002899999999999959, 0.0020999999999999704, 0.0026999999999999615, 0.003099999999999956, 0.002899999999999959, 0.0020999999999999704, 0.0026999999999999615, 0.0017999999999999744, 0.0024999999999999645, 0.0015999999999999773, 0.0014999999999999788, 0.0016999999999999758, 0.00139999999999998, 0.0017999999999999744, 0.0015999999999999773, 0.001199999999999983, 0.0015999999999999773, 0.0015999999999999773, 0.0014999999999999788, 0.0009999999999999857, 0.0009999999999999857, 0.0005999999999999915, 0.00069999999999999, 0.00019999999999999716, 0.00069999999999999, 9.999999999999858e-05, 0.00069999999999999, 0.00039999999999999433, 0.0004999999999999929, 0.00019999999999999716, 0.00039999999999999433, 9.999999999999858e-17, 9.999999999999858e-05, 0.00019999999999999716, 0.00029999999999999575, 0.00039999999999999433, 0.00019999999999999716, 0.00029999999999999575, 9.999999999999858e-17, 0.00019999999999999716, 9.999999999999858e-17, 0.00019999999999999716, 9.999999999999858e-05, 9.999999999999858e-05, 9.999999999999858e-17, 9.999999999999858e-05, 9.999999999999858e-17, 0.00019999999999999716, 9.999999999999858e-05, 9.999999999999858e-05, 9.999999999999858e-17, 9.999999999999858e-05, 9.999999999999858e-17, 9.999999999999858e-17, 9.999999999999858e-17, 9.999999999999858e-17, 9.999999999999858e-17, 9.999999999999858e-17, 9.999999999999858e-17, 9.999999999999858e-17, 9.999999999999858e-17, 9.999999999999858e-17, 9.999999999999858e-17, 9.999999999999858e-17, 9.999999999999858e-17, 9.999999999999858e-17, 9.999999999999858e-17, 9.999999999999858e-17, 9.999999999999858e-17, 9.999999999999858e-17, 9.999999999999858e-17, 9.999999999999858e-17, 9.999999999999858e-17, 9.999999999999858e-17, 9.999999999999858e-17, 9.999999999999858e-17, 9.999999999999858e-17, 9.999999999999858e-17, 9.999999999999858e-17, 9.999999999999858e-17, 9.999999999999858e-17, 9.999999999999858e-17, 9.999999999999858e-17, 9.999999999999858e-17, 9.999999999999858e-17, 