{"n_items": 200, "weights": [1.0014019627478406e-16, 1.0014019627478406e-16, 1.0014019627478406e-16, 1.0014019627478406e-16, 1.0014019627478406e-16, 1.0014019627478406e-16, 1.0014019627478406e-16, 1.0014019627478406e-16, 1.0014019627478406e-16, 1.0014019627478406e-16, 1.0014019627478406e-16, 1.0014019627478406e-16, 1.0014019627478406e-16, 1.0014019627478406e-16, 1.0014019627478406e-16, 1.0014019627478406e-16, 1.0014019627478406e-16, 1.0014019627478406e-16, 1.0014019627478406e-16, 1.0014019627478406e-16, 1.0014019627478406e-16, 1.0014019627478406e-16, 1.0014019627478406e-16, 1.0014019627478406e-16, 1.0014019627478406e-16, 1.0014019627478406e-16, 1.0014019627478406e-16, 1.0014019627478406e-16, 1.0014019627478406e-16, 1.0014019627478406e-16, 1.0014019627478406e-16, 1.0014019627478406e-16, 1.0014019627478406e-16, 1.0014019627478406e-16, 1.0014019627478406e-16, 1.0014019627478406e-16, 1.0014019627478406e-16, 1.0014019627478406e-16, 1.0014019627478406e-16, 1.0014019627478406e-16, 1.0014019627478406e-16, 1.0014019627478406e-16, 1.0014019627478406e-16, 1.0014019627478406e-16, 1.0014019627478406e-16, 1.0014019627478406e-16, 1.0014019627478406e-16, 1.0014019627478406e-16, 1.0014019627478406e-16, 1.0014019627478406e-16, 1.0014019627478406e-16, 1.0014019627478406e-16, 1.0014019627478406e-16, 0.00010014019627478406, 1.0014019627478406e-16, 1.0014019627478406e-16, 1.0014019627478406e-16, 0.00010014019627478406, 1.0014019627478406e-16, 1.0014019627478406e-16, 0.00010014019627478406, 0.00020028039254956813, 1.0014019627478406e-16, 0.00020028039254956813, 0.00010014019627478406, 1.0014019627478406e-16, 1.0014019627478406e-16, 0.00010014019627478406, 0.00020028039254956813, 1.0014019627478406e-16, 0.00020028039254956813, 1.0014019627478406e-16, 0.00010014019627478406, 0.00010014019627478406, 0.00010014019627478406, 0.00020028039254956813, 1.0014019627478406e-16, 0.00020028039254956813, 0.0003004205888243522, 0.00040056078509913626, 0.0003004205888243522, 0.0006008411776487044, 0.0010014019627478405, 0.00020028039254956813, 0.00040056078509913626, 0.0005007009813739203, 0.0008011215701982725, 0.0008011215701982725, 0.0010014019627478405, 0.001401962747846977, 0.0005007009813739203, 0.0006008411776487044, 0.001702383336671329, 0.0013018225515721929, 0.001401962747846977, 0.0024033647105948176, 0.0018025235329461131, 0.002203084318045249, 0.0026036451031443857, 0.0023032245143200336, 0.002002803925495681, 0.00320448628079309, 0.003104346084518306, 0.003504906869617442, 0.004105748047266146, 0.004506308832365283, 0.003304626477067874, 0.004105748047266146, 0.0038053274584417944, 0.004306028439815714, 0.005808131383937476, 0.005507710795113124, 0.006208692169036612, 0.006709393150410532, 0.006809533346685316, 0.006809533346685316, 0.00841177648708186, 0.007009813739234884, 0.0071099539355096684, 0.008011215701982724, 0.008011215701982724, 0.00911275786100535, 0.009913879431203622, 0.009713599038654054, 0.010915281393951462, 0.011315842179050599, 0.009813739234928839, 0.01081514119767668, 0.01111556178650103, 0.00961345884237927, 0.012016823552974088, 0.01181654316042452, 0.012417384338073224, 0.013118365711996711, 0.015421590226316746, 0.014019627478469769, 0.01702383336671329, 0.014620468656118473, 0.015621870618866314, 0.01432004806729412, 0.0163228519927898, 0.017123973562988073, 0.014920889244942824, 0.015922291207690665, 0.0182255157220107, 0.014119767674744552, 0.01772481474063678, 0.013719206889645416, 0.01702383336671329, 0.014119767674744552, 0.016923693170438507, 0.01652313238533937, 0.014920889244942824, 0.013619066693370633, 0.014520328459843688, 0.01432004806729412, 0.01502102944121761, 0.016723412777888937, 0.015121169637492392, 0.01532145003004196, 0.014520328459843688, 0.014620468656118473, 0.015521730422591529, 0.014219907871019337, 0.014019627478469769, 0.012317244141798439, 0.01281794512317236, 0.013018225515721928, 0.012417384338073224, 0.011415982375325383, 0.009513318646104486, 0.011415982375325383, 0.010214300020027975, 0.010715001001401894, 0.01011415982375319, 0.010314440216302758, 0.008812337272180996, 0.008311636290807077, 0.006709393150410532, 0.00911275786100535, 0.007510514720608805, 0.006008411776487044, 0.006609252954135748, 0.005808131383937476, 0.0053074304025635555, 0.005507710795113124, 0.004105748047266146, 0.004105748047266146, 0.005507710795113124, 0.004706589224914851, 0.004606449028640067, 0.004606449028640067, 0.004105748047266146, 0.004606449028640067, 0.003504906869617442, 0.003104346084518306, 0.002203084318045249, 0.002203084318045249, 0.0019026637292208972, 1.0014019627478406e-16],