{"n_items": 200, "weights": [9.999999999999888e-17, 9.999999999999888e-17, 9.999999999999888e-17, 9.999999999999888e-17, 9.999999999999888e-17, 9.999999999999888e-17, 9.999999999999888e-17, 9.999999999999888e-17, 9.999999999999888e-17, 9.999999999999888e-17, 9.999999999999888e-17, 9.999999999999888e-17, 9.999999999999888e-17, 9.999999999999888e-17, 9.999999999999888e-17, 9.999999999999888e-17, 9.999999999999888e-17, 9.999999999999888e-17, 9.999999999999888e-17, 9.999999999999888e-17, 9.999999999999887e-05, 9.999999999999888e-17, 9.999999999999888e-17, 9.999999999999888e-17, 0.0002999999999999966, 0.0002999999999999966, 0.0010999999999999875, 0.0009999999999999887, 0.0015999999999999819, 0.0020999999999999765, 0.002299999999999974, 0.003899999999999956, 0.004499999999999949, 0.00809999999999991, 0.010299999999999884, 0.0087999999999999, 0.013699999999999846, 0.017999999999999797, 0.02309999999999974, 0.023599999999999732, 0.026299999999999702, 0.02749999999999969, 0.032099999999999636, 0.03349999999999962, 0.03379999999999962, 0.032299999999999635, 0.030799999999999654, 0.026299999999999702, 0.025499999999999714, 0.02219999999999975, 0.019399999999999782, 0.016299999999999815, 0.011199999999999873, 0.01149999999999987, 0.009099999999999898, 0.006599999999999925, 0.00439999999999995, 0.002399999999999973, 0.0018999999999999785, 0.0014999999999999831, 0.0002999999999999966, 0.0008999999999999899, 0.0004999999999999944, 0.0002999999999999966, 9.999999999999887e-05, 0.00019999999999999773, 0.00019999999999999773, 9.999999999999888e-17, 9.999999999999887e-05, 9.999999999999888e-17, 9.999999999999888e-17, 9.999999999999888e-17, 9.999999999999888e-17, 9.999999999999888e-17, 9.999999999999888e-17, 9.999999999999888e-17, 9.999999999999888e-17, 9.999999999999888e-17, 9.999999999999888e-17, 9.999999999999888e-17, 9.999999999999888e-17, 9.999999999999888e-17, 9.999999999999888e-17, 9.999999999999888e-17, 9.999999999999888e-17, 9.999999999999888e-17, 9.999999999999888e-17, 9.999999999999888e-17, 9.999999999999888e-17, 9.999999999999888e-17, 9.999999999999888e-17, 9.999999999999888e-17, 9.999999999999888e-17, 9.999999999999888e-17, 9.999999999999888e-17, 9.999999999999888e-17, 9.999999999999888e-17, 9.999999999999888e-17, 9.999999999999888e-17, 9.999999999999888e-17, 9.999999999999888e-17, 9.999999999999888e-17, 9.999999999999888e-17, 9.999999999999888e-17, 9.999999999999888e-17, 9.999999999999888e-17, 9.999999999999888e-17, 9.999999999999888e-17, 9.999999999999888e-17, 9.999999999999888e-17, 9.999999999999888e-17, 9.999999999999888e-17, 9.999999999999888e-17, 9.999999999999888e-17, 9.999999999999888e-17, 9.999999999999888e-17, 9.999999999999888e-17, 9.999999999999888e-17, 9.999999999999888e-17, 9.999999999999888e-17, 9.999999999999888e-17, 9.999999999999888e-17, 9.999999999999888e-17, 9.999999999999888e-17, 9.999999999999888e-17, 9.999999999999888e-17, 9.999999999999888e-17, 9.999999999999888e-17, 9.999999999999888e-17, 9.999999999999888e-17, 9.999999999999888e-17, 9.999999999999888e-17, 9.999999999999888e-17, 9.999999999999888e-17, 9.999999999999888e-17, 9.999999999999887e-05, 0.00019999999999999773, 0.00019999999999999773, 0.00039999999999999547, 0.00019999999999999773, 0.00039999999999999547, 0.0011999999999999865, 0.0016999999999999808, 0.002599999999999971, 0.0026999999999999694, 0.005699999999999936, 0.005699999999999936, 0.008999999999999899, 0.010499999999999881, 0.012899999999999854, 0.01599999999999982, 0.019399999999999782, 0.021999999999999752, 0.027799999999999686, 0.030099999999999662, 0.030399999999999656, 0.030299999999999657, 0.030799999999999654, 0.03329999999999962, 0.032099999999999636, 0.027199999999999693, 0.028599999999999678, 0.022399999999999747, 0.018099999999999797, 0.01609999999999982, 0.014799999999999832, 0.011799999999999866, 0.009799999999999889, 0.007499999999999916, 0.00529999999999994, 0.004299999999999951, 0.0028999999999999673, 0.0019999999999999775, 0.0008999999999999899, 0.0009999999999999887, 0.0005999999999999932, 0.0006999999999999921, 0.00019999999999999773, 9.999999999999888e-17, 9.999999999999887e-05, 9.999999999999888e-17, 9.999999999999888e-17, 9.999999999999888e-17, 9.999999999999888e-17, 9.999999999999888e-17, 9.999999999999888e-17, 9.999999999999888e-17, 9.999999999999888e-17, 9.999999999999888e-17, 9.999999999999888e-17, 9.999999999999888e-17, 9.999999999999888e-17, 9.999999999999888e-17, 9.999999999999888e-17, 9.999999999999888e-17, 9.999999999999888e-17, 9.999999999999888e-17, 9.999999999999888e-17, 9.999999999999888e-17, 9.999999999999888e-17],