{"n_items": 200, "weights": [9.999999999999885e-17, 9.999999999999885e-17, 9.999999999999885e-17, 9.999999999999885e-17, 9.999999999999885e-17, 9.999999999999885e-17, 9.999999999999885e-17, 9.999999999999885e-17, 9.999999999999885e-17, 9.999999999999885e-17, 9.999999999999885e-17, 9.999999999999885e-17, 9.999999999999885e-17, 9.999999999999885e-17, 9.999999999999885e-17, 9.999999999999885e-17, 9.999999999999885e-17, 9.999999999999885e-17, 9.999999999999885e-17, 9.999999999999885e-17, 9.999999999999885e-17, 9.999999999999885e-17, 9.999999999999885e-17, 9.999999999999885e-17, 9.999999999999885e-17, 9.999999999999885e-17, 9.999999999999885e-17, 9.999999999999885e-17, 9.999999999999885e-17, 9.999999999999885e-17, 9.999999999999885e-17, 9.999999999999885e-17, 9.999999999999885e-17, 9.999999999999885e-17, 9.999999999999885e-17, 9.999999999999885e-17, 9.999999999999885e-17, 9.999999999999885e-17, 9.999999999999885e-17, 9.999999999999885e-17, 9.999999999999885e-17, 9.999999999999885e-17, 9.999999999999885e-17, 9.999999999999885e-05, 9.999999999999885e-17, 9.999999999999885e-17, 9.999999999999885e-05, 0.00029999999999999656, 0.0001999999999999977, 0.0004999999999999943, 0.001399999999999984, 0.0012999999999999852, 0.002799999999999968, 0.0022999999999999735, 0.0034999999999999597, 0.0044999999999999485, 0.006899999999999921, 0.009399999999999893, 0.010999999999999874, 0.014499999999999834, 0.017799999999999795, 0.019599999999999774, 0.024799999999999715, 0.025899999999999705, 0.02959999999999966, 0.026799999999999692, 0.03329999999999962, 0.02959999999999966, 0.03349999999999961, 0.029899999999999656, 0.02699999999999969, 0.025399999999999708, 0.028099999999999677, 0.0175999999999998, 0.016299999999999815, 0.011799999999999864, 0.012399999999999857, 0.009899999999999886, 0.007599999999999913, 0.0042999999999999506, 0.0034999999999999597, 0.0017999999999999794, 0.0015999999999999816, 0.0008999999999999897, 0.0007999999999999908, 0.0003999999999999954, 0.0003999999999999954, 0.00029999999999999656, 9.999999999999885e-17, 0.0001999999999999977, 9.999999999999885e-05, 9.999999999999885e-17, 9.999999999999885e-17, 9.999999999999885e-17, 9.999999999999885e-17, 9.999999999999885e-17, 9.999999999999885e-17, 9.999999999999885e-17, 9.999999999999885e-17, 9.999999999999885e-17, 9.999999999999885e-17, 9.999999999999885e-17, 9.999999999999885e-17, 9.999999999999885e-17, 9.999999999999885e-17, 9.999999999999885e-17, 9.999999999999885e-05, 9.999999999999885e-17, 9.999999999999885e-05, 9.999999999999885e-05, 0.0001999999999999977, 0.0001999999999999977, 0.0007999999999999908, 0.0010999999999999875, 0.0015999999999999816, 0.0022999999999999735, 0.0035999999999999587, 0.0036999999999999577, 0.005699999999999934, 0.008499999999999902, 0.008299999999999905, 0.011399999999999869, 0.016199999999999815, 0.021299999999999757, 0.021499999999999752, 0.022499999999999742, 0.028399999999999676, 0.02869999999999967, 0.03199999999999963, 0.029899999999999656, 0.032499999999999626, 0.027799999999999683, 0.028399999999999676, 0.027899999999999682, 0.023699999999999728, 0.025499999999999707, 0.01909999999999978, 0.015899999999999817, 0.013699999999999843, 0.010799999999999876, 0.008199999999999905, 0.00609999999999993, 0.0044999999999999485, 0.002099999999999976, 0.0012999999999999852, 0.0012999999999999852, 0.0008999999999999897, 0.000699999999999992, 0.0007999999999999908, 0.0005999999999999931, 9.999999999999885e-17, 9.999999999999885e-17, 9.999999999999885e-17, 9.999999999999885e-17, 9.999999999999885e-17, 9.999999999999885e-17, 9.999999999999885e-17, 9.999999999999885e-17, 9.999999999999885e-17, 9.999999999999885e-17, 9.999999999999885e-17, 9.999999999999885e-17, 9.999999999999885e-17, 9.999999999999885e-17, 9.999999999999885e-17, 9.999999999999885e-17, 9.999999999999885e-17, 9.999999999999885e-17, 9.999999999999885e-17, 9.999999999999885e-17, 9.999999999999885e-17, 9.999999999999885e-17, 9.999999999999885e-17, 9.999999999999885e-17, 9.999999999999885e-17, 9.999999999999885e-17, 9.999999999999885e-17, 9.999999999999885e-17, 9.999999999999885e-17, 9.999999999999885e-17, 9.999999999999885e-17, 9.999999999999885e-17, 9.999999999999885e-17, 9.999999999999885e-17, 9.999999999999885e-17, 9.999999999999885e-17, 9.999999999999885e-17, 9.999999999999885e-17, 9.999999999999885e-17, 9.999999999999885e-17, 9.999999999999885e-17, 9.999999999999885e-17, 9.999999999999885e-17, 9.999999999999885e-17, 9.999999999999885e-17, 9.999999999999885e-17, 9.999999999999885e-17, 9.999999999999885e-17, 9.999999999999885e-17, 9.999999999999885e-17],