{"n_items": 200, "weights": [9.999999999999889e-17, 9.999999999999889e-17, 9.999999999999889e-17, 9.999999999999889e-17, 9.999999999999889e-17, 9.999999999999889e-17, 9.999999999999889e-17, 9.999999999999889e-17, 9.999999999999889e-17, 9.999999999999889e-17, 9.999999999999889e-17, 9.999999999999889e-17, 9.999999999999889e-17, 9.999999999999889e-17, 9.999999999999889e-17, 9.999999999999889e-17, 9.999999999999889e-17, 9.999999999999889e-17, 9.999999999999889e-17, 9.999999999999889e-17, 9.999999999999889e-17, 9.999999999999889e-17, 9.999999999999889e-17, 9.999999999999889e-17, 9.999999999999889e-17, 9.999999999999889e-17, 9.999999999999889e-17, 9.999999999999889e-17, 9.999999999999889e-17, 9.999999999999889e-17, 9.999999999999889e-17, 9.999999999999889e-17, 9.999999999999889e-17, 9.999999999999889e-17, 9.999999999999889e-17, 9.999999999999889e-17, 9.999999999999889e-17, 9.999999999999889e-17, 9.999999999999889e-17, 9.999999999999889e-17, 9.999999999999889e-17, 9.999999999999889e-17, 9.999999999999889e-17, 9.999999999999889e-17, 9.999999999999889e-17, 9.999999999999889e-17, 9.999999999999889e-17, 9.999999999999889e-17, 9.999999999999889e-17, 9.999999999999889e-17, 9.999999999999889e-17, 9.999999999999889e-17, 9.999999999999889e-17, 9.999999999999889e-17, 9.999999999999889e-17, 9.999999999999889e-17, 9.999999999999889e-17, 9.999999999999889e-17, 9.999999999999889e-17, 9.999999999999889e-17, 9.999999999999889e-17, 9.999999999999889e-17, 9.999999999999889e-17, 9.999999999999889e-17, 9.999999999999889e-17, 9.999999999999889e-17, 9.999999999999889e-17, 9.999999999999889e-17, 9.999999999999889e-17, 9.999999999999889e-17, 9.999999999999889e-17, 9.999999999999889e-17, 9.999999999999889e-17, 9.999999999999889e-17, 9.999999999999889e-17, 9.999999999999889e-17, 9.999999999999889e-17, 9.999999999999889e-17, 9.999999999999889e-17, 9.999999999999889e-17, 9.999999999999889e-17, 9.999999999999889e-17, 9.999999999999889e-17, 9.999999999999889e-17, 9.999999999999889e-17, 9.999999999999889e-17, 9.999999999999889e-17, 9.999999999999889e-17, 9.999999999999889e-17, 9.999999999999889e-17, 9.999999999999889e-17, 0.0001999999999999978, 9.999999999999889e-17, 0.0001999999999999978, 9.99999999999989e-05, 0.0001999999999999978, 0.0001999999999999978, 9.99999999999989e-05, 0.0003999999999999956, 0.0004999999999999945, 0.0001999999999999978, 0.0004999999999999945, 0.0010999999999999877, 0.00029999999999999667, 0.00089999999999999, 0.0013999999999999844, 0.0011999999999999867, 0.001899999999999979, 0.0032999999999999636, 0.0030999999999999656, 0.003899999999999957, 0.004599999999999949, 0.0053999999999999404, 0.0055999999999999375, 0.006099999999999933, 0.007999999999999912, 0.008599999999999905, 0.009599999999999893, 0.011099999999999877, 0.014099999999999844, 0.015399999999999829, 0.01619999999999982, 0.015299999999999831, 0.017799999999999802, 0.02079999999999977, 0.021499999999999762, 0.021399999999999763, 0.02629999999999971, 0.025799999999999712, 0.023999999999999733, 0.02879999999999968, 0.030299999999999664, 0.030399999999999663, 0.031099999999999656, 0.03249999999999964, 0.031199999999999655, 0.031199999999999655, 0.031899999999999644, 0.029999999999999666, 0.03309999999999963, 0.032599999999999636, 0.032599999999999636, 0.029499999999999672, 0.026499999999999704, 0.02329999999999974, 0.025599999999999717, 0.022899999999999747, 0.018899999999999792, 0.021499999999999762, 0.018499999999999794, 0.016699999999999816, 0.016699999999999816, 0.014799999999999836, 0.012299999999999863, 0.00979999999999989, 0.010199999999999886, 0.008899999999999901, 0.007699999999999914, 0.006499999999999928, 0.006699999999999926, 0.005799999999999935, 0.004299999999999952, 0.00359999999999996, 0.0031999999999999646, 0.0024999999999999723, 0.0031999999999999646, 0.0013999999999999844, 0.0010999999999999877, 0.0011999999999999867, 0.0007999999999999911, 0.0005999999999999933, 9.99999999999989e-05, 0.0004999999999999945, 0.0005999999999999933, 0.0001999999999999978, 9.999999999999889e-17, 9.99999999999989e-05, 9.99999999999989e-05, 0.00029999999999999667, 9.99999999999989e-05, 9.999999999999889e-17, 0.0001999999999999978, 9.999999999999889e-17, 9.999999999999889e-17, 9.99999999999989e-05, 9.999999999999889e-17, 9.999999999999889e-17, 9.999999999999889e-17, 9.999999999999889e-17, 9.999999999999889e-17, 9.999999999999889e-17, 9.999999999999889e-17, 9.999999999999889e-17, 9.999999999999889e-17, 9.999999999999889e-17, 9.999999999999889e-17, 9.999999999999889e-17, 9.999999999999889e-17, 9.999999999999889e-17, 9.999999999999889e-17], "profits": [1.0, 1.0, 1.0, 1.0, 1.0, 1.0, 1.0, 1.0, 1.0, 1.0, 1.0, 1.0, 1.0, 1.0, 1.0, 1.0, 1.0, 1.0, 1.0, 1.0, 1.0, 1.0, 1.0, 1.0, 1.0, 1.0, 1.0, 1.0, 1.0, 1.0, 1.0, 1.0, 1.0, 1.0, 1.0, 1.0, 1.0, 1.0, 1.0, 1.0, 1.0, 1.0, 1.0, 1.0, 1.0, 1.0, 1.0, 1.0, 1.0, 1.0, 1.0, 1.0, 1.0, 1.0, 1.0, 1.0, 1.0, 1.0, 1.0, 1.0, 1.0, 1.0, 1.0, 1.0, 1.0, 1.0, 1.0, 1.0, 1.0, 1.0, 1.0, 1.0, 1.0, 1.0, 1.0, 1.0, 1.0, 1.0, 1.0, 1.0, 1.0, 1.0, 1.0, 1.0, 1.0, 1.0, 1.0, 1.0, 1.0, 1.0, 1.0, 1.0, 1.0, 1.0, 1.0, 1.0, 1.0, 1.0, 1.0, 1.0, 1.0, 1.0, 1.0, 1.0, 1.0, 1.0, 1.0, 1.0, 1.0, 1.0, 1.0, 1.0, 1.0, 1.0, 1.0, 1.0, 1.0, 1.0, 1.0, 1.0, 1.0, 1.0, 1.0, 1.0, 1.0, 1.0, 1.0, 1.0, 1.0, 1.0, 1.0, 1.0, 1.0, 1.0, 1.0, 1.0, 1.0, 1.0, 1.0, 1.0, 1.0, 1.0, 1.0, 1.0, 1.0, 1.0, 1.0, 1.0, 1.0, 1.0, 1.0, 1.0, 1.0, 1.0, 1.0, 1.0, 1.0, 1.0, 1.0, 1.0, 1.0, 1.0, 1.0, 1.0, 1.0, 1.0, 1.0, 1.0, 1.0, 1.0, 1.0, 1.0, 1.0, 1.0, 1.0, 1.0, 1.0, 1.0, 1.0, 1.0, 1.0, 1.0, 1.0, 1.0, 1.0, 1.0, 1.0, 1.0, 1.0, 1.0, 1.0, 1.0, 1.0, 1.0, 1.0, 1.0, 1.0, 1.0, 1.0, 1.0], "min_weight": 0.95, "max_distance": 2}