{"n_items": 200, "weights": [1.0062386798148458e-16, 1.0062386798148458e-16, 1.0062386798148458e-16, 1.0062386798148458e-16, 1.0062386798148458e-16, 1.0062386798148458e-16, 1.0062386798148458e-16, 1.0062386798148458e-16, 1.0062386798148458e-16, 1.0062386798148458e-16, 1.0062386798148458e-16, 1.0062386798148458e-16, 1.0062386798148458e-16, 1.0062386798148458e-16, 1.0062386798148458e-16, 1.0062386798148458e-16, 1.0062386798148458e-16, 1.0062386798148458e-16, 1.0062386798148458e-16, 1.0062386798148458e-16, 1.0062386798148458e-16, 1.0062386798148458e-16, 1.0062386798148458e-16, 1.0062386798148458e-16, 1.0062386798148458e-16, 1.0062386798148458e-16, 1.0062386798148458e-16, 1.0062386798148458e-16, 1.0062386798148458e-16, 1.0062386798148458e-16, 1.0062386798148458e-16, 1.0062386798148458e-16, 1.0062386798148458e-16, 1.0062386798148458e-16, 1.0062386798148458e-16, 1.0062386798148458e-16, 1.0062386798148458e-16, 1.0062386798148458e-16, 1.0062386798148458e-16, 1.0062386798148458e-16, 1.0062386798148458e-16, 1.0062386798148458e-16, 1.0062386798148458e-16, 1.0062386798148458e-16, 1.0062386798148458e-16, 1.0062386798148458e-16, 1.0062386798148458e-16, 1.0062386798148458e-16, 1.0062386798148458e-16, 1.0062386798148458e-16, 1.0062386798148458e-16, 1.0062386798148458e-16, 1.0062386798148458e-16, 1.0062386798148458e-16, 1.0062386798148458e-16, 1.0062386798148458e-16, 0.00010062386798148458, 1.0062386798148458e-16, 1.0062386798148458e-16, 0.00010062386798148458, 0.00030187160394445374, 0.0004024954719259383, 0.00020124773596296916, 0.0004024954719259383, 0.0007043670758703921, 0.000503119339907423, 0.001006238679814846, 0.0007043670758703921, 0.0007043670758703921, 0.0011068625477963303, 0.0013081102837592996, 0.0016099818877037533, 0.002113101227611176, 0.0025155966995371146, 0.0029180921714630527, 0.003622459247333445, 0.003119339907426022, 0.0052324411350371984, 0.004226202455222352, 0.00593680821090759, 0.006540551418796498, 0.008150533306500252, 0.00835178104246322, 0.009861139062185489, 0.0066411752867779825, 0.009760515194204004, 0.009156771986315097, 0.010263634534111428, 0.012980478969611511, 0.012980478969611511, 0.01318172670557448, 0.014087341517407842, 0.012980478969611511, 0.014590460857315265, 0.01448983698933378, 0.01861541557657465, 0.017106057556852378, 0.01650231434896347, 0.016804185952907925, 0.01559669953713011, 0.016401690480981987, 0.012879855101630026, 0.014892332461259717, 0.01469108472529675, 0.013282350573555965, 0.01338297444153745, 0.011772992553833695, 0.012577983497685572, 0.013483598309518934, 0.009861139062185489, 0.009861139062185489, 0.008653652646407673, 0.007446166230629859, 0.007043670758703921, 0.006540551418796498, 0.005735560474944621, 0.0049305695310927445, 0.004528074059166806, 0.0049305695310927445, 0.0032199637754075066, 0.0033205876433889912, 0.002716844435500084, 0.0026162205675185992, 0.0018112296236667226, 0.001911853491648207, 0.0014087341517407842, 0.0011068625477963303, 0.0009056148118333613, 0.0009056148118333613, 0.0006037432078889075, 0.00030187160394445374, 0.00030187160394445374, 0.00030187160394445374, 0.00020124773596296916, 0.00010062386798148458, 0.00020124773596296916, 1.0062386798148458e-16, 0.00020124773596296916, 0.00010062386798148458, 0.00020124773596296916, 0.00030187160394445374, 0.00020124773596296916, 1.0062386798148458e-16, 0.00010062386798148458, 0.00030187160394445374, 0.00030187160394445374, 0.00020124773596296916, 0.00010062386798148458, 0.000503119339907423, 0.0007043670758703921, 0.00030187160394445374, 0.0007043670758703921, 0.0013081102837592996, 0.0008049909438518766, 0.0014087341517407842, 0.001911853491648207, 0.0016099818877037533, 0.001710605755685238, 0.0032199637754075066, 0.0026162205675185992, 0.003823706983296414, 0.005735560474944621, 0.00593680821090759, 0.006138055946870559, 0.006540551418796498, 0.006943046890722436, 0.007949285570537283, 0.010163010666129943, 0.010565506138055882, 0.008854900382370643, 0.010163010666129943, 0.011068625477963305, 0.012779231233648542, 0.012477359629704088, 0.015093580197222687, 0.017609176896759803, 0.015194204065204171, 0.01690480982088941, 0.014389213121352296, 0.01650231434896347, 0.018313543972630193, 0.015093580197222687, 0.016200442745019018, 0.016401690480981987, 0.016804185952907925, 0.01801167236868574, 0.016200442745019018, 0.014992956329241202, 0.015194204065204171, 0.014590460857315265, 0.014992956329241202, 0.013886093781444873, 0.01167236868585221, 0.013986717649426357, 0.011974240289796665, 0.008553028778426189, 0.010263634534111428, 0.009257395854296581, 0.007647413966592828, 1.0062386798148458e-16],