{"n_items": 200, "weights": [0.00370222133279962, 0.0066039623774263485, 0.014208525115068812, 0.021012607564538384, 0.031719031418850796, 0.04632779667800605, 0.05573344006403752, 0.06724034420652282, 0.06383830298178804, 0.05773464078446975, 0.043426055633379326, 0.03642185311186653, 0.025115069041424447, 0.01340804482689592, 0.006904142485491183, 0.004102461476886065, 0.002301380828497061, 0.00040024014408644536, 0.00010006003602161134, 1.0006003602161134e-16, 1.0006003602161134e-16, 1.0006003602161134e-16, 1.0006003602161134e-16, 1.0006003602161134e-16, 1.0006003602161134e-16, 1.0006003602161134e-16, 1.0006003602161134e-16, 1.0006003602161134e-16, 1.0006003602161134e-16, 1.0006003602161134e-16, 1.0006003602161134e-16, 1.0006003602161134e-16, 1.0006003602161134e-16, 1.0006003602161134e-16, 1.0006003602161134e-16, 1.0006003602161134e-16, 1.0006003602161134e-16, 1.0006003602161134e-16, 1.0006003602161134e-16, 1.0006003602161134e-16, 1.0006003602161134e-16, 1.0006003602161134e-16, 1.0006003602161134e-16, 1.0006003602161134e-16, 1.0006003602161134e-16, 1.0006003602161134e-16, 1.0006003602161134e-16, 1.0006003602161134e-16, 1.0006003602161134e-16, 1.0006003602161134e-16, 1.0006003602161134e-16, 1.0006003602161134e-16, 1.0006003602161134e-16, 1.0006003602161134e-16, 1.0006003602161134e-16, 1.0006003602161134e-16, 1.0006003602161134e-16, 1.0006003602161134e-16, 1.0006003602161134e-16, 1.0006003602161134e-16, 1.0006003602161134e-16, 1.0006003602161134e-16, 1.0006003602161134e-16, 1.0006003602161134e-16, 1.0006003602161134e-16, 1.0006003602161134e-16, 1.0006003602161134e-16, 1.0006003602161134e-16, 1.0006003602161134e-16, 1.0006003602161134e-16, 1.0006003602161134e-16, 1.0006003602161134e-16, 1.0006003602161134e-16, 1.0006003602161134e-16, 1.0006003602161134e-16, 1.0006003602161134e-16, 1.0006003602161134e-16, 1.0006003602161134e-16, 1.0006003602161134e-16, 1.0006003602161134e-16, 1.0006003602161134e-16, 1.0006003602161134e-16, 1.0006003602161134e-16, 1.0006003602161134e-16, 1.0006003602161134e-16, 1.0006003602161134e-16, 1.0006003602161134e-16, 1.0006003602161134e-16, 1.0006003602161134e-16, 1.0006003602161134e-16, 1.0006003602161134e-16, 1.0006003602161134e-16, 1.0006003602161134e-16, 1.0006003602161134e-16, 1.0006003602161134e-16, 1.0006003602161134e-16, 1.0006003602161134e-16, 1.0006003602161134e-16, 1.0006003602161134e-16, 1.0006003602161134e-16, 1.0006003602161134e-16, 1.0006003602161134e-16, 1.0006003602161134e-16, 1.0006003602161134e-16, 1.0006003602161134e-16, 1.0006003602161134e-16, 1.0006003602161134e-16, 1.0006003602161134e-16, 1.0006003602161134e-16, 1.0006003602161134e-16, 1.0006003602161134e-16, 1.0006003602161134e-16, 1.0006003602161134e-16, 1.0006003602161134e-16, 1.0006003602161134e-16, 1.0006003602161134e-16, 1.0006003602161134e-16, 1.0006003602161134e-16, 1.0006003602161134e-16, 1.0006003602161134e-16, 1.0006003602161134e-16, 1.0006003602161134e-16, 1.0006003602161134e-16, 1.0006003602161134e-16, 1.0006003602161134e-16, 1.0006003602161134e-16, 1.0006003602161134e-16, 1.0006003602161134e-16, 1.0006003602161134e-16, 1.0006003602161134e-16, 1.0006003602161134e-16, 1.0006003602161134e-16, 1.0006003602161134e-16, 1.0006003602161134e-16, 1.0006003602161134e-16, 1.0006003602161134e-16, 1.0006003602161134e-16, 1.0006003602161134e-16, 1.0006003602161134e-16, 1.0006003602161134e-16, 1.0006003602161134e-16, 1.0006003602161134e-16, 1.0006003602161134e-16, 1.0006003602161134e-16, 1.0006003602161134e-16, 1.0006003602161134e-16, 1.0006003602161134e-16, 1.0006003602161134e-16, 1.0006003602161134e-16, 1.0006003602161134e-16, 1.0006003602161134e-16, 1.0006003602161134e-16, 1.0006003602161134e-16, 1.0006003602161134e-16, 1.0006003602161134e-16, 1.0006003602161134e-16, 1.0006003602161134e-16, 1.0006003602161134e-16, 1.0006003602161134e-16, 1.0006003602161134e-16, 1.0006003602161134e-16, 1.0006003602161134e-16, 1.0006003602161134e-16, 1.0006003602161134e-16, 1.0006003602161134e-16, 1.0006003602161134e-16, 1.0006003602161134e-16, 1.0006003602161134e-16, 1.0006003602161134e-16, 1.0006003602161134e-16, 1.0006003602161134e-16, 1.0006003602161134e-16, 1.0006003602161134e-16, 1.0006003602161134e-16, 1.0006003602161134e-16, 1.0006003602161134e-16, 1.0006003602161134e-16, 1.0006003602161134e-16, 0.00020012007204322268, 0.00020012007204322268, 0.0005003001801080567, 0.0013007804682809475, 0.0039023414048428426, 0.008805283169901798, 0.014908945367220091, 0.02601560936561895, 0.03662197318390975, 0.04522713628176833, 0.058335001000599414, 0.06323794276565838, 0.06333800280167998, 0.05543325995597269, 0.04622773664198444, 0.031018611166699517, 0.022513508104862554, 0.010506303782269192, 0.006503902341404738, 0.00370222133279962, 0.0012007204322593361, 1.0006003602161134e-16], "profits": [1.0, 1.0, 1.0, 1.0, 1.0, 1.0, 1.0, 1.0, 1.0, 1.0, 1.0, 1.0, 1.0, 1.0, 1.0, 1.0, 1.0, 1.0, 1.0, 1.0, 1.0, 1.0, 1.0, 1.0, 1.0, 1.0, 1.0, 1.0, 1.0, 1.0, 1.0, 1.0, 1.0, 1.0, 1.0, 1.0, 1.0, 1.0, 1.0, 1.0, 1.0, 1.0, 1.0, 1.0, 1.0, 1.0, 1.0, 1.0, 1.0, 1.0, 1.0, 1.0, 1.0, 1.0, 1.0, 1.0, 1.0, 1.0, 1.0, 1.0, 1.0, 1.0, 1.0, 1.0, 1.0, 1.0, 1.0, 1.0, 1.0, 1.0, 1.0, 1.0, 1.0, 1.0, 1.0, 1.0, 1.0, 1.0, 1.0, 1.0, 1.0, 1.0, 1.0, 1.0, 1.0, 1.0, 1.0, 1.0, 1.0, 1.0, 1.0, 1.0, 1.0, 1.0, 1.0, 1.0, 1.0, 1.0, 1.0, 1.0, 1.0, 1.0, 1.0, 1.0, 1.0, 1.0, 1.0, 1.0, 1.0, 1.0, 1.0, 1.0, 1.0, 1.0, 1.0, 1.0, 1.0, 1.0, 1.0, 1.0, 1.0, 1.0, 1.0, 1.0, 1.0, 1.0, 1.0, 1.0, 1.0, 1.0, 1.0, 1.0, 1.0, 1.0, 1.0, 1.0, 1.0, 1.0, 1.0, 1.0, 1.0, 1.0, 1.0, 1.0, 1.0, 1.0, 1.0, 1.0, 1.0, 1.0, 1.0, 1.0, 1.0, 1.0, 1.0, 1.0, 1.0, 1.0, 1.0, 1.0, 1.0, 1.0, 1.0, 1.0, 1.0, 1.0, 1.0, 1.0, 1.0, 1.0, 1.0, 1.0, 1.0, 1.0, 1.0, 1.0, 1.0, 1.0, 1.0, 1.0, 1.0, 1.0, 1.0, 1.0, 1.0, 1.0, 1.0, 1.0, 1.0, 1.0, 1.0, 1.0, 1.0, 1.0, 1.0, 1.0, 1.0, 1.0, 1.0, 1.0], "min_weight": 0.95, "max_distance": 2}