{"n_items": 600, "weights": [0.00218640842900088, 0.001665261869156999, 0.0007702902914798997, 0.0022789130582222036, 0.0017367051956503662, 0.0014690106177709192, 0.0015817818977257583, 0.0010341512843792184, 0.0013821155037107373, 0.0015762785969482295, 0.0026146569196826516, 0.0025695247418115815, 0.0018020280815161651, 0.0013748717512100386, 0.001508784875864758, 0.0006979838869962383, 0.0012744373242594082, 0.001460740569605638, 0.001068478986466404, 0.0018698262378612541, 0.0015837242731416231, 0.0013110631059408272, 0.0022494417240960566, 0.0022414759805481493, 0.001248403716535423, 0.0009869078703461198, 0.000891290721069873, 0.0014947460787233537, 0.0016246242639143026, 0.0016850968573259865, 0.0024683512319246146, 0.0013113077139709568, 0.0020611275531356972, 0.0011571213096581196, 0.0013875099515885145, 0.0010089150406280144, 0.0008612742848742703, 0.001941522632939072, 0.0015780865486118645, 0.002101279984805377, 0.0016473705720171218, 0.0017896294748067545, 0.0011089348047466374, 0.0018701560954644475, 0.002263215879003275, 0.0018096623008660633, 0.0014008973575373354, 0.0021411087166099863, 0.0017371033733247462, 0.0019566654420010753, 0.0021945213189235382, 0.0017402806266455528, 0.0020778887438352043, 0.0016738481469874555, 0.0020328710754666675, 0.0011818042915553797, 0.0012011563432304953, 0.0016264449383887752, 0.0019713350607572363, 0.0018723367311886544, 0.002047100658856118, 0.0015716757066312737, 0.0014526793050194877, 0.002546693233785666, 0.0018775901732809627, 0.0013493223915331553, 0.002154324770730711, 0.0024062309557555815, 0.0017978187292574859, 0.0009498523483752949, 0.0016283306229018873, 0.001632393276059961, 0.0018114862302971058, 0.0006065150636572037, 0.0019176524216243107, 0.0018379990955478885, 0.0018762234843524956, 0.0017396115167677808, 0.0011688353773990148, 0.0012568049072643665, 0.0013462290383964828, 0.0019504527348751426, 0.0018812678186490618, 0.0020607085717318937, 0.002154427165654127, 0.0018808194287861792, 0.0015440353103592776, 0.0013173974554429389, 0.0015051602730837173, 0.0017440858719972323, 0.0013934144147095425, 0.001498445674662733, 0.0011629543349663558, 0.0017576392220777554, 0.0010918434718089518, 0.0016071654691336681, 0.002405247760290913, 0.001600905115801841, 0.002346010036252976, 0.0017373472028699283, 0.0013518664397511638, 0.0016897814941687038, 0.0027108360137124412, 0.00016467832095675355, 0.0010301553079257132, 0.0014863306478405368, 0.0007761492075091641, 0.001196486878287942, 0.0018720230006654792, 0.0011435115063880993, 0.0015769506622799344, 0.0009703951261142916, 0.002600756301642381, 0.00124372284147708, 0.0014353808469027669, 0.001821366231848714, 0.001726759229326201, 0.0017051308612706505, 0.0018218255674294069, 0.0016987436877055923, 0.0018108311065380685, 0.0017101059759064, 0.001353706056909986, 0.0021156060334222874, 0.001500890716587027, 0.0014931338653688222, 0.0016203930617174885, 0.0010183195297280808, 0.0015697636451630665, 0.002054250352392235, 0.001923810265944858, 0.002071761778181517, 0.0020132376830117116, 0.001088625178480632, 0.0014427720985119414, 0.0014978638917910177, 0.001582358828298825, 0.0013931818273534267, 0.0018359471597664107, 0.0014112646090142708, 0.0015032741564689797, 0.0022544915251160153, 0.0018828448528965687, 0.0011578677208151059, 0.0020861828203877723, 0.0017682658385379654, 0.001907141780848557, 0.0015632794143820114, 0.0024318033695216626, 0.0016932748297950081, 0.0023835630953640808, 0.0013968225685489616, 0.0015559702456783586, 0.0018177877848855777, 0.0017115084119688638, 0.0014102885214662352, 0.0020057068056490643, 0.0019920135626411003, 0.001606185804170974, 0.0026661992861440357, 0.0017732598183198018, 0.002178879355280432, 0.0014149025003766334, 0.0009433579319489281, 0.0019953706278462353, 0.0017134587788830361, 0.001131614453663089, 0.0015500596445144118, 0.002379742430027184, 0.0017077931185169094, 0.0018381799914154416, 0.0022196670475512444, 0.0011870582184098412, 0.0022331254422039504, 0.0017599630271256563, 0.0014722606022272338, 0.0016888070671829869, 0.0014561042211042616, 0.0030120135753517025, 0.0020463617268430224, 0.002705180431846912, 0.002285308482731573, 0.0015925899308562052, 0.0012439033982279467, 0.00211491539151557, 0.001492233479902435, 0.0008703946374781066, 0.0016281679120002225, 0.0023676042985347006, 0.0022098891765975196, 0.002089310055951111, 0.0013545782753459413, 0.0018432558966504546, 0.0009895162485349979, 0.0013519988847581585, 0.0010011958520990984, 0.0014439120995253685, 0.0020264817128308613, 0.0017125438608889183, 0.00207563715344422, 0.0016600661470499679, 0.0017174333872140679, 0.001771530184116425, 0.0021977339024107285, 0.001723934776447907, 0.0020024453155180217, 0.0018157757415411201, 0.0017631422691866136, 0.0014462308759326727, 0.0023557135791453495, 0.0012149747276801696, 0.0013476485451089197, 0.0022293318870296786, 0.0017037585240015027, 0.0014862056582365514, 0.0017764190809804374, 0.0014805424150831374, 0.0013885801982028631, 0.0018166666749612709, 0.0019511886620391208, 0.0014001355001342635, 0.0021298725693796256, 0.0013074059364727587, 0.0022921172636360607, 0.0016530568130673912, 0.001528680492996604, 0.0018004125839615084, 0.0013451931229905255, 0.0016483965599312898, 0.0006569457116114714, 0.001451859201191389, 0.0014102642147464782, 0.0016517147559590227, 0.0022062419822663905, 0.0019102065909966618, 0.0018280611326984492, 0.001924832870382891, 0.001967011199944262, 0.0027336163450495817, 0.0010871796017916117, 0.0021018607071477727, 0.0023779322640079285, 0.0011967471991905755, 0.0016599428206211142, 0.0022454979968159414, 0.0020157273458127887, 0.001746423827428715, 0.0016548066859018672, 0.0024399077250197346, 0.0016175333043649907, 0.00191842779069862, 0.002646291026288215, 0.0021278738016533368, 0.0010310095724805365, 0.00117221063170381, 0.0018895362397712524, 0.0011991608742275485, 0.0015597436159911912, 0.002163647517823726, 0.0015285012561772912, 0.0014496711995685067, 0.0017204476093080855, 0.001609074719300512, 0.001727495399052941, 0.0017802991053833882, 0.001317247214605022, 0.0021971699280696694, 0.0013756181406923125, 0.0018373047129242302, 0.0013785947339773684, 0.0015996887499298176, 0.0014779993242006713, 0.0013559689759323759, 0.0023173773563303626, 0.0020749374679197843, 0.0017717494595597173, 0.001512353069658281, 0.0014673988367514465, 0.0012286970584843915, 0.0016527294602724932, 0.0022459439760287667, 0.00129754114224972, 0.0018104787593095095, 0.001530924304021108, 0.001788030257172397, 0.0016220484269504197, 0.0017885045972459556, 0.0013436914107684435, 0.0011883024516167273, 0.0021296197440345936, 0.0013321994320087867, 0.0008072265968327654, 0.002339641901489075, 0.0013607967360205714, 0.002380295646084652, 0.0019531279041541598, 0.00158552058126576, 0.0016340429880872499, 0.001182386017791037, 0.0016164119572466137, 0.0008678906589371179, 0.0016477994424743884, 0.0014826950665364877, 0.0011397382532814884, 0.0011055855839187624, 0.0020557581124584488, 0.0014198441437206753, 0.002058920493067233, 0.0019415490314473368, 0.0016125147841008485, 0.0017103698430809642, 0.0018830694151657544, 0.001204704213473266, 0.002110372413089665, 0.0026927866153269465, 0.0017657910562472387, 0.0013766834020805354, 0.0018364540704825648, 0.0007012955439990011, 0.0015809646605979336, 0.0016250619712378526, 0.0020258740102010553, 0.0016171500731935746, 0.0015708241538508717, 0.0018126490738810226, 0.0021676979106586324, 0.001798199933022814, 0.0016803246765884424, 0.0016722335508077507, 0.0016048705960400326, 0.0011450824038413267, 0.0014860071312849023, 0.0017813312642694056, 0.0011530112800071856, 0.0020163515327786033, 0.0024638149923078938, 0.0012147635179897266, 0.0016282671400346743, 0.0008579827531608528, 0.00178914408921869, 0.0017066578651332527, 0.0016623758555408693, 0.0012008979136010143, 0.0023388535333776933, 0.0019965561676701968, 0.0015205637653821955, 0.0015651380192153062, 0.001588062582158085, 0.0011653417333119163, 0.001828524339444117, 