{"n_items": 600, "weights": [9.999999999999854e-17, 9.999999999999854e-17, 9.999999999999854e-17, 9.999999999999854e-17, 9.999999999999854e-17, 9.999999999999854e-17, 9.999999999999854e-17, 9.999999999999854e-17, 9.999999999999854e-17, 9.999999999999854e-17, 9.999999999999854e-17, 9.999999999999854e-17, 9.999999999999854e-17, 9.999999999999854e-17, 9.999999999999854e-17, 9.999999999999854e-17, 9.999999999999854e-17, 9.999999999999854e-17, 9.999999999999854e-17, 9.999999999999854e-17, 9.999999999999854e-17, 9.999999999999854e-17, 9.999999999999854e-17, 9.999999999999854e-17, 9.999999999999854e-05, 9.999999999999854e-17, 9.999999999999854e-05, 9.999999999999854e-17, 9.999999999999854e-17, 9.999999999999854e-17, 9.999999999999854e-05, 9.999999999999854e-17, 9.999999999999854e-17, 9.999999999999854e-17, 9.999999999999854e-17, 9.999999999999854e-17, 9.999999999999854e-17, 9.999999999999854e-17, 9.999999999999854e-17, 9.999999999999854e-17, 9.999999999999854e-17, 9.999999999999854e-17, 9.999999999999854e-17, 9.999999999999854e-05, 9.999999999999854e-17, 9.999999999999854e-17, 9.999999999999854e-17, 9.999999999999854e-17, 9.999999999999854e-17, 9.999999999999854e-17, 9.999999999999854e-17, 9.999999999999854e-17, 9.999999999999854e-17, 9.999999999999854e-17, 9.999999999999854e-05, 9.999999999999854e-17, 9.999999999999854e-17, 9.999999999999854e-17, 9.999999999999854e-17, 9.999999999999854e-17, 9.999999999999854e-17, 9.999999999999854e-17, 9.999999999999854e-17, 9.999999999999854e-17, 9.999999999999854e-17, 9.999999999999854e-17, 9.999999999999854e-17, 9.999999999999854e-17, 9.999999999999854e-05, 9.999999999999854e-17, 9.999999999999854e-05, 9.999999999999854e-17, 9.999999999999854e-17, 9.999999999999854e-17, 9.999999999999854e-17, 9.999999999999854e-17, 9.999999999999854e-05, 9.999999999999854e-05, 9.999999999999854e-17, 9.999999999999854e-05, 9.999999999999854e-17, 9.999999999999854e-05, 9.999999999999854e-17, 9.999999999999854e-17, 9.999999999999854e-17, 9.999999999999854e-05, 9.999999999999854e-17, 9.999999999999854e-05, 9.999999999999854e-17, 9.999999999999854e-17, 9.999999999999854e-05, 0.00029999999999999564, 9.999999999999854e-05, 9.999999999999854e-17, 9.999999999999854e-05, 9.999999999999854e-05, 9.999999999999854e-17, 9.999999999999854e-05, 9.999999999999854e-17, 9.999999999999854e-05, 9.999999999999854e-05, 9.999999999999854e-05, 0.00019999999999999708, 9.999999999999854e-17, 9.999999999999854e-05, 9.999999999999854e-05, 9.999999999999854e-05, 0.00019999999999999708, 9.999999999999854e-05, 9.999999999999854e-17, 9.999999999999854e-05, 0.00019999999999999708, 0.00019999999999999708, 9.999999999999854e-05, 9.999999999999854e-05, 9.999999999999854e-17, 9.999999999999854e-17, 0.00019999999999999708, 0.00019999999999999708, 9.999999999999854e-17, 0.00019999999999999708, 9.999999999999854e-05, 9.999999999999854e-05, 9.999999999999854e-05, 0.00029999999999999564, 0.00039999999999999416, 0.00019999999999999708, 0.00029999999999999564, 9.999999999999854e-05, 0.00029999999999999564, 0.00029999999999999564, 0.00019999999999999708, 0.00019999999999999708, 9.999999999999854e-05, 0.00019999999999999708, 0.00029999999999999564, 0.00019999999999999708, 0.00039999999999999416, 0.00019999999999999708, 0.00019999999999999708, 0.00029999999999999564, 0.0005999999999999913, 0.00039999999999999416, 0.00039999999999999416, 0.0005999999999999913, 0.0005999999999999913, 0.00029999999999999564, 0.0005999999999999913, 0.00029999999999999564, 0.0006999999999999898, 0.00039999999999999416, 0.00039999999999999416, 0.00019999999999999708, 0.0005999999999999913, 0.0007999999999999883, 0.00039999999999999416, 0.00039999999999999416, 0.00029999999999999564, 0.0004999999999999927, 0.00039999999999999416, 0.0004999999999999927, 0.00039999999999999416, 0.0006999999999999898, 0.0004999999999999927, 0.00029999999999999564, 0.0004999999999999927, 0.0004999999999999927, 0.0005999999999999913, 0.0009999999999999855, 0.0007999999999999883, 0.0009999999999999855, 0.0007999999999999883, 0.0006999999999999898, 0.0004999999999999927, 0.001099999999999984, 0.0004999999999999927, 0.0011999999999999825, 0.0009999999999999855, 0.0006999999999999898, 0.001099999999999984, 0.0006999999999999898, 0.001299999999999981, 0.0005999999999999913, 0.0014999999999999781, 0.001299999999999981, 0.0009999999999999855, 0.0013999999999999796, 0.0011999999999999825, 0.0015999999999999767, 0.0014999999999999781, 0.0015999999999999767, 0.001099999999999984, 0.0011999999999999825, 0.0011999999999999825, 0.0008999999999999869, 0.0007999999999999883, 0.001299999999999981, 0.0017999999999999737, 0.0008999999999999869, 0.0014999999999999781, 0.0014999999999999781, 0.001999999999999971, 0.0009999999999999855, 0.001299999999999981, 0.0022999999999999666, 0.0013999999999999796, 0.002199999999999968, 0.002399999999999965, 0.0018999999999999725, 0.0018999999999999725, 0.0018999999999999725, 0.0016999999999999752, 0.0018999999999999725, 0.002399999999999965, 0.0014999999999999781, 0.0020999999999999695, 0.001299999999999981, 0.002199999999999968, 0.001999999999999971, 0.0014999999999999781, 0.0024999999999999636, 0.0024999999999999636, 0.0022999999999999666, 0.003299999999999952, 0.0024999999999999636, 0.001999999999999971, 0.0020999999999999695, 0.0024999999999999636, 0.0026999999999999607, 0.002599999999999962, 0.0026999999999999607, 0.0035999999999999474, 0.0028999999999999577, 0.0016999999999999752, 0.002799999999999959, 0.0024999999999999636, 0.002599999999999962, 0.0017999999999999737, 0.0022999999999999666, 0.003999999999999942, 0.003099999999999955, 0.002199999999999968, 0.002199999999999968, 0.0033999999999999504, 0.0035999999999999474, 0.0033999999999999504, 0.003699999999999946, 0.0033999999999999504, 0.0038999999999999434, 0.0035999999999999474, 0.0026999999999999607, 0.003699999999999946, 0.003499999999999949, 0.004499999999999935, 0.004399999999999936, 0.004199999999999939, 0.0033999999999999504, 0.0031999999999999533, 0.003799999999999945, 0.003299999999999952, 0.003699999999999946, 0.0029999999999999563, 0.004999999999999927, 0.004399999999999936, 0.003999999999999942, 0.00479999999999993, 0.004599999999999933, 0.005099999999999926, 0.004599999999999933, 0.004499999999999935, 0.004899999999999929, 0.003099999999999955, 0.005399999999999921, 0.004399999999999936, 0.004599999999999933, 0.0035999999999999474, 0.004199999999999939, 0.006499999999999905, 0.005399999999999921, 0.005899999999999914, 0.005699999999999917, 0.0042999999999999376, 0.0042999999999999376, 0.00479999999999993, 0.003699999999999946, 0.005299999999999923, 0.00479999999999993, 0.0059999999999999125, 0.00479999999999993, 0.00549999999999992, 0.005399999999999921, 0.00549999999999992, 0.00479999999999993, 0.00479999999999993, 0.004199999999999939, 0.006299999999999908, 0.00479999999999993, 0.0057999999999999155, 0.005699999999999917, 0.0040999999999999405, 0.005599999999999918, 0.004399999999999936, 0.004399999999999936, 0.005299999999999923, 0.00479999999999993, 0.00549999999999992, 0.005199999999999924, 0.005299999999999923, 0.0057999999999999155, 0.004599999999999933, 0.005199999999999924, 0.005399999999999921, 0.005599999999999918, 0.0059999999999999125, 0.004899999999999929, 0.0057999999999999155, 0.004399999999999936, 0.004699999999999932, 0.004899999999999929, 0.006399999999999907, 0.004899999999999929, 0.005599999999999918, 0.005899999999999914, 0.005899999999999914, 0.005399999999999921, 0.005099999999999926, 0.005899999999999914, 0.005099999999999926, 0.004599999999999933, 0.0040999999999999405, 0.004399999999999936, 0.004399999999999936, 0.004499999999999935, 0.006699999999999902, 0.0059999999999999125, 0.005099999999999926, 0.005899999999999914, 0.005699999999999917, 0.00619999999999991, 0.005599999999999918, 0.0042999999999999376, 0.0057999999999999155, 0.0033999999999999504, 0.004899999999999929, 0.003799999999999945, 0.00479999999999993, 0.003699999999999946, 0.006099999999999911, 0.004199999999999939, 0.0038999999999999434, 