{"n_items": 400, "weights": [0.0025999999999999565, 0.0034999999999999415, 0.0034999999999999415, 0.0026999999999999546, 0.003399999999999943, 0.0026999999999999546, 0.0038999999999999348, 0.0019999999999999666, 0.0022999999999999614, 0.0035999999999999396, 0.0035999999999999396, 0.0029999999999999498, 0.0034999999999999415, 0.003999999999999933, 0.0037999999999999362, 0.0035999999999999396, 0.003999999999999933, 0.003299999999999945, 0.004099999999999931, 0.0034999999999999415, 0.0050999999999999145, 0.0035999999999999396, 0.0035999999999999396, 0.005399999999999909, 0.004999999999999916, 0.00479999999999992, 0.0052999999999999116, 0.004599999999999923, 0.0038999999999999348, 0.005799999999999903, 0.004099999999999931, 0.005499999999999908, 0.00479999999999992, 0.006799999999999886, 0.004999999999999916, 0.005499999999999908, 0.0075999999999998725, 0.0061999999999998966, 0.0066999999999998875, 0.006399999999999893, 0.004999999999999916, 0.005599999999999906, 0.008499999999999858, 0.007399999999999876, 0.008299999999999861, 0.00659999999999989, 0.0077999999999998695, 0.006299999999999894, 0.0077999999999998695, 0.007699999999999871, 0.0066999999999998875, 0.007299999999999878, 0.008299999999999861, 0.006299999999999894, 0.007999999999999867, 0.006999999999999883, 0.005399999999999909, 0.007199999999999879, 0.007899999999999867, 0.006399999999999893, 0.009399999999999843, 0.009399999999999843, 0.007999999999999867, 0.0075999999999998725, 0.007499999999999875, 0.00899999999999985, 0.008599999999999856, 0.007199999999999879, 0.007899999999999867, 0.007399999999999876, 0.007099999999999882, 0.008199999999999862, 0.00899999999999985, 0.007499999999999875, 0.008099999999999864, 0.007099999999999882, 0.009899999999999834, 0.007199999999999879, 0.007199999999999879, 0.008299999999999861, 0.0077999999999998695, 0.008299999999999861, 0.006799999999999886, 0.008099999999999864, 0.009199999999999845, 0.009999999999999832, 0.00659999999999989, 0.007899999999999867, 0.007699999999999871, 0.007999999999999867, 0.008599999999999856, 0.008299999999999861, 0.007399999999999876, 0.00959999999999984, 0.008699999999999854, 0.008499999999999858, 0.007899999999999867, 0.007099999999999882, 0.0068999999999998845, 0.007199999999999879, 0.008199999999999862, 0.008699999999999854, 0.0075999999999998725, 0.0075999999999998725, 0.005899999999999901, 0.007699999999999871, 0.0077999999999998695, 0.007899999999999867, 0.0068999999999998845, 0.006399999999999893, 0.0066999999999998875, 0.005599999999999906, 0.0068999999999998845, 0.007899999999999867, 0.00659999999999989, 0.008099999999999864, 0.006999999999999883, 0.0061999999999998966, 0.0061999999999998966, 0.004899999999999918, 0.007199999999999879, 0.004699999999999921, 0.006499999999999891, 0.0043999999999999265, 0.004499999999999925, 0.004899999999999918, 0.005899999999999901, 0.0059999999999998995, 0.005799999999999903, 0.005799999999999903, 0.00479999999999992, 0.006299999999999894, 0.004999999999999916, 0.005199999999999913, 0.004999999999999916, 0.003399999999999943, 0.0038999999999999348, 0.003699999999999938, 0.0050999999999999145, 0.003699999999999938, 0.003399999999999943, 0.004699999999999921, 0.005499999999999908, 0.0037999999999999362, 0.003399999999999943, 0.003299999999999945, 0.0041999999999999295, 0.002799999999999953, 0.0031999999999999464, 0.0022999999999999614, 0.003699999999999938, 0.0025999999999999565, 0.0029999999999999498, 0.0029999999999999498, 0.003299999999999945, 0.0026999999999999546, 0.003299999999999945, 0.00239999999999996, 0.002499999999999958, 0.00239999999999996, 0.0016999999999999715, 0.0014999999999999749, 0.0021999999999999633, 0.0020999999999999647, 0.0015999999999999732, 0.0017999999999999698, 0.0019999999999999666, 0.0016999999999999715, 0.00119999999999998, 0.0016999999999999715, 0.0019999999999999666, 0.0020999999999999647, 0.0019999999999999666, 0.0009999999999999833, 0.0015999999999999732, 0.0014999999999999749, 0.0009999999999999833, 0.0017999999999999698, 0.0007999999999999866, 0.0007999999999999866, 0.0010999999999999816, 0.0013999999999999766, 0.00059999999999999, 0.0008999999999999849, 0.0012999999999999783, 0.0009999999999999833, 0.0007999999999999866, 0.0008999999999999849, 0.0013999999999999766, 0.0012999999999999783, 0.00059999999999999, 0.0006999999999999883, 0.0003999999999999933, 0.0009999999999999833, 0.0006999999999999883, 0.0003999999999999933, 0.0003999999999999933, 0.0007999999999999866, 0.0010999999999999816, 0.00059999999999999, 0.0003999999999999933, 0.00019999999999999665, 0.00019999999999999665, 0.0003999999999999933, 0.000299999999999995, 0.0003999999999999933, 0.00019999999999999665, 0.00059999999999999, 0.00019999999999999665, 9.999999999999832e-05, 9.999999999999832e-17, 9.999999999999832e-05, 0.0003999999999999933, 0.00019999999999999665, 9.999999999999832e-17, 0.00019999999999999665, 0.00019999999999999665, 9.999999999999832e-17, 9.999999999999832e-17, 9.999999999999832e-05, 9.999999999999832e-17, 9.999999999999832e-05, 0.00019999999999999665, 0.00019999999999999665, 0.00019999999999999665, 9.999999999999832e-05, 9.999999999999832e-17, 9.999999999999832e-05, 9.999999999999832e-17, 9.999999999999832e-17, 9.999999999999832e-17, 9.999999999999832e-05, 9.999999999999832e-17, 9.999999999999832e-05, 9.999999999999832e-17, 9.999999999999832e-17, 9.999999999999832e-05, 9.999999999999832e-17, 9.999999999999832e-17, 9.999999999999832e-05, 0.00019999999999999665, 0.00019999999999999665, 9.999999999999832e-05, 9.999999999999832e-05, 9.999999999999832e-17, 9.999999999999832e-17, 9.999999999999832e-17, 9.999999999999832e-17, 9.999999999999832e-17, 9.999999999999832e-17, 9.999999999999832e-17, 9.999999999999832e-17, 9.999999999999832e-17, 9.999999999999832e-17, 9.999999999999832e-05, 9.999999999999832e-05, 9.999999999999832e-17, 9.999999999999832e-17, 9.999999999999832e-17, 9.999999999999832e-17, 9.999999999999832e-17, 9.999999999999832e-17, 9.999999999999832e-17, 9.999999999999832e-17, 9.999999999999832e-17, 9.999999999999832e-17, 9.999999999999832e-17, 9.999999999999832e-17, 9.999999999999832e-17, 9.999999999999832e-17, 9.999999999999832e-17, 9.999999999999832e-17, 9.999999999999832e-05, 9.999999999999832e-17, 9.999999999999832e-17, 9.999999999999832e-17, 9.999999999999832e-17, 9.999999999999832e-17, 9.999999999999832e-17, 9.999999999999832e-17, 9.999999999999832e-17, 9.999999999999832e-17, 9.999999999999832e-17, 9.999999999999832e-17, 9.999999999999832e-17, 9.999999999999832e-17, 9.999999999999832e-17, 9.999999999999832e-17, 9.999999999999832e-17, 9.999999999999832e-17, 9.999999999999832e-17, 9.999999999999832e-17, 9.999999999999832e-17, 9.999999999999832e-17, 9.999999999999832e-17, 9.999999999999832e-17, 9.999999999999832e-17, 9.999999999999832e-17, 9.999999999999832e-17, 9.999999999999832e-17, 9.999999999999832e-17, 9.999999999999832e-17, 9.999999999999832e-17, 9.999999999999832e-17, 9.999999999999832e-17, 9.999999999999832e-17, 9.999999999999832e-17, 9.999999999999832e-17, 9.999999999999832e-17, 9.999999999999832e-17, 9.999999999999832e-17, 9.999999999999832e-17, 9.999999999999832e-17, 9.999999999999832e-17, 9.999999999999832e-17, 9.999999999999832e-17, 9.999999999999832e-17, 9.999999999999832e-17, 9.999999999999832e-17, 9.999999999999832e-17, 9.999999999999832e-17, 9.999999999999832e-17, 9.999999999999832e-17, 9.999999999999832e-17, 9.999999999999832e-17, 9.999999999999832e-17, 9.999999999999832e-17, 9.999999999999832e-17, 9.999999999999832e-17, 9.999999999999832e-17, 9.999999999999832e-17, 9.999999999999832e-17, 9.999999999999832e-17, 9.999999999999832e-17, 9.999999999999832e-17, 9.999999999999832e-17, 9.999999999999832e-17, 9.999999999999832e-17, 9.999999999999832e-17, 9.999999999999832e-17, 9.999999999999832e-17, 9.999999999999832e-17, 9.999999999999832e-17, 9.999999999999832e-17, 9.999999999999832e-17, 9.999999999999832e-17, 9.999999999999832e-17, 9.999999999999832e-17, 9.999999999999832e-17, 9.999999999999832e-17, 9.999999999999832e-17, 