{"n_items": 600, "weights": [9.999999999999647e-17, 9.999999999999647e-17, 9.999999999999647e-17, 9.999999999999647e-17, 9.999999999999647e-17, 9.999999999999647e-17, 9.999999999999647e-17, 9.999999999999647e-17, 9.999999999999647e-17, 9.999999999999647e-17, 9.999999999999647e-17, 9.999999999999647e-17, 9.999999999999647e-17, 9.999999999999647e-17, 9.999999999999647e-17, 9.999999999999647e-17, 9.999999999999647e-17, 9.999999999999647e-17, 9.999999999999647e-17, 9.999999999999647e-17, 9.999999999999647e-17, 9.999999999999647e-17, 9.999999999999647e-17, 9.999999999999647e-17, 9.999999999999647e-17, 9.999999999999647e-17, 9.999999999999647e-17, 9.999999999999647e-17, 9.999999999999647e-17, 9.999999999999647e-17, 9.999999999999647e-17, 9.999999999999647e-17, 9.999999999999647e-17, 9.999999999999647e-17, 9.999999999999647e-17, 9.999999999999647e-17, 9.999999999999647e-17, 9.999999999999647e-17, 9.999999999999647e-17, 9.999999999999647e-17, 9.999999999999647e-17, 9.999999999999647e-17, 9.999999999999647e-17, 9.999999999999647e-17, 9.999999999999647e-17, 9.999999999999647e-17, 9.999999999999647e-17, 9.999999999999647e-17, 9.999999999999647e-17, 9.999999999999647e-17, 9.999999999999647e-17, 9.999999999999647e-17, 9.999999999999647e-17, 9.999999999999647e-17, 9.999999999999647e-17, 9.999999999999647e-17, 9.999999999999647e-17, 9.999999999999647e-17, 9.999999999999647e-17, 9.999999999999647e-17, 9.999999999999647e-17, 9.999999999999647e-17, 9.999999999999647e-17, 9.999999999999647e-17, 9.999999999999647e-17, 9.999999999999647e-17, 9.999999999999647e-17, 9.999999999999647e-17, 9.999999999999647e-17, 9.999999999999647e-17, 9.999999999999647e-17, 9.999999999999647e-17, 9.999999999999647e-17, 9.999999999999647e-17, 9.999999999999647e-17, 9.999999999999647e-17, 9.999999999999647e-17, 9.999999999999647e-17, 9.999999999999647e-17, 9.999999999999647e-17, 9.999999999999647e-17, 9.999999999999647e-17, 9.999999999999647e-17, 9.999999999999647e-17, 9.999999999999647e-17, 9.999999999999647e-17, 9.999999999999647e-17, 9.999999999999647e-17, 9.999999999999647e-17, 9.999999999999647e-17, 9.999999999999647e-17, 9.999999999999647e-17, 9.999999999999647e-17, 9.999999999999647e-17, 9.999999999999647e-17, 9.999999999999647e-17, 9.999999999999647e-17, 9.999999999999647e-17, 9.999999999999647e-17, 9.999999999999647e-17, 9.999999999999647e-17, 9.999999999999647e-17, 9.999999999999647e-17, 9.999999999999647e-17, 9.999999999999647e-17, 9.999999999999647e-17, 9.999999999999647e-17, 9.999999999999647e-17, 9.999999999999647e-17, 9.999999999999647e-17, 9.999999999999647e-17, 9.999999999999647e-17, 9.999999999999647e-17, 9.999999999999647e-17, 9.999999999999647e-17, 9.999999999999647e-17, 9.999999999999647e-17, 9.999999999999647e-17, 9.999999999999647e-17, 9.999999999999647e-17, 9.999999999999647e-17, 9.999999999999647e-17, 9.999999999999647e-17, 9.999999999999647e-17, 9.999999999999647e-17, 9.999999999999647e-17, 9.999999999999647e-17, 9.999999999999647e-17, 9.999999999999647e-17, 9.999999999999647e-17, 9.999999999999647e-17, 9.999999999999647e-17, 9.999999999999647e-17, 9.999999999999647e-17, 9.999999999999647e-17, 9.999999999999647e-05, 9.999999999999647e-17, 9.999999999999647e-17, 9.999999999999647e-17, 9.999999999999647e-17, 9.999999999999647e-05, 9.999999999999647e-17, 9.999999999999647e-17, 9.999999999999647e-17, 9.999999999999647e-17, 9.999999999999647e-05, 0.00019999999999999294, 9.999999999999647e-17, 9.999999999999647e-17, 9.999999999999647e-05, 9.999999999999647e-17, 0.0002999999999999894, 0.00019999999999999294, 0.00019999999999999294, 0.0002999999999999894, 0.00019999999999999294, 9.999999999999647e-05, 0.0002999999999999894, 0.0004999999999999823, 0.0002999999999999894, 0.0004999999999999823, 0.00039999999999998587, 0.0002999999999999894, 0.0009999999999999647, 0.0010999999999999613, 0.0009999999999999647, 0.0008999999999999682, 0.0015999999999999435, 0.0014999999999999471, 0.0014999999999999471, 0.00169999999999994, 0.0012999999999999542, 0.0015999999999999435, 0.0021999999999999225, 0.0023999999999999152, 0.0021999999999999225, 0.0034999999999998765, 0.003199999999999887, 0.003199999999999887, 0.0034999999999998765, 0.0034999999999998765, 0.0040999999999998555, 0.004399999999999845, 0.004599999999999838, 0.004999999999999823, 0.0053999999999998095, 0.005899999999999792, 0.0059999999999997885, 0.00709999999999975, 0.007899999999999721, 0.007699999999999728, 0.0072999999999997425, 0.007999999999999717, 0.00909999999999968, 0.009299999999999671, 0.010899999999999615, 0.009399999999999669, 0.00879999999999969, 0.008699999999999692, 0.010599999999999625, 0.010099999999999644, 0.009199999999999675, 0.010299999999999636, 0.010099999999999644, 0.012099999999999573, 0.009499999999999665, 0.011399999999999598, 0.010399999999999633, 0.011999999999999577, 0.010699999999999623, 0.00909999999999968, 0.010299999999999636, 0.008599999999999696, 0.011299999999999602, 0.008299999999999707, 0.01049999999999963, 0.009499999999999665, 0.007899999999999721, 0.00879999999999969, 0.007899999999999721, 0.007799999999999725, 0.006299999999999778, 0.00679999999999976, 0.0072999999999997425, 0.00709999999999975, 0.007599999999999732, 0.005299999999999813, 0.005599999999999802, 0.004399999999999845, 0.0046999999999998345, 0.006099999999999784, 0.0040999999999998555, 0.003999999999999859, 0.003599999999999873, 0.004299999999999848, 0.002799999999999901, 0.00339999999999988, 0.0032999999999998838, 0.0029999999999998942, 0.0017999999999999364, 0.0025999999999999084, 0.0021999999999999225, 0.0015999999999999435, 0.00169999999999994, 0.0009999999999999647, 0.0017999999999999364, 0.0019999999999999294, 0.0012999999999999542, 0.0005999999999999788, 0.0002999999999999894, 0.0005999999999999788, 0.0008999999999999682, 0.0009999999999999647, 0.0004999999999999823, 0.0002999999999999894, 0.0002999999999999894, 0.0002999999999999894, 0.00039999999999998587, 0.00019999999999999294, 0.00019999999999999294, 0.0004999999999999823, 9.999999999999647e-05, 0.00019999999999999294, 9.999999999999647e-05, 9.999999999999647e-05, 9.999999999999647e-05, 9.999999999999647e-17, 9.999999999999647e-05, 0.00019999999999999294, 9.999999999999647e-17, 9.999999999999647e-17, 9.999999999999647e-17, 9.999999999999647e-17, 9.999999999999647e-05, 9.999999999999647e-05, 9.999999999999647e-17, 9.999999999999647e-17, 9.999999999999647e-17, 9.999999999999647e-17, 9.999999999999647e-17, 9.999999999999647e-17, 9.999999999999647e-17, 9.999999999999647e-17, 9.999999999999647e-17, 9.999999999999647e-17, 9.999999999999647e-17, 9.999999999999647e-17, 9.999999999999647e-17, 9.999999999999647e-17, 9.999999999999647e-17, 9.999999999999647e-17, 9.999999999999647e-17, 9.999999999999647e-17, 9.999999999999647e-17, 9.999999999999647e-17, 9.999999999999647e-17, 9.999999999999647e-17, 9.999999999999647e-17, 9.999999999999647e-17, 9.999999999999647e-17, 9.999999999999647e-17, 9.999999999999647e-17, 9.999999999999647e-17, 9.999999999999647e-17, 9.999999999999647e-17, 9.999999999999647e-17, 9.999999999999647e-17, 9.999999999999647e-17, 9.999999999999647e-17, 9.999999999999647e-17, 0.00019999999999999294, 9.999999999999647e-17, 9.999999999999647e-17, 9.999999999999647e-05, 9.999999999999647e-05, 9.999999999999647e-17, 9.999999999999647e-05, 9.999999999999647e-17, 9.999999999999647e-05, 9.999999999999647e-05, 9.999999999999647e-17, 9.999999999999647e-05, 0.0002999999999999894, 9.999999999999647e-05, 0.0002999999999999894, 0.00019999999999999294, 0.0004999999999999823, 0.00039999999999998587, 0.00039999999999998587, 0.0004999999999999823, 0.0010999999999999613, 0.00019999999999999294, 0.0002999999999999894, 0.00039999999999998587, 0.0004999999999999823, 0.0010999999999999613, 0.00039999999999998587, 0.0012999999999999542, 0.0009999999999999647, 0.00169999999999994, 0.0009999999999999647, 0.002799999999999901, 0.0015999999999999435, 0.0023999999999999152, 0.0021999999999999225, 0.002299999999999919, 0.002799999999999901, 0.003999999999999859, 