{"n_items": 600, "weights": [9.999999999999636e-17, 9.999999999999636e-17, 9.999999999999636e-17, 9.999999999999636e-17, 9.999999999999636e-17, 9.999999999999636e-17, 9.999999999999636e-17, 9.999999999999636e-17, 9.999999999999636e-17, 9.999999999999636e-17, 9.999999999999636e-17, 9.999999999999636e-17, 9.999999999999636e-17, 9.999999999999636e-17, 9.999999999999636e-17, 9.999999999999636e-17, 9.999999999999636e-17, 9.999999999999636e-17, 9.999999999999636e-17, 9.999999999999636e-17, 9.999999999999636e-17, 9.999999999999636e-17, 9.999999999999636e-17, 9.999999999999636e-17, 9.999999999999636e-17, 9.999999999999636e-17, 9.999999999999636e-17, 9.999999999999636e-17, 9.999999999999636e-17, 9.999999999999636e-17, 9.999999999999636e-17, 9.999999999999636e-17, 9.999999999999636e-17, 9.999999999999636e-17, 9.999999999999636e-17, 9.999999999999636e-17, 9.999999999999636e-17, 9.999999999999636e-17, 9.999999999999636e-17, 9.999999999999636e-17, 9.999999999999636e-17, 9.999999999999636e-17, 9.999999999999636e-17, 9.999999999999636e-17, 9.999999999999636e-17, 9.999999999999636e-17, 9.999999999999636e-17, 9.999999999999636e-17, 9.999999999999636e-17, 9.999999999999636e-17, 9.999999999999636e-17, 9.999999999999636e-17, 9.999999999999636e-17, 9.999999999999636e-17, 9.999999999999636e-17, 9.999999999999636e-17, 9.999999999999636e-17, 9.999999999999636e-17, 9.999999999999636e-17, 9.999999999999636e-17, 9.999999999999636e-17, 9.999999999999636e-17, 9.999999999999636e-17, 9.999999999999636e-17, 9.999999999999636e-17, 9.999999999999636e-17, 9.999999999999636e-17, 9.999999999999636e-17, 9.999999999999636e-17, 9.999999999999636e-17, 9.999999999999636e-17, 9.999999999999636e-17, 9.999999999999636e-17, 9.999999999999636e-17, 9.999999999999636e-17, 9.999999999999636e-17, 9.999999999999636e-17, 9.999999999999636e-17, 9.999999999999636e-17, 9.999999999999636e-17, 9.999999999999636e-17, 9.999999999999636e-17, 9.999999999999636e-17, 9.999999999999636e-17, 9.999999999999636e-17, 9.999999999999636e-17, 9.999999999999636e-17, 9.999999999999636e-17, 9.999999999999636e-17, 9.999999999999636e-17, 9.999999999999636e-17, 9.999999999999636e-17, 9.999999999999636e-17, 9.999999999999636e-17, 9.999999999999636e-17, 9.999999999999636e-17, 9.999999999999636e-17, 9.999999999999636e-17, 9.999999999999636e-17, 9.999999999999636e-17, 9.999999999999636e-17, 9.999999999999636e-17, 9.999999999999636e-17, 9.999999999999636e-17, 9.999999999999636e-17, 9.999999999999636e-17, 9.999999999999636e-17, 9.999999999999636e-17, 9.999999999999636e-17, 9.999999999999636e-17, 9.999999999999636e-17, 9.999999999999636e-17, 9.999999999999636e-17, 9.999999999999636e-17, 9.999999999999636e-17, 9.999999999999636e-17, 9.999999999999636e-17, 9.999999999999636e-17, 9.999999999999636e-17, 9.999999999999636e-17, 9.999999999999636e-17, 9.999999999999636e-17, 9.999999999999636e-17, 9.999999999999636e-17, 9.999999999999636e-17, 9.999999999999636e-17, 9.999999999999636e-17, 9.999999999999636e-17, 9.999999999999636e-17, 9.999999999999636e-17, 9.999999999999636e-17, 9.999999999999636e-17, 9.999999999999636e-17, 9.999999999999636e-17, 9.999999999999636e-17, 9.999999999999636e-17, 9.999999999999636e-17, 9.999999999999636e-05, 9.999999999999636e-17, 9.999999999999636e-17, 9.999999999999636e-17, 9.999999999999636e-17, 9.999999999999636e-17, 9.999999999999636e-17, 9.999999999999636e-17, 9.999999999999636e-17, 9.999999999999636e-17, 9.999999999999636e-17, 9.999999999999636e-17, 9.999999999999636e-17, 9.999999999999636e-17, 9.999999999999636e-17, 9.999999999999636e-05, 9.999999999999636e-17, 9.999999999999636e-17, 9.999999999999636e-17, 9.999999999999636e-17, 9.999999999999636e-17, 9.999999999999636e-17, 9.999999999999636e-17, 0.0002999999999999891, 0.0002999999999999891, 9.999999999999636e-05, 9.999999999999636e-05, 9.999999999999636e-17, 9.999999999999636e-05, 9.999999999999636e-17, 0.0002999999999999891, 9.999999999999636e-17, 0.00019999999999999272, 0.0002999999999999891, 0.00019999999999999272, 9.999999999999636e-05, 9.999999999999636e-17, 0.0004999999999999818, 9.999999999999636e-05, 0.0002999999999999891, 0.0004999999999999818, 9.999999999999636e-17, 0.00019999999999999272, 0.00019999999999999272, 0.00019999999999999272, 0.00019999999999999272, 0.0002999999999999891, 9.999999999999636e-05, 0.00039999999999998544, 0.0006999999999999745, 0.0006999999999999745, 0.0002999999999999891, 0.0005999999999999782, 0.0006999999999999745, 0.0002999999999999891, 0.0004999999999999818, 0.00039999999999998544, 0.0009999999999999636, 0.0006999999999999745, 0.0004999999999999818, 0.00109999999999996, 0.00109999999999996, 0.0009999999999999636, 0.001399999999999949, 0.0007999999999999709, 0.0007999999999999709, 0.0011999999999999563, 0.0012999999999999527, 0.0007999999999999709, 0.0014999999999999454, 0.00109999999999996, 0.0020999999999999235, 0.0020999999999999235, 0.001699999999999938, 0.001999999999999927, 0.0022999999999999163, 0.0014999999999999454, 0.0020999999999999235, 0.0020999999999999235, 0.0022999999999999163, 0.002799999999999898, 0.0029999999999998908, 0.0023999999999999126, 0.0025999999999999053, 0.0031999999999998835, 0.0028999999999998944, 0.001999999999999927, 0.0036999999999998653, 0.0036999999999998653, 0.0031999999999998835, 0.003599999999999869, 0.0052999999999998075, 0.0045999999999998325, 0.003599999999999869, 0.004299999999999844, 0.003999999999999854, 0.00439999999999984, 0.004799999999999825, 0.00329999999999988, 0.004899999999999822, 0.0052999999999998075, 0.006399999999999767, 0.006299999999999771, 0.007299999999999735, 0.006299999999999771, 0.0066999999999997565, 0.0059999999999997815, 0.008699999999999684, 0.005599999999999796, 0.006499999999999764, 0.00659999999999976, 0.005599999999999796, 0.00769999999999972, 0.007499999999999727, 0.007099999999999742, 0.00879999999999968, 0.008299999999999698, 0.007999999999999709, 0.008299999999999698, 0.008099999999999705, 0.00879999999999968, 0.010099999999999632, 0.009299999999999661, 0.011399999999999586, 0.008899999999999676, 0.009699999999999646, 0.008599999999999688, 0.00849999999999969, 0.010599999999999615, 0.012199999999999557, 0.010499999999999617, 0.010599999999999615, 0.00989999999999964, 0.008999999999999673, 0.008999999999999673, 0.008599999999999688, 0.009399999999999659, 0.011999999999999563, 0.009099999999999669, 0.009999999999999636, 0.012399999999999549, 0.010299999999999625, 0.0109999999999996, 0.010299999999999625, 0.010299999999999625, 0.010499999999999617, 0.010299999999999625, 0.011999999999999563, 0.00989999999999964, 0.0109999999999996, 0.009999999999999636, 0.012299999999999553, 0.0109999999999996, 0.011099999999999596, 0.01019999999999963, 0.01019999999999963, 0.009299999999999661, 0.010499999999999617, 0.010799999999999607, 0.009499999999999655, 0.008699999999999684, 0.009799999999999644, 0.00849999999999969, 0.00959999999999965, 0.009399999999999659, 0.009199999999999665, 0.008899999999999676, 0.008599999999999688, 0.00989999999999964, 0.007799999999999716, 0.008999999999999673, 0.007599999999999723, 0.008999999999999673, 0.008699999999999684, 0.00879999999999968, 0.006399999999999767, 0.0066999999999997565, 0.007599999999999723, 0.007499999999999727, 0.006999999999999745, 0.006099999999999778, 0.00659999999999976, 0.0066999999999997565, 0.004099999999999851, 0.005199999999999811, 0.003999999999999854, 0.005899999999999786, 0.006399999999999767, 0.006499999999999764, 0.005799999999999789, 0.004799999999999825, 0.004199999999999847, 0.0059999999999997815, 0.005099999999999815, 0.003399999999999876, 0.004299999999999844, 0.004099999999999851, 0.0026999999999999017, 0.0026999999999999017, 0.0028999999999998944, 0.0029999999999998908, 0.003899999999999858, 0.0031999999999998835, 0.0026999999999999017, 0.003599999999999869, 0.0029999999999998908, 0.003099999999999887, 0.0023999999999999126, 0.002799999999999898, 0.00219999999999992, 0.001999999999999927, 0.002499999999999909, 0.0014999999999999454, 0.0025999999999999053, 0.0015999999999999417, 