{"n_items": 200, "weights": [0.015999999999999796, 0.015899999999999796, 0.019399999999999754, 0.026799999999999657, 0.026399999999999663, 0.03059999999999961, 0.035499999999999546, 0.03429999999999956, 0.034899999999999556, 0.03579999999999955, 0.03439999999999956, 0.032099999999999594, 0.028099999999999643, 0.024699999999999684, 0.018999999999999757, 0.018399999999999767, 0.0157999999999998, 0.014399999999999817, 0.009699999999999877, 0.007499999999999904, 0.006099999999999922, 0.002999999999999962, 0.0027999999999999644, 0.003299999999999958, 0.0017999999999999772, 0.0009999999999999872, 0.0009999999999999872, 0.0008999999999999886, 9.999999999999873e-17, 9.999999999999873e-05, 9.999999999999873e-17, 0.00019999999999999746, 9.999999999999873e-17, 9.999999999999873e-05, 9.999999999999873e-17, 9.999999999999873e-17, 9.999999999999873e-17, 9.999999999999873e-17, 9.999999999999873e-17, 9.999999999999873e-17, 9.999999999999873e-17, 9.999999999999873e-17, 9.999999999999873e-17, 9.999999999999873e-17, 9.999999999999873e-17, 9.999999999999873e-17, 9.999999999999873e-17, 9.999999999999873e-17, 9.999999999999873e-17, 9.999999999999873e-17, 9.999999999999873e-17, 9.999999999999873e-17, 9.999999999999873e-17, 9.999999999999873e-17, 9.999999999999873e-17, 9.999999999999873e-17, 9.999999999999873e-17, 9.999999999999873e-17, 9.999999999999873e-17, 9.999999999999873e-17, 9.999999999999873e-17, 9.999999999999873e-17, 9.999999999999873e-17, 9.999999999999873e-17, 9.999999999999873e-17, 9.999999999999873e-17, 9.999999999999873e-17, 9.999999999999873e-17, 9.999999999999873e-17, 9.999999999999873e-17, 9.999999999999873e-17, 9.999999999999873e-17, 9.999999999999873e-17, 9.999999999999873e-17, 9.999999999999873e-17, 9.999999999999873e-17, 9.999999999999873e-17, 9.999999999999873e-17, 9.999999999999873e-17, 9.999999999999873e-17, 9.999999999999873e-17, 9.999999999999873e-17, 9.999999999999873e-17, 9.999999999999873e-17, 9.999999999999873e-17, 9.999999999999873e-17, 9.999999999999873e-17, 9.999999999999873e-17, 9.999999999999873e-17, 9.999999999999873e-17, 9.999999999999873e-17, 9.999999999999873e-17, 9.999999999999873e-17, 9.999999999999873e-17, 9.999999999999873e-17, 9.999999999999873e-17, 9.999999999999873e-17, 9.999999999999873e-17, 9.999999999999873e-17, 9.999999999999873e-17, 9.999999999999873e-17, 9.999999999999873e-17, 9.999999999999873e-17, 9.999999999999873e-17, 9.999999999999873e-17, 9.999999999999873e-17, 9.999999999999873e-17, 9.999999999999873e-17, 9.999999999999873e-17, 9.999999999999873e-17, 9.999999999999873e-17, 9.999999999999873e-17, 9.999999999999873e-17, 9.999999999999873e-17, 9.999999999999873e-17, 9.999999999999873e-17, 9.999999999999873e-17, 9.999999999999873e-17, 9.999999999999873e-17, 9.999999999999873e-17, 9.999999999999873e-17, 9.999999999999873e-17, 9.999999999999873e-17, 9.999999999999873e-17, 9.999999999999873e-17, 9.999999999999873e-17, 9.999999999999873e-17, 9.999999999999873e-17, 9.999999999999873e-17, 9.999999999999873e-17, 9.999999999999873e-17, 9.999999999999873e-17, 9.999999999999873e-17, 9.999999999999873e-17, 9.999999999999873e-17, 9.999999999999873e-17, 9.999999999999873e-17, 9.999999999999873e-17, 9.999999999999873e-17, 9.999999999999873e-17, 0.00019999999999999746, 9.999999999999873e-17, 0.00019999999999999746, 0.00019999999999999746, 0.0008999999999999886, 0.0006999999999999911, 0.0020999999999999734, 0.0027999999999999644, 0.003299999999999958, 0.004499999999999942, 0.006799999999999914, 0.009899999999999874, 0.011299999999999855, 0.012399999999999842, 0.015599999999999802, 0.020999999999999734, 0.021699999999999723, 0.025499999999999676, 0.03069999999999961, 0.02929999999999963, 0.030999999999999604, 0.032099999999999594, 0.0313999999999996, 0.03179999999999959, 0.02889999999999963, 0.026499999999999663, 0.0234999999999997, 0.020899999999999735, 0.017799999999999774, 0.014499999999999815, 0.011399999999999855, 0.007799999999999901, 0.006499999999999917, 0.005299999999999932, 0.004299999999999945, 0.0027999999999999644, 0.0018999999999999757, 0.0007999999999999898, 0.00019999999999999746, 0.0003999999999999949, 0.0003999999999999949, 9.999999999999873e-05, 0.0003999999999999949, 0.00019999999999999746, 9.999999999999873e-17, 9.999999999999873e-17, 9.999999999999873e-17, 9.999999999999873e-17, 9.999999999999873e-17, 9.999999999999873e-17, 9.999999999999873e-17, 9.999999999999873e-17, 9.999999999999873e-17, 9.999999999999873e-17, 9.999999999999873e-17, 9.999999999999873e-17, 9.999999999999873e-17, 9.999999999999873e-17, 9.999999999999873e-17, 9.999999999999873e-17], "profits": [1.0, 1.0, 1.0, 1.0, 1.0, 1.0, 1.0, 1.0, 1.0, 1.0, 1.0, 1.0, 1.0, 1.0, 1.0, 1.0, 1.0, 1.0, 1.0, 1.0, 1.0, 1.0, 1.0, 1.0, 1.0, 1.0, 1.0, 1.0, 1.0, 1.0, 1.0, 1.0, 1.0, 1.0, 1.0, 1.0, 1.0, 1.0, 1.0, 1.0, 1.0, 1.0, 1.0, 1.0, 1.0, 1.0, 1.0, 1.0, 1.0, 1.0, 1.0, 1.0, 1.0, 1.0, 1.0, 1.0, 1.0, 1.0, 1.0, 1.0, 1.0, 1.0, 1.0, 1.0, 1.0, 1.0, 1.0, 1.0, 1.0, 1.0, 1.0, 1.0, 1.0, 1.0, 1.0, 1.0, 1.0, 1.0, 1.0, 1.0, 1.0, 1.0, 1.0, 1.0, 1.0, 1.0, 1.0, 1.0, 1.0, 1.0, 1.0, 1.0, 1.0, 1.0, 1.0, 1.0, 1.0, 1.0, 1.0, 1.0, 1.0, 1.0, 1.0, 1.0, 1.0, 1.0, 1.0, 1.0, 1.0, 1.0, 1.0, 1.0, 1.0, 1.0, 1.0, 1.0, 1.0, 1.0, 1.0, 1.0, 1.0, 1.0, 1.0, 1.0, 1.0, 1.0, 1.0, 1.0, 1.0, 1.0, 1.0, 1.0, 1.0, 1.0, 1.0, 1.0, 1.0, 1.0, 1.0, 1.0, 1.0, 1.0, 1.0, 1.0, 1.0, 1.0, 1.0, 1.0, 1.0, 1.0, 1.0, 1.0, 1.0, 1.0, 1.0, 1.0, 1.0, 1.0, 1.0, 1.0, 1.0, 1.0, 1.0, 1.0, 1.0, 1.0, 1.0, 1.0, 1.0, 1.0, 1.0, 1.0, 1.0, 1.0, 1.0, 1.0, 1.0, 1.0, 1.0, 1.0, 1.0, 1.0, 1.0, 1.0, 1.0, 1.0, 1.0, 1.0, 1.0, 1.0, 1.0, 1.0, 1.0, 1.0, 1.0, 1.0, 1.0, 1.0, 1.0, 1.0], "min_weight": 0.95, "max_distance": 5}