{"n_items": 200, "weights": [9.999999999999888e-17, 9.999999999999888e-17, 9.999999999999888e-17, 9.999999999999888e-17, 9.999999999999888e-17, 9.999999999999888e-17, 9.999999999999888e-17, 9.999999999999888e-17, 9.999999999999888e-17, 9.999999999999888e-17, 9.999999999999888e-17, 9.999999999999888e-17, 9.999999999999888e-17, 9.999999999999888e-17, 9.999999999999888e-17, 9.999999999999888e-17, 9.999999999999888e-17, 9.999999999999888e-17, 9.999999999999888e-17, 9.999999999999888e-17, 9.999999999999888e-17, 9.999999999999888e-17, 9.999999999999888e-17, 9.999999999999888e-17, 9.999999999999888e-17, 9.999999999999888e-17, 9.999999999999888e-17, 9.999999999999888e-17, 9.999999999999888e-17, 9.999999999999888e-17, 9.999999999999888e-17, 9.999999999999888e-17, 9.999999999999888e-17, 9.999999999999888e-17, 9.999999999999888e-17, 9.999999999999888e-17, 9.999999999999888e-17, 9.999999999999888e-17, 9.999999999999888e-17, 9.999999999999888e-17, 9.999999999999888e-17, 9.999999999999888e-17, 9.999999999999888e-17, 9.999999999999888e-17, 9.999999999999888e-17, 9.999999999999888e-17, 9.999999999999888e-17, 9.999999999999888e-17, 9.999999999999888e-17, 9.999999999999888e-17, 9.999999999999888e-17, 9.999999999999888e-17, 9.999999999999888e-17, 9.999999999999888e-17, 9.999999999999888e-17, 9.999999999999888e-17, 9.999999999999888e-17, 9.999999999999887e-05, 0.0002999999999999966, 0.0004999999999999944, 0.00039999999999999547, 0.0004999999999999944, 0.0014999999999999831, 0.002299999999999974, 0.0031999999999999637, 0.003799999999999957, 0.004499999999999949, 0.006099999999999931, 0.009099999999999898, 0.012099999999999864, 0.014499999999999836, 0.01679999999999981, 0.019699999999999777, 0.024899999999999717, 0.02399999999999973, 0.028799999999999677, 0.02939999999999967, 0.031199999999999648, 0.03199999999999964, 0.031699999999999645, 0.02919999999999967, 0.02849999999999968, 0.026099999999999707, 0.025299999999999715, 0.019599999999999777, 0.01599999999999982, 0.013899999999999843, 0.010499999999999881, 0.00789999999999991, 0.005699999999999936, 0.00619999999999993, 0.004699999999999947, 0.002599999999999971, 0.002299999999999974, 0.0013999999999999842, 0.0009999999999999887, 0.0010999999999999875, 0.00019999999999999773, 0.00019999999999999773, 9.999999999999887e-05, 9.999999999999887e-05, 9.999999999999888e-17, 9.999999999999888e-17, 9.999999999999888e-17, 9.999999999999888e-17, 9.999999999999888e-17, 9.999999999999888e-17, 9.999999999999888e-17, 9.999999999999888e-17, 9.999999999999888e-17, 9.999999999999888e-17, 9.999999999999888e-17, 9.999999999999888e-17, 9.999999999999888e-17, 9.999999999999888e-17, 9.999999999999887e-05, 9.999999999999888e-17, 0.00039999999999999547, 9.999999999999887e-05, 9.999999999999887e-05, 0.0007999999999999909, 0.0008999999999999899, 0.0013999999999999842, 0.002499999999999972, 0.0019999999999999775, 0.003799999999999957, 0.005699999999999936, 0.006299999999999929, 0.009799999999999889, 0.010499999999999881, 0.014799999999999832, 0.02049999999999977, 0.02129999999999976, 0.024499999999999723, 0.024899999999999717, 0.026299999999999702, 0.02919999999999967, 0.03089999999999965, 0.03189999999999964, 0.030599999999999655, 0.030799999999999654, 0.032099999999999636, 0.02409999999999973, 0.02149999999999976, 0.020799999999999767, 0.01579999999999982, 0.012899999999999854, 0.012199999999999862, 0.006999999999999921, 0.007399999999999916, 0.005699999999999936, 0.0029999999999999662, 0.002599999999999971, 0.002299999999999974, 0.0006999999999999921, 0.0005999999999999932, 0.00039999999999999547, 0.0002999999999999966, 0.00039999999999999547, 9.999999999999888e-17, 9.999999999999888e-17, 9.999999999999888e-17, 9.999999999999887e-05, 9.999999999999888e-17, 9.999999999999888e-17, 9.999999999999888e-17, 9.999999999999888e-17, 9.999999999999888e-17, 9.999999999999888e-17, 9.999999999999888e-17, 9.999999999999888e-17, 9.999999999999888e-17, 9.999999999999888e-17, 9.999999999999888e-17, 9.999999999999888e-17, 9.999999999999888e-17, 9.999999999999888e-17, 9.999999999999888e-17, 9.999999999999888e-17, 9.999999999999888e-17, 9.999999999999888e-17, 9.999999999999888e-17, 9.999999999999888e-17, 9.999999999999888e-17, 9.999999999999888e-17, 9.999999999999888e-17, 9.999999999999888e-17, 9.999999999999888e-17, 9.999999999999888e-17, 9.999999999999888e-17, 9.999999999999888e-17, 9.999999999999888e-17, 9.999999999999888e-17, 9.999999999999888e-17, 9.999999999999888e-17, 9.999999999999888e-17, 9.999999999999888e-17, 9.999999999999888e-17, 9.999999999999888e-17, 9.999999999999888e-17], "profits": [1.0, 1.0, 1.0, 1.0, 1.0, 1.0, 1.0, 1.0, 1.0, 1.0, 1.0, 1.0, 1.0, 1.0, 1.0, 1.0, 1.0, 1.0, 1.0, 1.0, 1.0, 1.0, 1.0, 1.0, 1.0, 1.0, 1.0, 1.0, 1.0, 1.0, 1.0, 1.0, 1.0, 1.0, 1.0, 1.0, 1.0, 1.0, 1.0, 1.0, 1.0, 1.0, 1.0, 1.0, 1.0, 1.0, 1.0, 1.0, 1.0, 1.0, 1.0, 1.0, 1.0, 1.0, 1.0, 1.0, 1.0, 1.0, 1.0, 1.0, 1.0, 1.0, 1.0, 1.0, 1.0, 1.0, 1.0, 1.0, 1.0, 1.0, 1.0, 1.0, 1.0, 1.0, 1.0, 1.0, 1.0, 1.0, 1.0, 1.0, 1.0, 1.0, 1.0, 1.0, 1.0, 1.0, 1.0, 1.0, 1.0, 1.0, 1.0, 1.0, 1.0, 1.0, 1.0, 1.0, 1.0, 1.0, 1.0, 1.0, 1.0, 1.0, 1.0, 1.0, 1.0, 1.0, 1.0, 1.0, 1.0, 1.0, 1.0, 1.0, 1.0, 1.0, 1.0, 1.0, 1.0, 1.0, 1.0, 1.0, 1.0, 1.0, 1.0, 1.0, 1.0, 1.0, 1.0, 1.0, 1.0, 1.0, 1.0, 1.0, 1.0, 1.0, 1.0, 1.0, 1.0, 1.0, 1.0, 1.0, 1.0, 1.0, 1.0, 1.0, 1.0, 1.0, 1.0, 1.0, 1.0, 1.0, 1.0, 1.0, 1.0, 1.0, 1.0, 1.0, 1.0, 1.0, 1.0, 1.0, 1.0, 1.0, 1.0, 1.0, 1.0, 1.0, 1.0, 1.0, 1.0, 1.0, 1.0, 1.0, 1.0, 1.0, 1.0, 1.0, 1.0, 1.0, 1.0, 1.0, 1.0, 1.0, 1.0, 1.0, 1.0, 1.0, 1.0, 1.0, 1.0, 1.0, 1.0, 1.0, 1.0, 1.0, 1.0, 1.0, 1.0, 1.0, 1.0, 1.0], "min_weight": 0.95, "max_distance": 5}