{"n_items": 200, "weights": [9.999999999999967e-17, 9.999999999999967e-17, 9.999999999999967e-17, 9.999999999999967e-17, 9.999999999999967e-17, 9.999999999999967e-17, 9.999999999999967e-17, 9.999999999999967e-17, 9.999999999999967e-17, 9.999999999999967e-17, 9.999999999999967e-17, 9.999999999999967e-17, 9.999999999999967e-17, 9.999999999999967e-05, 9.999999999999967e-17, 9.999999999999967e-17, 9.999999999999967e-17, 9.999999999999967e-17, 9.999999999999967e-17, 9.999999999999967e-05, 9.999999999999967e-17, 9.999999999999967e-05, 9.999999999999967e-05, 9.999999999999967e-17, 0.000299999999999999, 9.999999999999967e-05, 0.00019999999999999933, 9.999999999999967e-05, 0.000299999999999999, 9.999999999999967e-05, 0.000299999999999999, 0.000599999999999998, 0.00019999999999999933, 0.000299999999999999, 0.0004999999999999984, 0.00039999999999999866, 0.0004999999999999984, 0.00039999999999999866, 0.000299999999999999, 0.0006999999999999977, 0.0004999999999999984, 0.000899999999999997, 0.000899999999999997, 0.000599999999999998, 0.001199999999999996, 0.0010999999999999964, 0.000299999999999999, 0.0009999999999999968, 0.0012999999999999958, 0.002399999999999992, 0.0012999999999999958, 0.0013999999999999954, 0.002399999999999992, 0.001799999999999994, 0.0022999999999999926, 0.0025999999999999916, 0.002399999999999992, 0.002399999999999992, 0.003399999999999989, 0.0031999999999999893, 0.003399999999999989, 0.0038999999999999872, 0.004599999999999985, 0.0034999999999999884, 0.005299999999999983, 0.004799999999999984, 0.005599999999999982, 0.004999999999999984, 0.005699999999999981, 0.005199999999999983, 0.005599999999999982, 0.005799999999999981, 0.007599999999999975, 0.006499999999999979, 0.008399999999999972, 0.007999999999999974, 0.006699999999999978, 0.009599999999999968, 0.009699999999999969, 0.010199999999999966, 0.010799999999999964, 0.010399999999999967, 0.010199999999999966, 0.011099999999999964, 0.011299999999999963, 0.01239999999999996, 0.012199999999999961, 0.012599999999999958, 0.013499999999999956, 0.014999999999999951, 0.014399999999999953, 0.016499999999999945, 0.012999999999999958, 0.014099999999999955, 0.01539999999999995, 0.015599999999999949, 0.013299999999999956, 0.01519999999999995, 0.01809999999999994, 0.01589999999999995, 0.014899999999999951, 0.016099999999999948, 0.014699999999999953, 0.016799999999999943, 0.01799999999999994, 0.014699999999999953, 0.016099999999999948, 0.016199999999999947, 0.016399999999999946, 0.01569999999999995, 0.014899999999999951, 0.01799999999999994, 0.014999999999999951, 0.015599999999999949, 0.014799999999999952, 0.012899999999999958, 0.01779999999999994, 0.013899999999999954, 0.011699999999999962, 0.013999999999999953, 0.014399999999999953, 0.011799999999999962, 0.010599999999999965, 0.009999999999999967, 0.010799999999999964, 0.011799999999999962, 0.00919999999999997, 0.009499999999999969, 0.008799999999999971, 0.010699999999999965, 0.008299999999999972, 0.008199999999999973, 0.007199999999999976, 0.008799999999999971, 0.007299999999999976, 0.006899999999999977, 0.006799999999999978, 0.005299999999999983, 0.005699999999999981, 0.004799999999999984, 0.005299999999999983, 0.00619999999999998, 0.005499999999999982, 0.005399999999999982, 0.004199999999999986, 0.00619999999999998, 0.00309999999999999, 0.003599999999999988, 0.00309999999999999, 0.00309999999999999, 0.0018999999999999937, 0.0028999999999999907, 0.002399999999999992, 0.0022999999999999926, 0.002099999999999993, 0.0019999999999999935, 0.0018999999999999937, 0.002099999999999993, 0.0016999999999999945, 0.0012999999999999958, 0.0010999999999999964, 0.0007999999999999973, 0.000599999999999998, 0.0012999999999999958, 0.000899999999999997, 0.000599999999999998, 0.0007999999999999973, 0.0007999999999999973, 0.0004999999999999984, 0.0004999999999999984, 0.0007999999999999973, 0.00019999999999999933, 0.000299999999999999, 0.0007999999999999973, 0.0006999999999999977, 0.000599999999999998, 0.000299999999999999, 0.00019999999999999933, 9.999999999999967e-05, 9.999999999999967e-05, 0.00019999999999999933, 0.00019999999999999933, 0.00019999999999999933, 9.999999999999967e-17, 9.999999999999967e-17, 0.000299999999999999, 9.999999999999967e-05, 9.999999999999967e-05, 9.999999999999967e-17, 9.999999999999967e-17, 9.999999999999967e-17, 9.999999999999967e-17, 0.00019999999999999933, 9.999999999999967e-17, 9.999999999999967e-17, 9.999999999999967e-05, 9.999999999999967e-17, 9.999999999999967e-17, 9.999999999999967e-17, 9.999999999999967e-17], "profits": [1.0, 1.0, 1.0, 1.0, 1.0, 1.0, 1.0, 1.0, 1.0, 1.0, 1.0, 1.0, 1.0, 1.0, 1.0, 1.0, 1.0, 1.0, 1.0, 1.0, 1.0, 1.0, 1.0, 1.0, 1.0, 1.0, 1.0, 1.0, 1.0, 1.0, 1.0, 1.0, 1.0, 1.0, 1.0, 1.0, 1.0, 1.0, 1.0, 1.0, 1.0, 1.0, 1.0, 1.0, 1.0, 1.0, 1.0, 1.0, 1.0, 1.0, 1.0, 1.0, 1.0, 1.0, 1.0, 1.0, 1.0, 1.0, 1.0, 1.0, 1.0, 1.0, 1.0, 1.0, 1.0, 1.0, 1.0, 1.0, 1.0, 1.0, 1.0, 1.0, 1.0, 1.0, 1.0, 1.0, 1.0, 1.0, 1.0, 1.0, 1.0, 1.0, 1.0, 1.0, 1.0, 1.0, 1.0, 1.0, 1.0, 1.0, 1.0, 1.0, 1.0, 1.0, 1.0, 1.0, 1.0, 1.0, 1.0, 1.0, 1.0, 1.0, 1.0, 1.0, 1.0, 1.0, 1.0, 1.0, 1.0, 1.0, 1.0, 1.0, 1.0, 1.0, 1.0, 1.0, 1.0, 1.0, 1.0, 1.0, 1.0, 1.0, 1.0, 1.0, 1.0, 1.0, 1.0, 1.0, 1.0, 1.0, 1.0, 1.0, 1.0, 1.0, 1.0, 1.0, 1.0, 1.0, 1.0, 1.0, 1.0, 1.0, 1.0, 1.0, 1.0, 1.0, 1.0, 1.0, 1.0, 1.0, 1.0, 1.0, 1.0, 1.0, 1.0, 1.0, 1.0, 1.0, 1.0, 1.0, 1.0, 1.0, 1.0, 1.0, 1.0, 1.0, 1.0, 1.0, 1.0, 1.0, 1.0, 1.0, 1.0, 1.0, 1.0, 1.0, 1.0, 1.0, 1.0, 1.0, 1.0, 1.0, 1.0, 1.0, 1.0, 1.0, 1.0, 1.0, 1.0, 1.0, 1.0, 1.0, 1.0, 1.0, 1.0, 1.0, 1.0, 1.0, 1.0, 1.0], "min_weight": 0.95, "max_distance": 3}