{"n_items": 600, "weights": [0.0015385296319539723, 0.001809766612850181, 0.0012148501373809302, 0.002377373318341271, 0.0015297665685629672, 0.0013207793548639308, 0.001968937474181352, 0.0020949527919813427, 0.0017458730726739985, 0.0016781775004755812, 0.0016992728958453228, 0.001334579843946365, 0.001476970063496732, 0.0012765712241365578, 0.0014862927394861706, 0.0019946785491261874, 0.0017187139622167615, 0.001638653371870247, 0.0011431435864966877, 0.0015643979753716248, 0.00190952790911238, 0.0018311424104685433, 0.0018184835393961964, 0.002353032956506834, 0.0013666267468163574, 0.0016050766548769066, 0.0018743442750812015, 0.0011146299406447453, 0.0014997414566262338, 0.0017922841052734756, 0.001505657350110996, 0.0019455624732850933, 0.0020417416880531723, 0.0014305557582547513, 0.002226981428120699, 0.0020630430670349775, 0.0016786545374001404, 0.0016068770778189768, 0.001074026116590808, 0.0028003677718725036, 0.0009728102296814468, 0.0011483917240650307, 0.001923420206610839, 0.001198063070071427, 0.001637979522464462, 0.001596836494740273, 0.0014078387159890643, 0.001357333574832631, 0.0021218241384170734, 0.002361311751043103, 0.002099143425683357, 0.0018572619466402011, 0.002047329260540189, 0.0015937159100679749, 0.0018250512914170184, 0.0008930406149383268, 0.002124055809177595, 0.001909583025975201, 0.001882179886285653, 0.00110986618459451, 0.0016218509545272654, 0.0013153386425512066, 0.0015231726073390687, 0.0014267419168054447, 0.0017766594148474935, 0.0020269931021254105, 0.0012488852768043966, 0.0020901673182776633, 0.0008751516880632966, 0.0014925138101237623, 0.001602087661403066, 0.0009480894758168412, 0.0013150664447888804, 0.002371134409200933, 0.0018367762158396496, 0.001402183430580648, 0.0022275040123491525, 0.0017150777676009853, 0.0015383800062643968, 0.001391534525289202, 0.0016532743317764847, 0.002353887115901207, 0.0014948528344652075, 0.0012756044884630906, 0.0020364191540808434, 0.001448773129742179, 0.001354709677706139, 0.0014210481384776849, 0.0019605435297696287, 0.0009990953036483291, 0.0021449224384229005, 0.002085785592146336, 0.0012071378832003944, 0.0019446435336012082, 0.00153736045434572, 0.0015829933100750732, 0.0015862884206589631, 0.0019056960633355886, 0.0022136016407117765, 0.0016431720342342465, 0.0029687385049133284, 0.001651945964975258, 0.0014327780723881374, 0.0012620986439055093, 0.0014043012785353393, 0.0014618042975581827, 0.0015181312794790224, 0.0018423824916028893, 0.0019385704700039088, 0.0018155312887805344, 0.0019338935946358266, 0.001727813148495192, 0.0010543238772808975, 0.0019062828776371748, 0.0011918115069344622, 0.0011964417718208673, 0.0019585606094664203, 0.0018503974041096827, 0.0011066270037365384, 0.001676793041950495, 0.0012743747295192688, 0.0016345513744103828, 0.0012938400029936772, 0.0012864454540417937, 0.0014982015489805678, 0.0019162606874997014, 0.0016388224986060619, 0.002198742650299347, 0.0015444473930561183, 0.0013411308583538247, 0.001257625548062461, 0.001378237051919929, 0.001303867657633841, 0.0009410254560652591, 0.0016098281061080525, 0.0023622088464906052, 0.0016813727028380844, 0.002728471721363228, 0.0012120018804264376, 0.0025906033650531716, 0.0018192766380369556, 0.0010535642543134716, 0.0011266628406774461, 0.0021210276197152693, 0.0022939838855694145, 0.0013735042155109743, 0.0012951304507020829, 0.0018432773161976687, 0.0018869983732852753, 0.0016085077248636428, 0.0011923326481574415, 0.0014026711250791646, 0.0020801496755704705, 0.002072902844808212, 0.0027416655783906647, 0.0008140743952012896, 0.0010995466319106508, 0.002558839231428995, 0.0014203791107378627, 0.0018768831248075365, 0.0024050940015605086, 0.0015397737367310574, 0.0018805699903266873, 0.001409322557208795, 0.0015867296287867259, 0.001407563857186651, 0.0019153163664200612, 0.0023702044365144456, 0.0017396191723692417, 0.0016408264611097612, 0.0021432937361925905, 0.0017969869678645307, 0.0015958704110306718, 0.0016962312957535556, 0.0014319169799904801, 0.0008065380897204171, 0.001819663389200069, 0.0013649068451922024, 0.002123965374769102, 0.0021335850959350146, 0.0008135032519749814, 0.0017156360378239293, 0.00256927634676728, 0.0011902356812454615, 0.0019985948788943508, 0.0008211146053967171, 0.0018386704387793958, 0.0018089005086954092, 0.002163507538744824, 0.0015681989016857966, 0.0013596989774496983, 0.0021188525381972273, 0.0012481540447961792, 0.0020010953524397944, 0.0023663219702826366, 0.001524589749731738, 0.0009804158278552474, 0.0017644771388458077, 0.0017202795108691715, 0.0021965782094898797, 0.001416565441818247, 0.0018793678564616135, 0.0019750253044365355, 0.0015691722911130466, 0.0019390927423898888, 0.001066007412850763, 0.0020928200189339824, 0.0016642496597551943, 0.0011853933168095526, 0.0009031176648185351, 0.0012429945989937935, 0.001166547497568888, 0.0023847365010194626, 0.0016185902453760815, 0.0011530326324907263, 0.0015010106509930688, 0.0011286398809355108, 0.0018712859747839882, 0.001621731081585721, 0.001982773772563678, 0.002015770374340442, 0.0015075365453464367, 0.0014059933259807041, 0.0019180004422128106, 0.0019563148942699404, 0.0016269067790940159, 0.00180183592914331, 0.0017500383371903507, 0.0020668646140575113, 0.0014662488810456903, 0.001913750600409726, 0.001429726630546543, 0.001865560708224136, 0.001960757340352276, 0.0013780813564058883, 0.0019253540950146782, 0.0018296131961300754, 0.0021332493766117087, 0.0014614739271224613, 0.0016587911573575707, 0.0016865310769385389, 0.002515687989071805, 0.002251870597444797, 0.0017186244372244188, 0.000957844691925736, 0.001881086608655466, 0.0021117166804924523, 0.001371808369003117, 0.0015561748255309875, 0.0017322941326281642, 0.0014140637272129434, 0.0023268372587542403, 0.0015241204672898701, 0.0022041896660990943, 0.0007817417372466468, 0.0015448521140030557, 0.0020198198295568377, 0.001683857886482884, 0.0016935855787933345, 0.0018883780598804207, 0.0018622358916445547, 0.0027437159788161795, 0.0010610330153535935, 0.0013365642193158807, 0.0015112177113811678, 0.001425941922080124, 0.0018573344901738082, 0.001265381020172337, 0.0017683050781976107, 0.0016341157213001513, 0.001988178260612988, 0.0012506591141361642, 0.00108649562775408, 0.0013099080967643709, 0.0018241289110857595, 0.0015857071533570458, 0.0018631629454957492, 0.002167085485553675, 0.002193362817218409, 0.0016415032399726545, 0.0017014299185925006, 0.0017532349842993864, 0.001505444353913993, 0.0024036152576725617, 0.0017356364832330782, 0.0023034161890170797, 0.001813981641670799, 0.0017348454645147939, 0.001737840195251911, 0.0009750449847301961, 0.001753575088569881, 0.0014984024056136566, 0.0019893688681721596, 0.0010751505313940707, 0.0014825495926042004, 0.0018972347678095443, 0.0015089844669833848, 0.00211372766417032, 0.00204108139525581, 0.002932035926909917, 0.0013093366447316569, 0.00162166854306605, 0.0016847042802072, 0.0012242946198809297, 0.0016487765682923537, 0.0016425101527042154, 0.00223666541809347, 0.0019881652048807617, 0.0014337964473347552, 0.0017673531136795204, 0.0007442383408070748, 0.002673453345171, 0.001836618642972093, 0.00146345810158129, 0.0017965331662014954, 0.0018021502809014663, 0.0017396371732362281, 0.0020056807773503205, 0.0016812611894650319, 0.001572589163511661, 0.0014286554577676795, 0.0023527740441545426, 0.0011869047034970366, 0.0009241432446784277, 0.0013962800108380067, 0.0008174369580277764, 0.0016106342401302689, 0.0012945477253252136, 0.0009128385633448801, 0.0013380481739969528, 0.0018432643226595797, 0.001134950939776778, 0.0011012401152118386, 0.0012477909943999941, 0.000552798696480681, 0.0014867659727720835, 0.0007416338018644015, 0.0016715719153574202, 0.001700669265099749, 0.001328728076730838, 0.00154674403989713, 0.001696497006347082, 0.0016524134107992548, 0.0012865569698218627, 0.0018024141717009562, 0.001338484779313559, 0.001085166749967601, 0.0017419566545539941, 0.0016527759344612616, 0.0010430495638638698, 0.0014204053199020285, 