{"n_items": 400, "weights": [9.999999999999828e-17, 9.999999999999828e-17, 9.999999999999828e-17, 9.999999999999828e-17, 9.999999999999828e-17, 9.999999999999828e-17, 9.999999999999828e-17, 9.999999999999828e-17, 9.999999999999828e-17, 9.999999999999828e-17, 9.999999999999828e-17, 9.999999999999828e-17, 9.999999999999828e-17, 9.999999999999828e-17, 9.999999999999828e-17, 9.999999999999828e-17, 9.999999999999828e-17, 9.999999999999828e-17, 9.999999999999828e-17, 9.999999999999828e-17, 9.999999999999828e-17, 9.999999999999828e-17, 9.999999999999828e-17, 9.999999999999828e-17, 9.999999999999828e-17, 9.999999999999828e-17, 9.999999999999828e-17, 9.999999999999828e-17, 9.999999999999828e-17, 9.999999999999828e-17, 9.999999999999828e-17, 9.999999999999828e-17, 9.999999999999828e-17, 9.999999999999828e-17, 9.999999999999828e-17, 9.999999999999828e-17, 9.999999999999828e-17, 9.999999999999828e-17, 9.999999999999828e-17, 9.999999999999828e-17, 9.999999999999828e-17, 9.999999999999828e-17, 9.999999999999828e-17, 9.999999999999828e-17, 9.999999999999828e-17, 9.999999999999828e-17, 9.999999999999828e-17, 9.999999999999828e-17, 9.999999999999828e-17, 9.999999999999828e-17, 9.999999999999828e-17, 9.999999999999828e-17, 9.999999999999828e-17, 9.999999999999828e-17, 9.999999999999828e-17, 9.999999999999828e-17, 9.999999999999828e-17, 9.999999999999828e-17, 9.999999999999828e-17, 9.999999999999828e-17, 9.999999999999828e-17, 9.999999999999828e-17, 9.999999999999828e-17, 9.999999999999828e-17, 9.999999999999828e-17, 9.999999999999828e-17, 9.999999999999828e-17, 9.999999999999828e-17, 9.999999999999828e-17, 9.999999999999828e-05, 9.999999999999828e-17, 9.999999999999828e-05, 9.999999999999828e-17, 9.999999999999828e-17, 9.999999999999828e-17, 9.999999999999828e-17, 0.0002999999999999949, 0.00039999999999999313, 9.999999999999828e-05, 9.999999999999828e-17, 0.00019999999999999657, 0.00019999999999999657, 0.00039999999999999313, 9.999999999999828e-05, 0.00019999999999999657, 9.999999999999828e-05, 0.00019999999999999657, 0.00019999999999999657, 0.0004999999999999914, 0.0006999999999999881, 0.00039999999999999313, 0.00039999999999999313, 0.0002999999999999949, 0.0008999999999999846, 0.0004999999999999914, 0.0006999999999999881, 0.00039999999999999313, 0.0014999999999999744, 0.0012999999999999778, 0.0006999999999999881, 0.0007999999999999863, 0.0011999999999999795, 0.0005999999999999898, 0.0010999999999999812, 0.0018999999999999675, 0.0007999999999999863, 0.0018999999999999675, 0.0007999999999999863, 0.0021999999999999624, 0.0014999999999999744, 0.0010999999999999812, 0.0014999999999999744, 0.0027999999999999523, 0.0025999999999999556, 0.0022999999999999605, 0.0025999999999999556, 0.003099999999999947, 0.0034999999999999402, 0.002499999999999957, 0.003699999999999937, 0.003799999999999935, 0.004399999999999925, 0.003699999999999937, 0.004799999999999918, 0.0046999999999999195, 0.004199999999999929, 0.004399999999999925, 0.005199999999999911, 0.0060999999999998954, 0.0046999999999999195, 0.005699999999999902, 0.004599999999999921, 0.0060999999999998954, 0.005799999999999901, 0.006599999999999887, 0.008399999999999857, 0.005799999999999901, 0.006899999999999882, 0.007199999999999877, 0.006199999999999894, 0.007799999999999867, 0.005699999999999902, 0.008999999999999847, 0.007899999999999865, 0.006799999999999883, 0.009599999999999836, 0.007399999999999874, 0.0069999999999998804, 0.007899999999999865, 0.008899999999999847, 0.007899999999999865, 0.00759999999999987, 0.007099999999999879, 0.009099999999999844, 0.00639999999999989, 0.007899999999999865, 0.007899999999999865, 0.007899999999999865, 0.007099999999999879, 0.0069999999999998804, 0.008699999999999852, 0.008699999999999852, 0.0062999999999998925, 0.007799999999999867, 0.009099999999999844, 0.005999999999999898, 0.008699999999999852, 0.008399999999999857, 0.006899999999999882, 0.007499999999999871, 0.00639999999999989, 0.006499999999999889, 0.0060999999999998954, 0.006799999999999883, 0.004999999999999914, 0.005299999999999909, 0.0060999999999998954, 0.005499999999999906, 0.006699999999999886, 0.005699999999999902, 0.0060999999999998954, 0.005199999999999911, 0.005899999999999899, 0.004199999999999929, 0.005099999999999913, 0.0053999999999999075, 0.005199999999999911, 0.005499999999999906, 0.004999999999999914, 0.005799999999999901, 0.006599999999999887, 0.005899999999999899, 0.005499999999999906, 0.005499999999999906, 0.004799999999999918, 0.006699999999999886, 0.0053999999999999075, 0.005199999999999911, 0.005999999999999898, 0.005499999999999906, 0.005999999999999898, 0.006499999999999889, 0.005699999999999902, 0.006699999999999886, 0.007099999999999879, 0.006899999999999882, 0.007399999999999874, 0.007399999999999874, 0.0062999999999998925, 0.007499999999999871, 0.006799999999999883, 0.0062999999999998925, 0.006199999999999894, 0.006799999999999883, 0.008299999999999858, 0.009199999999999842, 0.007399999999999874, 0.007199999999999877, 0.00639999999999989, 0.008399999999999857, 0.007999999999999863, 0.008599999999999853, 0.008499999999999855, 0.00819999999999986, 0.008499999999999855, 0.007099999999999879, 0.008399999999999857, 0.008399999999999857, 0.008699999999999852, 0.007399999999999874, 0.007999999999999863, 0.00819999999999986, 0.007899999999999865, 0.00759999999999987, 0.007399999999999874, 0.006599999999999887, 0.0062999999999998925, 0.007899999999999865, 0.007399999999999874, 0.006599999999999887, 0.005899999999999899, 0.0062999999999998925, 0.0060999999999998954, 0.006899999999999882, 0.005499999999999906, 0.005499999999999906, 0.007199999999999877, 0.005799999999999901, 0.00409999999999993, 0.005799999999999901, 0.0053999999999999075, 0.004899999999999917, 0.0055999999999999045, 0.004199999999999929, 0.005199999999999911, 0.004199999999999929, 0.004299999999999926, 0.0033999999999999417, 0.003199999999999945, 0.002499999999999957, 0.0033999999999999417, 0.0022999999999999605, 0.0021999999999999624, 0.0020999999999999643, 0.0026999999999999537, 0.0027999999999999523, 0.0028999999999999504, 0.0014999999999999744, 0.0014999999999999744, 0.0020999999999999643, 0.0012999999999999778, 0.0019999999999999658, 0.0010999999999999812, 0.0006999999999999881, 0.0005999999999999898, 0.0004999999999999914, 0.0006999999999999881, 0.0007999999999999863, 0.0008999999999999846, 0.0009999999999999829, 0.0007999999999999863, 0.0005999999999999898, 0.0012999999999999778, 0.0006999999999999881, 0.00019999999999999657, 9.999999999999828e-05, 0.0004999999999999914, 0.00039999999999999313, 0.00019999999999999657, 0.0002999999999999949, 0.0002999999999999949, 0.00019999999999999657, 9.999999999999828e-05, 9.999999999999828e-05, 9.999999999999828e-05, 0.0002999999999999949, 9.999999999999828e-05, 9.999999999999828e-05, 9.999999999999828e-17, 0.00019999999999999657, 0.00019999999999999657, 0.00019999999999999657, 9.999999999999828e-17, 9.999999999999828e-17, 9.999999999999828e-17, 0.00019999999999999657, 9.999999999999828e-17, 9.999999999999828e-17, 9.999999999999828e-17, 9.999999999999828e-17, 9.999999999999828e-05, 9.999999999999828e-17, 9.999999999999828e-05, 9.999999999999828e-17, 9.999999999999828e-17, 9.999999999999828e-17, 9.999999999999828e-17, 9.999999999999828e-17, 9.999999999999828e-17, 9.999999999999828e-17, 9.999999999999828e-17, 9.999999999999828e-17, 9.999999999999828e-17, 9.999999999999828e-17, 9.999999999999828e-17, 9.999999999999828e-17, 9.999999999999828e-17, 9.999999999999828e-17, 9.999999999999828e-17, 9.999999999999828e-17, 9.999999999999828e-17, 9.999999999999828e-17, 9.999999999999828e-17, 9.999999999999828e-17, 9.999999999999828e-17, 9.999999999999828e-17, 9.999999999999828e-17, 9.999999999999828e-17, 9.999999999999828e-17, 9.999999999999828e-17, 9.999999999999828e-17, 9.999999999999828e-17, 9.999999999999828e-17, 9.999999999999828e-17, 9.999999999999828e-17, 9.999999999999828e-17, 9.999999999999828e-17, 9.999999999999828e-17, 9.999999999999828e-17, 9.999999999999828e-17, 9.999999999999828e-17, 