{"n_items": 600, "weights": [9.999999999999526e-17, 9.999999999999526e-17, 9.999999999999526e-17, 9.999999999999526e-17, 9.999999999999526e-17, 9.999999999999526e-17, 9.999999999999526e-17, 9.999999999999526e-17, 9.999999999999526e-17, 9.999999999999526e-17, 9.999999999999526e-17, 9.999999999999526e-17, 9.999999999999526e-17, 9.999999999999526e-17, 9.999999999999526e-17, 9.999999999999526e-17, 9.999999999999526e-17, 9.999999999999526e-17, 9.999999999999526e-17, 9.999999999999526e-17, 9.999999999999526e-17, 9.999999999999526e-17, 9.999999999999526e-17, 9.999999999999526e-17, 9.999999999999526e-17, 9.999999999999526e-17, 9.999999999999526e-17, 9.999999999999526e-17, 9.999999999999526e-17, 9.999999999999526e-17, 9.999999999999526e-17, 9.999999999999526e-17, 9.999999999999526e-17, 9.999999999999526e-17, 9.999999999999526e-17, 9.999999999999526e-17, 9.999999999999526e-17, 9.999999999999526e-17, 9.999999999999526e-17, 9.999999999999526e-17, 9.999999999999526e-17, 9.999999999999526e-17, 9.999999999999526e-17, 9.999999999999526e-17, 9.999999999999526e-17, 9.999999999999526e-17, 9.999999999999526e-17, 9.999999999999526e-17, 9.999999999999526e-17, 9.999999999999526e-17, 9.999999999999526e-17, 9.999999999999526e-17, 9.999999999999526e-17, 9.999999999999526e-17, 9.999999999999526e-17, 9.999999999999526e-17, 9.999999999999526e-17, 9.999999999999526e-17, 9.999999999999526e-17, 9.999999999999526e-17, 9.999999999999526e-17, 9.999999999999526e-17, 9.999999999999526e-17, 9.999999999999526e-17, 9.999999999999526e-17, 9.999999999999526e-17, 9.999999999999526e-17, 9.999999999999526e-17, 9.999999999999526e-17, 9.999999999999526e-17, 9.999999999999526e-17, 9.999999999999526e-17, 9.999999999999526e-17, 9.999999999999526e-17, 9.999999999999526e-17, 9.999999999999526e-17, 9.999999999999526e-17, 9.999999999999526e-17, 9.999999999999526e-17, 9.999999999999526e-17, 9.999999999999526e-17, 9.999999999999526e-17, 9.999999999999526e-17, 9.999999999999526e-17, 9.999999999999526e-17, 9.999999999999526e-17, 9.999999999999526e-17, 9.999999999999526e-17, 9.999999999999526e-17, 9.999999999999526e-17, 9.999999999999526e-17, 9.999999999999526e-17, 9.999999999999526e-17, 9.999999999999526e-17, 9.999999999999526e-17, 9.999999999999526e-17, 9.999999999999526e-17, 9.999999999999526e-17, 9.999999999999526e-17, 9.999999999999526e-17, 9.999999999999526e-17, 9.999999999999526e-17, 9.999999999999526e-17, 9.999999999999526e-17, 9.999999999999526e-17, 9.999999999999526e-17, 9.999999999999526e-17, 9.999999999999526e-17, 9.999999999999526e-17, 9.999999999999526e-17, 9.999999999999526e-17, 9.999999999999526e-17, 9.999999999999526e-17, 9.999999999999526e-17, 9.999999999999526e-17, 9.999999999999526e-17, 9.999999999999526e-17, 9.999999999999526e-17, 9.999999999999526e-17, 9.999999999999526e-17, 9.999999999999526e-17, 9.999999999999526e-17, 9.999999999999526e-17, 9.999999999999526e-17, 9.999999999999526e-17, 9.999999999999526e-17, 9.999999999999526e-17, 9.999999999999526e-17, 9.999999999999526e-17, 9.999999999999526e-17, 9.999999999999526e-17, 9.999999999999526e-17, 9.999999999999526e-17, 9.999999999999526e-17, 9.999999999999526e-17, 9.999999999999526e-17, 9.999999999999526e-17, 9.999999999999526e-17, 9.999999999999526e-17, 9.999999999999526e-17, 9.999999999999526e-17, 9.999999999999526e-17, 9.999999999999526e-17, 9.999999999999526e-17, 9.999999999999526e-17, 9.999999999999526e-17, 9.999999999999526e-17, 9.999999999999526e-17, 9.999999999999526e-17, 9.999999999999526e-17, 9.999999999999526e-17, 9.999999999999526e-17, 9.999999999999526e-17, 9.999999999999526e-17, 9.999999999999526e-17, 9.999999999999526e-17, 9.999999999999526e-17, 9.999999999999526e-17, 9.999999999999526e-17, 9.999999999999526e-17, 9.999999999999526e-17, 9.999999999999526e-17, 9.999999999999526e-17, 9.999999999999526e-17, 9.999999999999526e-17, 9.999999999999526e-17, 9.999999999999527e-05, 0.00019999999999999055, 9.999999999999526e-17, 9.999999999999526e-17, 9.999999999999526e-17, 9.999999999999526e-17, 9.999999999999526e-17, 9.999999999999526e-17, 0.00019999999999999055, 9.999999999999526e-17, 0.0002999999999999858, 9.999999999999527e-05, 9.999999999999527e-05, 0.0003999999999999811, 0.0003999999999999811, 0.0004999999999999764, 0.0004999999999999764, 0.0004999999999999764, 0.0005999999999999716, 0.0004999999999999764, 0.0004999999999999764, 0.0003999999999999811, 0.0009999999999999527, 0.001099999999999948, 0.0011999999999999433, 0.0007999999999999622, 0.0015999999999999244, 0.002599999999999877, 0.002599999999999877, 0.0028999999999998628, 0.002699999999999872, 0.003299999999999844, 0.003199999999999849, 0.0033999999999998393, 0.003999999999999811, 0.003999999999999811, 0.0037999999999998204, 0.004999999999999763, 0.005299999999999749, 0.007099999999999664, 0.007099999999999664, 0.007299999999999655, 0.007099999999999664, 0.009799999999999537, 0.008799999999999584, 0.010999999999999479, 0.009999999999999527, 0.010399999999999509, 0.01289999999999939, 0.012099999999999427, 0.013799999999999348, 0.013799999999999348, 0.014899999999999296, 0.017499999999999172, 0.0168999999999992, 0.01729999999999918, 0.017399999999999177, 0.01929999999999909, 0.018099999999999145, 0.017399999999999177, 0.018499999999999125, 0.021899999999998965, 0.01839999999999913, 0.021199999999998997, 0.02049999999999903, 0.02069999999999902, 0.020399999999999033, 0.021999999999998958, 0.02219999999999895, 0.021899999999998965, 0.022799999999998922, 0.02069999999999902, 0.018899999999999105, 0.01939999999999908, 0.018899999999999105, 0.01929999999999909, 0.017399999999999177, 0.02149999999999898, 0.015299999999999276, 0.017199999999999188, 0.01669999999999921, 0.0168999999999992, 0.015799999999999252, 0.01669999999999921, 0.014199999999999328, 0.013999999999999338, 0.0126999999999994, 0.011799999999999441, 0.012099999999999427, 0.011299999999999465, 0.012099999999999427, 0.011699999999999447, 0.009599999999999546, 0.00949999999999955, 0.007999999999999622, 0.008599999999999594, 0.005299999999999749, 0.006899999999999674, 0.0057999999999997255, 0.0059999999999997165, 0.004299999999999797, 0.004899999999999768, 0.0038999999999998155, 0.004699999999999778, 0.0038999999999998155, 0.0023999999999998866, 0.0037999999999998204, 0.0023999999999998866, 0.003199999999999849, 0.001799999999999915, 0.0015999999999999244, 0.0020999999999999006, 0.0018999999999999102, 0.0007999999999999622, 0.0013999999999999338, 0.0009999999999999527, 0.001099999999999948, 0.0002999999999999858, 0.0009999999999999527, 0.0006999999999999669, 0.0005999999999999716, 0.0008999999999999575, 0.0004999999999999764, 0.0003999999999999811, 0.00019999999999999055, 0.00019999999999999055, 0.0006999999999999669, 9.999999999999526e-17, 0.00019999999999999055, 9.999999999999526e-17, 9.999999999999527e-05, 9.999999999999526e-17, 9.999999999999527e-05, 9.999999999999526e-17, 9.999999999999527e-05, 9.999999999999527e-05, 9.999999999999526e-17, 9.999999999999526e-17, 9.999999999999527e-05, 9.999999999999526e-17, 9.999999999999526e-17, 9.999999999999526e-17, 9.999999999999526e-17, 9.999999999999526e-17, 9.999999999999526e-17, 9.999999999999526e-17, 9.999999999999526e-17, 9.999999999999526e-17, 9.999999999999526e-17, 9.999999999999526e-17, 9.999999999999526e-17, 9.999999999999526e-17, 9.999999999999526e-17, 9.999999999999526e-17, 9.999999999999526e-17, 9.999999999999526e-17, 9.999999999999526e-17, 9.999999999999526e-17, 9.999999999999526e-17, 9.999999999999526e-17, 9.999999999999526e-17, 9.999999999999526e-17, 9.999999999999526e-17, 9.999999999999526e-17, 9.999999999999526e-17, 9.999999999999526e-17, 9.999999999999526e-17, 9.999999999999526e-17, 9.999999999999526e-17, 9.999999999999526e-17, 9.999999999999526e-17, 9.999999999999526e-17, 9.999999999999526e-17, 9.999999999999526e-17, 9.999999999999526e-17, 9.999999999999526e-17, 9.999999999999526e-17, 9.999999999999526e-17, 9.999999999999526e-17, 9.999999999999526e-17, 9.999999999999526e-17, 9.999999999999526e-17, 9.999999999999526e-17, 9.999999999999526e-17, 