{"n_items": 600, "weights": [9.999999999999785e-17, 9.999999999999785e-17, 9.999999999999785e-17, 9.999999999999785e-17, 9.999999999999785e-17, 9.999999999999785e-17, 9.999999999999785e-17, 9.999999999999785e-17, 9.999999999999785e-17, 9.999999999999785e-17, 9.999999999999785e-17, 9.999999999999785e-17, 9.999999999999785e-17, 9.999999999999785e-17, 9.999999999999785e-17, 9.999999999999785e-17, 9.999999999999785e-17, 9.999999999999785e-17, 9.999999999999785e-17, 9.999999999999785e-17, 9.999999999999785e-17, 9.999999999999785e-17, 9.999999999999785e-17, 9.999999999999785e-17, 9.999999999999785e-17, 9.999999999999785e-17, 9.999999999999785e-17, 9.999999999999785e-17, 9.999999999999785e-17, 9.999999999999785e-17, 9.999999999999785e-17, 9.999999999999785e-17, 9.999999999999785e-17, 9.999999999999785e-17, 9.999999999999785e-17, 9.999999999999785e-17, 9.999999999999785e-17, 9.999999999999785e-17, 9.999999999999785e-17, 9.999999999999785e-17, 9.999999999999785e-17, 9.999999999999785e-17, 9.999999999999785e-17, 9.999999999999785e-17, 9.999999999999785e-17, 9.999999999999785e-17, 9.999999999999785e-17, 9.999999999999785e-17, 9.999999999999785e-17, 9.999999999999785e-17, 9.999999999999785e-17, 9.999999999999785e-17, 9.999999999999785e-17, 9.999999999999785e-17, 9.999999999999785e-17, 9.999999999999785e-17, 9.999999999999785e-17, 9.999999999999785e-17, 9.999999999999785e-17, 9.999999999999785e-17, 9.999999999999785e-17, 9.999999999999785e-17, 9.999999999999785e-17, 9.999999999999785e-17, 9.999999999999785e-17, 9.999999999999785e-17, 9.999999999999785e-17, 9.999999999999785e-17, 9.999999999999785e-17, 9.999999999999785e-17, 9.999999999999785e-17, 9.999999999999785e-17, 9.999999999999785e-17, 9.999999999999785e-17, 9.999999999999785e-17, 9.999999999999785e-17, 9.999999999999785e-17, 9.999999999999785e-17, 9.999999999999785e-17, 9.999999999999785e-17, 9.999999999999785e-17, 9.999999999999785e-17, 9.999999999999785e-17, 9.999999999999785e-17, 9.999999999999785e-17, 9.999999999999785e-17, 9.999999999999785e-17, 9.999999999999785e-17, 9.999999999999785e-17, 9.999999999999785e-17, 9.999999999999785e-17, 9.999999999999785e-17, 9.999999999999785e-17, 9.999999999999785e-17, 9.999999999999785e-17, 9.999999999999785e-17, 9.999999999999785e-17, 9.999999999999785e-17, 9.999999999999785e-17, 9.999999999999785e-17, 9.999999999999785e-17, 9.999999999999785e-17, 9.999999999999785e-17, 9.999999999999785e-17, 9.999999999999785e-17, 9.999999999999785e-17, 9.999999999999785e-17, 9.999999999999785e-17, 9.999999999999785e-17, 9.999999999999785e-17, 9.999999999999785e-17, 9.999999999999785e-17, 9.999999999999785e-17, 9.999999999999785e-17, 9.999999999999785e-17, 9.999999999999785e-17, 9.999999999999785e-17, 9.999999999999785e-17, 9.999999999999785e-17, 9.999999999999785e-17, 9.999999999999785e-17, 9.999999999999785e-17, 9.999999999999785e-17, 9.999999999999785e-17, 9.999999999999785e-17, 9.999999999999785e-17, 9.999999999999785e-17, 9.999999999999785e-05, 9.999999999999785e-17, 9.999999999999785e-17, 9.999999999999785e-17, 9.999999999999785e-17, 9.999999999999785e-17, 9.999999999999785e-17, 9.999999999999785e-17, 9.999999999999785e-05, 9.999999999999785e-17, 9.999999999999785e-17, 9.999999999999785e-17, 9.999999999999785e-17, 9.999999999999785e-17, 9.999999999999785e-17, 9.999999999999785e-17, 9.999999999999785e-17, 0.0001999999999999957, 9.999999999999785e-05, 9.999999999999785e-05, 9.999999999999785e-05, 9.999999999999785e-17, 9.999999999999785e-17, 9.999999999999785e-17, 9.999999999999785e-17, 9.999999999999785e-05, 0.0003999999999999914, 0.0001999999999999957, 9.999999999999785e-17, 9.999999999999785e-05, 9.999999999999785e-17, 9.999999999999785e-05, 9.999999999999785e-05, 9.999999999999785e-17, 9.999999999999785e-17, 0.0001999999999999957, 9.999999999999785e-05, 9.999999999999785e-17, 0.0001999999999999957, 9.999999999999785e-17, 0.0001999999999999957, 0.0001999999999999957, 0.0001999999999999957, 0.0001999999999999957, 9.999999999999785e-17, 9.999999999999785e-05, 0.0002999999999999936, 9.999999999999785e-05, 9.999999999999785e-05, 0.0005999999999999872, 0.0004999999999999893, 0.0003999999999999914, 0.0003999999999999914, 0.0001999999999999957, 0.0007999999999999828, 0.0002999999999999936, 0.0003999999999999914, 0.0002999999999999936, 0.0002999999999999936, 0.0008999999999999807, 0.0006999999999999849, 0.0007999999999999828, 0.0003999999999999914, 0.0009999999999999786, 0.0007999999999999828, 0.0007999999999999828, 0.0010999999999999764, 0.0014999999999999677, 0.0004999999999999893, 0.0006999999999999849, 0.0018999999999999592, 0.0015999999999999656, 0.0011999999999999743, 0.0013999999999999698, 0.0013999999999999698, 0.0015999999999999656, 0.0014999999999999677, 0.0009999999999999786, 0.0013999999999999698, 0.0020999999999999548, 0.0017999999999999614, 0.001999999999999957, 0.0012999999999999722, 0.002699999999999942, 0.002199999999999953, 0.001999999999999957, 0.0025999999999999444, 0.0030999999999999335, 0.0032999999999999293, 0.002199999999999953, 0.003399999999999927, 0.0023999999999999486, 0.0027999999999999397, 0.002199999999999953, 0.002899999999999938, 0.0025999999999999444, 0.003199999999999931, 0.0027999999999999397, 0.003199999999999931, 0.0030999999999999335, 0.0029999999999999354, 0.003499999999999925, 0.003399999999999927, 0.004099999999999912, 0.0037999999999999185, 0.0032999999999999293, 0.0029999999999999354, 0.00509999999999989, 0.00509999999999989, 0.004799999999999897, 0.004299999999999908, 0.0037999999999999185, 0.005299999999999886, 0.004299999999999908, 0.005199999999999889, 0.005199999999999889, 0.004799999999999897, 0.004499999999999903, 0.005299999999999886, 0.004399999999999906, 0.0049999999999998926, 0.005299999999999886, 0.005799999999999876, 0.005999999999999871, 0.005499999999999882, 0.0037999999999999185, 0.004299999999999908, 0.005999999999999871, 0.004799999999999897, 0.004599999999999901, 0.006699999999999856, 0.005299999999999886, 0.004699999999999899, 0.0049999999999998926, 0.004499999999999903, 0.004799999999999897, 0.005799999999999876, 0.004599999999999901, 0.004099999999999912, 0.005499999999999882, 0.005399999999999884, 0.005699999999999878, 0.005399999999999884, 0.00509999999999989, 0.004599999999999901, 0.00649999999999986, 0.005899999999999873, 0.005299999999999886, 0.005299999999999886, 0.004299999999999908, 0.004799999999999897, 0.004499999999999903, 0.00509999999999989, 0.004899999999999895, 0.003899999999999916, 0.004099999999999912, 0.005199999999999889, 0.003999999999999914, 0.004399999999999906, 0.003999999999999914, 0.003999999999999914, 0.0035999999999999227, 0.002899999999999938, 0.003499999999999925, 0.0036999999999999204, 0.0035999999999999227, 0.0036999999999999204, 0.002699999999999942, 0.0035999999999999227, 0.0041999999999999095, 0.004099999999999912, 0.003499999999999925, 0.003999999999999914, 0.002899999999999938, 0.0030999999999999335, 0.003199999999999931, 0.002699999999999942, 0.0027999999999999397, 0.0016999999999999635, 0.0022999999999999505, 0.004099999999999912, 0.002899999999999938, 0.0017999999999999614, 0.0022999999999999505, 0.0023999999999999486, 0.002199999999999953, 0.0020999999999999548, 0.0024999999999999463, 0.002899999999999938, 0.0024999999999999463, 0.0016999999999999635, 0.0023999999999999486, 0.0014999999999999677, 0.0013999999999999698, 0.001999999999999957, 0.0017999999999999614, 0.0018999999999999592, 0.0013999999999999698, 0.0012999999999999722, 0.0012999999999999722, 0.0009999999999999786, 0.0011999999999999743, 0.0016999999999999635, 0.0011999999999999743, 0.0012999999999999722, 0.0008999999999999807, 0.0007999999999999828, 0.0011999999999999743, 0.0008999999999999807, 0.0005999999999999872, 0.0006999999999999849, 0.0004999999999999893, 0.0006999999999999849, 0.0008999999999999807, 0.0009999999999999786, 0.0008999999999999807, 0.0010999999999999764, 0.0008999999999999807, 0.0011999999999999743, 0.0005999999999999872, 0.0009999999999999786, 0.0002999999999999936, 0.0005999999999999872, 