{"n_items": 400, "weights": [9.99999999999992e-17, 9.99999999999992e-17, 9.99999999999992e-17, 9.99999999999992e-17, 9.99999999999992e-17, 9.99999999999992e-17, 9.99999999999992e-17, 9.99999999999992e-17, 9.99999999999992e-17, 9.99999999999992e-17, 9.99999999999992e-17, 9.99999999999992e-17, 9.99999999999992e-17, 9.99999999999992e-17, 9.99999999999992e-17, 9.99999999999992e-17, 9.99999999999992e-17, 9.99999999999992e-17, 0.0001999999999999984, 9.99999999999992e-17, 9.99999999999992e-17, 9.99999999999992e-17, 9.99999999999992e-17, 9.99999999999992e-05, 9.99999999999992e-17, 9.99999999999992e-17, 9.99999999999992e-05, 9.99999999999992e-17, 9.99999999999992e-17, 9.99999999999992e-17, 9.99999999999992e-05, 9.99999999999992e-17, 9.99999999999992e-05, 9.99999999999992e-05, 9.99999999999992e-17, 9.99999999999992e-17, 9.99999999999992e-17, 9.99999999999992e-17, 9.99999999999992e-17, 9.99999999999992e-17, 9.99999999999992e-17, 9.99999999999992e-17, 9.99999999999992e-17, 9.99999999999992e-17, 0.0001999999999999984, 9.99999999999992e-05, 9.99999999999992e-05, 9.99999999999992e-05, 9.99999999999992e-17, 9.99999999999992e-05, 0.0003999999999999968, 9.99999999999992e-17, 9.99999999999992e-17, 0.0001999999999999984, 9.99999999999992e-17, 9.99999999999992e-05, 9.99999999999992e-17, 0.0001999999999999984, 9.99999999999992e-17, 9.99999999999992e-17, 9.99999999999992e-05, 9.99999999999992e-05, 0.0003999999999999968, 9.99999999999992e-05, 0.0001999999999999984, 9.99999999999992e-17, 0.0002999999999999976, 9.99999999999992e-17, 9.99999999999992e-05, 0.0002999999999999976, 0.0001999999999999984, 9.99999999999992e-05, 0.0001999999999999984, 0.0001999999999999984, 0.0003999999999999968, 9.99999999999992e-05, 0.000499999999999996, 0.0001999999999999984, 0.0003999999999999968, 0.0003999999999999968, 9.99999999999992e-17, 9.99999999999992e-05, 9.99999999999992e-05, 0.0007999999999999936, 0.000499999999999996, 0.0002999999999999976, 0.000499999999999996, 0.000499999999999996, 0.0003999999999999968, 0.000499999999999996, 0.0006999999999999944, 0.0008999999999999928, 0.0002999999999999976, 0.000499999999999996, 0.0008999999999999928, 0.0001999999999999984, 0.0005999999999999952, 0.0008999999999999928, 0.0007999999999999936, 0.0006999999999999944, 0.0010999999999999912, 0.0007999999999999936, 0.0007999999999999936, 0.0014999999999999879, 0.0008999999999999928, 0.0011999999999999904, 0.0010999999999999912, 0.0007999999999999936, 0.0005999999999999952, 0.0008999999999999928, 0.0011999999999999904, 0.0017999999999999856, 0.0021999999999999824, 0.0016999999999999865, 0.0015999999999999873, 0.0011999999999999904, 0.0012999999999999895, 0.0014999999999999879, 0.0013999999999999887, 0.0020999999999999834, 0.002599999999999979, 0.0021999999999999824, 0.0020999999999999834, 0.00249999999999998, 0.002899999999999977, 0.0020999999999999834, 0.0020999999999999834, 0.002599999999999979, 0.0023999999999999807, 0.0022999999999999817, 0.002899999999999977, 0.002899999999999977, 0.0021999999999999824, 0.002599999999999979, 0.0022999999999999817, 0.0031999999999999746, 0.0023999999999999807, 0.0032999999999999735, 0.0026999999999999785, 0.003399999999999973, 0.0032999999999999735, 0.0038999999999999686, 0.0035999999999999713, 0.0032999999999999735, 0.003499999999999972, 0.0031999999999999746, 0.0038999999999999686, 0.0036999999999999702, 0.0045999999999999635, 0.0029999999999999758, 0.004099999999999967, 0.004499999999999964, 0.0045999999999999635, 0.005199999999999958, 0.003399999999999973, 0.0045999999999999635, 0.00499999999999996, 0.006399999999999949, 0.006499999999999948, 0.005399999999999957, 0.0052999999999999575, 0.00509999999999996, 0.0059999999999999516, 0.005899999999999953, 0.005899999999999953, 0.006499999999999948, 0.006399999999999949, 0.006499999999999948, 0.00499999999999996, 0.0071999999999999426, 0.007999999999999936, 0.007699999999999939, 0.006099999999999951, 0.007099999999999943, 0.006099999999999951, 0.006999999999999944, 0.006799999999999946, 0.006499999999999948, 0.007599999999999939, 0.007899999999999937, 0.007099999999999943, 0.007799999999999937, 0.008299999999999934, 0.006899999999999944, 0.007599999999999939, 0.0073999999999999405, 0.007599999999999939, 0.007999999999999936, 0.008399999999999934, 0.007799999999999937, 0.006799999999999946, 0.009099999999999928, 0.00749999999999994, 0.006599999999999947, 0.007599999999999939, 0.008099999999999935, 0.007099999999999943, 0.0071999999999999426, 0.007999999999999936, 0.00859999999999993, 0.0071999999999999426, 0.007599999999999939, 0.006799999999999946, 0.0073999999999999405, 0.008199999999999935, 0.00869999999999993, 0.008899999999999929, 0.006599999999999947, 0.008299999999999934, 0.007699999999999939, 0.007599999999999939, 0.006899999999999944, 0.007599999999999939, 0.007299999999999942, 0.0071999999999999426, 0.009399999999999924, 0.009299999999999926, 0.007699999999999939, 0.007899999999999937, 0.007299999999999942, 0.00619999999999995, 0.0073999999999999405, 0.006499999999999948, 0.006399999999999949, 0.008299999999999934, 0.00869999999999993, 0.0066999999999999464, 0.007299999999999942, 0.006899999999999944, 0.0071999999999999426, 0.007599999999999939, 0.007599999999999939, 0.007099999999999943, 0.007299999999999942, 0.006799999999999946, 0.0071999999999999426, 0.006499999999999948, 0.006999999999999944, 0.00619999999999995, 0.006599999999999947, 0.00499999999999996, 0.004699999999999962, 0.0059999999999999516, 0.005699999999999954, 0.00749999999999994, 0.0059999999999999516, 0.005399999999999957, 0.006099999999999951, 0.004099999999999967, 0.0052999999999999575, 0.00509999999999996, 0.004099999999999967, 0.0052999999999999575, 0.0045999999999999635, 0.006399999999999949, 0.005599999999999955, 0.004399999999999965, 0.004899999999999961, 0.0037999999999999696, 0.004499999999999964, 0.004799999999999961, 0.0035999999999999713, 0.0032999999999999735, 0.0045999999999999635, 0.003999999999999968, 0.003499999999999972, 0.0029999999999999758, 0.0027999999999999774, 0.003399999999999973, 0.0035999999999999713, 0.0027999999999999774, 0.003099999999999975, 0.003099999999999975, 0.0035999999999999713, 0.0026999999999999785, 0.002899999999999977, 0.0020999999999999834, 0.003099999999999975, 0.00249999999999998, 0.003399999999999973, 0.003099999999999975, 0.00249999999999998, 0.0029999999999999758, 0.001999999999999984, 0.0026999999999999785, 0.00249999999999998, 0.0020999999999999834, 0.00249999999999998, 0.0020999999999999834, 0.0018999999999999848, 0.001999999999999984, 0.00249999999999998, 0.0015999999999999873, 0.0021999999999999824, 0.0016999999999999865, 0.0014999999999999879, 0.0011999999999999904, 0.0008999999999999928, 0.0016999999999999865, 0.0013999999999999887, 0.000999999999999992, 0.0012999999999999895, 0.0005999999999999952, 0.0015999999999999873, 0.0010999999999999912, 0.0010999999999999912, 0.000499999999999996, 0.0010999999999999912, 0.0008999999999999928, 0.0008999999999999928, 0.0002999999999999976, 0.000999999999999992, 0.000999999999999992, 0.0008999999999999928, 0.0005999999999999952, 9.99999999999992e-05, 0.0002999999999999976, 0.0003999999999999968, 0.0006999999999999944, 0.000499999999999996, 0.0005999999999999952, 0.0003999999999999968, 0.0007999999999999936, 0.0003999999999999968, 0.0006999999999999944, 0.000499999999999996, 0.0005999999999999952, 0.0003999999999999968, 0.0001999999999999984, 0.0003999999999999968, 0.0001999999999999984, 0.0001999999999999984, 9.99999999999992e-17, 0.0001999999999999984, 0.0001999999999999984, 0.0002999999999999976, 0.0003999999999999968, 0.0003999999999999968, 9.99999999999992e-05, 0.0002999999999999976, 9.99999999999992e-05, 9.99999999999992e-17, 9.99999999999992e-05, 0.0001999999999999984, 0.0001999999999999984, 9.99999999999992e-17, 0.0001999999999999984, 0.0002999999999999976, 9.99999999999992e-05, 9.99999999999992e-17, 9.99999999999992e-05, 9.99999999999992e-05, 9.99999999999992e-05, 9.99999999999992e-05, 0.0001999999999999984, 0.0001999999999999984, 