{"n_items": 600, "weights": [0.0018711235808252457, 0.0020005653806642073, 0.0015760228667818365, 0.0019995218408978234, 0.0014274143917618, 0.0018436646115190778, 0.0012544781214646262, 0.0015968225111896847, 0.0014476734048702062, 0.0015295942743107755, 0.0016488407698495356, 0.0014969988582925978, 0.001426093335648004, 0.0015172020682439043, 0.0017522112673955617, 0.0016109488236990708, 0.0017526313820440155, 0.002046878189106625, 0.0014207926730592814, 0.0020331311532611708, 0.0022020048837981376, 0.0023762510999037595, 0.0026144982758734576, 0.001526815859026784, 0.0012636954603524612, 0.0014681498582021252, 0.0007227123856721477, 0.001387799380083846, 0.002103518608990364, 0.0021902944685333707, 0.0019367716132507404, 0.0022063090217318312, 0.001831271560200172, 0.0018270613371227894, 0.0010710420298859367, 0.0015624969427334532, 0.0015345238716022315, 0.0010256158150713968, 0.000986826691957703, 0.0019149475419613054, 0.001138100889005795, 0.0009232950777965186, 0.0016003994359146353, 0.0019019932926697676, 0.0018395410297356283, 0.0021002413874425226, 0.0021571734198093644, 0.0020306101820036157, 0.001760688041813774, 0.001442295381826349, 0.0015474679873030213, 0.0022033464627063603, 0.0017455367999498006, 0.0012250109440404536, 0.0009971280791652246, 0.0017904855980947045, 0.0019894682330575523, 0.001102100464129984, 0.0022493193800393325, 0.0008158343714108539, 0.0013797919386945975, 0.0019737670891725395, 0.0019184440923843825, 0.0016038171148577193, 0.0010402070641298946, 0.001943733956385585, 0.001763481695409647, 0.0018252147781462088, 0.0021612582134499497, 0.0015391469713789444, 0.0017205852579188115, 0.0009797617698364335, 0.001377358934448947, 0.0017237309374279015, 0.002087706535313371, 0.0017004348406747325, 0.0011724635207465586, 0.0018133393476772702, 0.0018453356034063017, 0.0017487391428239077, 0.0017510258719941755, 0.0018148761657616817, 0.0019341015350981957, 0.0017553906725822227, 0.002142775507036848, 0.0022824080837432416, 0.002329703502912912, 0.0013282967765383326, 0.0020905375949942344, 0.0020224493515380274, 0.0017811613581454047, 0.0015006493801626515, 0.0015502052318562862, 0.0023060359676651296, 0.0007325574170355915, 0.0012421358226037146, 0.0017732049230893096, 0.0013924736483361436, 0.0019802507438691466, 0.0017292077203607417, 0.002016440025952206, 0.0021729831361590062, 0.0011792437393190207, 0.0014989622457508049, 0.001722518660467959, 0.002157305845164235, 0.0011346537287209282, 0.002586498580655601, 0.0019358975066186808, 0.0014329135627284678, 0.0018949278495081349, 0.0023612575771494353, 0.0011314795221204219, 0.0022009811290801644, 0.0013106092950352186, 0.0019589547669016123, 0.00166805422406619, 0.0014898837447834717, 0.0019828840521692323, 0.0016792847235774062, 0.0016982147277117853, 0.0016626571688590002, 0.0016423972208985365, 0.0015810231704218814, 0.0019308005271861195, 0.001961148138055432, 0.0019758327465892976, 0.002273924100521698, 0.0011631751063201031, 0.0022629706127356083, 0.001751655117424669, 0.0010420608994595982, 0.0015240574268167739, 0.0021602012848064944, 0.0018083883269868048, 0.001952655793197659, 0.001487832371870427, 0.0014167037929262633, 0.0019428170593412362, 0.0023347836842876634, 0.0018668286646990656, 0.0008928142015098742, 0.0014707418376896202, 0.0015529369241363126, 0.001424742532249474, 0.0013909131013306862, 0.0014022533316202896, 0.0020179945892649987, 0.0008327356027604593, 0.0009388283293840847, 0.0011725429864728686, 0.0016959435423908747, 0.0019967151269731, 0.002039104179196606, 0.0012968255885770629, 0.0018623053597003642, 0.0019954744568167785, 0.002098527317006353, 0.0014977849373631706, 0.0011759601931358862, 0.0014146991901412115, 0.0017919787934489485, 0.0017306905044176192, 0.0014874537367037012, 0.0009249877485059802, 0.0019097342648800972, 0.0019311865061024819, 0.0022178760533378443, 0.0024698603938666974, 0.0013353286119565766, 0.0020828436278780673, 0.0011962050794905733, 0.0017893655469090395, 0.0013947515387560175, 0.001523451551056397, 0.0015806147151652987, 0.0008430301243122002, 0.0021061321292474024, 0.0012229455512026402, 0.0013628708271610198, 0.0023056490499347606, 0.0024477534348531036, 0.00098327647978593, 0.0025643588248172883, 0.0018758406906504205, 0.0017139038995472593, 0.0013247338372951991, 0.0013618777183832611, 0.0019685157850696505, 0.00138359258641522, 0.0013369279136925735, 0.0018194386793094924, 0.002086099418195895, 0.0015840717688510877, 0.0023719818443056926, 0.0015403553440800888, 0.0018652862695220152, 0.0019685308992033464, 0.0012468508305830254, 0.0016599156531883375, 0.0014402030495239712, 0.0012211112413892085, 0.0015678381718759443, 0.0015800433475955478, 0.0014223770315559485, 0.0011863902335543161, 0.0019810007714380724, 0.0015463405624608674, 0.0017352703421959536, 0.0017125656308842887, 0.0016226242120591604, 0.0014783235473184943, 0.001597051911759445, 0.0017924152841336124, 0.0026410709257713204, 0.0016902457988334327, 0.0020856782718764893, 0.0023421786048774262, 0.0014916499984049857, 0.0015329183745974597, 0.001784725623796121, 0.001533958751295512, 0.0018844985893858828, 0.001480758060106183, 0.001670439738200444, 0.0020265655082915526, 0.0014318308132289456, 0.0021671349066512084, 0.0022607905279314142, 0.0018198729099819409, 0.0021122300990346326, 0.0017511637277175351, 0.0017117442093310502, 0.0016983845134099708, 0.002301108214556572, 0.0014393783694722794, 0.0013374507878387305, 0.0016527453050596628, 0.0011921267029196584, 0.0008093357045307442, 0.0015016163434069558, 0.001439142619157882, 0.002048241732167002, 0.0014034892690181534, 0.001144841071727824, 0.0011478224564435428, 0.0007192088982037378, 0.0013255861458605727, 0.001079508404634736, 0.0017247841236888162, 0.001432764955733582, 0.0008105475918834432, 0.0017096310031407946, 0.0015428135058780277, 0.0013434662417936877, 0.001944971746378184, 0.0009689633415062258, 0.001847718202061798, 0.001932843447847914, 0.0018407622051625158, 0.0016354892117577532, 0.0019406838352828506, 0.002216234738653451, 0.001276670965249235, 0.0018085643309551638, 0.0013904869471530884, 0.0008850408170011195, 0.0020813842195100754, 0.002021068448963403, 0.002171307791952225, 0.0018388246872921721, 0.002124308788174642, 0.002138071182761558, 0.0023942490409575115, 0.0016529309170870588, 0.0019988476799163686, 0.0015938458441156498, 0.001570330143149276, 0.0020718180530645202, 0.0019040916485533023, 0.001559188326525577, 0.0018206657520791196, 0.0010664465550165804, 0.001724588519318782, 0.0015276344141831439, 0.0020390746600630894, 0.0009434702804672094, 0.0021191805497445602, 0.0015593700603557178, 0.002018618964542978, 0.0026060595164618824, 0.001081257529778276, 0.002814128048712096, 0.0015042235159551164, 0.00213311170931721, 0.0014602269015174935, 0.0011267124524876227, 0.000800041998604702, 0.0018594286367790312, 0.001167817806021733, 0.0005389208961725537, 0.0014964287862114524, 0.0022997282413792864, 0.0011523101211579204, 0.0015463558028087734, 0.0008151702042992789, 0.0006785938332624035, 0.001634617314713236, 0.001735236090347238, 0.0017253386166957358, 0.002310743796719197, 0.0009732575287935102, 0.001921413930253987, 0.0019779169125795754, 0.001851810266520212, 0.002023999466918449, 0.0006087603699065902, 0.0010345713063479288, 0.0012859796721784924, 0.0010161640857162843, 0.0017095439440434762, 0.0015461012382560198, 0.001908805124947456, 0.0016453806079109808, 0.001831433550724222, 0.0010078200188635169, 0.001527727303021458, 0.002090292651362685, 0.0018425777858127788, 0.001989266344977494, 0.001627393791370445, 0.0009209216751585918, 0.0019073314991324474, 0.0010728078002754497, 0.0023005800935320046, 0.001693758479861146, 0.0017844098256696646, 0.0017465041592851982, 0.0019387878872493191, 0.0014114535939582576, 0.0009593854727101837, 0.0018011648523490302, 0.0014264932384276457, 0.002325920629435132, 0.001665666228323219, 0.002338283351154844, 0.003071970744402079, 0.001780350361099049, 0.00261035597475448, 0.0022144430581927358, 