{"n_items": 600, "weights": [9.999999999999836e-17, 9.999999999999836e-17, 9.999999999999836e-17, 9.999999999999836e-05, 9.999999999999836e-17, 9.999999999999836e-17, 9.999999999999836e-17, 9.999999999999836e-05, 9.999999999999836e-17, 9.999999999999836e-17, 9.999999999999836e-05, 9.999999999999836e-17, 9.999999999999836e-05, 9.999999999999836e-17, 0.00019999999999999673, 9.999999999999836e-17, 9.999999999999836e-17, 9.999999999999836e-05, 9.999999999999836e-17, 9.999999999999836e-17, 9.999999999999836e-17, 9.999999999999836e-17, 9.999999999999836e-05, 9.999999999999836e-17, 9.999999999999836e-05, 9.999999999999836e-05, 9.999999999999836e-17, 9.999999999999836e-17, 9.999999999999836e-05, 9.999999999999836e-17, 9.999999999999836e-05, 9.999999999999836e-05, 9.999999999999836e-05, 9.999999999999836e-17, 9.999999999999836e-17, 9.999999999999836e-17, 0.00019999999999999673, 9.999999999999836e-17, 9.999999999999836e-17, 9.999999999999836e-17, 9.999999999999836e-05, 9.999999999999836e-17, 9.999999999999836e-17, 0.00019999999999999673, 9.999999999999836e-17, 9.999999999999836e-05, 0.00019999999999999673, 9.999999999999836e-17, 9.999999999999836e-05, 9.999999999999836e-17, 0.00019999999999999673, 0.00019999999999999673, 0.00019999999999999673, 0.0002999999999999951, 9.999999999999836e-05, 9.999999999999836e-05, 0.0002999999999999951, 0.00019999999999999673, 0.00039999999999999346, 0.0002999999999999951, 9.999999999999836e-05, 0.00019999999999999673, 0.00019999999999999673, 0.0004999999999999918, 0.00019999999999999673, 0.00039999999999999346, 0.00019999999999999673, 0.00039999999999999346, 0.0004999999999999918, 0.00039999999999999346, 0.00019999999999999673, 0.0004999999999999918, 0.0004999999999999918, 0.0004999999999999918, 0.0004999999999999918, 0.0005999999999999902, 0.00019999999999999673, 0.00039999999999999346, 0.00019999999999999673, 0.00019999999999999673, 0.0005999999999999902, 0.00019999999999999673, 0.0002999999999999951, 0.00039999999999999346, 0.0002999999999999951, 0.0004999999999999918, 0.0007999999999999869, 0.0004999999999999918, 0.0002999999999999951, 0.001099999999999982, 0.0005999999999999902, 0.0002999999999999951, 0.0004999999999999918, 0.0005999999999999902, 0.0009999999999999835, 0.0007999999999999869, 0.0005999999999999902, 0.00019999999999999673, 0.0006999999999999885, 0.0004999999999999918, 0.0005999999999999902, 0.0005999999999999902, 0.0002999999999999951, 0.0005999999999999902, 0.0004999999999999918, 0.001399999999999977, 0.0008999999999999852, 0.0009999999999999835, 0.0011999999999999804, 0.0008999999999999852, 0.001099999999999982, 0.0012999999999999787, 0.0006999999999999885, 0.0015999999999999738, 0.0005999999999999902, 0.0008999999999999852, 0.0008999999999999852, 0.0009999999999999835, 0.0009999999999999835, 0.0006999999999999885, 0.001399999999999977, 0.0015999999999999738, 0.0015999999999999738, 0.0016999999999999721, 0.0014999999999999755, 0.0017999999999999705, 0.001399999999999977, 0.0007999999999999869, 0.0014999999999999755, 0.0014999999999999755, 0.0017999999999999705, 0.0014999999999999755, 0.001099999999999982, 0.0012999999999999787, 0.001899999999999969, 0.0017999999999999705, 0.0020999999999999656, 0.0012999999999999787, 0.0017999999999999705, 0.001899999999999969, 0.002799999999999954, 0.001399999999999977, 0.0020999999999999656, 0.0028999999999999525, 0.0024999999999999593, 0.001899999999999969, 0.0020999999999999656, 0.002199999999999964, 0.0023999999999999608, 0.002699999999999956, 0.0023999999999999608, 0.0023999999999999608, 0.001999999999999967, 0.002199999999999964, 0.002699999999999956, 0.0020999999999999656, 0.003099999999999949, 0.002999999999999951, 0.002799999999999954, 0.002199999999999964, 0.0028999999999999525, 0.0024999999999999593, 0.0033999999999999443, 0.003599999999999941, 0.0033999999999999443, 0.0014999999999999755, 0.003599999999999941, 0.002799999999999954, 0.0033999999999999443, 0.0025999999999999574, 0.0033999999999999443, 0.002699999999999956, 0.002799999999999954, 0.0023999999999999608, 0.002999999999999951, 0.003099999999999949, 0.0031999999999999477, 0.004099999999999933, 0.002799999999999954, 0.0028999999999999525, 0.0031999999999999477, 0.003899999999999936, 0.003999999999999934, 0.0028999999999999525, 0.003999999999999934, 0.00429999999999993, 0.004399999999999928, 0.003799999999999938, 0.0031999999999999477, 0.005099999999999916, 0.003999999999999934, 0.004199999999999931, 0.004099999999999933, 0.004399999999999928, 0.004699999999999923, 0.003599999999999941, 0.003999999999999934, 0.0047999999999999215, 0.0036999999999999394, 0.00489999999999992, 0.005399999999999912, 0.003899999999999936, 0.0031999999999999477, 0.004399999999999928, 0.004099999999999933, 0.003599999999999941, 0.00489999999999992, 0.003799999999999938, 0.003499999999999943, 0.0056999999999999065, 0.004699999999999923, 0.0056999999999999065, 0.003899999999999936, 0.004999999999999919, 0.003799999999999938, 0.004699999999999923, 0.004099999999999933, 0.0045999999999999245, 0.004699999999999923, 0.0047999999999999215, 0.004999999999999919, 0.0045999999999999245, 0.004399999999999928, 0.00429999999999993, 0.003999999999999934, 0.00489999999999992, 0.0045999999999999245, 0.005199999999999915, 0.006499999999999894, 0.005099999999999916, 0.00489999999999992, 0.004499999999999926, 0.005899999999999904, 0.0047999999999999215, 0.005099999999999916, 0.005399999999999912, 0.005099999999999916, 0.005099999999999916, 0.004999999999999919, 0.005599999999999908, 0.005299999999999913, 0.0047999999999999215, 0.006499999999999894, 0.005799999999999905, 0.00549999999999991, 0.005399999999999912, 0.005999999999999902, 0.005299999999999913, 0.006199999999999898, 0.005199999999999915, 0.006799999999999889, 0.005399999999999912, 0.005099999999999916, 0.0060999999999999, 0.0047999999999999215, 0.005799999999999905, 0.00489999999999992, 0.006299999999999897, 0.00549999999999991, 0.004999999999999919, 0.005299999999999913, 0.005599999999999908, 0.0045999999999999245, 0.00549999999999991, 0.005199999999999915, 0.005999999999999902, 0.004399999999999928, 0.005399999999999912, 0.004099999999999933, 0.005599999999999908, 0.005399999999999912, 0.00429999999999993, 0.003799999999999938, 0.004999999999999919, 0.005099999999999916, 0.00489999999999992, 0.005599999999999908, 0.005199999999999915, 0.004699999999999923, 0.00489999999999992, 0.004999999999999919, 0.004199999999999931, 0.005399999999999912, 0.00489999999999992, 0.005199999999999915, 0.004499999999999926, 0.0036999999999999394, 0.003999999999999934, 0.005399999999999912, 0.005399999999999912, 0.004499999999999926, 0.005799999999999905, 0.00429999999999993, 0.003499999999999943, 0.0045999999999999245, 0.004699999999999923, 0.0047999999999999215, 0.003999999999999934, 0.004999999999999919, 0.00429999999999993, 0.0045999999999999245, 0.00429999999999993, 0.003099999999999949, 0.004099999999999933, 0.003899999999999936, 0.004099999999999933, 0.004699999999999923, 0.004099999999999933, 0.003599999999999941, 0.003499999999999943, 0.003899999999999936, 0.0028999999999999525, 0.003999999999999934, 0.004199999999999931, 0.00489999999999992, 0.002699999999999956, 0.0032999999999999458, 0.0033999999999999443, 0.003599999999999941, 0.0031999999999999477, 0.0033999999999999443, 0.0033999999999999443, 0.00429999999999993, 0.003599999999999941, 0.0028999999999999525, 0.0023999999999999608, 0.0036999999999999394, 0.0022999999999999622, 0.003499999999999943, 0.0032999999999999458, 0.0028999999999999525, 0.0033999999999999443, 0.003799999999999938, 0.0020999999999999656, 0.0025999999999999574, 0.002699999999999956, 0.002799999999999954, 0.0023999999999999608, 0.003499999999999943, 0.0015999999999999738, 0.0036999999999999394, 0.002199999999999964, 0.0023999999999999608, 0.001899999999999969, 0.0023999999999999608, 0.0033999999999999443, 0.002199999999999964, 0.002199999999999964, 0.0022999999999999622, 0.0023999999999999608, 0.002699999999999956, 0.0017999999999999705, 0.0032999999999999458, 