{"n_items": 200, "weights": [9.999999999999846e-17, 9.999999999999846e-17, 9.999999999999846e-17, 9.999999999999846e-17, 9.999999999999846e-17, 9.999999999999846e-17, 9.999999999999846e-17, 9.999999999999846e-17, 9.999999999999846e-17, 9.999999999999846e-17, 9.999999999999846e-17, 9.999999999999846e-17, 9.999999999999846e-17, 9.999999999999846e-17, 9.999999999999846e-17, 9.999999999999846e-17, 9.999999999999846e-17, 9.999999999999846e-17, 9.999999999999846e-17, 9.999999999999846e-17, 9.999999999999846e-17, 9.999999999999846e-17, 9.999999999999846e-17, 9.999999999999846e-17, 9.999999999999846e-17, 9.999999999999846e-17, 9.999999999999846e-17, 9.999999999999846e-17, 9.999999999999846e-17, 9.999999999999846e-17, 9.999999999999846e-17, 9.999999999999846e-17, 9.999999999999846e-17, 9.999999999999846e-17, 9.999999999999846e-17, 9.999999999999846e-17, 9.999999999999846e-17, 9.999999999999846e-17, 9.999999999999846e-17, 9.999999999999846e-17, 9.999999999999846e-17, 9.999999999999846e-17, 9.999999999999846e-17, 9.999999999999846e-17, 9.999999999999846e-17, 9.999999999999846e-17, 9.999999999999846e-17, 9.999999999999846e-17, 9.999999999999846e-17, 9.999999999999846e-17, 9.999999999999846e-17, 9.999999999999846e-17, 9.999999999999846e-17, 9.999999999999846e-17, 9.999999999999846e-17, 9.999999999999846e-05, 9.999999999999846e-17, 0.00019999999999999692, 0.0005999999999999907, 0.0006999999999999892, 0.003099999999999952, 0.007899999999999878, 0.01159999999999982, 0.019599999999999698, 0.03099999999999952, 0.044399999999999315, 0.0513999999999992, 0.06649999999999898, 0.06309999999999902, 0.05939999999999908, 0.04919999999999924, 0.03639999999999944, 0.02339999999999964, 0.01549999999999976, 0.008299999999999872, 0.004999999999999923, 0.0015999999999999754, 0.0005999999999999907, 0.00029999999999999537, 9.999999999999846e-17, 9.999999999999846e-17, 9.999999999999846e-05, 9.999999999999846e-17, 9.999999999999846e-17, 9.999999999999846e-17, 9.999999999999846e-17, 9.999999999999846e-17, 9.999999999999846e-17, 9.999999999999846e-17, 9.999999999999846e-17, 9.999999999999846e-17, 9.999999999999846e-17, 9.999999999999846e-17, 9.999999999999846e-17, 9.999999999999846e-17, 9.999999999999846e-17, 9.999999999999846e-17, 9.999999999999846e-17, 9.999999999999846e-17, 9.999999999999846e-17, 9.999999999999846e-17, 9.999999999999846e-17, 9.999999999999846e-17, 9.999999999999846e-17, 9.999999999999846e-17, 9.999999999999846e-17, 9.999999999999846e-17, 9.999999999999846e-17, 9.999999999999846e-17, 9.999999999999846e-17, 9.999999999999846e-17, 9.999999999999846e-17, 9.999999999999846e-17, 9.999999999999846e-17, 9.999999999999846e-17, 9.999999999999846e-17, 9.999999999999846e-17, 9.999999999999846e-17, 9.999999999999846e-17, 9.999999999999846e-17, 9.999999999999846e-17, 9.999999999999846e-17, 9.999999999999846e-17, 9.999999999999846e-17, 9.999999999999846e-17, 9.999999999999846e-17, 9.999999999999846e-17, 0.00029999999999999537, 9.999999999999846e-05, 0.001099999999999983, 0.002899999999999955, 0.004599999999999929, 0.008799999999999863, 0.017699999999999726, 0.02779999999999957, 0.03829999999999941, 0.05089999999999921, 0.06049999999999906, 0.05939999999999908, 0.064799999999999, 0.04859999999999925, 0.04349999999999933, 0.03089999999999952, 0.01879999999999971, 0.01039999999999984, 0.005399999999999916, 0.003099999999999952, 0.00129999999999998, 0.0005999999999999907, 0.00019999999999999692, 9.999999999999846e-17, 9.999999999999846e-17, 9.999999999999846e-17, 9.999999999999846e-17, 9.999999999999846e-17, 9.999999999999846e-17, 9.999999999999846e-17, 9.999999999999846e-17, 9.999999999999846e-17, 9.999999999999846e-17, 9.999999999999846e-17, 9.999999999999846e-17, 9.999999999999846e-17, 9.999999999999846e-17, 9.999999999999846e-17, 9.999999999999846e-17, 9.999999999999846e-17, 9.999999999999846e-17, 9.999999999999846e-17, 9.999999999999846e-17, 9.999999999999846e-17, 9.999999999999846e-17, 9.999999999999846e-17, 9.999999999999846e-17, 9.999999999999846e-17, 9.999999999999846e-17, 9.999999999999846e-17, 9.999999999999846e-17, 9.999999999999846e-17, 9.999999999999846e-17, 9.999999999999846e-17, 9.999999999999846e-17, 9.999999999999846e-17, 9.999999999999846e-17, 9.999999999999846e-17, 9.999999999999846e-17, 9.999999999999846e-17, 9.999999999999846e-17, 9.999999999999846e-17, 9.999999999999846e-17, 9.999999999999846e-17, 9.999999999999846e-17, 9.999999999999846e-17, 9.999999999999846e-17, 9.999999999999846e-17, 9.999999999999846e-17, 9.999999999999846e-17, 9.999999999999846e-17, 9.999999999999846e-17, 9.999999999999846e-17], "profits": [1.0, 1.0, 1.0, 1.0, 1.0, 1.0, 1.0, 1.0, 1.0, 1.0, 1.0, 1.0, 1.0, 1.0, 1.0, 1.0, 1.0, 1.0, 1.0, 1.0, 1.0, 1.0, 1.0, 1.0, 1.0, 1.0, 1.0, 1.0, 1.0, 1.0, 1.0, 1.0, 1.0, 1.0, 1.0, 1.0, 1.0, 1.0, 1.0, 1.0, 1.0, 1.0, 1.0, 1.0, 1.0, 1.0, 1.0, 1.0, 1.0, 1.0, 1.0, 1.0, 1.0, 1.0, 1.0, 1.0, 1.0, 1.0, 1.0, 1.0, 1.0, 1.0, 1.0, 1.0, 1.0, 1.0, 1.0, 1.0, 0.1, 1.0, 0.1, 1.0, 1.0, 1.0, 1.0, 1.0, 1.0, 1.0, 1.0, 1.0, 1.0, 1.0, 1.0, 1.0, 1.0, 1.0, 1.0, 1.0, 1.0, 1.0, 1.0, 1.0, 1.0, 1.0, 1.0, 1.0, 1.0, 1.0, 1.0, 1.0, 1.0, 1.0, 1.0, 1.0, 1.0, 1.0, 1.0, 1.0, 1.0, 1.0, 1.0, 1.0, 1.0, 1.0, 1.0, 1.0, 1.0, 1.0, 1.0, 1.0, 1.0, 1.0, 1.0, 1.0, 1.0, 1.0, 1.0, 1.0, 1.0, 1.0, 1.0, 1.0, 1.0, 1.0, 1.0, 1.0, 1.0, 1.0, 1.0, 1.0, 1.0, 1.0, 1.0, 1.0, 1.0, 1.0, 1.0, 1.0, 1.0, 1.0, 1.0, 1.0, 1.0, 1.0, 1.0, 1.0, 1.0, 1.0, 1.0, 1.0, 1.0, 1.0, 1.0, 1.0, 1.0, 1.0, 1.0, 1.0, 1.0, 1.0, 1.0, 1.0, 1.0, 1.0, 1.0, 1.0, 1.0, 1.0, 1.0, 1.0, 1.0, 1.0, 1.0, 1.0, 1.0, 1.0, 1.0, 1.0, 1.0, 1.0, 1.0, 1.0, 1.0, 1.0, 1.0, 1.0, 1.0, 1.0, 1.0, 1.0], "min_weight": 0.95, "max_distance": 5}