{"n_items": 400, "weights": [9.99999999999976e-17, 9.99999999999976e-17, 9.99999999999976e-17, 9.99999999999976e-17, 9.99999999999976e-17, 9.99999999999976e-17, 9.99999999999976e-17, 9.99999999999976e-17, 9.99999999999976e-17, 9.99999999999976e-17, 9.999999999999759e-05, 9.99999999999976e-17, 9.99999999999976e-17, 9.999999999999759e-05, 9.999999999999759e-05, 9.99999999999976e-17, 0.0002999999999999928, 9.999999999999759e-05, 9.999999999999759e-05, 0.00019999999999999518, 9.999999999999759e-05, 0.0002999999999999928, 0.0005999999999999856, 0.0007999999999999807, 0.0002999999999999928, 0.0007999999999999807, 0.0008999999999999784, 0.0011999999999999713, 0.0007999999999999807, 0.0012999999999999687, 0.0025999999999999374, 0.0021999999999999472, 0.002299999999999945, 0.0035999999999999136, 0.003499999999999916, 0.002999999999999928, 0.0040999999999999015, 0.005199999999999875, 0.005999999999999856, 0.008199999999999803, 0.006499999999999844, 0.007599999999999818, 0.008099999999999805, 0.010499999999999747, 0.008999999999999784, 0.012699999999999696, 0.010999999999999736, 0.011999999999999712, 0.012299999999999705, 0.014399999999999654, 0.013899999999999666, 0.015299999999999633, 0.01209999999999971, 0.016399999999999606, 0.016899999999999596, 0.016899999999999596, 0.013999999999999664, 0.014799999999999645, 0.015599999999999625, 0.013199999999999682, 0.015499999999999629, 0.014099999999999661, 0.016999999999999592, 0.01329999999999968, 0.013399999999999678, 0.013099999999999685, 0.012599999999999698, 0.012399999999999703, 0.010099999999999757, 0.008999999999999784, 0.0076999999999998155, 0.006999999999999832, 0.0070999999999998295, 0.006099999999999854, 0.005499999999999868, 0.005199999999999875, 0.003999999999999904, 0.002999999999999928, 0.003799999999999909, 0.002699999999999935, 0.0016999999999999591, 0.0021999999999999472, 0.001499999999999964, 0.0017999999999999568, 0.0017999999999999568, 0.0013999999999999664, 0.000999999999999976, 0.0008999999999999784, 0.0011999999999999713, 0.000499999999999988, 0.0006999999999999832, 9.999999999999759e-05, 9.99999999999976e-17, 9.999999999999759e-05, 9.999999999999759e-05, 9.99999999999976e-17, 9.99999999999976e-17, 9.99999999999976e-17, 9.99999999999976e-17, 0.0002999999999999928, 9.99999999999976e-17, 9.99999999999976e-17, 9.99999999999976e-17, 9.99999999999976e-17, 9.99999999999976e-17, 9.999999999999759e-05, 9.99999999999976e-17, 9.99999999999976e-17, 9.99999999999976e-17, 9.99999999999976e-17, 9.99999999999976e-17, 9.99999999999976e-17, 9.99999999999976e-17, 9.99999999999976e-17, 9.99999999999976e-17, 9.99999999999976e-17, 9.99999999999976e-17, 9.99999999999976e-17, 9.99999999999976e-17, 9.99999999999976e-17, 9.99999999999976e-17, 9.99999999999976e-17, 9.99999999999976e-17, 9.99999999999976e-17, 9.99999999999976e-17, 9.99999999999976e-17, 9.99999999999976e-17, 9.99999999999976e-17, 9.99999999999976e-17, 9.99999999999976e-17, 9.99999999999976e-17, 9.99999999999976e-17, 9.99999999999976e-17, 9.99999999999976e-17, 9.99999999999976e-17, 9.99999999999976e-17, 9.99999999999976e-17, 9.99999999999976e-17, 9.99999999999976e-17, 9.99999999999976e-17, 9.99999999999976e-17, 9.99999999999976e-17, 9.99999999999976e-17, 9.99999999999976e-17, 9.99999999999976e-17, 9.99999999999976e-17, 9.99999999999976e-17, 9.99999999999976e-17, 9.99999999999976e-17, 9.99999999999976e-17, 9.99999999999976e-17, 9.99999999999976e-17, 9.99999999999976e-17, 9.99999999999976e-17, 9.99999999999976e-17, 9.99999999999976e-17, 9.99999999999976e-17, 9.99999999999976e-17, 9.99999999999976e-17, 9.99999999999976e-17, 9.99999999999976e-17, 9.99999999999976e-17, 9.99999999999976e-17, 9.99999999999976e-17, 9.99999999999976e-17, 9.99999999999976e-17, 9.99999999999976e-17, 9.99999999999976e-17, 9.99999999999976e-17, 9.99999999999976e-17, 9.99999999999976e-17, 9.99999999999976e-17, 9.99999999999976e-17, 9.99999999999976e-17, 9.99999999999976e-17, 9.99999999999976e-17, 9.99999999999976e-17, 9.99999999999976e-17, 9.99999999999976e-17, 9.99999999999976e-17, 9.99999999999976e-17, 9.99999999999976e-17, 9.99999999999976e-17, 9.99999999999976e-17, 9.99999999999976e-17, 9.99999999999976e-17, 9.99999999999976e-17, 9.99999999999976e-17, 9.99999999999976e-17, 9.99999999999976e-17, 9.99999999999976e-17, 9.99999999999976e-17, 9.99999999999976e-17, 9.99999999999976e-17, 9.99999999999976e-17, 9.99999999999976e-17, 9.99999999999976e-17, 9.99999999999976e-17, 9.99999999999976e-17, 9.99999999999976e-17, 9.99999999999976e-17, 9.99999999999976e-17, 9.99999999999976e-17, 9.99999999999976e-17, 9.99999999999976e-17, 9.99999999999976e-17, 9.99999999999976e-17, 9.99999999999976e-17, 9.99999999999976e-17, 9.99999999999976e-17, 9.99999999999976e-17, 9.99999999999976e-17, 9.99999999999976e-17, 9.99999999999976e-17, 9.99999999999976e-17, 9.99999999999976e-17, 9.99999999999976e-17, 9.99999999999976e-17, 9.99999999999976e-17, 9.99999999999976e-17, 9.99999999999976e-17, 9.99999999999976e-17, 9.99999999999976e-17, 9.99999999999976e-17, 9.99999999999976e-17, 9.99999999999976e-17, 9.99999999999976e-17, 9.99999999999976e-17, 9.99999999999976e-17, 9.99999999999976e-17, 9.99999999999976e-17, 9.99999999999976e-17, 9.99999999999976e-17, 9.99999999999976e-17, 9.99999999999976e-17, 9.99999999999976e-17, 9.99999999999976e-17, 9.99999999999976e-17, 9.99999999999976e-17, 9.99999999999976e-17, 9.99999999999976e-17, 9.99999999999976e-17, 9.99999999999976e-17, 9.99999999999976e-17, 9.99999999999976e-17, 9.99999999999976e-17, 9.99999999999976e-17, 9.99999999999976e-17, 9.99999999999976e-17, 9.99999999999976e-17, 9.99999999999976e-17, 9.99999999999976e-17, 9.99999999999976e-17, 9.99999999999976e-17, 9.99999999999976e-17, 9.99999999999976e-17, 9.99999999999976e-17, 9.99999999999976e-17, 9.99999999999976e-17, 9.99999999999976e-17, 9.99999999999976e-17, 9.99999999999976e-17, 9.99999999999976e-17, 9.99999999999976e-17, 9.99999999999976e-17, 9.99999999999976e-17, 9.99999999999976e-17, 9.99999999999976e-17, 9.99999999999976e-17, 9.99999999999976e-17, 9.99999999999976e-17, 9.99999999999976e-17, 9.99999999999976e-17, 9.99999999999976e-17, 9.99999999999976e-17, 9.99999999999976e-17, 9.99999999999976e-17, 9.99999999999976e-17, 9.99999999999976e-17, 9.99999999999976e-17, 9.99999999999976e-17, 9.99999999999976e-17, 9.99999999999976e-17, 9.99999999999976e-17, 9.99999999999976e-17, 9.99999999999976e-17, 9.99999999999976e-17, 9.99999999999976e-17, 9.99999999999976e-17, 9.99999999999976e-17, 9.99999999999976e-17, 0.00019999999999999518, 0.0002999999999999928, 9.999999999999759e-05, 0.0002999999999999928, 9.999999999999759e-05, 0.00019999999999999518, 0.00039999999999999037, 0.0005999999999999856, 0.0010999999999999736, 0.0013999999999999664, 0.0017999999999999568, 0.0015999999999999615, 0.0015999999999999615, 0.0018999999999999545, 0.0020999999999999496, 0.0025999999999999374, 0.0021999999999999472, 0.002699999999999935, 0.00459999999999989, 0.0043999999999998944, 0.00459999999999989, 0.006499999999999844, 0.006899999999999834, 0.008399999999999798, 0.009499999999999773, 0.010199999999999754, 0.011299999999999729, 0.011999999999999712, 0.010899999999999738, 0.010699999999999743, 0.011299999999999729, 0.01459999999999965, 0.013499999999999675, 0.013999999999999664, 0.015499999999999629, 0.01499999999999964, 0.01629999999999961, 0.016099999999999615, 0.015599999999999625, 0.015399999999999631, 0.014899999999999643, 0.016499999999999605, 0.01629999999999961, 0.01289999999999969, 0.014499999999999652, 0.012599999999999698, 0.013599999999999673, 0.011399999999999726, 0.012999999999999687, 0.01039999999999975, 0.010099999999999757, 0.010299999999999752, 0.008399999999999798, 0.00749999999999982, 0.008799999999999789, 0.0058999999999998585, 0.005499999999999868, 0.005799999999999861, 0.00539999999999987, 0.004499999999999892, 0.003999999999999904, 0.0028999999999999304, 0.001999999999999952, 0.0024999999999999398, 0.0020999999999999496, 0.0016999999999999591, 0.0013999999999999664, 0.0012999999999999687, 