{"n_items": 400, "weights": [9.999999999999769e-17, 9.999999999999769e-17, 9.999999999999769e-17, 9.999999999999769e-17, 9.999999999999769e-17, 9.999999999999769e-17, 9.999999999999769e-17, 9.999999999999769e-17, 9.999999999999769e-17, 9.999999999999769e-17, 9.999999999999769e-17, 9.999999999999769e-17, 9.999999999999769e-17, 9.999999999999769e-17, 9.999999999999769e-17, 9.999999999999769e-17, 9.999999999999769e-17, 9.999999999999769e-17, 9.999999999999769e-17, 9.999999999999769e-17, 9.999999999999769e-17, 9.999999999999769e-17, 9.999999999999769e-17, 9.999999999999769e-17, 9.999999999999769e-17, 9.999999999999769e-17, 9.999999999999769e-17, 9.999999999999769e-17, 9.999999999999769e-17, 9.999999999999769e-17, 9.999999999999769e-17, 9.999999999999769e-17, 9.999999999999769e-17, 9.999999999999769e-17, 9.999999999999769e-17, 9.999999999999769e-17, 9.999999999999769e-17, 9.999999999999769e-17, 9.999999999999769e-17, 9.999999999999769e-17, 9.999999999999769e-05, 9.999999999999769e-17, 9.999999999999769e-17, 9.999999999999769e-17, 9.999999999999769e-17, 9.999999999999769e-17, 9.999999999999769e-17, 9.999999999999769e-17, 9.999999999999769e-17, 9.999999999999769e-17, 9.999999999999769e-17, 9.999999999999769e-17, 9.999999999999769e-17, 9.999999999999769e-17, 9.999999999999769e-05, 9.999999999999769e-17, 9.999999999999769e-17, 9.999999999999769e-17, 9.999999999999769e-05, 9.999999999999769e-17, 9.999999999999769e-17, 9.999999999999769e-17, 9.999999999999769e-05, 9.999999999999769e-17, 9.999999999999769e-17, 9.999999999999769e-05, 9.999999999999769e-05, 9.999999999999769e-17, 9.999999999999769e-05, 0.00019999999999999537, 0.00039999999999999075, 0.00019999999999999537, 0.0002999999999999931, 0.00019999999999999537, 0.00019999999999999537, 0.0002999999999999931, 0.0005999999999999862, 0.0004999999999999884, 0.0004999999999999884, 0.00039999999999999075, 0.0004999999999999884, 0.0004999999999999884, 0.0002999999999999931, 0.0005999999999999862, 0.0007999999999999815, 0.00129999999999997, 0.0008999999999999792, 0.0009999999999999768, 0.0008999999999999792, 0.00129999999999997, 0.0007999999999999815, 0.0009999999999999768, 0.0013999999999999677, 0.0014999999999999653, 0.0019999999999999536, 0.0026999999999999377, 0.0024999999999999424, 0.0020999999999999513, 0.0026999999999999377, 0.0032999999999999237, 0.003199999999999926, 0.004099999999999905, 0.004199999999999903, 0.00389999999999991, 0.004199999999999903, 0.0037999999999999124, 0.004099999999999905, 0.0036999999999999147, 0.005399999999999875, 0.004199999999999903, 0.00519999999999988, 0.006399999999999852, 0.00689999999999984, 0.006999999999999838, 0.007199999999999833, 0.0085999999999998, 0.009499999999999781, 0.007599999999999825, 0.010299999999999762, 0.009299999999999786, 0.010299999999999762, 0.009799999999999774, 0.011799999999999727, 0.012499999999999711, 0.011999999999999723, 0.011299999999999739, 0.011399999999999737, 0.008799999999999798, 0.013299999999999692, 0.012799999999999704, 0.0129999999999997, 0.01079999999999975, 0.013499999999999688, 0.013599999999999685, 0.012899999999999702, 0.016299999999999624, 0.015699999999999638, 0.014599999999999662, 0.016699999999999614, 0.017099999999999605, 0.015899999999999633, 0.014999999999999654, 0.016699999999999614, 0.014899999999999657, 0.016699999999999614, 0.015099999999999652, 0.016199999999999624, 0.014599999999999662, 0.01559999999999964, 0.01519999999999965, 0.015699999999999638, 0.01519999999999965, 0.014399999999999667, 0.016599999999999615, 0.016199999999999624, 0.014899999999999657, 0.013599999999999685, 0.014399999999999667, 0.014099999999999674, 0.011499999999999734, 0.016299999999999624, 0.011999999999999723, 0.011799999999999727, 0.01379999999999968, 0.012299999999999716, 0.01339999999999969, 0.01039999999999976, 0.009499999999999781, 0.009899999999999772, 0.008799999999999798, 0.010299999999999762, 0.010599999999999755, 0.008099999999999812, 0.009899999999999772, 0.00779999999999982, 0.00689999999999984, 0.007599999999999825, 0.006399999999999852, 0.007199999999999833, 0.006799999999999843, 0.005399999999999875, 0.006099999999999859, 0.00519999999999988, 0.004799999999999889, 0.0042999999999999, 0.004799999999999889, 0.0042999999999999, 0.004699999999999892, 0.0033999999999999213, 0.004099999999999905, 0.0032999999999999237, 0.003199999999999926, 0.0023999999999999447, 0.0027999999999999354, 0.0019999999999999536, 0.0024999999999999424, 0.0021999999999999494, 0.0030999999999999283, 0.0013999999999999677, 0.001599999999999963, 0.002299999999999947, 0.0010999999999999747, 0.0013999999999999677, 0.0014999999999999653, 0.0019999999999999536, 0.0006999999999999838, 0.0005999999999999862, 0.0002999999999999931, 0.0006999999999999838, 0.00019999999999999537, 0.0004999999999999884, 0.0004999999999999884, 0.0002999999999999931, 0.0004999999999999884, 0.0004999999999999884, 0.0005999999999999862, 0.0002999999999999931, 0.00019999999999999537, 0.00019999999999999537, 0.0002999999999999931, 9.999999999999769e-17, 0.00039999999999999075, 0.0002999999999999931, 9.999999999999769e-17, 9.999999999999769e-05, 9.999999999999769e-17, 0.00019999999999999537, 0.00019999999999999537, 9.999999999999769e-05, 9.999999999999769e-17, 9.999999999999769e-17, 9.999999999999769e-05, 9.999999999999769e-05, 9.999999999999769e-05, 9.999999999999769e-17, 9.999999999999769e-17, 9.999999999999769e-17, 9.999999999999769e-05, 9.999999999999769e-17, 9.999999999999769e-17, 9.999999999999769e-17, 9.999999999999769e-17, 9.999999999999769e-17, 9.999999999999769e-17, 9.999999999999769e-17, 9.999999999999769e-17, 9.999999999999769e-17, 9.999999999999769e-17, 9.999999999999769e-17, 9.999999999999769e-17, 9.999999999999769e-17, 9.999999999999769e-05, 9.999999999999769e-17, 9.999999999999769e-17, 9.999999999999769e-17, 9.999999999999769e-17, 9.999999999999769e-17, 9.999999999999769e-17, 9.999999999999769e-17, 9.999999999999769e-17, 9.999999999999769e-17, 9.999999999999769e-17, 9.999999999999769e-17, 9.999999999999769e-17, 9.999999999999769e-17, 9.999999999999769e-17, 9.999999999999769e-17, 9.999999999999769e-17, 9.999999999999769e-17, 9.999999999999769e-17, 9.999999999999769e-17, 9.999999999999769e-17, 9.999999999999769e-17, 9.999999999999769e-17, 9.999999999999769e-17, 9.999999999999769e-17, 9.999999999999769e-17, 9.999999999999769e-17, 9.999999999999769e-17, 9.999999999999769e-17, 9.999999999999769e-17, 9.999999999999769e-17, 9.999999999999769e-17, 9.999999999999769e-17, 9.999999999999769e-17, 9.999999999999769e-17, 9.999999999999769e-17, 9.999999999999769e-17, 9.999999999999769e-17, 9.999999999999769e-17, 9.999999999999769e-17, 9.999999999999769e-17, 9.999999999999769e-17, 9.999999999999769e-17, 9.999999999999769e-17, 9.999999999999769e-17, 9.999999999999769e-17, 9.999999999999769e-17, 9.999999999999769e-17, 9.999999999999769e-17, 9.999999999999769e-17, 9.999999999999769e-17, 9.999999999999769e-17, 9.999999999999769e-17, 9.999999999999769e-17, 9.999999999999769e-17, 9.999999999999769e-17, 9.999999999999769e-17, 9.999999999999769e-17, 9.999999999999769e-17, 9.999999999999769e-17, 9.999999999999769e-17, 9.999999999999769e-17, 9.999999999999769e-17, 9.999999999999769e-17, 9.999999999999769e-17, 9.999999999999769e-17, 9.999999999999769e-17, 9.999999999999769e-17, 9.999999999999769e-17, 9.999999999999769e-17, 9.999999999999769e-17, 9.999999999999769e-17, 9.999999999999769e-17, 9.999999999999769e-17, 9.999999999999769e-17, 9.999999999999769e-17, 9.999999999999769e-17, 9.999999999999769e-17, 9.999999999999769e-17, 9.999999999999769e-17, 9.999999999999769e-17, 9.999999999999769e-17, 9.999999999999769e-17, 9.999999999999769e-17, 9.999999999999769e-17, 9.999999999999769e-17, 9.999999999999769e-17, 9.999999999999769e-17, 9.999999999999769e-17, 9.999999999999769e-17, 9.999999999999769e-17, 9.999999999999769e-17, 9.999999999999769e-17, 9.999999999999769e-17, 9.999999999999769e-17, 9.999999999999769e-17, 9.999999999999769e-17, 9.999999999999769e-17, 9.999999999999769e-17, 9.999999999999769e-17, 