{"n_items": 600, "weights": [9.999999999999529e-17, 9.999999999999529e-17, 9.999999999999529e-17, 9.999999999999529e-17, 9.999999999999529e-17, 9.999999999999529e-17, 9.999999999999529e-17, 9.999999999999529e-17, 9.999999999999529e-17, 9.999999999999529e-17, 9.999999999999529e-17, 9.999999999999529e-17, 9.999999999999529e-17, 9.999999999999529e-17, 9.999999999999529e-17, 9.999999999999529e-17, 9.999999999999529e-17, 9.999999999999529e-17, 9.999999999999529e-17, 9.999999999999529e-17, 9.999999999999529e-17, 9.999999999999529e-17, 9.999999999999529e-17, 9.999999999999529e-17, 9.999999999999529e-17, 9.999999999999529e-17, 9.999999999999529e-17, 9.999999999999529e-17, 9.999999999999529e-17, 9.999999999999529e-17, 9.999999999999529e-17, 9.999999999999529e-17, 9.999999999999529e-17, 9.999999999999529e-17, 9.999999999999529e-17, 9.999999999999529e-17, 9.999999999999529e-17, 9.999999999999529e-17, 9.999999999999529e-17, 9.999999999999529e-17, 9.999999999999529e-17, 9.999999999999529e-17, 9.999999999999529e-17, 9.999999999999529e-17, 9.999999999999529e-17, 9.999999999999529e-17, 9.999999999999529e-17, 9.999999999999529e-17, 9.999999999999529e-17, 9.999999999999529e-17, 9.999999999999529e-17, 9.999999999999529e-17, 9.999999999999529e-17, 9.999999999999529e-17, 9.999999999999529e-17, 9.999999999999529e-17, 9.999999999999529e-17, 9.999999999999529e-17, 9.999999999999529e-17, 9.999999999999529e-17, 9.999999999999529e-17, 9.999999999999529e-17, 9.999999999999529e-17, 9.999999999999529e-17, 9.999999999999529e-17, 9.999999999999529e-17, 9.999999999999529e-17, 9.999999999999529e-17, 9.999999999999529e-17, 9.999999999999529e-17, 9.999999999999529e-17, 9.999999999999529e-17, 9.999999999999529e-17, 9.999999999999529e-17, 9.999999999999529e-17, 9.999999999999529e-17, 9.999999999999529e-17, 9.999999999999529e-17, 9.999999999999529e-17, 9.999999999999529e-17, 9.999999999999529e-17, 9.999999999999529e-17, 9.999999999999529e-17, 9.999999999999529e-17, 9.999999999999529e-17, 9.999999999999529e-17, 9.999999999999529e-17, 9.999999999999529e-17, 9.999999999999529e-17, 9.999999999999529e-17, 9.999999999999529e-17, 9.999999999999529e-17, 9.999999999999529e-17, 9.999999999999529e-17, 9.999999999999529e-17, 9.999999999999529e-17, 9.999999999999529e-17, 9.999999999999529e-17, 9.999999999999529e-17, 9.999999999999529e-17, 9.999999999999529e-17, 9.999999999999529e-17, 9.999999999999529e-17, 9.999999999999529e-17, 9.999999999999529e-17, 9.999999999999529e-17, 9.999999999999529e-17, 9.999999999999529e-17, 9.999999999999529e-17, 9.999999999999529e-17, 9.999999999999529e-17, 9.999999999999529e-17, 9.999999999999529e-17, 9.999999999999529e-17, 9.999999999999529e-17, 9.999999999999529e-17, 9.999999999999529e-17, 9.999999999999529e-17, 9.999999999999529e-17, 9.999999999999529e-17, 9.999999999999529e-17, 9.999999999999529e-17, 9.999999999999529e-17, 9.999999999999529e-17, 9.999999999999529e-17, 9.999999999999529e-17, 9.999999999999529e-17, 9.999999999999529e-17, 9.999999999999529e-17, 9.999999999999529e-17, 9.999999999999529e-17, 9.999999999999529e-17, 9.999999999999529e-17, 9.999999999999529e-17, 9.999999999999529e-17, 9.999999999999529e-17, 9.999999999999529e-17, 9.999999999999529e-17, 9.999999999999529e-17, 9.999999999999529e-17, 9.999999999999529e-17, 9.999999999999529e-17, 9.999999999999529e-17, 9.999999999999529e-17, 9.999999999999529e-17, 9.999999999999529e-17, 9.999999999999529e-17, 9.999999999999529e-17, 9.999999999999529e-17, 9.999999999999529e-17, 9.999999999999529e-17, 9.999999999999529e-17, 9.999999999999529e-17, 9.999999999999529e-17, 9.999999999999529e-17, 9.999999999999529e-17, 9.999999999999529e-17, 9.999999999999529e-17, 9.999999999999529e-17, 9.999999999999529e-17, 9.999999999999529e-17, 9.999999999999529e-17, 9.999999999999529e-17, 9.999999999999529e-17, 9.999999999999529e-17, 9.999999999999529e-17, 9.999999999999529e-17, 9.999999999999529e-17, 9.999999999999529e-17, 9.999999999999529e-17, 9.999999999999529e-17, 9.999999999999529e-17, 9.999999999999529e-17, 9.999999999999529e-17, 9.999999999999529e-17, 9.999999999999529e-17, 9.999999999999529e-17, 9.999999999999529e-17, 9.999999999999529e-17, 9.999999999999529e-17, 9.999999999999529e-17, 9.999999999999529e-17, 9.999999999999529e-17, 9.999999999999529e-17, 9.999999999999529e-17, 9.999999999999529e-17, 9.999999999999529e-17, 9.999999999999529e-17, 9.999999999999529e-17, 9.999999999999529e-17, 9.999999999999529e-17, 9.999999999999529e-17, 9.999999999999529e-17, 9.999999999999529e-17, 9.999999999999529e-17, 9.999999999999529e-17, 9.999999999999529e-17, 9.999999999999529e-05, 9.999999999999529e-17, 9.999999999999529e-05, 9.999999999999529e-05, 9.999999999999529e-17, 9.999999999999529e-17, 0.00019999999999999058, 9.999999999999529e-17, 9.999999999999529e-05, 9.999999999999529e-17, 0.00019999999999999058, 0.00019999999999999058, 0.00019999999999999058, 0.00019999999999999058, 0.00039999999999998115, 0.000699999999999967, 0.00039999999999998115, 0.0004999999999999765, 9.999999999999529e-05, 0.0005999999999999718, 0.0004999999999999765, 0.0007999999999999623, 0.0005999999999999718, 0.0015999999999999246, 0.0011999999999999435, 0.0014999999999999293, 0.0014999999999999293, 0.001399999999999934, 0.0014999999999999293, 0.002099999999999901, 0.0025999999999998776, 0.0016999999999999199, 0.0021999999999998965, 0.002499999999999882, 0.003799999999999821, 0.0033999999999998398, 0.005199999999999755, 0.005899999999999722, 0.00529999999999975, 0.005499999999999741, 0.005199999999999755, 0.007399999999999652, 0.0065999999999996894, 0.008999999999999576, 0.007199999999999661, 0.00869999999999959, 0.009399999999999558, 0.011199999999999473, 0.011699999999999449, 0.011499999999999459, 0.013299999999999373, 0.012899999999999393, 0.01529999999999928, 0.013699999999999355, 0.015399999999999274, 0.013499999999999363, 0.017199999999999188, 0.016299999999999232, 0.018499999999999128, 0.018099999999999148, 0.018299999999999136, 0.01989999999999906, 0.0190999999999991, 0.018499999999999128, 0.02039999999999904, 0.02229999999999895, 0.017599999999999172, 0.020499999999999033, 0.02079999999999902, 0.02059999999999903, 0.02099999999999901, 0.02039999999999904, 0.02079999999999902, 0.023399999999998897, 0.02149999999999899, 0.019399999999999085, 0.0190999999999991, 0.02039999999999904, 0.018999999999999104, 0.01779999999999916, 0.018099999999999148, 0.017899999999999156, 0.01869999999999912, 0.01589999999999925, 0.015599999999999265, 0.015199999999999284, 0.016799999999999208, 0.015599999999999265, 0.013199999999999379, 0.011699999999999449, 0.011699999999999449, 0.010999999999999482, 0.011199999999999473, 0.008999999999999576, 0.009499999999999552, 0.007699999999999637, 0.008399999999999604, 0.0064999999999996935, 0.007999999999999624, 0.005799999999999726, 0.005699999999999731, 0.0067999999999996796, 0.004599999999999783, 0.003699999999999826, 0.0034999999999998353, 0.003699999999999826, 0.0025999999999998776, 0.0038999999999998164, 0.0029999999999998587, 0.0012999999999999388, 0.0018999999999999104, 0.0012999999999999388, 0.002499999999999882, 0.001999999999999906, 0.0010999999999999482, 0.000999999999999953, 0.0011999999999999435, 0.00039999999999998115, 0.0004999999999999765, 0.0007999999999999623, 9.999999999999529e-17, 0.0002999999999999859, 0.0005999999999999718, 0.0002999999999999859, 0.00019999999999999058, 0.000699999999999967, 9.999999999999529e-05, 0.0002999999999999859, 0.00019999999999999058, 9.999999999999529e-05, 9.999999999999529e-05, 9.999999999999529e-05, 9.999999999999529e-17, 9.999999999999529e-17, 9.999999999999529e-05, 9.999999999999529e-05, 9.999999999999529e-17, 9.999999999999529e-17, 9.999999999999529e-17, 9.999999999999529e-17, 9.999999999999529e-17, 9.999999999999529e-17, 9.999999999999529e-17, 9.999999999999529e-17, 9.999999999999529e-17, 9.999999999999529e-17, 9.999999999999529e-17, 9.999999999999529e-17, 9.999999999999529e-17, 9.999999999999529e-17, 9.999999999999529e-17, 9.999999999999529e-17, 9.999999999999529e-17, 