{"n_items": 600, "weights": [9.999999999999798e-17, 9.999999999999798e-17, 9.999999999999798e-17, 9.999999999999798e-17, 9.999999999999798e-17, 9.999999999999798e-17, 9.999999999999798e-17, 9.999999999999798e-17, 9.999999999999798e-17, 9.999999999999798e-17, 9.999999999999798e-17, 9.999999999999798e-17, 9.999999999999798e-17, 9.999999999999798e-17, 9.999999999999798e-17, 9.999999999999798e-17, 9.999999999999798e-17, 9.999999999999798e-17, 9.999999999999798e-17, 9.999999999999798e-17, 9.999999999999798e-17, 9.999999999999798e-17, 9.999999999999798e-17, 9.999999999999798e-17, 9.999999999999798e-17, 9.999999999999798e-17, 9.999999999999798e-17, 9.999999999999798e-17, 9.999999999999798e-17, 9.999999999999798e-17, 9.999999999999798e-17, 9.999999999999798e-17, 9.999999999999798e-17, 9.999999999999798e-17, 9.999999999999798e-17, 9.999999999999798e-17, 9.999999999999798e-17, 9.999999999999798e-17, 9.999999999999798e-17, 9.999999999999798e-17, 9.999999999999798e-17, 9.999999999999798e-17, 9.999999999999798e-17, 9.999999999999798e-17, 9.999999999999799e-05, 9.999999999999798e-17, 9.999999999999798e-17, 9.999999999999798e-17, 9.999999999999798e-17, 9.999999999999798e-17, 9.999999999999798e-17, 9.999999999999798e-17, 9.999999999999799e-05, 9.999999999999798e-17, 9.999999999999798e-17, 9.999999999999798e-17, 9.999999999999798e-17, 9.999999999999798e-17, 9.999999999999798e-17, 9.999999999999798e-17, 9.999999999999798e-17, 9.999999999999798e-17, 9.999999999999798e-17, 9.999999999999798e-17, 9.999999999999798e-17, 9.999999999999799e-05, 9.999999999999799e-05, 9.999999999999798e-17, 9.999999999999798e-17, 9.999999999999799e-05, 9.999999999999798e-17, 9.999999999999799e-05, 9.999999999999799e-05, 9.999999999999799e-05, 9.999999999999798e-17, 0.00019999999999999597, 9.999999999999799e-05, 0.00019999999999999597, 9.999999999999798e-17, 9.999999999999798e-17, 9.999999999999799e-05, 9.999999999999799e-05, 0.00019999999999999597, 0.00019999999999999597, 9.999999999999799e-05, 0.00029999999999999396, 0.00019999999999999597, 0.00029999999999999396, 0.00029999999999999396, 0.0006999999999999859, 0.00039999999999999194, 0.00039999999999999194, 0.00029999999999999396, 0.00019999999999999597, 9.999999999999799e-05, 0.0005999999999999879, 0.0007999999999999839, 0.0007999999999999839, 0.0004999999999999899, 0.0006999999999999859, 9.999999999999799e-05, 0.0007999999999999839, 0.00039999999999999194, 0.0006999999999999859, 0.00019999999999999597, 0.00029999999999999396, 0.0006999999999999859, 0.0005999999999999879, 0.00039999999999999194, 0.0009999999999999799, 0.0005999999999999879, 0.0005999999999999879, 0.00029999999999999396, 0.0008999999999999819, 0.0010999999999999777, 0.0013999999999999718, 0.0010999999999999777, 0.0011999999999999758, 0.0010999999999999777, 0.0010999999999999777, 0.0009999999999999799, 0.0014999999999999697, 0.0008999999999999819, 0.0017999999999999637, 0.0015999999999999678, 0.0014999999999999697, 0.0018999999999999616, 0.0016999999999999656, 0.002099999999999958, 0.0015999999999999678, 0.0026999999999999455, 0.0017999999999999637, 0.0028999999999999413, 0.002099999999999958, 0.0026999999999999455, 0.0018999999999999616, 0.0024999999999999493, 0.0037999999999999232, 0.003299999999999933, 0.0023999999999999517, 0.0022999999999999536, 0.0026999999999999455, 0.0027999999999999436, 0.0026999999999999455, 0.0023999999999999517, 0.0037999999999999232, 0.0025999999999999474, 0.003699999999999925, 0.0029999999999999393, 0.004799999999999903, 0.003699999999999925, 0.0030999999999999374, 0.0031999999999999355, 0.0030999999999999374, 0.004999999999999899, 0.004399999999999911, 0.003699999999999925, 0.005399999999999891, 0.004699999999999905, 0.0038999999999999213, 0.005699999999999885, 0.003699999999999925, 0.004699999999999905, 0.004399999999999911, 0.004299999999999913, 0.005199999999999895, 0.004699999999999905, 0.005499999999999889, 0.005099999999999897, 0.004199999999999916, 0.004999999999999899, 0.005899999999999881, 0.005399999999999891, 0.005199999999999895, 0.005899999999999881, 0.0057999999999998825, 0.004999999999999899, 0.003999999999999919, 0.005399999999999891, 0.0037999999999999232, 0.005199999999999895, 0.003999999999999919, 0.004999999999999899, 0.005099999999999897, 0.005299999999999893, 0.005299999999999893, 0.006399999999999871, 0.006199999999999875, 0.004999999999999899, 0.005699999999999885, 0.004999999999999899, 0.005199999999999895, 0.004799999999999903, 0.005699999999999885, 0.005299999999999893, 0.004599999999999907, 0.0057999999999998825, 0.004299999999999913, 0.0057999999999998825, 0.005599999999999887, 0.004099999999999917, 0.0044999999999999095, 0.004899999999999901, 0.0030999999999999374, 0.005499999999999889, 0.0044999999999999095, 0.005099999999999897, 0.0044999999999999095, 0.0037999999999999232, 0.0029999999999999393, 0.004299999999999913, 0.0033999999999999313, 0.004699999999999905, 0.0037999999999999232, 0.0044999999999999095, 0.0044999999999999095, 0.004599999999999907, 0.0027999999999999436, 0.0037999999999999232, 0.0024999999999999493, 0.0033999999999999313, 0.0026999999999999455, 0.0033999999999999313, 0.0035999999999999275, 0.0026999999999999455, 0.0026999999999999455, 0.0023999999999999517, 0.0014999999999999697, 0.0027999999999999436, 0.0017999999999999637, 0.0026999999999999455, 0.0030999999999999374, 0.0023999999999999517, 0.0014999999999999697, 0.0019999999999999597, 0.0016999999999999656, 0.0016999999999999656, 0.0017999999999999637, 0.0018999999999999616, 0.0018999999999999616, 0.0014999999999999697, 0.0015999999999999678, 0.0010999999999999777, 0.0015999999999999678, 0.0013999999999999718, 0.0014999999999999697, 0.0012999999999999737, 0.0014999999999999697, 0.0011999999999999758, 0.0011999999999999758, 0.0009999999999999799, 0.0012999999999999737, 0.0012999999999999737, 0.0008999999999999819, 0.0005999999999999879, 0.0004999999999999899, 0.0005999999999999879, 0.0009999999999999799, 0.00039999999999999194, 0.0013999999999999718, 0.0007999999999999839, 0.0008999999999999819, 0.0005999999999999879, 0.0009999999999999799, 0.0005999999999999879, 0.0007999999999999839, 0.00039999999999999194, 0.0004999999999999899, 0.0006999999999999859, 0.00039999999999999194, 0.0005999999999999879, 0.0009999999999999799, 0.00029999999999999396, 0.0007999999999999839, 0.0004999999999999899, 0.00029999999999999396, 0.0007999999999999839, 0.0012999999999999737, 0.0009999999999999799, 0.0007999999999999839, 0.0004999999999999899, 0.0007999999999999839, 0.0015999999999999678, 0.0009999999999999799, 0.0005999999999999879, 0.0008999999999999819, 0.0008999999999999819, 0.0009999999999999799, 0.0006999999999999859, 0.002099999999999958, 0.0009999999999999799, 0.0010999999999999777, 0.0014999999999999697, 0.0010999999999999777, 0.0018999999999999616, 0.0019999999999999597, 0.0009999999999999799, 0.0009999999999999799, 0.0012999999999999737, 0.0009999999999999799, 0.0017999999999999637, 0.0014999999999999697, 0.0015999999999999678, 0.0018999999999999616, 0.0015999999999999678, 0.0025999999999999474, 0.0016999999999999656, 0.0016999999999999656, 0.003299999999999933, 0.0026999999999999455, 0.0027999999999999436, 0.0022999999999999536, 0.0025999999999999474, 0.0023999999999999517, 0.003999999999999919, 0.0030999999999999374, 0.004399999999999911, 0.0027999999999999436, 0.004099999999999917, 0.004099999999999917, 0.0028999999999999413, 0.0029999999999999393, 0.0031999999999999355, 0.0038999999999999213, 0.0038999999999999213, 0.004099999999999917, 0.0038999999999999213, 0.004699999999999905, 0.0038999999999999213, 0.004199999999999916, 0.0038999999999999213, 0.0044999999999999095, 0.004399999999999911, 0.004099999999999917, 0.003699999999999925, 0.0037999999999999232, 0.004399999999999911, 0.004599999999999907, 0.004699999999999905, 0.004999999999999899, 0.0038999999999999213, 0.005499999999999889, 0.005499999999999889, 0.004299999999999913, 0.005399999999999891, 0.0037999999999999232, 0.005199999999999895, 0.005699999999999885, 0.004899999999999901,