{"n_items": 400, "weights": [1.0022048506714648e-16, 1.0022048506714648e-16, 1.0022048506714648e-16, 1.0022048506714648e-16, 1.0022048506714648e-16, 1.0022048506714648e-16, 1.0022048506714648e-16, 1.0022048506714648e-16, 1.0022048506714648e-16, 1.0022048506714648e-16, 1.0022048506714648e-16, 1.0022048506714648e-16, 1.0022048506714648e-16, 1.0022048506714648e-16, 1.0022048506714648e-16, 1.0022048506714648e-16, 1.0022048506714648e-16, 1.0022048506714648e-16, 1.0022048506714648e-16, 1.0022048506714648e-16, 1.0022048506714648e-16, 1.0022048506714648e-16, 1.0022048506714648e-16, 1.0022048506714648e-16, 1.0022048506714648e-16, 1.0022048506714648e-16, 1.0022048506714648e-16, 1.0022048506714648e-16, 1.0022048506714648e-16, 1.0022048506714648e-16, 1.0022048506714648e-16, 1.0022048506714648e-16, 1.0022048506714648e-16, 1.0022048506714648e-16, 1.0022048506714648e-16, 1.0022048506714648e-16, 1.0022048506714648e-16, 1.0022048506714648e-16, 1.0022048506714648e-16, 1.0022048506714648e-16, 1.0022048506714648e-16, 1.0022048506714648e-16, 1.0022048506714648e-16, 1.0022048506714648e-16, 1.0022048506714648e-16, 1.0022048506714648e-16, 0.00010022048506714648, 1.0022048506714648e-16, 1.0022048506714648e-16, 1.0022048506714648e-16, 1.0022048506714648e-16, 1.0022048506714648e-16, 1.0022048506714648e-16, 1.0022048506714648e-16, 0.00020044097013429297, 0.00010022048506714648, 1.0022048506714648e-16, 1.0022048506714648e-16, 1.0022048506714648e-16, 0.00010022048506714648, 0.00010022048506714648, 1.0022048506714648e-16, 1.0022048506714648e-16, 1.0022048506714648e-16, 1.0022048506714648e-16, 1.0022048506714648e-16, 1.0022048506714648e-16, 0.00010022048506714648, 0.00030066145520143945, 0.00020044097013429297, 0.00030066145520143945, 0.00010022048506714648, 0.00020044097013429297, 0.00030066145520143945, 0.00010022048506714648, 0.0006013229104028789, 0.0005011024253357324, 1.0022048506714648e-16, 0.00020044097013429297, 0.00040088194026858593, 0.0010022048506714647, 0.0012026458208057578, 0.0010022048506714647, 0.0005011024253357324, 0.0013028663058729042, 0.0009019843656043183, 0.0006013229104028789, 0.0005011024253357324, 0.0006013229104028789, 0.0007015433954700253, 0.0017037482461414902, 0.0016035277610743437, 0.0011024253357386114, 0.0015033072760071973, 0.0019041892162757832, 0.0017037482461414902, 0.0017037482461414902, 0.0020044097013429294, 0.0026057326117458085, 0.002305071156544369, 0.0022048506714772227, 0.0018039687312086366, 0.002906394066947248, 0.002906394066947248, 0.0020044097013429294, 0.002705953096812955, 0.0034074964922829803, 0.0032070555221486875, 0.0034074964922829803, 0.003908598917618713, 0.004008819402685859, 0.0032070555221486875, 0.004610142313088738, 0.005812788133894496, 0.005512126678693057, 0.004610142313088738, 0.005311685708558764, 0.005311685708558764, 0.006013229104028789, 0.005512126678693057, 0.004810583283223031, 0.005612347163760203, 0.005011024253357324, 0.006313890559230228, 0.006313890559230228, 0.006313890559230228, 0.00741631589496884, 0.006414111044297375, 0.0070154339547002535, 0.007817197835237426, 0.006814992984565961, 0.008017638805371718, 0.00912006414111033, 0.006814992984565961, 0.007817197835237426, 0.00741631589496884, 0.008618961715774597, 0.008418520745640305, 0.008518741230707451, 0.008618961715774597, 0.007817197835237426, 0.008117859290438866, 0.008518741230707451, 0.009921828021647502, 0.008418520745640305, 0.0071156544397674, 0.007215874924834546, 0.006013229104028789, 0.006113449589095935, 0.008017638805371718, 0.00741631589496884, 0.007316095409901693, 0.008117859290438866, 0.007817197835237426, 0.006213670074163082, 0.006113449589095935, 0.0070154339547002535, 0.007516536380035986, 0.006714772499498815, 0.004309480857887299, 0.004910803768290178, 0.004910803768290178, 0.00541190619362591, 0.005311685708558764, 0.004209260372820153, 0.004710362798155884, 0.003908598917618713, 0.004910803768290178, 0.004209260372820153, 0.0034074964922829803, 0.003307276007215834, 0.002705953096812955, 0.003307276007215834, 0.003106835037081541, 0.0028061735818801013, 0.0019041892162757832, 0.0022048506714772227, 0.0024052916416115156, 0.00370815794748442, 0.0024052916416115156, 0.0020044097013429294, 0.002906394066947248, 0.0018039687312086366, 0.003106835037081541, 0.0010022048506714647, 0.0016035277610743437, 0.0016035277610743437, 0.0018039687312086366, 0.0013028663058729042, 0.0008017638805371719, 0.0011024253357386114, 0.0011024253357386114, 0.0007015433954700253, 0.0014030867909400507, 0.0005011024253357324, 0.0006013229104028789, 0.0007015433954700253, 0.00040088194026858593, 0.0006013229104028789, 0.00040088194026858593, 0.00040088194026858593, 0.00020044097013429297, 0.00020044097013429297, 0.00020044097013429297, 0.00020044097013429297, 0.00010022048506714648, 0.0005011024253357324, 0.00030066145520143945, 0.00010022048506714648, 0.00020044097013429297, 0.00020044097013429297, 0.00030066145520143945, 0.00010022048506714648, 1.0022048506714648e-16, 0.00020044097013429297, 0.00010022048506714648, 0.00010022048506714648, 0.00010022048506714648, 0.00010022048506714648, 0.00010022048506714648, 0.00010022048506714648, 1.0022048506714648e-16, 1.0022048506714648e-16, 1.0022048506714648e-16, 1.0022048506714648e-16, 1.0022048506714648e-16, 1.0022048506714648e-16, 1.0022048506714648e-16, 1.0022048506714648e-16, 1.0022048506714648e-16, 1.0022048506714648e-16, 0.00010022048506714648, 1.0022048506714648e-16, 1.0022048506714648e-16, 1.0022048506714648e-16, 1.0022048506714648e-16, 0.00020044097013429297, 1.0022048506714648e-16, 1.0022048506714648e-16, 1.0022048506714648e-16, 1.0022048506714648e-16, 1.0022048506714648e-16, 1.0022048506714648e-16, 1.0022048506714648e-16, 1.0022048506714648e-16, 1.0022048506714648e-16, 1.0022048506714648e-16, 1.0022048506714648e-16, 1.0022048506714648e-16, 1.0022048506714648e-16, 1.0022048506714648e-16, 1.0022048506714648e-16, 1.0022048506714648e-16, 1.0022048506714648e-16, 1.0022048506714648e-16, 1.0022048506714648e-16, 1.0022048506714648e-16, 1.0022048506714648e-16, 1.0022048506714648e-16, 1.0022048506714648e-16, 1.0022048506714648e-16, 1.0022048506714648e-16, 1.0022048506714648e-16, 1.0022048506714648e-16, 1.0022048506714648e-16, 0.00010022048506714648, 1.0022048506714648e-16, 1.0022048506714648e-16, 1.0022048506714648e-16, 1.0022048506714648e-16, 1.0022048506714648e-16, 1.0022048506714648e-16, 1.0022048506714648e-16, 1.0022048506714648e-16, 1.0022048506714648e-16, 1.0022048506714648e-16, 0.00010022048506714648, 1.0022048506714648e-16, 0.00010022048506714648, 1.0022048506714648e-16, 0.00030066145520143945, 0.00010022048506714648, 1.0022048506714648e-16, 1.0022048506714648e-16, 0.00020044097013429297, 0.00010022048506714648, 1.0022048506714648e-16, 0.00020044097013429297, 0.00030066145520143945, 0.00020044097013429297, 0.00020044097013429297, 1.0022048506714648e-16, 0.00030066145520143945, 0.0005011024253357324, 0.00030066145520143945, 0.0005011024253357324, 0.00040088194026858593, 0.00030066145520143945, 0.00040088194026858593, 0.00010022048506714648, 0.0005011024253357324, 0.0005011024253357324, 0.0007015433954700253, 0.0005011024253357324, 0.0008017638805371719, 0.0009019843656043183, 0.0012026458208057578, 0.0011024253357386114, 0.0013028663058729042, 0.0009019843656043183, 0.0014030867909400507, 0.0015033072760071973, 0.0013028663058729042, 0.0013028663058729042, 0.0017037482461414902, 0.0021046301864100763, 0.0019041892162757832, 0.0007015433954700253, 0.0020044097013429294, 0.002705953096812955, 0.002505512126678662, 0.0028061735818801013, 0.0032070555221486875, 0.0032070555221486875, 0.0028061735818801013, 0.0028061735818801013, 0.004008819402685859, 0.0032070555221486875, 0.0035077169773501267, 0.004910803768290178, 0.004008819402685859, 0.004910803768290178, 0.003908598917618713, 0.0044097013429544455, 0.004710362798155884, 0.004810583283223031, 0.004309480857887299, 0.005211465223491617, 0.006614552014431668, 0.00741631589496884, 0.0071156544397674, 0.007215874924834546, 0.006213670074163082, 