{"n_items": 400, "weights": [0.01069999999999984, 0.01069999999999984, 0.012999999999999807, 0.013799999999999793, 0.011599999999999827, 0.009499999999999858, 0.013399999999999801, 0.012199999999999819, 0.013199999999999804, 0.01409999999999979, 0.012999999999999807, 0.01139999999999983, 0.013399999999999801, 0.012399999999999816, 0.011699999999999825, 0.010099999999999849, 0.010199999999999848, 0.010999999999999836, 0.011499999999999828, 0.011999999999999822, 0.010999999999999836, 0.012199999999999819, 0.009499999999999858, 0.011499999999999828, 0.011099999999999834, 0.009599999999999857, 0.007399999999999889, 0.011199999999999833, 0.010399999999999845, 0.008299999999999877, 0.008199999999999878, 0.00799999999999988, 0.008199999999999878, 0.00799999999999988, 0.010099999999999849, 0.0066999999999999005, 0.007899999999999883, 0.005999999999999911, 0.0066999999999999005, 0.005799999999999914, 0.005599999999999917, 0.00469999999999993, 0.004499999999999933, 0.00469999999999993, 0.0036999999999999447, 0.004399999999999934, 0.003299999999999951, 0.0031999999999999524, 0.0034999999999999476, 0.003099999999999954, 0.003299999999999951, 0.003299999999999951, 0.00269999999999996, 0.0024999999999999628, 0.0024999999999999628, 0.0023999999999999642, 0.002199999999999967, 0.0018999999999999716, 0.0027999999999999583, 0.002199999999999967, 0.0013999999999999792, 0.001799999999999973, 0.0006999999999999896, 0.0016999999999999745, 0.0008999999999999865, 0.0011999999999999821, 0.0014999999999999777, 0.0008999999999999865, 0.0007999999999999881, 0.0007999999999999881, 0.0006999999999999896, 0.00019999999999999703, 9.999999999999851e-05, 0.00019999999999999703, 0.00039999999999999406, 0.0006999999999999896, 0.00019999999999999703, 0.00019999999999999703, 0.00019999999999999703, 0.00019999999999999703, 0.00019999999999999703, 0.00019999999999999703, 9.999999999999851e-05, 9.999999999999851e-05, 9.999999999999851e-05, 9.999999999999851e-05, 0.00019999999999999703, 9.999999999999851e-17, 9.999999999999851e-05, 9.999999999999851e-05, 9.999999999999851e-05, 9.999999999999851e-17, 0.00019999999999999703, 9.999999999999851e-17, 9.999999999999851e-05, 9.999999999999851e-17, 9.999999999999851e-05, 9.999999999999851e-17, 9.999999999999851e-05, 9.999999999999851e-05, 9.999999999999851e-17, 9.999999999999851e-05, 9.999999999999851e-17, 9.999999999999851e-17, 9.999999999999851e-17, 9.999999999999851e-17, 9.999999999999851e-17, 9.999999999999851e-17, 9.999999999999851e-17, 9.999999999999851e-17, 9.999999999999851e-17, 9.999999999999851e-17, 9.999999999999851e-17, 9.999999999999851e-17, 9.999999999999851e-17, 9.999999999999851e-17, 9.999999999999851e-17, 9.999999999999851e-17, 9.999999999999851e-17, 9.999999999999851e-17, 9.999999999999851e-17, 9.999999999999851e-17, 9.999999999999851e-17, 9.999999999999851e-17, 9.999999999999851e-17, 9.999999999999851e-17, 9.999999999999851e-17, 9.999999999999851e-17, 9.999999999999851e-17, 9.999999999999851e-17, 9.999999999999851e-17, 9.999999999999851e-17, 9.999999999999851e-17, 9.999999999999851e-17, 9.999999999999851e-17, 9.999999999999851e-17, 9.999999999999851e-17, 9.999999999999851e-17, 9.999999999999851e-17, 9.999999999999851e-17, 9.999999999999851e-17, 9.999999999999851e-17, 9.999999999999851e-17, 9.999999999999851e-17, 9.999999999999851e-17, 9.999999999999851e-17, 9.999999999999851e-17, 9.999999999999851e-17, 9.999999999999851e-17, 9.999999999999851e-17, 9.999999999999851e-17, 9.999999999999851e-17, 9.999999999999851e-17, 9.999999999999851e-17, 9.999999999999851e-17, 9.999999999999851e-17, 9.999999999999851e-17, 9.999999999999851e-17, 9.999999999999851e-17, 9.999999999999851e-17, 9.999999999999851e-17, 9.999999999999851e-17, 9.999999999999851e-17, 9.999999999999851e-17, 9.999999999999851e-17, 9.999999999999851e-17, 9.999999999999851e-17, 9.999999999999851e-17, 9.999999999999851e-17, 9.999999999999851e-17, 9.999999999999851e-17, 9.999999999999851e-17, 9.999999999999851e-17, 9.999999999999851e-17, 9.999999999999851e-17, 9.999999999999851e-17, 9.999999999999851e-17, 9.999999999999851e-17, 9.999999999999851e-17, 9.999999999999851e-17, 9.999999999999851e-17, 9.999999999999851e-17, 9.999999999999851e-17, 9.999999999999851e-17, 9.999999999999851e-17, 9.999999999999851e-17, 9.999999999999851e-17, 9.999999999999851e-17, 9.999999999999851e-17, 9.999999999999851e-17, 9.999999999999851e-05, 9.999999999999851e-17, 9.999999999999851e-17, 9.999999999999851e-17, 9.999999999999851e-17, 9.999999999999851e-17, 9.999999999999851e-17, 9.999999999999851e-17, 9.999999999999851e-17, 9.999999999999851e-17, 9.999999999999851e-17, 9.999999999999851e-05, 9.999999999999851e-17, 9.999999999999851e-17, 9.999999999999851e-17, 9.999999999999851e-17, 9.999999999999851e-17, 9.999999999999851e-17, 9.999999999999851e-05, 9.999999999999851e-17, 0.00019999999999999703, 9.999999999999851e-17, 0.00019999999999999703, 9.999999999999851e-17, 0.00019999999999999703, 9.999999999999851e-17, 0.00029999999999999553, 9.999999999999851e-17, 0.00019999999999999703, 0.00019999999999999703, 0.00019999999999999703, 0.00029999999999999553, 0.00019999999999999703, 0.0005999999999999911, 0.00019999999999999703, 0.00039999999999999406, 0.0005999999999999911, 0.0006999999999999896, 0.00029999999999999553, 0.0005999999999999911, 0.00039999999999999406, 0.0007999999999999881, 0.0008999999999999865, 0.0007999999999999881, 0.0006999999999999896, 0.0006999999999999896, 0.000999999999999985, 0.0007999999999999881, 0.000999999999999985, 0.0012999999999999806, 0.0008999999999999865, 0.000999999999999985, 0.0015999999999999762, 0.0013999999999999792, 0.0008999999999999865, 0.0015999999999999762, 0.0018999999999999716, 0.0018999999999999716, 0.0016999999999999745, 0.001799999999999973, 0.003099999999999954, 0.0025999999999999613, 0.003399999999999949, 0.0018999999999999716, 0.00269999999999996, 0.00269999999999996, 0.00269999999999996, 0.002199999999999967, 0.004199999999999937, 0.004599999999999931, 0.004099999999999939, 0.003799999999999943, 0.004099999999999939, 0.005799999999999914, 0.005799999999999914, 0.006299999999999906, 0.005899999999999912, 0.0051999999999999226, 0.005799999999999914, 0.007499999999999888, 0.005699999999999915, 0.006599999999999902, 0.0066999999999999005, 0.00809999999999988, 0.007399999999999889, 0.008799999999999869, 0.006999999999999895, 0.008499999999999874, 0.006499999999999903, 0.006099999999999909, 0.006899999999999897, 0.0066999999999999005, 0.00809999999999988, 0.00809999999999988, 0.009899999999999852, 0.007799999999999883, 0.007499999999999888, 0.007499999999999888, 0.00809999999999988, 0.008699999999999871, 0.007799999999999883, 0.008399999999999875, 0.00799999999999988, 0.008299999999999877, 0.0066999999999999005, 0.008199999999999878, 0.007699999999999885, 0.007299999999999891, 0.007799999999999883, 0.006799999999999898, 0.006799999999999898, 0.006899999999999897, 0.006299999999999906, 0.006299999999999906, 0.005999999999999911, 0.0051999999999999226, 0.005499999999999918, 0.005999999999999911, 0.005499999999999918, 0.005299999999999921, 0.004899999999999927, 0.005799999999999914, 0.004599999999999931, 0.0049999999999999255, 0.0049999999999999255, 0.004199999999999937, 0.004099999999999939, 0.00399999999999994, 0.00399999999999994, 0.003799999999999943, 0.003099999999999954, 0.004099999999999939, 0.003799999999999943, 0.00399999999999994, 0.0027999999999999583, 0.003299999999999951, 0.003599999999999946, 0.00199999999999997, 0.003099999999999954, 0.0010999999999999836, 0.001799999999999973, 0.0015999999999999762, 0.0008999999999999865, 0.0020999999999999686, 0.002199999999999967, 0.0010999999999999836, 0.00199999999999997, 0.0008999999999999865, 0.000999999999999985, 0.0005999999999999911, 0.0005999999999999911, 0.0011999999999999821, 0.0010999999999999836, 0.0006999999999999896, 0.0004999999999999925, 0.00039999999999999406, 0.00039999999999999406, 0.00029999999999999553, 0.0004999999999999925, 0.00029999999999999553, 0.00029999999999999553, 