{"n_items": 400, "weights": [9.999999999999766e-17, 9.999999999999766e-17, 9.999999999999766e-17, 9.999999999999766e-17, 9.999999999999766e-17, 9.999999999999766e-17, 9.999999999999766e-17, 9.999999999999766e-17, 9.999999999999766e-17, 9.999999999999766e-17, 9.999999999999766e-17, 9.999999999999766e-17, 9.999999999999766e-17, 9.999999999999766e-17, 9.999999999999766e-17, 9.999999999999766e-17, 9.999999999999766e-17, 9.999999999999766e-17, 9.999999999999766e-17, 9.999999999999766e-17, 9.999999999999766e-17, 9.999999999999766e-17, 9.999999999999766e-17, 9.999999999999766e-17, 9.999999999999766e-17, 9.999999999999766e-17, 9.999999999999766e-17, 9.999999999999766e-17, 9.999999999999766e-17, 9.999999999999766e-17, 9.999999999999766e-17, 9.999999999999766e-17, 9.999999999999766e-17, 9.999999999999766e-17, 9.999999999999766e-17, 9.999999999999766e-17, 9.999999999999766e-17, 9.999999999999766e-17, 9.999999999999766e-17, 9.999999999999766e-17, 9.999999999999766e-17, 9.999999999999766e-17, 9.999999999999766e-17, 9.999999999999766e-17, 9.999999999999766e-17, 9.999999999999766e-17, 9.999999999999766e-17, 9.999999999999766e-17, 9.999999999999766e-17, 9.999999999999766e-17, 9.999999999999766e-17, 9.999999999999766e-17, 9.999999999999766e-17, 9.999999999999766e-17, 9.999999999999766e-17, 9.999999999999766e-17, 9.999999999999766e-17, 9.999999999999766e-17, 9.999999999999766e-17, 9.999999999999766e-17, 9.999999999999766e-17, 9.999999999999766e-17, 9.999999999999766e-17, 9.999999999999766e-17, 9.999999999999766e-17, 9.999999999999766e-17, 9.999999999999766e-17, 9.999999999999766e-17, 9.999999999999766e-17, 9.999999999999766e-17, 9.999999999999766e-17, 9.999999999999766e-17, 9.999999999999766e-17, 9.999999999999766e-17, 0.00019999999999999532, 9.999999999999766e-17, 0.000299999999999993, 9.999999999999766e-05, 9.999999999999766e-17, 9.999999999999766e-05, 0.00019999999999999532, 0.00019999999999999532, 9.999999999999766e-05, 0.000299999999999993, 0.00019999999999999532, 9.999999999999766e-05, 0.00019999999999999532, 0.00019999999999999532, 9.999999999999766e-17, 0.0008999999999999788, 0.00039999999999999064, 0.000299999999999993, 0.00039999999999999064, 0.0007999999999999813, 0.0006999999999999836, 0.0006999999999999836, 0.001199999999999972, 0.00039999999999999064, 0.000599999999999986, 0.0010999999999999743, 0.0012999999999999696, 0.0010999999999999743, 0.0013999999999999672, 0.0010999999999999743, 0.00169999999999996, 0.0013999999999999672, 0.0018999999999999553, 0.0017999999999999577, 0.002599999999999939, 0.002899999999999932, 0.002099999999999951, 0.002699999999999937, 0.0035999999999999153, 0.0035999999999999153, 0.0030999999999999275, 0.003199999999999925, 0.004499999999999895, 0.004899999999999885, 0.00469999999999989, 0.005299999999999876, 0.00469999999999989, 0.005199999999999878, 0.005599999999999869, 0.006499999999999847, 0.005399999999999874, 0.007299999999999828, 0.007499999999999824, 0.007599999999999821, 0.007099999999999833, 0.008799999999999794, 0.010099999999999764, 0.00809999999999981, 0.008499999999999801, 0.010399999999999757, 0.009199999999999785, 0.01199999999999972, 0.010399999999999757, 0.013099999999999692, 0.010799999999999747, 0.01319999999999969, 0.012699999999999703, 0.013899999999999673, 0.011899999999999722, 0.015399999999999638, 0.013899999999999673, 0.012299999999999712, 0.014799999999999652, 0.013499999999999682, 0.014799999999999652, 0.014399999999999661, 0.016299999999999617, 0.01199999999999972, 0.016499999999999612, 0.013099999999999692, 0.013299999999999687, 0.018499999999999565, 0.01799999999999958, 0.014599999999999657, 0.016299999999999617, 0.014299999999999664, 0.01619999999999962, 0.014799999999999652, 0.01869999999999956, 0.01619999999999962, 0.017199999999999598, 0.015999999999999626, 0.015499999999999636, 0.013899999999999673, 0.015999999999999626, 0.014199999999999666, 0.013699999999999678, 0.01569999999999963, 0.014399999999999661, 0.011199999999999738, 0.012899999999999698, 0.012599999999999705, 0.010199999999999761, 0.011299999999999736, 0.009999999999999766, 0.009999999999999766, 0.01319999999999969, 0.009899999999999768, 0.009899999999999768, 0.010399999999999757, 0.009599999999999775, 0.009299999999999782, 0.008799999999999794, 0.008199999999999808, 0.007199999999999831, 0.006299999999999853, 0.00679999999999984, 0.006999999999999835, 0.005699999999999867, 0.006099999999999857, 0.005199999999999878, 0.004599999999999892, 0.004499999999999895, 0.004299999999999899, 0.004299999999999899, 0.004099999999999904, 0.004299999999999899, 0.0030999999999999275, 0.003199999999999925, 0.0030999999999999275, 0.0037999999999999107, 0.002699999999999937, 0.002299999999999946, 0.0021999999999999485, 0.002299999999999946, 0.0021999999999999485, 0.001499999999999965, 0.002599999999999939, 0.0012999999999999696, 0.0012999999999999696, 0.001199999999999972, 0.001199999999999972, 0.0004999999999999883, 0.0007999999999999813, 0.00039999999999999064, 0.0010999999999999743, 0.0008999999999999788, 0.000599999999999986, 0.000299999999999993, 0.0004999999999999883, 0.000599999999999986, 0.000299999999999993, 0.000299999999999993, 0.0004999999999999883, 0.00039999999999999064, 0.00019999999999999532, 9.999999999999766e-05, 0.00039999999999999064, 9.999999999999766e-05, 9.999999999999766e-17, 9.999999999999766e-05, 0.00019999999999999532, 0.00019999999999999532, 9.999999999999766e-05, 9.999999999999766e-05, 9.999999999999766e-17, 9.999999999999766e-17, 9.999999999999766e-05, 9.999999999999766e-05, 9.999999999999766e-17, 9.999999999999766e-17, 9.999999999999766e-17, 9.999999999999766e-17, 9.999999999999766e-17, 9.999999999999766e-17, 9.999999999999766e-05, 9.999999999999766e-17, 9.999999999999766e-17, 9.999999999999766e-17, 9.999999999999766e-17, 9.999999999999766e-17, 9.999999999999766e-17, 9.999999999999766e-17, 9.999999999999766e-17, 9.999999999999766e-17, 9.999999999999766e-17, 9.999999999999766e-17, 9.999999999999766e-17, 9.999999999999766e-17, 9.999999999999766e-17, 9.999999999999766e-17, 9.999999999999766e-17, 9.999999999999766e-17, 9.999999999999766e-17, 9.999999999999766e-17, 9.999999999999766e-17, 9.999999999999766e-17, 9.999999999999766e-17, 9.999999999999766e-17, 9.999999999999766e-17, 9.999999999999766e-17, 9.999999999999766e-17, 9.999999999999766e-17, 9.999999999999766e-17, 9.999999999999766e-17, 9.999999999999766e-17, 9.999999999999766e-17, 9.999999999999766e-17, 9.999999999999766e-17, 9.999999999999766e-17, 9.999999999999766e-17, 9.999999999999766e-17, 9.999999999999766e-17, 9.999999999999766e-17, 9.999999999999766e-17, 9.999999999999766e-17, 9.999999999999766e-17, 9.999999999999766e-17, 9.999999999999766e-17, 9.999999999999766e-17, 9.999999999999766e-17, 9.999999999999766e-17, 9.999999999999766e-17, 9.999999999999766e-17, 9.999999999999766e-17, 9.999999999999766e-17, 9.999999999999766e-17, 9.999999999999766e-17, 9.999999999999766e-17, 9.999999999999766e-17, 9.999999999999766e-17, 9.999999999999766e-17, 9.999999999999766e-17, 9.999999999999766e-17, 9.999999999999766e-17, 9.999999999999766e-17, 9.999999999999766e-17, 9.999999999999766e-17, 9.999999999999766e-17, 9.999999999999766e-17, 9.999999999999766e-17, 9.999999999999766e-17, 9.999999999999766e-17, 9.999999999999766e-17, 9.999999999999766e-17, 9.999999999999766e-17, 9.999999999999766e-17, 9.999999999999766e-17, 9.999999999999766e-17, 9.999999999999766e-17, 9.999999999999766e-17, 9.999999999999766e-17, 9.999999999999766e-17, 9.999999999999766e-17, 9.999999999999766e-17, 9.999999999999766e-17, 9.999999999999766e-17, 9.999999999999766e-17, 9.999999999999766e-17, 9.999999999999766e-17, 9.999999999999766e-17, 9.999999999999766e-17, 9.999999999999766e-17, 9.999999999999766e-17, 9.999999999999766e-17, 9.999999999999766e-17, 9.999999999999766e-17, 9.999999999999766e-17, 9.999999999999766e-17, 9.999999999999766e-17, 9.999999999999766e-17, 9.999999999999766e-17, 9.999999999999766e-17, 9.999999999999766e-17, 9.999999999999766e-17, 9.999999999999766e-17, 9.999999999999766e-17, 