{"n_items": 400, "weights": [9.999999999999915e-17, 9.999999999999915e-17, 9.999999999999915e-17, 9.999999999999915e-17, 9.999999999999915e-17, 9.999999999999915e-17, 9.999999999999915e-17, 9.999999999999915e-17, 9.999999999999915e-17, 9.999999999999915e-17, 9.999999999999915e-17, 9.999999999999915e-17, 9.999999999999915e-17, 9.999999999999915e-05, 9.999999999999915e-17, 9.999999999999915e-17, 9.999999999999915e-17, 9.999999999999915e-17, 9.999999999999915e-17, 9.999999999999915e-17, 9.999999999999915e-17, 9.999999999999915e-17, 9.999999999999915e-17, 9.999999999999915e-17, 9.999999999999915e-17, 9.999999999999915e-17, 9.999999999999915e-17, 9.999999999999915e-17, 9.999999999999915e-17, 9.999999999999915e-17, 9.999999999999915e-17, 9.999999999999915e-17, 9.999999999999915e-17, 9.999999999999915e-17, 9.999999999999915e-17, 9.999999999999915e-17, 9.999999999999915e-17, 9.999999999999915e-17, 9.999999999999915e-17, 9.999999999999915e-17, 9.999999999999915e-17, 9.999999999999915e-17, 9.999999999999915e-17, 9.999999999999915e-17, 9.999999999999915e-17, 9.999999999999915e-17, 9.999999999999915e-17, 9.999999999999915e-17, 9.999999999999915e-17, 9.999999999999915e-17, 9.999999999999915e-17, 9.999999999999915e-17, 9.999999999999915e-17, 9.999999999999915e-17, 9.999999999999915e-17, 9.999999999999915e-17, 9.999999999999915e-05, 9.999999999999915e-17, 9.999999999999915e-05, 9.999999999999915e-17, 9.999999999999915e-05, 9.999999999999915e-17, 9.999999999999915e-17, 9.999999999999915e-05, 9.999999999999915e-05, 9.999999999999915e-17, 0.0001999999999999983, 9.999999999999915e-05, 9.999999999999915e-05, 9.999999999999915e-05, 9.999999999999915e-17, 9.999999999999915e-05, 9.999999999999915e-17, 9.999999999999915e-05, 9.999999999999915e-17, 9.999999999999915e-05, 9.999999999999915e-05, 0.0001999999999999983, 9.999999999999915e-05, 0.0002999999999999974, 9.999999999999915e-05, 0.0001999999999999983, 9.999999999999915e-17, 9.999999999999915e-05, 0.0002999999999999974, 0.0004999999999999957, 0.0002999999999999974, 0.0001999999999999983, 0.0002999999999999974, 9.999999999999915e-17, 0.0003999999999999966, 0.0002999999999999974, 0.0002999999999999974, 0.0002999999999999974, 0.0001999999999999983, 9.999999999999915e-05, 0.0002999999999999974, 0.0004999999999999957, 0.0002999999999999974, 0.0005999999999999949, 9.999999999999915e-05, 0.0001999999999999983, 9.999999999999915e-05, 9.999999999999915e-05, 0.0002999999999999974, 0.0003999999999999966, 0.0001999999999999983, 0.0002999999999999974, 0.0010999999999999905, 0.0003999999999999966, 0.0002999999999999974, 0.0004999999999999957, 0.0015999999999999864, 0.000699999999999994, 0.0003999999999999966, 0.0007999999999999932, 0.0004999999999999957, 0.001399999999999988, 0.0007999999999999932, 0.0009999999999999913, 0.0010999999999999905, 0.0007999999999999932, 0.0017999999999999846, 0.000699999999999994, 0.0005999999999999949, 0.0007999999999999932, 0.001399999999999988, 0.0014999999999999872, 0.0011999999999999897, 0.001399999999999988, 0.0009999999999999913, 0.002099999999999982, 0.001399999999999988, 0.0014999999999999872, 0.001399999999999988, 0.0018999999999999837, 0.0016999999999999854, 0.0011999999999999897, 0.0009999999999999913, 0.0018999999999999837, 0.0018999999999999837, 0.002899999999999975, 0.0011999999999999897, 0.002099999999999982, 0.0019999999999999827, 0.002099999999999982, 0.0022999999999999804, 0.002199999999999981, 0.002799999999999976, 0.002099999999999982, 0.0023999999999999794, 0.0030999999999999734, 0.0019999999999999827, 0.00349999999999997, 0.0037999999999999675, 0.00349999999999997, 0.002899999999999975, 0.003199999999999973, 0.002799999999999976, 0.003899999999999967, 0.003999999999999965, 0.002899999999999975, 0.0029999999999999745, 0.004399999999999962, 0.004199999999999964, 0.0037999999999999675, 0.004299999999999964, 0.003199999999999973, 0.003199999999999973, 0.004699999999999959, 0.004599999999999961, 0.004099999999999965, 0.0051999999999999555, 0.004399999999999962, 0.004299999999999964, 0.004799999999999959, 0.005499999999999953, 0.004999999999999958, 0.006399999999999946, 0.004699999999999959, 0.005299999999999955, 0.0067999999999999415, 0.004799999999999959, 0.00699999999999994, 0.0053999999999999534, 0.005599999999999952, 0.005299999999999955, 0.0053999999999999534, 0.004699999999999959, 0.006399999999999946, 0.005499999999999953, 0.0060999999999999475, 0.00579999999999995, 0.007399999999999937, 0.006299999999999946, 0.006599999999999944, 0.006299999999999946, 0.007699999999999934, 0.005499999999999953, 0.007199999999999938, 0.008799999999999924, 0.008299999999999929, 0.007299999999999938, 0.006599999999999944, 0.007399999999999937, 0.007199999999999938, 0.006899999999999941, 0.006599999999999944, 0.007399999999999937, 0.007699999999999934, 0.008399999999999928, 0.006399999999999946, 0.00809999999999993, 0.007599999999999935, 0.007799999999999934, 0.010999999999999906, 0.006699999999999943, 0.006899999999999941, 0.009299999999999921, 0.007599999999999935, 0.00809999999999993, 0.0067999999999999415, 0.007599999999999935, 0.00819999999999993, 0.0074999999999999355, 0.008399999999999928, 0.009699999999999917, 0.007299999999999938, 0.008499999999999928, 0.007699999999999934, 0.00709999999999994, 0.00819999999999993, 0.009899999999999916, 0.0074999999999999355, 0.008699999999999925, 0.006599999999999944, 0.007599999999999935, 0.00799999999999993, 0.00799999999999993, 0.007599999999999935, 0.007299999999999938, 0.00699999999999994, 0.006699999999999943, 0.006899999999999941, 0.009699999999999917, 0.0074999999999999355, 0.006699999999999943, 0.008599999999999927, 0.006399999999999946, 0.006599999999999944, 0.007599999999999935, 0.00699999999999994, 0.006199999999999947, 0.006599999999999944, 0.007199999999999938, 0.0060999999999999475, 0.005099999999999956, 0.006499999999999944, 0.006299999999999946, 0.004899999999999958, 0.006399999999999946, 0.0060999999999999475, 0.0058999999999999496, 0.0053999999999999534, 0.00699999999999994, 0.00579999999999995, 0.005699999999999952, 0.0044999999999999615, 0.004599999999999961, 0.005699999999999952, 0.0051999999999999555, 0.0051999999999999555, 0.004399999999999962, 0.005099999999999956, 0.005299999999999955, 0.004399999999999962, 0.005599999999999952, 0.003999999999999965, 0.004199999999999964, 0.0044999999999999615, 0.004299999999999964, 0.0051999999999999555, 0.004799999999999959, 0.004299999999999964, 0.003199999999999973, 0.0036999999999999685, 0.005099999999999956, 0.003199999999999973, 0.004199999999999964, 0.0030999999999999734, 0.0025999999999999778, 0.0030999999999999734, 0.0033999999999999708, 0.00349999999999997, 0.003599999999999969, 0.003299999999999972, 0.003299999999999972, 0.0026999999999999767, 0.002499999999999979, 0.003199999999999973, 0.0029999999999999745, 0.0019999999999999827, 0.0016999999999999854, 0.002099999999999982, 0.002499999999999979, 0.002199999999999981, 0.002199999999999981, 0.0014999999999999872, 0.0025999999999999778, 0.0016999999999999854, 0.0018999999999999837, 0.002099999999999982, 0.0017999999999999846, 0.0012999999999999889, 0.0016999999999999854, 0.001399999999999988, 0.0017999999999999846, 0.0014999999999999872, 0.0011999999999999897, 0.002099999999999982, 0.0010999999999999905, 0.0011999999999999897, 0.0011999999999999897, 0.0008999999999999923, 0.0009999999999999913, 0.0005999999999999949, 0.0009999999999999913, 0.0009999999999999913, 0.0011999999999999897, 0.0009999999999999913, 0.0004999999999999957, 0.0004999999999999957, 0.0007999999999999932, 0.001399999999999988, 0.0005999999999999949, 0.0004999999999999957, 0.0005999999999999949, 0.000699999999999994, 0.0003999999999999966, 0.0012999999999999889, 0.0003999999999999966, 0.000699999999999994, 0.0009999999999999913, 0.0004999999999999957, 0.0005999999999999949, 0.0004999999999999957, 0.0004999999999999957, 0.000699999999999994, 0.0005999999999999949, 0.0002999999999999974, 0.0003999999999999966, 0.0001999999999999983, 0.0002999999999999974, 