{"n_items": 200, "weights": [0.0031510073358268545, 0.006107117599388552, 0.004398701796234051, 0.004242553516773185, 0.004861252654431562, 0.0036652642890825557, 0.005721732674106424, 0.005302721302422431, 0.005277562396668992, 0.005523369182870572, 0.005969354179004568, 0.004150274488817794, 0.004316602852408573, 0.0029130315336683144, 0.006058361479435463, 0.005883639785474627, 0.002181900202595413, 0.003368522884076562, 0.006255147087338948, 0.003916195111950632, 0.0062118183734275415, 0.004088906916940016, 0.002422957119654794, 0.00430875401205748, 0.007241647336794209, 0.003580633964232658, 0.004059346891257771, 0.003820412641292247, 0.004283177491061164, 0.004920374352821409, 0.004218871898103743, 0.004933291199090963, 0.0045904384308717424, 0.003728297551902271, 0.00615393428478988, 0.007712138676118185, 0.0036995049809407246, 0.0055082992392256275, 0.005193788987609961, 0.005173452394255426, 0.004622837997258151, 0.005185282433779516, 0.006008923476089278, 0.004601750336680516, 0.004327690995306885, 0.004667660110972548, 0.006118423343358745, 0.004975141592250838, 0.004821544293489173, 0.003279544191091498, 0.003754244501399607, 0.0047037599641174, 0.006613384556198713, 0.005542506289170306, 0.005868635759731277, 0.004385049714756373, 0.00750744494631835, 0.004226115023728968, 0.005445670478383459, 0.005209243569865147, 0.007853581141432475, 0.0051418211434916825, 0.004815161322899538, 0.006826081020087871, 0.005157910423031505, 0.0043362309322147645, 0.00661838418668269, 0.005177318005859622, 0.005645000271646716, 0.005387697112916256, 0.0072200611935973515, 0.006757813836349351, 0.003252961448035323, 0.0033021824604501327, 0.00492163823195118, 0.004383916226806852, 0.005557655209236327, 0.004564907839636151, 0.0074202646062522404, 0.004423840690890697, 0.0034028711332003314, 0.0030050854126121677, 0.004925863651114088, 0.003948474431315106, 0.0027526373380693256, 0.0044900437591362495, 0.001888314081353772, 0.0036305376724920096, 0.004022401632028387, 0.005050080520458474, 0.004127571779126688, 0.005421194377253637, 0.0026993324040994384, 0.004295022240090665, 0.003578423929894506, 0.005758971487552914, 0.00513269950946234, 0.002134880797882753, 0.005419345154802335, 0.006988491301939123, 0.004769062218020537, 0.0038517283066266178, 0.004928557555041903, 0.005725403535889363, 0.0046151126773635335, 0.005276149870072089, 0.00705760178520947, 0.0072520966646973115, 0.006487468228551304, 0.004449707701275146, 0.00560926316529245, 0.005205300722659856, 0.005745950712564379, 0.006625229235634952, 0.005712270428614748, 0.004771491958371794, 0.005376942725477577, 0.0068878123563995705, 0.005818947018530087, 0.004798035056735146, 0.007300313063686713, 0.005402504566735693, 0.0044952486641119515, 0.005046817228009147, 0.002413789769872083, 0.0063478527056702655, 0.008102773271543634, 0.005443127931863294, 0.005140491972556116, 0.004055716156163735, 0.005110954058437559, 0.006047158547135047, 0.003456452159549193, 0.004131151258464778, 0.005795635224873814, 0.006548169736501583, 0.004921140745720114, 0.0027641912534309542, 0.0062734896540025745, 0.004554415128755462, 0.006060614979555061, 0.0036569153697348197, 0.005187904703481247, 0.0039015039471906963, 0.006288575739231257, 0.008800724335636344, 0.006369587522549415, 0.002672247440262615, 0.00787974893911539, 0.003885525163706876, 0.007048417328484344, 0.0055621389138219395, 0.0044109482593350765, 0.005055088761222603, 0.0053758120454545965, 0.0034764063897468763, 0.0064725767772978015, 0.005382114356670752, 0.0067325566664104925, 0.00588351499065748, 0.006499316675753649, 0.004513597424613961, 0.004948396884740473, 0.004108660396029941, 0.0035921478994701884, 0.006003971181965126, 0.0022080924896174785, 0.00617972734608019, 0.0033851334780362597, 0.00488350257359511, 0.004938896599176863, 0.003437398027930168, 0.005144830108301038, 0.005646303042234782, 0.00562612451231065, 0.004965116252391886, 0.0076708878085657095, 0.003702706062232593, 0.0029624654317716307, 0.003493692978438682, 0.004217086447998454, 0.0022866740511989247, 0.0035985783324798673, 0.003628298100714822, 0.005694673740579358, 0.006135793837961299, 0.005691354032117395, 0.005909627122507334, 0.006451459808230548, 0.007805020775093559, 0.004468475429022743, 0.006546590097088603, 0.00462236934596413, 0.004510840717529325, 0.003321271094366718, 0.0036875147327041385, 0.005130183831496143, 0.005242816800573372, 0.004156817621063907, 0.0061492566720520595], "profits": [1.0, 1.0, 1.0, 1.0, 1.0, 1.0, 1.0, 1.0, 1.0, 1.0, 1.0, 1.0, 1.0, 1.0, 1.0, 1.0, 1.0, 1.0, 1.0, 1.0, 1.0, 1.0, 1.0, 1.0, 1.0, 1.0, 1.0, 1.0, 1.0, 1.0, 1.0, 1.0, 1.0, 1.0, 1.0, 1.0, 1.0, 1.0, 1.0, 1.0, 1.0, 1.0, 1.0, 1.0, 1.0, 1.0, 1.0, 1.0, 1.0, 1.0, 1.0, 1.0, 1.0, 1.0, 1.0, 1.0, 1.0, 1.0, 1.0, 1.0, 1.0, 1.0, 1.0, 1.0, 1.0, 1.0, 1.0, 1.0, 1.0, 1.0, 1.0, 1.0, 1.0, 1.0, 1.0, 1.0, 1.0, 1.0, 1.0, 1.0, 1.0, 1.0, 1.0, 1.0, 1.0, 1.0, 1.0, 1.0, 1.0, 1.0, 1.0, 1.0, 1.0, 1.0, 1.0, 1.0, 1.0, 1.0, 1.0, 1.0, 1.0, 1.0, 1.0, 1.0, 1.0, 1.0, 1.0, 1.0, 1.0, 1.0, 1.0, 1.0, 1.0, 1.0, 1.0, 1.0, 1.0, 1.0, 1.0, 1.0, 1.0, 1.0, 1.0, 1.0, 1.0, 1.0, 1.0, 1.0, 1.0, 1.0, 1.0, 1.0, 1.0, 1.0, 1.0, 1.0, 1.0, 1.0, 1.0, 1.0, 1.0, 1.0, 1.0, 1.0, 1.0, 1.0, 1.0, 1.0, 1.0, 1.0, 1.0, 1.0, 1.0, 1.0, 1.0, 1.0, 1.0, 1.0, 1.0, 1.0, 1.0, 1.0, 1.0, 1.0, 1.0, 1.0, 1.0, 1.0, 1.0, 1.0, 1.0, 1.0, 1.0, 1.0, 1.0, 1.0, 1.0, 1.0, 1.0, 1.0, 1.0, 1.0, 1.0, 1.0, 1.0, 1.0, 1.0, 1.0, 1.0, 1.0, 1.0, 1.0, 1.0, 1.0, 1.0, 1.0, 1.0, 1.0, 1.0, 1.0], "min_weight": 0.95, "max_distance": 5}