{"n_items": 200, "weights": [9.999999999999847e-17, 9.999999999999847e-17, 9.999999999999847e-17, 9.999999999999847e-17, 9.999999999999847e-17, 9.999999999999847e-17, 9.999999999999847e-17, 9.999999999999847e-17, 9.999999999999847e-17, 9.999999999999847e-17, 9.999999999999847e-17, 9.999999999999847e-17, 9.999999999999847e-17, 9.999999999999847e-17, 9.999999999999847e-17, 9.999999999999847e-17, 9.999999999999847e-17, 9.999999999999847e-17, 9.999999999999847e-17, 9.999999999999847e-17, 9.999999999999847e-17, 9.999999999999847e-17, 9.999999999999847e-17, 9.999999999999847e-17, 9.999999999999847e-17, 9.999999999999847e-17, 9.999999999999847e-17, 9.999999999999847e-17, 9.999999999999847e-17, 9.999999999999847e-17, 9.999999999999847e-17, 9.999999999999847e-17, 9.999999999999847e-17, 9.999999999999847e-17, 9.999999999999847e-17, 9.999999999999847e-17, 9.999999999999847e-17, 9.999999999999847e-17, 9.999999999999847e-17, 9.999999999999847e-05, 9.999999999999847e-05, 0.0005999999999999908, 0.0012999999999999802, 0.003399999999999948, 0.006099999999999907, 0.012899999999999802, 0.02089999999999968, 0.030299999999999536, 0.045299999999999306, 0.0520999999999992, 0.05939999999999909, 0.06389999999999903, 0.06279999999999904, 0.048599999999999255, 0.03619999999999945, 0.024399999999999627, 0.015599999999999762, 0.008099999999999876, 0.004699999999999928, 0.001899999999999971, 0.0007999999999999878, 0.00019999999999999695, 0.00019999999999999695, 9.999999999999847e-05, 9.999999999999847e-17, 9.999999999999847e-17, 9.999999999999847e-17, 9.999999999999847e-17, 9.999999999999847e-17, 9.999999999999847e-17, 9.999999999999847e-17, 9.999999999999847e-17, 9.999999999999847e-17, 9.999999999999847e-17, 9.999999999999847e-17, 9.999999999999847e-17, 9.999999999999847e-17, 9.999999999999847e-17, 9.999999999999847e-17, 9.999999999999847e-17, 9.999999999999847e-17, 9.999999999999847e-17, 9.999999999999847e-17, 9.999999999999847e-17, 9.999999999999847e-17, 9.999999999999847e-17, 9.999999999999847e-17, 9.999999999999847e-17, 9.999999999999847e-05, 0.0002999999999999954, 0.0003999999999999939, 0.0019999999999999693, 0.003199999999999951, 0.006899999999999895, 0.014499999999999779, 0.020499999999999685, 0.03149999999999952, 0.045099999999999314, 0.05579999999999915, 0.06159999999999906, 0.065399999999999, 0.05519999999999916, 0.04779999999999927, 0.03459999999999947, 0.025799999999999604, 0.014899999999999773, 0.009299999999999859, 0.002999999999999954, 0.0011999999999999817, 0.0002999999999999954, 0.0002999999999999954, 9.999999999999847e-05, 0.00019999999999999695, 9.999999999999847e-17, 9.999999999999847e-17, 9.999999999999847e-17, 9.999999999999847e-17, 9.999999999999847e-17, 9.999999999999847e-17, 9.999999999999847e-17, 9.999999999999847e-17, 9.999999999999847e-17, 9.999999999999847e-17, 9.999999999999847e-17, 9.999999999999847e-17, 9.999999999999847e-17, 9.999999999999847e-17, 9.999999999999847e-17, 9.999999999999847e-17, 9.999999999999847e-17, 9.999999999999847e-17, 9.999999999999847e-17, 9.999999999999847e-17, 9.999999999999847e-17, 9.999999999999847e-17, 9.999999999999847e-17, 9.999999999999847e-17, 9.999999999999847e-17, 9.999999999999847e-17, 9.999999999999847e-17, 9.999999999999847e-17, 9.999999999999847e-17, 9.999999999999847e-17, 9.999999999999847e-17, 9.999999999999847e-17, 9.999999999999847e-17, 9.999999999999847e-17, 9.999999999999847e-17, 9.999999999999847e-17, 9.999999999999847e-17, 9.999999999999847e-17, 9.999999999999847e-17, 9.999999999999847e-17, 9.999999999999847e-17, 9.999999999999847e-17, 9.999999999999847e-17, 9.999999999999847e-17, 9.999999999999847e-17, 9.999999999999847e-17, 9.999999999999847e-17, 9.999999999999847e-17, 9.999999999999847e-17, 9.999999999999847e-17, 9.999999999999847e-17, 9.999999999999847e-17, 9.999999999999847e-17, 9.999999999999847e-17, 9.999999999999847e-17, 9.999999999999847e-17, 9.999999999999847e-17, 9.999999999999847e-17, 9.999999999999847e-17, 9.999999999999847e-17, 9.999999999999847e-17, 9.999999999999847e-17, 9.999999999999847e-17, 9.999999999999847e-17, 9.999999999999847e-17, 9.999999999999847e-17, 9.999999999999847e-17, 9.999999999999847e-17, 9.999999999999847e-17, 9.999999999999847e-17, 9.999999999999847e-17, 9.999999999999847e-17, 9.999999999999847e-17, 9.999999999999847e-17, 9.999999999999847e-17, 9.999999999999847e-17, 9.999999999999847e-17, 9.999999999999847e-17, 9.999999999999847e-17, 9.999999999999847e-17, 9.999999999999847e-17, 9.999999999999847e-17, 9.999999999999847e-17, 9.999999999999847e-17, 9.999999999999847e-17, 9.999999999999847e-17, 9.999999999999847e-17], "profits": [1.0, 1.0, 1.0, 1.0, 1.0, 1.0, 1.0, 1.0, 1.0, 1.0, 1.0, 1.0, 1.0, 1.0, 1.0, 1.0, 1.0, 1.0, 1.0, 1.0, 1.0, 1.0, 1.0, 1.0, 1.0, 1.0, 1.0, 1.0, 1.0, 1.0, 1.0, 1.0, 1.0, 1.0, 1.0, 1.0, 1.0, 1.0, 1.0, 1.0, 1.0, 1.0, 1.0, 1.0, 1.0, 1.0, 1.0, 1.0, 1.0, 1.0, 1.0, 1.0, 1.0, 1.0, 1.0, 1.0, 1.0, 1.0, 1.0, 1.0, 1.0, 1.0, 1.0, 1.0, 1.0, 1.0, 1.0, 1.0, 1.0, 1.0, 1.0, 1.0, 1.0, 1.0, 1.0, 1.0, 1.0, 1.0, 1.0, 1.0, 1.0, 1.0, 1.0, 1.0, 1.0, 1.0, 1.0, 1.0, 1.0, 1.0, 1.0, 1.0, 1.0, 1.0, 1.0, 1.0, 1.0, 1.0, 1.0, 1.0, 1.0, 1.0, 1.0, 1.0, 1.0, 1.0, 1.0, 1.0, 1.0, 1.0, 1.0, 1.0, 1.0, 1.0, 1.0, 1.0, 1.0, 1.0, 1.0, 1.0, 1.0, 1.0, 1.0, 1.0, 1.0, 1.0, 1.0, 1.0, 1.0, 1.0, 1.0, 1.0, 1.0, 1.0, 1.0, 1.0, 1.0, 1.0, 1.0, 1.0, 1.0, 1.0, 1.0, 1.0, 1.0, 1.0, 1.0, 1.0, 1.0, 1.0, 1.0, 1.0, 1.0, 1.0, 1.0, 1.0, 1.0, 1.0, 1.0, 1.0, 1.0, 1.0, 1.0, 1.0, 1.0, 1.0, 1.0, 1.0, 1.0, 1.0, 1.0, 1.0, 1.0, 1.0, 1.0, 1.0, 1.0, 1.0, 1.0, 1.0, 1.0, 1.0, 1.0, 1.0, 1.0, 1.0, 1.0, 1.0, 1.0, 1.0, 1.0, 1.0, 1.0, 1.0, 1.0, 1.0, 1.0, 1.0, 1.0, 1.0], "min_weight": 0.95, "max_distance": 2}