{"n_items": 400, "weights": [0.0027486857589991962, 0.002367902370505624, 0.0033118521112126117, 0.002172945698997368, 0.0032657369226813055, 0.0019897105398115045, 0.0023781278283521814, 0.0014759070811701622, 0.0020022359453578235, 0.0019508496131580438, 0.0035931717700033064, 0.0017092570937840027, 0.0025318991010286327, 0.0023480688657821717, 0.0027577404208669, 0.002293821707323257, 0.0015054506457846035, 0.0030938672402977016, 0.001753830362986301, 0.0031118123841151904, 0.0033774167303506093, 0.0021297683019937627, 0.0031145065549151277, 0.0024715719234428856, 0.002596656738575287, 0.002249771456852566, 0.0036394770465299673, 0.002716061904156033, 0.0027509826561584504, 0.0030605132712968174, 0.0032511400688306435, 0.002697417762519391, 0.0035372050735598065, 0.0021533980784962836, 0.0035626015326281906, 0.003516775055506543, 0.0022497662339594003, 0.0026388145588104087, 0.0015075104544742632, 0.001965126506273608, 0.0033121403620211816, 0.002370765346194235, 0.0032403136961945064, 0.0020188795663396396, 0.0025713545305679204, 0.002818307858509369, 0.001799939946671799, 0.0019254609955472722, 0.002698917800867732, 0.0022891330433528288, 0.0024079905307766497, 0.00143775977839071, 0.001836437062874207, 0.0010326069737822295, 0.0024847119064380935, 0.0017044479099187822, 0.002081513761135377, 0.0035806209667947736, 0.0024373260578866105, 0.002212804461824171, 0.002126862993977194, 0.002592636339795552, 0.002569989705286371, 0.002919914142520142, 0.0012487912218622636, 0.0022888793655217727, 0.0024911828778005885, 0.002402028524645032, 0.002250571950826087, 0.0035301723337812225, 0.00218969826112503, 0.003432635040309552, 0.002122174637147816, 0.003128116060690278, 0.0015571192347596174, 0.0014876925614594812, 0.0028882816443228233, 0.003398912058465417, 0.0029023262854483154, 0.002549067127992961, 0.0029496140140647742, 0.002447064552263272, 0.003065286594161513, 0.0030940410010471915, 0.0020446662203981313, 0.0021484361700804247, 0.002070849360479809, 0.0024484731147554305, 0.0021726235857915843, 0.003005981473376428, 0.002487541944837343, 0.002862855877895998, 0.0032664502254272066, 0.001816791699807378, 0.0033997942114238227, 0.001999022238908337, 0.0019650701472662298, 0.002075389784033467, 0.002949243531342142, 0.0026942880723200046, 0.001858929989883586, 0.0027717036385264114, 0.002150138114258654, 0.0018742167164456668, 0.0023175293940559793, 0.0025372797147991994, 0.002252411569180241, 0.0022829872587383344, 0.003644518305973084, 0.002205417800700417, 0.004164233690670735, 0.0032281815638255736, 0.0024112690902526636, 0.003019399800030112, 0.0022582262087829223, 0.002211562001116291, 0.003065670908571552, 0.001986965839678726, 0.002605331790657037, 0.002570595519971535, 0.003467295426756815, 0.0029873310590916072, 0.003476019399815203, 0.003145174420904986, 0.0015852132418014715, 0.0018451742992073013, 0.002242486525315474, 0.0024174499366173847, 0.002881049073249148, 0.0021586666210231904, 0.002982403230863455, 0.001983956390917513, 0.0027120982283114, 0.002796434576749766, 0.0013392350599167107, 0.002577322342660133, 0.00248051583385832, 0.0025390567623547584, 0.0027070692586801666, 0.0026483605925709044, 0.00262494620797641, 0.0031471404926680813, 0.0023556730729530294, 0.003626918829374508, 0.0012986643644654653, 0.0027199332046240468, 0.002687729048945523, 0.00151502557436879, 0.0025056783309564657, 0.002586204479988013, 0.002442836883091586, 0.002083379745438017, 0.0026819386019262892, 0.0032101871987393065, 0.0030297943973652012, 0.0026673196473472665, 0.001567550791971629, 0.0023776961533907397, 0.0027239701038458556, 0.00297659458757648, 0.002754944133477389, 0.0022109698680945187, 0.002932981984536094, 0.002206354030837791, 0.0030390838843729322, 0.00272306773582418, 0.003542437235841227, 0.001972875083047486, 0.002819077989554968, 0.002883706840010898, 0.0018195132554529791, 0.0016363940040772136, 0.0024273653387882612, 0.0017385643400730942, 0.0025720177086141793, 0.0017083540880196003, 0.0018102138992777822, 0.00248684188154609, 0.0026024089599228748, 0.0029851969288456595, 0.002584778618049785, 0.0025122176880796824, 0.002624423771343401, 0.0021963274606332478, 0.003094809791384036, 0.00204997370367347, 0.0037180873478113398, 0.0022194176285424932, 0.002542588104842195, 0.0032351433936044487, 0.0027664166978235063, 0.002066043787286611, 0.0023400706899564696, 0.0023056773195352016, 0.0019722759158894037, 0.0034397273673797417, 0.0032789878116093038, 0.0029799720365193947, 0.0014779334598881123, 0.003422325646638769, 0.0022356138147703567, 0.0031867228990941393, 0.003455748239920256, 0.00302339618342157, 0.0029767527643617705, 0.0016487459376722195, 0.0026717693534245458, 0.002642763587971568, 0.001986286590276646, 0.0028040278119926573, 0.002076810885074057, 0.0020551965943448602, 0.0025990786968835343, 0.00274697042294635, 0.002566974380473097, 0.003749119579908149, 0.0026672378479948807, 0.0011556667379012118, 0.002209995532573336, 0.0016419926118015008, 0.0021660839005281604, 0.0029065222676968004, 0.0019828650511454853, 0.0021820030297615206, 0.0025678981276220573, 0.0036329325858921444, 0.0029437980758448114, 0.0021301064345650086, 0.0035627179098027717, 0.0021466894370480143, 0.001541027945629723, 0.0016881749504652703, 0.002413615371477502, 0.0017614284113588122, 0.0024452938939845273, 0.0016547445151556847, 0.0029404962551143683, 0.0031200093803911712, 0.0031887976009956605, 0.002114742504859739, 0.002594279467031719, 0.002252578159590902, 0.002038132925257009, 0.001897489462915044, 0.003101647314789012, 0.0022563515870814388, 0.00217565747757251, 0.001427122714245269, 0.002006863553098474, 0.0019280907261714178, 0.002332731577794007, 0.001927544210442075, 0.0024602271481402693, 0.0028819571401929775, 0.0020548548317771615, 0.0021043400656418853, 0.002022748457740009, 0.0032521891480802294, 0.0018481797890191657, 0.0023668515885332197, 0.0028860199503129504, 0.002167385578736335, 0.0025173029549953665, 0.0012266313161800727, 0.002377462668591408, 0.0024557283183104656, 0.003076321245438266, 0.0020737534984544624, 0.0023940050080633506, 0.002824669756414356, 0.0026553562234708453, 0.003914979662343998, 0.002915047069935896, 0.0023873444738104674, 0.0024037413502480134, 0.0024370327030257865, 0.002476573907998757, 0.0030736535664942543, 0.0036203571750017434, 0.0021205330707407375, 0.0033500262430756723, 0.0030969592556927936, 0.0024683776232071308, 0.0026864337768810202, 0.003092608181708049, 0.0012062639494310624, 0.0021039841381839024, 0.0016557089360831334, 0.0025652287090021345, 0.00283510603835464, 0.0015216146415945513, 0.0015686457976431345, 0.0022236146973105696, 0.0031072411359602237, 0.0015292805259894285, 0.0020804217565994834, 0.0013746476186849625, 0.0022900101061104523, 0.0018807956394784862, 0.0032930577009200757, 0.002721210395680669, 0.003597904551393612, 0.0026242598996855334, 0.002866469400171654, 0.003468493240562779, 0.002197011871438147, 0.002352601490358219, 0.003296327465601655, 0.0012750099845414756, 0.0031381372599626413, 0.0022960832522807193, 0.0022524923930760336, 0.003957197991198104, 0.0029679499148242217, 0.003277421980039798, 0.0032677946826736347, 0.003292075432941329, 0.004259497426168948, 0.0024262694896804767, 0.0021756798048701937, 0.0020493995438089865, 0.0026369780317211716, 0.0025793268018525152, 0.0018379026725141008, 0.0017323494975815493, 0.0032531258840443667, 0.0026845791644472643, 0.0018204493090650242, 0.0028494523706829784, 0.0020617144149436316, 0.0007213362068482197, 0.00253707877224713, 0.002707093162569345, 0.0028331991344053807, 0.003181169085387377, 0.0036253581794935983, 0.0018809693880517092, 0.001976215784748608, 0.00295839249872866, 0.002121261320245644, 0.0020373139927578627, 0.0019889580697385494, 0.001022733671352072, 0.0018343594264881753, 0.002792688114341502, 0.0011548065515964673, 0.0032637849439091206, 0.003051816005035724, 0.002465302524008996, 0.0014460898372866207, 0.001699935954449611, 0.0019701512869843667, 0.002838420263362764, 