{"n_items": 400, "weights": [9.999999999999773e-17, 9.999999999999773e-17, 9.999999999999773e-17, 9.999999999999773e-17, 9.999999999999773e-17, 9.999999999999773e-17, 9.999999999999773e-17, 9.999999999999773e-17, 9.999999999999773e-17, 9.999999999999773e-17, 9.999999999999773e-17, 9.999999999999773e-17, 9.999999999999773e-17, 9.999999999999773e-17, 9.999999999999773e-17, 9.999999999999773e-17, 9.999999999999773e-17, 9.999999999999773e-17, 9.999999999999773e-17, 9.999999999999773e-17, 9.999999999999773e-17, 9.999999999999773e-17, 9.999999999999773e-17, 9.999999999999773e-05, 0.00019999999999999546, 9.999999999999773e-05, 0.0002999999999999932, 0.00019999999999999546, 0.00019999999999999546, 9.999999999999773e-05, 0.00019999999999999546, 9.999999999999773e-05, 0.0004999999999999886, 0.00019999999999999546, 9.999999999999773e-05, 0.0008999999999999795, 0.0006999999999999841, 0.001799999999999959, 0.0008999999999999795, 0.001499999999999966, 0.001499999999999966, 0.001099999999999975, 0.0015999999999999636, 0.00219999999999995, 0.002599999999999941, 0.0034999999999999203, 0.004199999999999904, 0.0037999999999999137, 0.004599999999999896, 0.005999999999999864, 0.006699999999999848, 0.006099999999999862, 0.008199999999999813, 0.009199999999999792, 0.0087999999999998, 0.009899999999999775, 0.010399999999999764, 0.00929999999999979, 0.014899999999999662, 0.009999999999999773, 0.013099999999999702, 0.014299999999999674, 0.013299999999999697, 0.013099999999999702, 0.015599999999999645, 0.016599999999999622, 0.015999999999999636, 0.014899999999999662, 0.0175999999999996, 0.01589999999999964, 0.014499999999999671, 0.014899999999999662, 0.01569999999999964, 0.013699999999999688, 0.014899999999999662, 0.0131999999999997, 0.016099999999999635, 0.012199999999999723, 0.01179999999999973, 0.01139999999999974, 0.0087999999999998, 0.00789999999999982, 0.00749999999999983, 0.007399999999999832, 0.006099999999999862, 0.005999999999999864, 0.004599999999999896, 0.0037999999999999137, 0.003699999999999916, 0.004499999999999897, 0.0026999999999999386, 0.0030999999999999296, 0.0018999999999999568, 0.002099999999999952, 0.001499999999999966, 0.001499999999999966, 0.0009999999999999773, 0.0008999999999999795, 0.0007999999999999818, 0.0005999999999999864, 0.0002999999999999932, 0.0003999999999999909, 9.999999999999773e-05, 9.999999999999773e-05, 0.0004999999999999886, 9.999999999999773e-05, 0.00019999999999999546, 9.999999999999773e-05, 9.999999999999773e-05, 9.999999999999773e-17, 9.999999999999773e-17, 9.999999999999773e-05, 9.999999999999773e-17, 9.999999999999773e-17, 9.999999999999773e-05, 9.999999999999773e-17, 9.999999999999773e-17, 9.999999999999773e-17, 9.999999999999773e-17, 9.999999999999773e-17, 9.999999999999773e-17, 9.999999999999773e-17, 9.999999999999773e-17, 9.999999999999773e-17, 9.999999999999773e-17, 9.999999999999773e-17, 9.999999999999773e-17, 9.999999999999773e-17, 9.999999999999773e-17, 9.999999999999773e-17, 9.999999999999773e-17, 9.999999999999773e-17, 9.999999999999773e-17, 9.999999999999773e-17, 9.999999999999773e-17, 9.999999999999773e-17, 9.999999999999773e-17, 9.999999999999773e-17, 9.999999999999773e-17, 9.999999999999773e-17, 9.999999999999773e-17, 9.999999999999773e-17, 9.999999999999773e-17, 9.999999999999773e-17, 9.999999999999773e-17, 9.999999999999773e-17, 9.999999999999773e-17, 9.999999999999773e-17, 9.999999999999773e-17, 9.999999999999773e-17, 9.999999999999773e-17, 9.999999999999773e-17, 9.999999999999773e-17, 9.999999999999773e-17, 9.999999999999773e-17, 9.999999999999773e-17, 9.999999999999773e-17, 9.999999999999773e-17, 9.999999999999773e-17, 9.999999999999773e-17, 9.999999999999773e-17, 9.999999999999773e-17, 9.999999999999773e-17, 9.999999999999773e-17, 9.999999999999773e-17, 9.999999999999773e-17, 9.999999999999773e-17, 9.999999999999773e-17, 9.999999999999773e-17, 9.999999999999773e-17, 9.999999999999773e-17, 9.999999999999773e-17, 9.999999999999773e-17, 9.999999999999773e-17, 9.999999999999773e-17, 9.999999999999773e-17, 9.999999999999773e-17, 9.999999999999773e-17, 9.999999999999773e-17, 9.999999999999773e-17, 9.999999999999773e-17, 9.999999999999773e-17, 9.999999999999773e-17, 9.999999999999773e-17, 9.999999999999773e-17, 9.999999999999773e-17, 9.999999999999773e-17, 9.999999999999773e-17, 9.999999999999773e-17, 9.999999999999773e-17, 9.999999999999773e-17, 9.999999999999773e-17, 9.999999999999773e-05, 9.999999999999773e-17, 9.999999999999773e-17, 9.999999999999773e-17, 9.999999999999773e-17, 9.999999999999773e-17, 9.999999999999773e-17, 9.999999999999773e-17, 9.999999999999773e-17, 9.999999999999773e-17, 9.999999999999773e-17, 9.999999999999773e-17, 9.999999999999773e-05, 9.999999999999773e-05, 9.999999999999773e-17, 0.00019999999999999546, 9.999999999999773e-17, 9.999999999999773e-05, 0.0003999999999999909, 0.0002999999999999932, 0.0002999999999999932, 9.999999999999773e-05, 0.0004999999999999886, 0.0005999999999999864, 0.0007999999999999818, 0.001099999999999975, 0.0007999999999999818, 0.0008999999999999795, 0.001499999999999966, 0.0018999999999999568, 0.0026999999999999386, 0.00219999999999995, 0.00219999999999995, 0.002999999999999932, 0.0027999999999999362, 0.003299999999999925, 0.004099999999999907, 0.005199999999999882, 0.005499999999999875, 0.007299999999999834, 0.0069999999999998406, 0.007299999999999834, 0.007799999999999823, 0.008699999999999802, 0.011099999999999747, 0.008999999999999795, 0.010299999999999766, 0.014299999999999674, 0.010799999999999754, 0.0131999999999997, 0.01669999999999962, 0.01179999999999973, 0.01589999999999964, 0.014899999999999662, 0.016899999999999617, 0.014499999999999671, 0.016599999999999622, 0.018399999999999583, 0.014899999999999662, 0.013899999999999683, 0.015999999999999636, 0.013399999999999695, 0.013499999999999693, 0.012599999999999714, 0.013499999999999693, 0.01189999999999973, 0.013099999999999702, 0.01139999999999974, 0.010699999999999757, 0.008399999999999809, 0.0069999999999998406, 0.00969999999999978, 0.00749999999999983, 0.005799999999999868, 0.005999999999999864, 0.005499999999999875, 0.004899999999999889, 0.004499999999999897, 0.002299999999999948, 0.003699999999999916, 0.002899999999999934, 0.0033999999999999226, 0.002099999999999952, 0.0012999999999999705, 0.0012999999999999705, 0.0012999999999999705, 0.0007999999999999818, 0.0003999999999999909, 0.0009999999999999773, 0.0005999999999999864, 0.0002999999999999932, 0.00019999999999999546, 0.00019999999999999546, 0.00019999999999999546, 9.999999999999773e-05, 9.999999999999773e-17, 0.00019999999999999546, 9.999999999999773e-05, 9.999999999999773e-17, 9.999999999999773e-17, 9.999999999999773e-17, 9.999999999999773e-17, 9.999999999999773e-05, 9.999999999999773e-17, 9.999999999999773e-17, 9.999999999999773e-17, 9.999999999999773e-17, 9.999999999999773e-17, 9.999999999999773e-17, 9.999999999999773e-17, 9.999999999999773e-17, 9.999999999999773e-17, 9.999999999999773e-17, 9.999999999999773e-17, 9.999999999999773e-17, 9.999999999999773e-17, 9.999999999999773e-17, 9.999999999999773e-17, 9.999999999999773e-17, 9.999999999999773e-17, 9.999999999999773e-17, 9.999999999999773e-17, 9.999999999999773e-17, 9.999999999999773e-17, 9.999999999999773e-17, 9.999999999999773e-17, 9.999999999999773e-17, 9.999999999999773e-17, 9.999999999999773e-17, 9.999999999999773e-17, 9.999999999999773e-17, 9.999999999999773e-17, 9.999999999999773e-17, 9.999999999999773e-17, 9.999999999999773e-17, 9.999999999999773e-17, 9.999999999999773e-17, 9.999999999999773e-17, 9.999999999999773e-17, 9.999999999999773e-17, 9.999999999999773e-17, 9.999999999999773e-17, 9.999999999999773e-17, 9.999999999999773e-17, 9.999999999999773e-17, 9.999999999999773e-17, 9.999999999999773e-17, 9.999999999999773e-17, 9.999999999999773e-17, 9.999999999999773e-17, 9.999999999999773e-17, 9.999999999999773e-17, 9.999999999999773e-17, 9.999999999999773e-17, 9.999999999999773e-17, 9.999999999999773e-17, 9.999999999999773e-17, 9.999999999999773e-17, 9.999999999999773e-17, 