{"n_items": 200, "weights": [9.999999999999852e-17, 9.999999999999852e-17, 9.999999999999852e-17, 9.999999999999852e-17, 9.999999999999852e-17, 9.999999999999852e-17, 9.999999999999852e-17, 9.999999999999852e-17, 9.999999999999852e-17, 9.999999999999852e-17, 9.999999999999852e-17, 9.999999999999852e-17, 9.999999999999852e-17, 9.999999999999852e-17, 9.999999999999852e-17, 9.999999999999852e-17, 9.999999999999852e-17, 9.999999999999852e-17, 9.999999999999852e-17, 9.999999999999852e-17, 9.999999999999852e-17, 9.999999999999852e-17, 9.999999999999852e-17, 9.999999999999852e-17, 9.999999999999852e-17, 9.999999999999852e-17, 9.999999999999852e-17, 9.999999999999852e-17, 9.999999999999852e-17, 9.999999999999852e-17, 9.999999999999852e-17, 9.999999999999852e-17, 9.999999999999852e-17, 9.999999999999852e-17, 9.999999999999852e-17, 9.999999999999852e-17, 9.999999999999852e-17, 9.999999999999852e-17, 9.999999999999852e-17, 9.999999999999852e-17, 9.999999999999852e-17, 9.999999999999852e-17, 9.999999999999852e-17, 9.999999999999852e-17, 9.999999999999852e-17, 9.999999999999852e-17, 9.999999999999852e-17, 9.999999999999852e-17, 9.999999999999852e-17, 9.999999999999852e-17, 9.999999999999852e-17, 9.999999999999852e-17, 9.999999999999852e-17, 9.999999999999852e-17, 9.999999999999852e-17, 9.999999999999852e-17, 9.999999999999852e-17, 9.999999999999852e-17, 9.999999999999852e-17, 9.999999999999852e-17, 9.999999999999852e-17, 9.999999999999852e-17, 9.999999999999852e-17, 9.999999999999852e-17, 9.999999999999852e-17, 9.999999999999852e-17, 9.999999999999852e-17, 9.999999999999852e-17, 9.999999999999852e-17, 9.999999999999852e-17, 9.999999999999852e-17, 9.999999999999852e-17, 9.999999999999852e-17, 9.999999999999852e-17, 9.999999999999852e-17, 9.999999999999852e-17, 9.999999999999852e-17, 9.999999999999852e-17, 9.999999999999852e-17, 9.999999999999852e-17, 9.999999999999852e-17, 9.999999999999852e-17, 9.999999999999852e-17, 9.999999999999852e-17, 9.999999999999852e-17, 9.999999999999852e-17, 9.999999999999852e-17, 9.999999999999852e-17, 9.999999999999853e-05, 9.999999999999852e-17, 9.999999999999852e-17, 9.999999999999852e-17, 0.0002999999999999956, 0.00019999999999999706, 0.0005999999999999912, 0.0004999999999999926, 0.0008999999999999867, 0.0019999999999999706, 0.002499999999999963, 0.005099999999999925, 0.005799999999999915, 0.00879999999999987, 0.012799999999999812, 0.01769999999999974, 0.017299999999999746, 0.02439999999999964, 0.03159999999999953, 0.034799999999999484, 0.03709999999999945, 0.04829999999999929, 0.05559999999999918, 0.060599999999999106, 0.06409999999999906, 0.058099999999999145, 0.06639999999999902, 0.058099999999999145, 0.062299999999999085, 0.056399999999999166, 0.05299999999999922, 0.04409999999999935, 0.0407999999999994, 0.03259999999999952, 0.022599999999999665, 0.020899999999999693, 0.015299999999999774, 0.013199999999999806, 0.007799999999999885, 0.005699999999999916, 0.004299999999999937, 0.002299999999999966, 0.0015999999999999764, 0.0013999999999999794, 0.0004999999999999926, 0.0007999999999999882, 0.00019999999999999706, 0.0002999999999999956, 9.999999999999853e-05, 9.999999999999853e-05, 9.999999999999852e-17, 9.999999999999852e-17, 9.999999999999852e-17, 9.999999999999852e-17, 9.999999999999852e-17, 9.999999999999852e-17, 9.999999999999852e-17, 9.999999999999852e-17, 9.999999999999852e-17, 9.999999999999852e-17, 9.999999999999852e-17, 9.999999999999852e-17, 9.999999999999852e-17, 9.999999999999852e-17, 9.999999999999852e-17, 9.999999999999852e-17, 9.999999999999852e-17, 9.999999999999852e-17, 9.999999999999852e-17, 9.999999999999852e-17, 9.999999999999852e-17, 9.999999999999852e-17, 9.999999999999852e-17, 9.999999999999852e-17, 9.999999999999852e-17, 9.999999999999852e-17, 9.999999999999852e-17, 9.999999999999852e-17, 9.999999999999852e-17, 9.999999999999852e-17, 9.999999999999852e-17, 9.999999999999852e-17, 9.999999999999852e-17, 9.999999999999852e-17, 9.999999999999852e-17, 9.999999999999852e-17, 9.999999999999852e-17, 9.999999999999852e-17, 9.999999999999852e-17, 9.999999999999852e-17, 9.999999999999852e-17, 9.999999999999852e-17, 9.999999999999852e-17, 9.999999999999852e-17, 9.999999999999852e-17, 9.999999999999852e-17, 9.999999999999852e-17, 9.999999999999852e-17, 9.999999999999852e-17, 9.999999999999852e-17, 9.999999999999852e-17, 9.999999999999852e-17, 9.999999999999852e-17, 9.999999999999852e-17, 9.999999999999852e-17, 9.999999999999852e-17, 9.999999999999852e-17, 9.999999999999852e-17, 9.999999999999852e-17, 9.999999999999852e-17, 9.999999999999852e-17, 9.999999999999852e-17], "profits": [1.0, 1.0, 1.0, 1.0, 1.0, 1.0, 1.0, 1.0, 1.0, 1.0, 1.0, 1.0, 1.0, 1.0, 1.0, 1.0, 1.0, 1.0, 1.0, 1.0, 1.0, 1.0, 1.0, 1.0, 1.0, 1.0, 1.0, 1.0, 1.0, 1.0, 1.0, 1.0, 1.0, 1.0, 1.0, 1.0, 1.0, 1.0, 1.0, 1.0, 1.0, 1.0, 1.0, 1.0, 1.0, 1.0, 1.0, 1.0, 1.0, 1.0, 1.0, 1.0, 1.0, 1.0, 1.0, 1.0, 1.0, 1.0, 1.0, 1.0, 1.0, 1.0, 1.0, 1.0, 1.0, 1.0, 1.0, 1.0, 1.0, 1.0, 1.0, 1.0, 1.0, 1.0, 1.0, 1.0, 1.0, 1.0, 1.0, 1.0, 1.0, 1.0, 1.0, 1.0, 1.0, 1.0, 1.0, 1.0, 1.0, 1.0, 1.0, 1.0, 1.0, 1.0, 1.0, 1.0, 1.0, 1.0, 1.0, 1.0, 1.0, 1.0, 1.0, 1.0, 1.0, 1.0, 1.0, 1.0, 0.1, 1.0, 0.1, 1.0, 1.0, 1.0, 1.0, 1.0, 1.0, 1.0, 1.0, 1.0, 1.0, 1.0, 1.0, 1.0, 1.0, 1.0, 1.0, 1.0, 1.0, 1.0, 1.0, 1.0, 1.0, 1.0, 1.0, 1.0, 1.0, 1.0, 1.0, 1.0, 1.0, 1.0, 1.0, 1.0, 1.0, 1.0, 1.0, 1.0, 1.0, 1.0, 1.0, 1.0, 1.0, 1.0, 1.0, 1.0, 1.0, 1.0, 1.0, 1.0, 1.0, 1.0, 1.0, 1.0, 1.0, 1.0, 1.0, 1.0, 1.0, 1.0, 1.0, 1.0, 1.0, 1.0, 1.0, 1.0, 1.0, 1.0, 1.0, 1.0, 1.0, 1.0, 1.0, 1.0, 1.0, 1.0, 1.0, 1.0, 1.0, 1.0, 1.0, 1.0, 1.0, 1.0, 1.0, 1.0, 1.0, 1.0, 1.0, 1.0], "min_weight": 0.95, "max_distance": 3}