{"n_items": 400, "weights": [1.0001000100009768e-16, 1.0001000100009768e-16, 1.0001000100009768e-16, 1.0001000100009768e-16, 1.0001000100009768e-16, 1.0001000100009768e-16, 1.0001000100009768e-16, 1.0001000100009768e-16, 1.0001000100009768e-16, 1.0001000100009768e-16, 1.0001000100009768e-16, 1.0001000100009768e-16, 1.0001000100009768e-16, 1.0001000100009768e-16, 1.0001000100009768e-16, 1.0001000100009768e-16, 1.0001000100009768e-16, 1.0001000100009768e-16, 1.0001000100009768e-16, 1.0001000100009768e-16, 1.0001000100009768e-16, 1.0001000100009768e-16, 1.0001000100009768e-16, 1.0001000100009768e-16, 1.0001000100009768e-16, 1.0001000100009768e-16, 1.0001000100009768e-16, 1.0001000100009768e-16, 1.0001000100009768e-16, 1.0001000100009768e-16, 1.0001000100009768e-16, 1.0001000100009768e-16, 1.0001000100009768e-16, 1.0001000100009768e-16, 1.0001000100009768e-16, 1.0001000100009768e-16, 1.0001000100009768e-16, 1.0001000100009768e-16, 1.0001000100009768e-16, 1.0001000100009768e-16, 1.0001000100009768e-16, 1.0001000100009768e-16, 1.0001000100009768e-16, 1.0001000100009768e-16, 1.0001000100009768e-16, 1.0001000100009768e-16, 1.0001000100009768e-16, 1.0001000100009768e-16, 1.0001000100009768e-16, 1.0001000100009768e-16, 1.0001000100009768e-16, 1.0001000100009768e-16, 1.0001000100009768e-16, 1.0001000100009768e-16, 1.0001000100009768e-16, 1.0001000100009768e-16, 1.0001000100009768e-16, 1.0001000100009768e-16, 1.0001000100009768e-16, 1.0001000100009768e-16, 1.0001000100009768e-16, 1.0001000100009768e-16, 1.0001000100009768e-16, 1.0001000100009768e-16, 1.0001000100009768e-16, 1.0001000100009768e-16, 1.0001000100009768e-16, 1.0001000100009768e-16, 1.0001000100009768e-16, 1.0001000100009768e-16, 1.0001000100009768e-16, 1.0001000100009768e-16, 1.0001000100009768e-16, 1.0001000100009768e-16, 1.0001000100009768e-16, 1.0001000100009768e-16, 1.0001000100009768e-16, 1.0001000100009768e-16, 1.0001000100009768e-16, 1.0001000100009768e-16, 1.0001000100009768e-16, 1.0001000100009768e-16, 1.0001000100009768e-16, 1.0001000100009768e-16, 1.0001000100009768e-16, 1.0001000100009768e-16, 1.0001000100009768e-16, 1.0001000100009768e-16, 1.0001000100009768e-16, 1.0001000100009768e-16, 1.0001000100009768e-16, 1.0001000100009768e-16, 1.0001000100009768e-16, 1.0001000100009768e-16, 1.0001000100009768e-16, 1.0001000100009768e-16, 1.0001000100009768e-16, 1.0001000100009768e-16, 1.0001000100009768e-16, 1.0001000100009768e-16, 1.0001000100009768e-16, 1.0001000100009768e-16, 1.0001000100009768e-16, 1.0001000100009768e-16, 1.0001000100009768e-16, 1.0001000100009768e-16, 1.0001000100009768e-16, 1.0001000100009768e-16, 1.0001000100009768e-16, 1.0001000100009768e-16, 1.0001000100009768e-16, 1.0001000100009768e-16, 1.0001000100009768e-16, 1.0001000100009768e-16, 1.0001000100009768e-16, 1.0001000100009768e-16, 1.0001000100009768e-16, 1.0001000100009768e-16, 1.0001000100009768e-16, 1.0001000100009768e-16, 1.0001000100009768e-16, 1.0001000100009768e-16, 1.0001000100009768e-16, 1.0001000100009768e-16, 1.0001000100009768e-16, 1.0001000100009768e-16, 1.0001000100009768e-16, 1.0001000100009768e-16, 1.0001000100009768e-16, 1.0001000100009768e-16, 1.0001000100009768e-16, 1.0001000100009768e-16, 1.0001000100009768e-16, 1.0001000100009768e-16, 1.0001000100009768e-16, 1.0001000100009768e-16, 1.0001000100009768e-16, 1.0001000100009768e-16, 1.0001000100009768e-16, 1.0001000100009768e-16, 1.0001000100009768e-16, 1.0001000100009768e-16, 1.0001000100009768e-16, 1.0001000100009768e-16, 1.0001000100009768e-16, 1.0001000100009768e-16, 1.0001000100009768e-16, 1.0001000100009768e-16, 1.0001000100009768e-16, 1.0001000100009768e-16, 1.0001000100009768e-16, 1.0001000100009768e-16, 1.0001000100009768e-16, 1.0001000100009768e-16, 1.0001000100009768e-16, 1.0001000100009768e-16, 1.0001000100009768e-16, 1.0001000100009768e-16, 1.0001000100009768e-16, 1.0001000100009768e-16, 1.0001000100009768e-16, 1.0001000100009768e-16, 1.0001000100009768e-16, 1.0001000100009768e-16, 1.0001000100009768e-16, 1.0001000100009768e-16, 1.0001000100009768e-16, 1.0001000100009768e-16, 1.0001000100009768e-16, 1.0001000100009768e-16, 1.0001000100009768e-16, 1.0001000100009768e-16, 1.0001000100009768e-16, 1.0001000100009768e-16, 1.0001000100009768e-16, 1.0001000100009768e-16, 1.0001000100009768e-16, 1.0001000100009768e-16, 1.0001000100009768e-16, 1.0001000100009768e-16, 1.0001000100009768e-16, 1.0001000100009768e-16, 1.0001000100009768e-16, 1.0001000100009768e-16, 1.0001000100009768e-16, 1.0001000100009768e-16, 1.0001000100009768e-16, 1.0001000100009768e-16, 1.0001000100009768e-16, 1.0001000100009768e-16, 1.0001000100009768e-16, 1.0001000100009768e-16, 1.0001000100009768e-16, 1.0001000100009768e-16, 1.0001000100009768e-16, 1.0001000100009768e-16, 1.0001000100009768e-16, 1.0001000100009768e-16, 1.0001000100009768e-16, 1.0001000100009768e-16, 1.0001000100009768e-16, 1.0001000100009768e-16, 1.0001000100009768e-16, 1.0001000100009768e-16, 1.0001000100009768e-16, 1.0001000100009768e-16, 1.0001000100009768e-16, 1.0001000100009768e-16, 1.0001000100009768e-16, 1.0001000100009768e-16, 1.0001000100009768e-16, 1.0001000100009768e-16, 1.0001000100009768e-16, 1.0001000100009768e-16, 1.0001000100009768e-16, 1.0001000100009768e-16, 1.0001000100009768e-16, 1.0001000100009768e-16, 0.00010001000100009768, 1.0001000100009768e-16, 1.0001000100009768e-16, 1.0001000100009768e-16, 1.0001000100009768e-16, 1.0001000100009768e-16, 1.0001000100009768e-16, 0.00010001000100009768, 0.00010001000100009768, 1.0001000100009768e-16, 1.0001000100009768e-16, 1.0001000100009768e-16, 0.00010001000100009768, 1.0001000100009768e-16, 1.0001000100009768e-16, 0.00040004000400039073, 0.00010001000100009768, 1.0001000100009768e-16, 1.0001000100009768e-16, 0.00020002000200019536, 0.00020002000200019536, 0.00010001000100009768, 0.00010001000100009768, 0.00030003000300029306, 0.00010001000100009768, 0.00020002000200019536, 0.00020002000200019536, 0.00010001000100009768, 0.00010001000100009768, 0.00020002000200019536, 0.00030003000300029306, 0.00040004000400039073, 0.00020002000200019536, 0.00010001000100009768, 0.0011001100110010745, 0.00040004000400039073, 0.00020002000200019536, 0.0007000700070006838, 0.0009000900090008791, 0.0011001100110010745, 0.0009000900090008791, 0.0014001400140013676, 0.0015001500150014651, 0.0012001200120011722, 0.0014001400140013676, 0.0008000800080007815, 0.0014001400140013676, 0.0011001100110010745, 0.002200220022002149, 0.001900190019001856, 0.0026002600260025396, 0.003100310031003028, 0.002200220022002149, 0.0035003500350034187, 0.002200220022002149, 0.0041004100410040045, 0.0033003300330032236, 0.0033003300330032236, 0.003100310031003028, 0.002900290029002833, 0.003100310031003028, 0.005400540054005275, 0.005900590059005763, 0.00560056005600547, 0.005900590059005763, 0.007100710071006935, 0.0060006000600058606, 0.005700570057005568, 0.007100710071006935, 0.007500750075007326, 0.006700670067006545, 0.006400640064006252, 0.007400740074007229, 0.009200920092008987, 0.009600960096009378, 0.008300830083008108, 0.01080108010801055, 0.009600960096009378, 0.01210121012101182, 0.011301130113011038, 0.01340134013401309, 0.010601060106010354, 0.013101310131012796, 0.013501350135013187, 0.01340134013401309, 0.011701170117011429, 0.015301530153014945, 0.014001400140013675, 0.014401440144014066, 0.014001400140013675, 0.014701470147014358, 0.01590159015901553, 0.014701470147014358, 0.01590159015901553, 0.016201620162015824, 0.01630163016301592, 0.016201620162015824, 0.018401840184017974, 0.018801880188018365, 0.014301430143013969, 0.01650165016501612, 0.015301530153014945, 0.015201520152014848, 0.01650165016501612, 0.01780178017801739, 0.015401540154015042, 0.015601560156015238, 0.015201520152014848, 0.013001300130012699, 0.015701570157015336, 0.013601360136013284, 0.01590159015901553, 0.0129012901290126, 0.015601560156015238, 0.013101310131012796, 0.01250125012501221, 0.015201520152014848, 0.012201220122011917, 0.011501150115011233, 0.013001300130012699, 0.010701070107010453, 