{"n_items": 400, "weights": [9.999999999999709e-17, 9.999999999999709e-17, 9.999999999999709e-17, 9.999999999999709e-17, 9.999999999999709e-17, 9.999999999999709e-17, 9.999999999999709e-17, 9.999999999999709e-17, 9.999999999999709e-17, 9.999999999999709e-17, 9.999999999999709e-17, 9.999999999999709e-17, 9.999999999999709e-17, 9.999999999999709e-17, 9.999999999999709e-17, 9.999999999999709e-17, 9.999999999999709e-17, 9.999999999999709e-17, 9.999999999999709e-17, 9.999999999999709e-17, 9.999999999999709e-17, 9.999999999999709e-17, 9.999999999999709e-17, 9.999999999999709e-17, 9.999999999999709e-17, 9.999999999999709e-17, 9.999999999999709e-17, 9.999999999999709e-17, 9.999999999999709e-17, 9.999999999999709e-17, 9.999999999999709e-17, 9.999999999999709e-17, 9.999999999999709e-17, 9.999999999999709e-17, 9.999999999999709e-17, 9.999999999999709e-17, 9.999999999999709e-17, 9.999999999999709e-17, 9.999999999999709e-17, 9.999999999999709e-17, 9.999999999999709e-17, 9.999999999999709e-17, 9.999999999999709e-17, 9.999999999999709e-17, 9.999999999999709e-17, 9.999999999999709e-17, 9.999999999999709e-17, 9.999999999999709e-17, 9.999999999999709e-17, 9.999999999999709e-17, 9.999999999999709e-17, 9.999999999999709e-17, 9.999999999999709e-17, 9.999999999999709e-17, 9.999999999999709e-17, 9.999999999999709e-17, 9.999999999999709e-17, 9.999999999999709e-17, 9.999999999999709e-17, 9.999999999999709e-17, 9.999999999999709e-17, 9.999999999999709e-17, 9.999999999999709e-17, 9.999999999999709e-17, 9.999999999999709e-17, 9.999999999999709e-17, 9.999999999999709e-17, 9.999999999999709e-17, 9.999999999999709e-17, 9.999999999999709e-17, 9.999999999999709e-17, 9.999999999999709e-17, 9.999999999999709e-17, 9.999999999999709e-17, 9.999999999999709e-17, 9.999999999999709e-17, 9.999999999999709e-17, 9.999999999999709e-17, 9.999999999999709e-17, 9.999999999999709e-17, 9.999999999999709e-17, 9.999999999999709e-17, 9.999999999999709e-17, 9.999999999999709e-17, 9.999999999999709e-17, 9.999999999999709e-17, 9.999999999999709e-17, 9.999999999999709e-17, 9.999999999999709e-17, 9.999999999999709e-17, 9.999999999999709e-17, 9.999999999999709e-17, 9.999999999999709e-17, 9.999999999999709e-17, 9.999999999999709e-17, 9.999999999999709e-17, 9.999999999999709e-17, 9.999999999999709e-17, 9.999999999999709e-17, 9.999999999999709e-17, 9.999999999999709e-17, 9.999999999999709e-17, 9.999999999999709e-17, 9.999999999999709e-17, 9.999999999999709e-17, 9.999999999999709e-17, 9.999999999999709e-17, 9.999999999999709e-17, 9.999999999999709e-17, 9.999999999999709e-17, 9.999999999999709e-17, 9.999999999999709e-17, 9.999999999999709e-17, 9.999999999999709e-17, 9.999999999999709e-17, 9.999999999999709e-17, 9.999999999999709e-17, 9.999999999999709e-17, 9.999999999999709e-17, 9.999999999999709e-17, 9.999999999999709e-17, 9.999999999999709e-17, 9.999999999999709e-17, 9.999999999999709e-17, 9.999999999999709e-17, 9.999999999999709e-17, 9.999999999999709e-17, 9.999999999999709e-17, 9.999999999999709e-17, 9.999999999999709e-17, 9.999999999999709e-17, 9.999999999999709e-17, 9.999999999999709e-17, 9.999999999999709e-17, 9.999999999999709e-17, 9.999999999999709e-17, 9.999999999999709e-17, 9.999999999999709e-17, 9.999999999999709e-17, 9.999999999999709e-17, 9.999999999999709e-17, 9.999999999999709e-17, 9.999999999999709e-17, 9.999999999999709e-17, 9.999999999999709e-17, 9.999999999999709e-17, 9.999999999999709e-17, 9.999999999999709e-17, 9.999999999999709e-17, 9.999999999999709e-17, 9.999999999999709e-17, 9.999999999999709e-17, 9.999999999999709e-17, 9.999999999999709e-17, 9.999999999999709e-05, 9.999999999999709e-17, 9.999999999999709e-17, 9.999999999999709e-17, 9.999999999999709e-17, 9.999999999999709e-17, 9.999999999999709e-17, 9.999999999999709e-17, 9.999999999999709e-17, 9.999999999999709e-17, 9.999999999999709e-17, 9.999999999999709e-05, 9.999999999999709e-17, 0.00029999999999999125, 9.999999999999709e-05, 9.999999999999709e-05, 0.00029999999999999125, 0.00019999999999999418, 0.00019999999999999418, 0.00029999999999999125, 0.00019999999999999418, 0.0004999999999999855, 0.00029999999999999125, 0.001199999999999965, 0.000999999999999971, 0.000999999999999971, 0.0005999999999999825, 0.0012999999999999622, 0.0020999999999999387, 0.0020999999999999387, 0.002299999999999933, 0.003299999999999904, 0.003699999999999892, 0.003499999999999898, 0.006399999999999814, 0.005599999999999837, 0.007199999999999791, 0.006699999999999805, 0.007999999999999768, 0.007999999999999768, 0.01099999999999968, 0.010899999999999683, 0.010699999999999689, 0.011099999999999676, 0.01269999999999963, 0.012999999999999621, 0.014399999999999582, 0.01609999999999953, 0.017299999999999496, 0.01679999999999951, 0.01789999999999948, 0.021199999999999383, 0.02029999999999941, 0.0205999999999994, 0.01989999999999942, 0.022499999999999343, 0.01949999999999943, 0.02089999999999939, 0.02329999999999932, 0.022399999999999348, 0.022199999999999352, 0.024499999999999286, 0.024499999999999286, 0.023699999999999312, 0.02309999999999933, 0.023799999999999308, 0.02329999999999932, 0.02189999999999936, 0.022599999999999343, 0.02199999999999936, 0.022599999999999343, 0.0240999999999993, 0.020399999999999405, 0.02129999999999938, 0.01849999999999946, 0.018999999999999448, 0.017999999999999475, 0.019099999999999444, 0.01579999999999954, 0.016399999999999523, 0.016699999999999514, 0.012799999999999628, 0.012799999999999628, 0.011799999999999656, 0.012599999999999634, 0.012099999999999647, 0.008699999999999746, 0.008499999999999753, 0.007199999999999791, 0.007599999999999779, 0.00789999999999977, 0.007399999999999784, 0.004999999999999854, 0.005199999999999849, 0.003999999999999884, 0.004499999999999869, 0.0025999999999999244, 0.003699999999999892, 0.0030999999999999097, 0.0015999999999999535, 0.0014999999999999564, 0.0008999999999999738, 0.001099999999999968, 0.0008999999999999738, 0.0005999999999999825, 0.0006999999999999796, 0.0007999999999999767, 0.00019999999999999418, 0.00019999999999999418, 0.00019999999999999418, 9.999999999999709e-05, 9.999999999999709e-05, 9.999999999999709e-05, 9.999999999999709e-05, 0.00019999999999999418, 9.999999999999709e-17, 9.999999999999709e-17, 9.999999999999709e-05, 0.00019999999999999418, 0.00019999999999999418, 9.999999999999709e-17, 9.999999999999709e-17, 9.999999999999709e-17, 9.999999999999709e-17, 9.999999999999709e-17, 9.999999999999709e-17, 9.999999999999709e-17, 9.999999999999709e-17, 9.999999999999709e-17, 9.999999999999709e-17, 9.999999999999709e-17, 9.999999999999709e-17, 9.999999999999709e-17, 9.999999999999709e-17, 9.999999999999709e-17, 9.999999999999709e-17, 9.999999999999709e-17, 9.999999999999709e-17, 9.999999999999709e-17, 9.999999999999709e-17, 9.999999999999709e-17, 9.999999999999709e-17, 9.999999999999709e-17, 9.999999999999709e-17, 9.999999999999709e-17, 9.999999999999709e-17, 9.999999999999709e-17, 9.999999999999709e-17, 9.999999999999709e-17, 9.999999999999709e-17, 9.999999999999709e-17, 9.999999999999709e-17, 9.999999999999709e-17, 9.999999999999709e-17, 9.999999999999709e-17, 9.999999999999709e-17, 9.999999999999709e-17, 9.999999999999709e-17, 9.999999999999709e-17, 9.999999999999709e-17, 9.999999999999709e-17, 9.999999999999709e-17, 9.999999999999709e-17, 9.999999999999709e-17, 9.999999999999709e-17, 9.999999999999709e-17, 9.999999999999709e-17, 9.999999999999709e-17, 9.999999999999709e-17, 9.999999999999709e-17, 9.999999999999709e-17, 9.999999999999709e-17, 9.999999999999709e-17, 9.999999999999709e-17, 9.999999999999709e-17, 9.999999999999709e-17, 9.999999999999709e-17, 9.999999999999709e-17, 9.999999999999709e-17, 9.999999999999709e-17, 9.999999999999709e-17, 9.999999999999709e-17, 9.999999999999709e-17, 9.999999999999709e-17, 9.999999999999709e-17, 9.999999999999709e-17, 9.999999999999709e-17, 9.999999999999709e-17, 9.999999999999709e-17, 9.999999999999709e-17, 9.999999999999709e-17, 9.999999999999709e-17, 9.999999999999709e-17, 9.999999999999709e-17, 9.999999999999709e-17, 9.999999999999709e-17, 