{"n_items": 200, "weights": [9.999999999999889e-17, 9.999999999999889e-17, 9.999999999999889e-17, 9.999999999999889e-17, 9.999999999999889e-17, 9.999999999999889e-17, 9.999999999999889e-17, 9.999999999999889e-17, 9.999999999999889e-17, 9.999999999999889e-17, 9.999999999999889e-17, 9.999999999999889e-17, 9.999999999999889e-17, 9.999999999999889e-17, 9.999999999999889e-17, 9.999999999999889e-17, 9.999999999999889e-17, 9.999999999999889e-17, 9.999999999999889e-17, 9.999999999999889e-17, 9.999999999999889e-17, 9.999999999999889e-17, 9.999999999999889e-17, 9.999999999999889e-17, 9.999999999999889e-17, 9.999999999999889e-17, 9.999999999999889e-17, 9.999999999999889e-17, 9.999999999999889e-17, 0.0001999999999999978, 9.99999999999989e-05, 9.999999999999889e-17, 9.999999999999889e-17, 9.999999999999889e-17, 9.999999999999889e-17, 0.0004999999999999945, 0.0001999999999999978, 0.0003999999999999956, 0.0003999999999999956, 0.0007999999999999911, 0.0004999999999999945, 0.0006999999999999922, 0.0010999999999999877, 0.0010999999999999877, 0.001899999999999979, 0.001699999999999981, 0.0031999999999999646, 0.0023999999999999733, 0.0023999999999999733, 0.0032999999999999636, 0.004999999999999945, 0.004299999999999952, 0.007299999999999919, 0.007699999999999914, 0.00999999999999989, 0.009699999999999893, 0.00979999999999989, 0.01169999999999987, 0.010699999999999881, 0.01689999999999981, 0.014999999999999833, 0.017699999999999803, 0.02059999999999977, 0.016099999999999823, 0.019299999999999786, 0.025099999999999723, 0.024699999999999726, 0.027599999999999694, 0.027199999999999697, 0.030399999999999663, 0.02869999999999968, 0.02969999999999967, 0.030099999999999665, 0.029399999999999673, 0.03419999999999962, 0.03339999999999963, 0.03199999999999965, 0.030899999999999657, 0.029999999999999666, 0.02899999999999968, 0.030599999999999662, 0.027599999999999694, 0.027499999999999695, 0.028499999999999685, 0.027599999999999694, 0.021999999999999756, 0.019199999999999787, 0.018699999999999793, 0.020399999999999772, 0.015699999999999825, 0.01439999999999984, 0.01159999999999987, 0.013899999999999847, 0.010999999999999878, 0.008899999999999901, 0.007999999999999912, 0.007799999999999914, 0.00629999999999993, 0.006099999999999933, 0.004799999999999947, 0.004099999999999954, 0.004899999999999945, 0.0022999999999999744, 0.001899999999999979, 0.001699999999999981, 0.002099999999999977, 0.0015999999999999823, 0.0010999999999999877, 0.0004999999999999945, 0.0004999999999999945, 0.0007999999999999911, 0.0007999999999999911, 0.00029999999999999667, 0.00029999999999999667, 0.0004999999999999945, 0.0001999999999999978, 0.00029999999999999667, 9.99999999999989e-05, 9.99999999999989e-05, 9.999999999999889e-17, 9.99999999999989e-05, 9.99999999999989e-05, 9.999999999999889e-17, 9.999999999999889e-17, 9.999999999999889e-17, 9.999999999999889e-17, 9.999999999999889e-17, 9.999999999999889e-17, 9.999999999999889e-17, 9.999999999999889e-17, 9.999999999999889e-17, 9.999999999999889e-17, 9.999999999999889e-17, 9.999999999999889e-17, 9.999999999999889e-17, 9.999999999999889e-17, 9.999999999999889e-17, 9.999999999999889e-17, 9.999999999999889e-17, 9.999999999999889e-17, 9.999999999999889e-17, 9.999999999999889e-17, 9.999999999999889e-17, 9.999999999999889e-17, 9.999999999999889e-17, 9.999999999999889e-17, 9.999999999999889e-17, 9.999999999999889e-17, 9.999999999999889e-17, 9.999999999999889e-17, 9.999999999999889e-17, 9.999999999999889e-17, 9.999999999999889e-17, 9.999999999999889e-17, 9.999999999999889e-17, 9.999999999999889e-17, 9.999999999999889e-17, 9.999999999999889e-17, 9.999999999999889e-17, 9.999999999999889e-17, 9.999999999999889e-17, 9.999999999999889e-17, 9.999999999999889e-17, 9.999999999999889e-17, 9.999999999999889e-17, 9.999999999999889e-17, 9.999999999999889e-17, 9.999999999999889e-17, 9.999999999999889e-17, 9.999999999999889e-17, 9.999999999999889e-17, 9.999999999999889e-17, 9.999999999999889e-17, 9.999999999999889e-17, 9.999999999999889e-17, 9.999999999999889e-17, 9.999999999999889e-17, 9.999999999999889e-17, 9.999999999999889e-17, 9.999999999999889e-17, 9.999999999999889e-17, 9.999999999999889e-17, 9.999999999999889e-17, 9.999999999999889e-17, 9.999999999999889e-17, 9.999999999999889e-17, 9.999999999999889e-17, 9.999999999999889e-17, 9.999999999999889e-17, 9.999999999999889e-17, 9.999999999999889e-17, 9.999999999999889e-17, 9.999999999999889e-17, 9.999999999999889e-17, 9.999999999999889e-17, 9.999999999999889e-17, 9.999999999999889e-17, 9.999999999999889e-17, 9.999999999999889e-17, 9.999999999999889e-17], "profits": [1.0, 1.0, 1.0, 1.0, 1.0, 1.0, 1.0, 1.0, 1.0, 1.0, 1.0, 1.0, 1.0, 1.0, 1.0, 1.0, 1.0, 1.0, 1.0, 1.0, 1.0, 1.0, 1.0, 1.0, 1.0, 1.0, 1.0, 1.0, 1.0, 1.0, 1.0, 1.0, 1.0, 1.0, 1.0, 1.0, 1.0, 1.0, 1.0, 1.0, 1.0, 1.0, 1.0, 1.0, 1.0, 1.0, 1.0, 1.0, 1.0, 0.1, 1.0, 1.0, 1.0, 1.0, 1.0, 1.0, 1.0, 1.0, 1.0, 1.0, 1.0, 1.0, 1.0, 1.0, 1.0, 1.0, 1.0, 1.0, 1.0, 1.0, 1.0, 1.0, 1.0, 0.1, 1.0, 1.0, 1.0, 1.0, 1.0, 1.0, 1.0, 1.0, 1.0, 1.0, 1.0, 1.0, 1.0, 1.0, 1.0, 1.0, 1.0, 1.0, 1.0, 1.0, 1.0, 1.0, 1.0, 1.0, 1.0, 1.0, 1.0, 1.0, 1.0, 1.0, 1.0, 1.0, 1.0, 1.0, 1.0, 1.0, 1.0, 1.0, 1.0, 1.0, 1.0, 1.0, 1.0, 1.0, 1.0, 1.0, 1.0, 1.0, 1.0, 1.0, 1.0, 1.0, 1.0, 1.0, 1.0, 1.0, 1.0, 1.0, 1.0, 1.0, 1.0, 1.0, 1.0, 1.0, 1.0, 1.0, 1.0, 1.0, 1.0, 1.0, 1.0, 1.0, 1.0, 1.0, 1.0, 1.0, 1.0, 1.0, 1.0, 1.0, 1.0, 1.0, 1.0, 1.0, 1.0, 1.0, 1.0, 1.0, 1.0, 1.0, 1.0, 1.0, 1.0, 1.0, 1.0, 1.0, 1.0, 1.0, 1.0, 1.0, 1.0, 1.0, 1.0, 1.0, 1.0, 1.0, 1.0, 1.0, 1.0, 1.0, 1.0, 1.0, 1.0, 1.0, 1.0, 1.0, 1.0, 1.0, 1.0, 1.0, 1.0, 1.0, 1.0, 1.0, 1.0, 1.0], "min_weight": 0.95, "max_distance": 2}