{"n_items": 200, "weights": [9.999999999999851e-17, 9.999999999999851e-17, 9.999999999999851e-17, 9.999999999999851e-17, 9.999999999999851e-17, 9.999999999999851e-17, 9.999999999999851e-17, 9.999999999999851e-17, 9.999999999999851e-17, 9.999999999999851e-17, 9.999999999999851e-17, 9.999999999999851e-17, 9.999999999999851e-17, 9.999999999999851e-17, 9.999999999999851e-17, 9.999999999999851e-17, 9.999999999999851e-17, 9.999999999999851e-17, 9.999999999999851e-17, 9.999999999999851e-17, 9.999999999999851e-17, 9.999999999999851e-17, 9.999999999999851e-17, 9.999999999999851e-17, 9.999999999999851e-17, 9.999999999999851e-17, 9.999999999999851e-17, 9.999999999999851e-17, 9.999999999999851e-17, 9.999999999999851e-17, 9.999999999999851e-17, 9.999999999999851e-17, 9.999999999999851e-17, 9.999999999999851e-17, 9.999999999999851e-17, 9.999999999999851e-17, 9.999999999999851e-17, 9.999999999999851e-17, 9.999999999999851e-17, 9.999999999999851e-17, 9.999999999999851e-17, 9.999999999999851e-17, 9.999999999999851e-17, 9.999999999999851e-17, 9.999999999999851e-17, 9.999999999999851e-17, 9.999999999999851e-17, 9.999999999999851e-17, 9.999999999999851e-17, 9.999999999999851e-17, 9.999999999999851e-17, 9.999999999999851e-17, 9.999999999999851e-17, 9.999999999999851e-17, 9.999999999999851e-17, 9.999999999999851e-17, 9.999999999999851e-17, 9.999999999999851e-17, 9.999999999999851e-17, 9.999999999999851e-17, 9.999999999999851e-17, 9.999999999999851e-17, 9.999999999999851e-17, 9.999999999999851e-17, 9.999999999999851e-17, 9.999999999999851e-17, 9.999999999999851e-17, 9.999999999999851e-17, 9.999999999999851e-17, 9.999999999999851e-17, 9.999999999999851e-17, 9.999999999999851e-17, 9.999999999999851e-05, 9.999999999999851e-17, 9.999999999999851e-17, 9.999999999999851e-17, 9.999999999999851e-17, 0.00039999999999999406, 9.999999999999851e-05, 0.0004999999999999925, 9.999999999999851e-05, 0.0010999999999999836, 0.0023999999999999642, 0.0020999999999999686, 0.003299999999999951, 0.004099999999999939, 0.005299999999999921, 0.009499999999999858, 0.013799999999999793, 0.01609999999999976, 0.020999999999999686, 0.024299999999999638, 0.0335999999999995, 0.041299999999999386, 0.04409999999999934, 0.051099999999999236, 0.05729999999999914, 0.06479999999999904, 0.06529999999999903, 0.06329999999999905, 0.058199999999999134, 0.058799999999999124, 0.058799999999999124, 0.05179999999999923, 0.04909999999999927, 0.04329999999999935, 0.03829999999999943, 0.026399999999999608, 0.02479999999999963, 0.017899999999999732, 0.014499999999999784, 0.00929999999999986, 0.007699999999999885, 0.0051999999999999226, 0.003799999999999943, 0.002899999999999957, 0.0015999999999999762, 0.000999999999999985, 0.0006999999999999896, 0.00029999999999999553, 9.999999999999851e-05, 9.999999999999851e-05, 0.00019999999999999703, 9.999999999999851e-05, 9.999999999999851e-05, 9.999999999999851e-17, 9.999999999999851e-17, 9.999999999999851e-17, 9.999999999999851e-17, 9.999999999999851e-17, 9.999999999999851e-17, 9.999999999999851e-17, 9.999999999999851e-17, 9.999999999999851e-17, 9.999999999999851e-17, 9.999999999999851e-17, 9.999999999999851e-17, 9.999999999999851e-17, 9.999999999999851e-17, 9.999999999999851e-17, 9.999999999999851e-17, 9.999999999999851e-17, 9.999999999999851e-17, 9.999999999999851e-17, 9.999999999999851e-17, 9.999999999999851e-17, 9.999999999999851e-17, 9.999999999999851e-17, 9.999999999999851e-17, 9.999999999999851e-17, 9.999999999999851e-17, 9.999999999999851e-17, 9.999999999999851e-17, 9.999999999999851e-17, 9.999999999999851e-17, 9.999999999999851e-17, 9.999999999999851e-17, 9.999999999999851e-17, 9.999999999999851e-17, 9.999999999999851e-17, 9.999999999999851e-17, 9.999999999999851e-17, 9.999999999999851e-17, 9.999999999999851e-17, 9.999999999999851e-17, 9.999999999999851e-17, 9.999999999999851e-17, 9.999999999999851e-17, 9.999999999999851e-17, 9.999999999999851e-17, 9.999999999999851e-17, 9.999999999999851e-17, 9.999999999999851e-17, 9.999999999999851e-17, 9.999999999999851e-17, 9.999999999999851e-17, 9.999999999999851e-17, 9.999999999999851e-17, 9.999999999999851e-17, 9.999999999999851e-17, 9.999999999999851e-17, 9.999999999999851e-17, 9.999999999999851e-17, 9.999999999999851e-17, 9.999999999999851e-17, 9.999999999999851e-17, 9.999999999999851e-17, 9.999999999999851e-17, 9.999999999999851e-17, 9.999999999999851e-17, 9.999999999999851e-17, 9.999999999999851e-17, 9.999999999999851e-17, 9.999999999999851e-17, 9.999999999999851e-17, 9.999999999999851e-17, 9.999999999999851e-17, 9.999999999999851e-17, 9.999999999999851e-17, 9.999999999999851e-17], "profits": [1.0, 1.0, 1.0, 1.0, 1.0, 1.0, 1.0, 1.0, 1.0, 1.0, 1.0, 1.0, 1.0, 1.0, 1.0, 1.0, 1.0, 1.0, 1.0, 1.0, 1.0, 1.0, 1.0, 1.0, 1.0, 1.0, 1.0, 1.0, 1.0, 1.0, 1.0, 1.0, 1.0, 1.0, 1.0, 1.0, 1.0, 1.0, 1.0, 1.0, 1.0, 1.0, 1.0, 1.0, 1.0, 1.0, 1.0, 1.0, 1.0, 1.0, 1.0, 1.0, 1.0, 1.0, 1.0, 1.0, 1.0, 1.0, 1.0, 1.0, 1.0, 1.0, 1.0, 1.0, 1.0, 1.0, 1.0, 1.0, 1.0, 1.0, 1.0, 1.0, 1.0, 1.0, 1.0, 1.0, 1.0, 1.0, 1.0, 1.0, 1.0, 1.0, 1.0, 1.0, 1.0, 1.0, 1.0, 1.0, 1.0, 1.0, 1.0, 1.0, 1.0, 1.0, 1.0, 0.1, 1.0, 1.0, 0.1, 1.0, 1.0, 1.0, 1.0, 1.0, 1.0, 1.0, 1.0, 1.0, 1.0, 1.0, 1.0, 1.0, 1.0, 1.0, 1.0, 1.0, 1.0, 1.0, 1.0, 1.0, 1.0, 1.0, 1.0, 1.0, 1.0, 1.0, 1.0, 1.0, 1.0, 1.0, 1.0, 1.0, 1.0, 1.0, 1.0, 1.0, 1.0, 1.0, 1.0, 1.0, 1.0, 1.0, 1.0, 1.0, 1.0, 1.0, 1.0, 1.0, 1.0, 1.0, 1.0, 1.0, 1.0, 1.0, 1.0, 1.0, 1.0, 1.0, 1.0, 1.0, 1.0, 1.0, 1.0, 1.0, 1.0, 1.0, 1.0, 1.0, 1.0, 1.0, 1.0, 1.0, 1.0, 1.0, 1.0, 1.0, 1.0, 1.0, 1.0, 1.0, 1.0, 1.0, 1.0, 1.0, 1.0, 1.0, 1.0, 1.0, 1.0, 1.0, 1.0, 1.0, 1.0, 1.0, 1.0, 1.0, 1.0, 1.0, 1.0, 1.0], "min_weight": 0.95, "max_distance": 3}