{"n_items": 200, "weights": [9.999999999999851e-17, 9.999999999999851e-17, 9.999999999999851e-17, 9.999999999999851e-17, 9.999999999999851e-17, 9.999999999999851e-17, 9.999999999999851e-17, 9.999999999999851e-17, 9.999999999999851e-17, 9.999999999999851e-17, 9.999999999999851e-17, 9.999999999999851e-17, 9.999999999999851e-17, 9.999999999999851e-17, 9.999999999999851e-17, 9.999999999999851e-17, 9.999999999999851e-17, 9.999999999999851e-17, 9.999999999999851e-17, 9.999999999999851e-17, 9.999999999999851e-17, 9.999999999999851e-17, 9.999999999999851e-17, 9.999999999999851e-17, 9.999999999999851e-17, 9.999999999999851e-17, 9.999999999999851e-17, 9.999999999999851e-17, 9.999999999999851e-17, 9.999999999999851e-17, 9.999999999999851e-17, 9.999999999999851e-17, 9.999999999999851e-17, 9.999999999999851e-17, 9.999999999999851e-17, 9.999999999999851e-17, 9.999999999999851e-17, 9.999999999999851e-17, 9.999999999999851e-17, 9.999999999999851e-17, 9.999999999999851e-17, 9.999999999999851e-17, 9.999999999999851e-17, 9.999999999999851e-17, 9.999999999999851e-17, 9.999999999999851e-17, 9.999999999999851e-17, 9.999999999999851e-17, 9.999999999999851e-17, 9.999999999999851e-17, 9.999999999999851e-17, 9.999999999999851e-17, 9.999999999999851e-17, 9.999999999999851e-17, 9.999999999999851e-17, 9.999999999999851e-17, 9.999999999999851e-17, 9.999999999999851e-17, 9.999999999999851e-17, 9.999999999999851e-17, 9.999999999999851e-17, 9.999999999999851e-17, 9.999999999999851e-17, 9.999999999999851e-17, 9.999999999999851e-17, 9.999999999999851e-17, 9.999999999999851e-17, 9.999999999999851e-17, 9.999999999999851e-17, 9.999999999999851e-17, 9.999999999999851e-17, 9.999999999999851e-17, 9.999999999999851e-17, 9.999999999999851e-17, 9.999999999999851e-17, 9.999999999999851e-17, 9.999999999999851e-17, 9.999999999999851e-17, 9.999999999999851e-17, 9.999999999999851e-17, 9.999999999999851e-17, 9.999999999999851e-17, 9.999999999999851e-17, 9.999999999999851e-17, 9.999999999999851e-17, 9.999999999999851e-17, 9.999999999999851e-17, 9.999999999999851e-17, 9.999999999999851e-17, 9.999999999999851e-17, 9.999999999999851e-17, 9.999999999999851e-17, 9.999999999999851e-17, 0.0004999999999999925, 0.00019999999999999703, 0.0007999999999999881, 0.0007999999999999881, 0.001799999999999973, 0.0015999999999999762, 0.00399999999999994, 0.004599999999999931, 0.005699999999999915, 0.010099999999999849, 0.012499999999999813, 0.016399999999999755, 0.021899999999999673, 0.028399999999999575, 0.033299999999999504, 0.042299999999999366, 0.046099999999999315, 0.05079999999999924, 0.056099999999999164, 0.06199999999999908, 0.05909999999999912, 0.0605999999999991, 0.06809999999999898, 0.06179999999999908, 0.05769999999999914, 0.04819999999999928, 0.04819999999999928, 0.04159999999999938, 0.03829999999999943, 0.02819999999999958, 0.021999999999999673, 0.016599999999999754, 0.014699999999999781, 0.010099999999999849, 0.00799999999999988, 0.006299999999999906, 0.004099999999999939, 0.0024999999999999628, 0.0016999999999999745, 0.0007999999999999881, 0.00039999999999999406, 0.00039999999999999406, 0.0004999999999999925, 9.999999999999851e-17, 9.999999999999851e-05, 9.999999999999851e-05, 9.999999999999851e-17, 9.999999999999851e-17, 9.999999999999851e-17, 9.999999999999851e-17, 9.999999999999851e-17, 9.999999999999851e-17, 9.999999999999851e-17, 9.999999999999851e-17, 9.999999999999851e-17, 9.999999999999851e-17, 9.999999999999851e-17, 9.999999999999851e-17, 9.999999999999851e-17, 9.999999999999851e-17, 9.999999999999851e-17, 9.999999999999851e-17, 9.999999999999851e-17, 9.999999999999851e-17, 9.999999999999851e-17, 9.999999999999851e-17, 9.999999999999851e-17, 9.999999999999851e-17, 9.999999999999851e-17, 9.999999999999851e-17, 9.999999999999851e-17, 9.999999999999851e-17, 9.999999999999851e-17, 9.999999999999851e-17, 9.999999999999851e-17, 9.999999999999851e-17, 9.999999999999851e-17, 9.999999999999851e-17, 9.999999999999851e-17, 9.999999999999851e-17, 9.999999999999851e-17, 9.999999999999851e-17, 9.999999999999851e-17, 9.999999999999851e-17, 9.999999999999851e-17, 9.999999999999851e-17, 9.999999999999851e-17, 9.999999999999851e-17, 9.999999999999851e-17, 9.999999999999851e-17, 9.999999999999851e-17, 9.999999999999851e-17, 9.999999999999851e-17, 9.999999999999851e-17, 9.999999999999851e-17, 9.999999999999851e-17, 9.999999999999851e-17, 9.999999999999851e-17, 9.999999999999851e-17, 9.999999999999851e-17, 9.999999999999851e-17, 9.999999999999851e-17, 9.999999999999851e-17, 9.999999999999851e-17, 9.999999999999851e-17, 9.999999999999851e-17, 9.999999999999851e-17], "profits": [1.0, 1.0, 1.0, 1.0, 1.0, 1.0, 1.0, 1.0, 1.0, 1.0, 1.0, 1.0, 1.0, 1.0, 1.0, 1.0, 1.0, 1.0, 1.0, 1.0, 1.0, 1.0, 1.0, 1.0, 1.0, 1.0, 1.0, 1.0, 1.0, 1.0, 1.0, 1.0, 1.0, 1.0, 1.0, 1.0, 1.0, 1.0, 1.0, 1.0, 1.0, 1.0, 1.0, 1.0, 1.0, 1.0, 1.0, 1.0, 1.0, 1.0, 1.0, 1.0, 1.0, 1.0, 1.0, 1.0, 1.0, 1.0, 1.0, 1.0, 1.0, 1.0, 1.0, 1.0, 1.0, 1.0, 1.0, 1.0, 1.0, 1.0, 1.0, 1.0, 1.0, 1.0, 1.0, 1.0, 1.0, 1.0, 1.0, 1.0, 1.0, 1.0, 1.0, 1.0, 1.0, 1.0, 1.0, 1.0, 1.0, 1.0, 1.0, 1.0, 1.0, 1.0, 1.0, 1.0, 1.0, 1.0, 1.0, 1.0, 1.0, 1.0, 1.0, 1.0, 1.0, 0.1, 1.0, 1.0, 1.0, 1.0, 0.1, 1.0, 1.0, 1.0, 1.0, 1.0, 1.0, 1.0, 1.0, 1.0, 1.0, 1.0, 1.0, 1.0, 1.0, 1.0, 1.0, 1.0, 1.0, 1.0, 1.0, 1.0, 1.0, 1.0, 1.0, 1.0, 1.0, 1.0, 1.0, 1.0, 1.0, 1.0, 1.0, 1.0, 1.0, 1.0, 1.0, 1.0, 1.0, 1.0, 1.0, 1.0, 1.0, 1.0, 1.0, 1.0, 1.0, 1.0, 1.0, 1.0, 1.0, 1.0, 1.0, 1.0, 1.0, 1.0, 1.0, 1.0, 1.0, 1.0, 1.0, 1.0, 1.0, 1.0, 1.0, 1.0, 1.0, 1.0, 1.0, 1.0, 1.0, 1.0, 1.0, 1.0, 1.0, 1.0, 1.0, 1.0, 1.0, 1.0, 1.0, 1.0, 1.0, 1.0, 1.0, 1.0, 1.0, 1.0, 1.0, 1.0], "min_weight": 0.95, "max_distance": 2}