{"n_items": 400, "weights": [9.999999999999725e-17, 9.999999999999725e-17, 9.999999999999725e-17, 9.999999999999725e-17, 9.999999999999725e-17, 9.999999999999725e-17, 9.999999999999725e-17, 9.999999999999725e-17, 9.999999999999725e-17, 9.999999999999725e-17, 9.999999999999725e-17, 9.999999999999725e-17, 9.999999999999725e-17, 9.999999999999725e-17, 9.999999999999725e-17, 9.999999999999725e-17, 9.999999999999725e-17, 9.999999999999725e-17, 9.999999999999725e-17, 9.999999999999725e-17, 9.999999999999725e-17, 9.999999999999725e-17, 9.999999999999725e-17, 9.999999999999725e-17, 9.999999999999725e-17, 9.999999999999725e-17, 9.999999999999725e-17, 9.999999999999725e-17, 9.999999999999725e-17, 9.999999999999725e-17, 9.999999999999725e-17, 9.999999999999725e-17, 9.999999999999725e-17, 9.999999999999725e-17, 9.999999999999725e-17, 9.999999999999725e-17, 9.999999999999725e-17, 9.999999999999725e-17, 9.999999999999725e-17, 9.999999999999725e-17, 9.999999999999725e-17, 9.999999999999725e-17, 9.999999999999725e-17, 9.999999999999725e-17, 9.999999999999725e-17, 9.999999999999725e-17, 9.999999999999725e-17, 9.999999999999725e-17, 9.999999999999725e-17, 9.999999999999725e-17, 9.999999999999725e-17, 9.999999999999725e-17, 9.999999999999725e-17, 9.999999999999725e-17, 9.999999999999725e-17, 9.999999999999725e-17, 9.999999999999725e-17, 9.999999999999725e-17, 9.999999999999725e-17, 9.999999999999725e-17, 9.999999999999725e-17, 9.999999999999725e-17, 9.999999999999725e-17, 9.999999999999725e-17, 9.999999999999725e-17, 9.999999999999725e-17, 9.999999999999725e-17, 9.999999999999725e-17, 9.999999999999725e-17, 9.999999999999725e-17, 9.999999999999725e-17, 9.999999999999725e-17, 9.999999999999725e-17, 9.999999999999725e-17, 9.999999999999725e-17, 9.999999999999725e-17, 9.999999999999725e-17, 9.999999999999725e-17, 9.999999999999725e-17, 9.999999999999725e-17, 9.999999999999725e-17, 9.999999999999725e-17, 9.999999999999725e-17, 9.999999999999725e-17, 9.999999999999725e-17, 9.999999999999725e-17, 9.999999999999725e-17, 9.999999999999725e-17, 9.999999999999725e-17, 9.999999999999725e-17, 9.999999999999725e-17, 9.999999999999725e-17, 9.999999999999725e-17, 9.999999999999725e-17, 9.999999999999725e-17, 9.999999999999725e-17, 9.999999999999725e-17, 9.999999999999725e-17, 9.999999999999725e-17, 9.999999999999725e-17, 9.999999999999725e-17, 9.999999999999725e-17, 9.999999999999725e-17, 9.999999999999725e-17, 9.999999999999725e-17, 9.999999999999725e-17, 9.999999999999725e-17, 9.999999999999725e-17, 9.999999999999725e-17, 9.999999999999725e-17, 9.999999999999725e-17, 9.999999999999725e-17, 9.999999999999725e-17, 9.999999999999725e-17, 9.999999999999725e-17, 9.999999999999725e-17, 9.999999999999725e-17, 0.0001999999999999945, 9.999999999999725e-17, 9.999999999999725e-17, 9.999999999999725e-17, 9.999999999999725e-05, 9.999999999999725e-17, 0.0001999999999999945, 0.0001999999999999945, 0.0001999999999999945, 0.0001999999999999945, 0.0005999999999999835, 0.0005999999999999835, 0.0004999999999999862, 0.000799999999999978, 0.0012999999999999644, 0.000799999999999978, 0.0012999999999999644, 0.0024999999999999315, 0.002099999999999942, 0.003199999999999912, 0.002799999999999923, 0.003199999999999912, 0.0036999999999998982, 0.004199999999999884, 0.004099999999999888, 0.004599999999999873, 0.005799999999999841, 0.004599999999999873, 0.0072999999999998, 0.00799999999999978, 0.007899999999999782, 0.009599999999999735, 0.00909999999999975, 0.009999999999999726, 0.010099999999999722, 0.010699999999999706, 0.013799999999999622, 0.013799999999999622, 0.013899999999999618, 0.014999999999999588, 0.013699999999999624, 0.017299999999999524, 0.013699999999999624, 0.015899999999999564, 0.015199999999999582, 0.01569999999999957, 0.01609999999999956, 0.016899999999999537, 0.013999999999999615, 0.015099999999999586, 0.01309999999999964, 0.012799999999999648, 0.01199999999999967, 0.014299999999999606, 0.013499999999999629, 0.011599999999999682, 0.012099999999999668, 0.01199999999999967, 0.011199999999999693, 0.009899999999999728, 0.008499999999999766, 0.008299999999999773, 0.007799999999999785, 0.008499999999999766, 0.007099999999999805, 0.007699999999999789, 0.008499999999999766, 0.006499999999999822, 0.007799999999999785, 0.00949999999999974, 0.009599999999999735, 0.00909999999999975, 0.0108999999999997, 0.010599999999999709, 0.010299999999999717, 0.010999999999999698, 0.011899999999999673, 0.0145999999999996, 0.01489999999999959, 0.013199999999999637, 0.014699999999999597, 0.0145999999999996, 0.014399999999999604, 0.017399999999999523, 0.014499999999999602, 0.01569999999999957, 0.017399999999999523, 0.0145999999999996, 0.013599999999999626, 0.015399999999999577, 0.01569999999999957, 0.012999999999999644, 0.013499999999999629, 0.014799999999999593, 0.014099999999999613, 0.01309999999999964, 0.011399999999999686, 0.011199999999999693, 0.009699999999999733, 0.009199999999999747, 0.008199999999999775, 0.010499999999999711, 0.007499999999999794, 0.006399999999999824, 0.0044999999999998765, 0.004799999999999868, 0.004299999999999882, 0.002699999999999926, 0.00399999999999989, 0.0028999999999999204, 0.0024999999999999315, 0.002099999999999942, 0.002099999999999942, 0.0021999999999999394, 0.0010999999999999697, 0.0016999999999999533, 0.0004999999999999862, 0.0008999999999999753, 0.0004999999999999862, 0.0008999999999999753, 0.0005999999999999835, 0.000399999999999989, 0.000399999999999989, 9.999999999999725e-05, 9.999999999999725e-05, 9.999999999999725e-05, 9.999999999999725e-17, 9.999999999999725e-05, 9.999999999999725e-17, 9.999999999999725e-05, 9.999999999999725e-05, 9.999999999999725e-05, 0.0001999999999999945, 9.999999999999725e-17, 9.999999999999725e-17, 9.999999999999725e-17, 9.999999999999725e-17, 9.999999999999725e-17, 9.999999999999725e-17, 9.999999999999725e-17, 9.999999999999725e-17, 9.999999999999725e-17, 9.999999999999725e-17, 9.999999999999725e-17, 9.999999999999725e-17, 9.999999999999725e-17, 9.999999999999725e-17, 9.999999999999725e-17, 9.999999999999725e-17, 9.999999999999725e-17, 9.999999999999725e-17, 9.999999999999725e-17, 9.999999999999725e-17, 9.999999999999725e-17, 9.999999999999725e-17, 9.999999999999725e-17, 9.999999999999725e-17, 9.999999999999725e-17, 9.999999999999725e-17, 9.999999999999725e-17, 9.999999999999725e-17, 9.999999999999725e-17, 9.999999999999725e-17, 9.999999999999725e-17, 9.999999999999725e-17, 9.999999999999725e-17, 9.999999999999725e-17, 9.999999999999725e-17, 9.999999999999725e-17, 9.999999999999725e-17, 9.999999999999725e-17, 9.999999999999725e-17, 9.999999999999725e-17, 9.999999999999725e-17, 9.999999999999725e-17, 9.999999999999725e-17, 9.999999999999725e-17, 9.999999999999725e-17, 9.999999999999725e-17, 9.999999999999725e-17, 9.999999999999725e-17, 9.999999999999725e-17, 9.999999999999725e-17, 9.999999999999725e-17, 9.999999999999725e-17, 9.999999999999725e-17, 9.999999999999725e-17, 9.999999999999725e-17, 9.999999999999725e-17, 9.999999999999725e-17, 9.999999999999725e-17, 9.999999999999725e-17, 9.999999999999725e-17, 9.999999999999725e-17, 9.999999999999725e-17, 9.999999999999725e-17, 9.999999999999725e-17, 9.999999999999725e-17, 9.999999999999725e-17, 9.999999999999725e-17, 9.999999999999725e-17, 9.999999999999725e-17, 9.999999999999725e-17, 9.999999999999725e-17, 9.999999999999725e-17, 9.999999999999725e-17, 9.999999999999725e-17, 9.999999999999725e-17, 9.999999999999725e-17, 9.999999999999725e-17, 9.999999999999725e-17, 9.999999999999725e-17, 9.999999999999725e-17, 9.999999999999725e-17, 9.999999999999725e-17, 9.999999999999725e-17, 9.999999999999725e-17, 9.999999999999725e-17, 9.999999999999725e-17, 9.999999999999725e-17, 9.999999999999725e-17, 9.999999999999725e-17, 9.999999999999725e-17, 9.999999999999725e-17, 9.999999999999725e-17, 9.999999999999725e-17, 9.999999999999725e-17, 9.999999999999725e-17, 9.999999999999725e-17, 9.999999999999725e-17, 9.999999999999725e-17, 9.999999999999725e-17, 9.999999999999725e-17, 9.999999999999725e-17, 