{"n_items": 200, "weights": [0.0034072320891287864, 0.006870301173036599, 0.006140225130099524, 0.004233036905640994, 0.005483953802158473, 0.004557530336105969, 0.0054638456602884656, 0.006370524952355618, 0.004181538141344566, 0.0034377707379769176, 0.004976944900172817, 0.005083682656491085, 0.006120377123639812, 0.00599762591092046, 0.003492549347915589, 0.004306033288600167, 0.005770484860483302, 0.00554131909957357, 0.005067890997820328, 0.0049047629562355664, 0.0059029954010723475, 0.002867624274349418, 0.005377368707253003, 0.0038339645185389505, 0.0020770874695860094, 0.004888584436406753, 0.00567903470157396, 0.0040561285723348, 0.0049071761647598395, 0.006456960202284492, 0.005831327936490299, 0.005066035419423889, 0.005390778329263209, 0.005847435234022886, 0.0075262438586769665, 0.003945191375928524, 0.006472042454287367, 0.004895270586418199, 0.005645778287900575, 0.003611624806539041, 0.004594181159236989, 0.00698360249993502, 0.0044504710466177705, 0.005298106684485752, 0.004580924790543883, 0.002507403533940706, 0.003994487565827478, 0.005422617602511569, 0.0035864420654642746, 0.0041317234909866605, 0.003996278463500749, 0.006430650174686831, 0.0037955419066951985, 0.0048449060812462115, 0.005660546321789316, 0.0058097211466436515, 0.006800080477798783, 0.004232132411562909, 0.0010976542753612592, 0.006552008905416602, 0.006444850252115885, 0.006334434186259185, 0.006848071436306052, 0.0036844157582582152, 0.002963188091946676, 0.005369642317330308, 0.004848833312213572, 0.006747115237724031, 0.006149592342719235, 0.005934054621518372, 0.002563974195174803, 0.004426886127230365, 0.004162780792426778, 0.005245771404099164, 0.005953878399179754, 0.004521177451329487, 0.004775751842453808, 0.006358963249464471, 0.003691361659875272, 0.0048116531670408785, 0.0036108139278610814, 0.0044895404105829385, 0.0036434776775158212, 0.002228023803614607, 0.006534361493027558, 0.005480703429948116, 0.004875419720179031, 0.0073055933376398145, 0.005999103352881975, 0.0049323319171720595, 0.004936953551134667, 0.004365176230818803, 0.004184396779349239, 0.006428245258228677, 0.004328041127947465, 0.004260094858360514, 0.005625711520040477, 0.004326863840169392, 0.004925501708191298, 0.006374711312621479, 0.004502250620610959, 0.003941540597379098, 0.0024754651925919437, 0.003316193789183002, 0.005733851258683151, 0.006478079349476988, 0.004932097861446165, 0.00411561600172857, 0.0069140030467017945, 0.005439129546643827, 0.0052395074524187076, 0.005879319904724937, 0.003152152160395134, 0.0057123648820788875, 0.0027633274619935965, 0.00686352360902834, 0.005935430091421243, 0.0040493441519179165, 0.004003122594597937, 0.005591570926165788, 0.006180619215192362, 0.0046725004580369656, 0.005927941486737949, 0.005152480420972353, 0.004363953712869599, 0.003653826901813445, 0.006487851430613957, 0.008657743874208246, 0.004229398355021626, 0.004480844554566463, 0.004958642584579973, 0.003933392233197696, 0.007208501193078771, 0.005404817927981998, 0.004644982410460621, 0.004149763825140376, 0.0066953432624175125, 0.0067269296423283316, 0.004404451633582532, 0.006370441293601411, 0.006067438617914811, 0.004115488580209206, 0.004864820578122732, 0.004625944382462166, 0.0057162899526605575, 0.003916491368357885, 0.004275542600708709, 0.004950689097116593, 0.001882791927195727, 0.0057600263933795005, 0.004529155318438917, 0.006702885099963025, 0.004795725842205028, 0.005761805918857387, 0.003260706349700969, 0.0034934507254412747, 0.003178243202337118, 0.007137858173730824, 0.006296360856273658, 0.00580323174685778, 0.005200874291503097, 0.0034179022362583735, 0.0059354154402223094, 0.005536716580011644, 0.005165778054786106, 0.005978670193667384, 0.005356729116252745, 0.0036320965119203247, 0.004048652133903931, 0.003314145255820525, 0.005421505727046008, 0.004985167726041862, 0.00521510295620341, 0.006108391400805693, 0.0050603569155934155, 0.005035460180470922, 0.004988511339267125, 0.003145991990399686, 0.006331107856937536, 0.004603150519798429, 0.00477791370074128, 0.0035709306145168523, 0.003334337575066655, 0.006427880020979227, 0.004329907617652348, 0.003505448363646183, 0.004520332312861445, 0.003992272762171174, 0.004165124445017373, 0.005585868461041854, 0.005285180701394406, 0.004176838564348054, 0.00657183855775807, 0.00781719267909543, 0.004744847533148811, 0.005516277487434501, 0.006556162681767117, 0.007351123770780926, 0.006152141545070684, 0.0035121660177709784],