{"n_items": 200, "weights": [1.035303861683392e-16, 1.035303861683392e-16, 1.035303861683392e-16, 1.035303861683392e-16, 1.035303861683392e-16, 1.035303861683392e-16, 1.035303861683392e-16, 1.035303861683392e-16, 1.035303861683392e-16, 1.035303861683392e-16, 1.035303861683392e-16, 1.035303861683392e-16, 1.035303861683392e-16, 1.035303861683392e-16, 1.035303861683392e-16, 1.035303861683392e-16, 1.035303861683392e-16, 1.035303861683392e-16, 1.035303861683392e-16, 1.035303861683392e-16, 1.035303861683392e-16, 1.035303861683392e-16, 1.035303861683392e-16, 1.035303861683392e-16, 1.035303861683392e-16, 1.035303861683392e-16, 1.035303861683392e-16, 1.035303861683392e-16, 1.035303861683392e-16, 1.035303861683392e-16, 1.035303861683392e-16, 1.035303861683392e-16, 1.035303861683392e-16, 1.035303861683392e-16, 1.035303861683392e-16, 1.035303861683392e-16, 1.035303861683392e-16, 1.035303861683392e-16, 1.035303861683392e-16, 1.035303861683392e-16, 1.035303861683392e-16, 1.035303861683392e-16, 1.035303861683392e-16, 1.035303861683392e-16, 1.035303861683392e-16, 1.035303861683392e-16, 1.035303861683392e-16, 1.035303861683392e-16, 1.035303861683392e-16, 1.035303861683392e-16, 1.035303861683392e-16, 1.035303861683392e-16, 1.035303861683392e-16, 1.035303861683392e-16, 1.035303861683392e-16, 1.035303861683392e-16, 1.035303861683392e-16, 1.035303861683392e-16, 1.035303861683392e-16, 1.035303861683392e-16, 1.035303861683392e-16, 1.035303861683392e-16, 1.035303861683392e-16, 1.035303861683392e-16, 1.035303861683392e-16, 1.035303861683392e-16, 1.035303861683392e-16, 1.035303861683392e-16, 1.035303861683392e-16, 1.035303861683392e-16, 1.035303861683392e-16, 1.035303861683392e-16, 1.035303861683392e-16, 1.035303861683392e-16, 1.035303861683392e-16, 1.035303861683392e-16, 1.035303861683392e-16, 1.035303861683392e-16, 1.035303861683392e-16, 1.035303861683392e-16, 1.035303861683392e-16, 1.035303861683392e-16, 1.035303861683392e-16, 1.035303861683392e-16, 1.035303861683392e-16, 1.035303861683392e-16, 1.035303861683392e-16, 1.035303861683392e-16, 1.035303861683392e-16, 1.035303861683392e-16, 1.035303861683392e-16, 1.035303861683392e-16, 1.035303861683392e-16, 1.035303861683392e-16, 1.035303861683392e-16, 1.035303861683392e-16, 1.035303861683392e-16, 1.035303861683392e-16, 1.035303861683392e-16, 1.035303861683392e-16, 1.035303861683392e-16, 1.035303861683392e-16, 1.035303861683392e-16, 1.035303861683392e-16, 1.035303861683392e-16, 0.0001035303861683392, 1.035303861683392e-16, 1.035303861683392e-16, 0.0001035303861683392, 0.0001035303861683392, 1.035303861683392e-16, 0.0002070607723366784, 1.035303861683392e-16, 0.0002070607723366784, 0.0002070607723366784, 1.035303861683392e-16, 0.0002070607723366784, 1.035303861683392e-16, 0.0001035303861683392, 0.0001035303861683392, 1.035303861683392e-16, 0.0002070607723366784, 0.0002070607723366784, 0.0003105911585050176, 0.0003105911585050176, 0.0002070607723366784, 0.0004141215446733568, 0.0004141215446733568, 0.0011388342478517311, 0.0007247127031783744, 0.000517651930841696, 0.001035303861683392, 0.0004141215446733568, 0.0011388342478517311, 0.0014494254063567489, 0.0011388342478517311, 0.0008282430893467136, 0.0018635469510301056, 0.0017600165648617664, 0.0017600165648617664, 0.0018635469510301056, 0.0019670773371984447, 0.0033129723573868545, 0.00258825965420848, 0.0024847292680401406, 0.003520033129723533, 0.0024847292680401406, 0.003520033129723533, 0.0027953204265451586, 0.005383580080753638, 0.0054871104669219775, 0.0042447458329019075, 0.006315353556268691, 0.006004762397763674, 0.006625944714773709, 0.00517651930841696, 0.007143596645615404, 0.009421265141318868, 0.008593022051972153, 0.008489491665803815, 0.009421265141318868, 0.011905994409359008, 0.010663629775338938, 0.01035303861683392, 0.012423646340200704, 0.012527176726369042, 0.011905994409359008, 0.014390723677399148, 0.013148359043379078, 0.017082513717775968, 0.01801428719329102, 0.017807226420954343, 0.017703696034786002, 0.019567242985816108, 0.018531939124132715, 0.01946371259964777, 0.020291955688994483, 0.024329640749559713, 0.023708458432549675, 0.02329433688787632, 0.026400248472926494, 0.02422611036339137, 0.02464023190806473, 0.027021430789936532, 0.02712496117610487, 0.027021430789936532, 0.027539082720778228, 0.029402629671808334, 0.02981675121648169, 0.030230872761155048, 0.02981675121648169, 0.034475618594056956, 0.029506160057976672, 0.03323325396003688, 0.031576767781343454, 0.028574386582461617, 0.03002381198881837, 0.03364737550471024, 0.034579148980225294, 1.035303861683392e-16],