{"n_items": 200, "weights": [0.015199999999999892, 0.014199999999999898, 0.01679999999999988, 0.019199999999999863, 0.018799999999999865, 0.01829999999999987, 0.018999999999999864, 0.018999999999999864, 0.01979999999999986, 0.020799999999999853, 0.018899999999999865, 0.018799999999999865, 0.020799999999999853, 0.020299999999999856, 0.01969999999999986, 0.018499999999999867, 0.017899999999999874, 0.017599999999999876, 0.017299999999999878, 0.014199999999999898, 0.013799999999999903, 0.011899999999999916, 0.010399999999999927, 0.01129999999999992, 0.010199999999999928, 0.010699999999999925, 0.00979999999999993, 0.008799999999999938, 0.006399999999999954, 0.0049999999999999645, 0.00559999999999996, 0.0039999999999999715, 0.00419999999999997, 0.0036999999999999737, 0.002999999999999979, 0.003099999999999978, 0.0018999999999999866, 0.0024999999999999823, 0.0019999999999999857, 0.0010999999999999923, 0.0007999999999999943, 0.0011999999999999914, 0.0008999999999999936, 0.000699999999999995, 0.00039999999999999715, 0.0004999999999999964, 0.00019999999999999857, 0.00029999999999999786, 9.999999999999928e-17, 0.00019999999999999857, 9.999999999999928e-17, 0.00019999999999999857, 9.999999999999928e-17, 9.999999999999928e-17, 9.999999999999928e-17, 9.999999999999928e-17, 9.999999999999928e-17, 9.999999999999928e-17, 9.999999999999928e-17, 9.999999999999929e-05, 9.999999999999928e-17, 9.999999999999928e-17, 9.999999999999928e-17, 9.999999999999928e-17, 9.999999999999928e-17, 9.999999999999928e-17, 9.999999999999928e-17, 9.999999999999928e-17, 9.999999999999928e-17, 9.999999999999928e-17, 9.999999999999928e-17, 9.999999999999928e-17, 9.999999999999928e-17, 9.999999999999928e-17, 9.999999999999928e-17, 9.999999999999928e-17, 9.999999999999928e-17, 9.999999999999928e-17, 9.999999999999928e-17, 9.999999999999928e-17, 9.999999999999928e-17, 9.999999999999928e-17, 9.999999999999928e-17, 9.999999999999928e-17, 9.999999999999928e-17, 9.999999999999928e-17, 9.999999999999928e-17, 9.999999999999928e-17, 9.999999999999928e-17, 9.999999999999928e-17, 9.999999999999928e-17, 9.999999999999928e-17, 9.999999999999928e-17, 9.999999999999928e-17, 9.999999999999928e-17, 9.999999999999928e-17, 9.999999999999928e-17, 9.999999999999928e-17, 9.999999999999928e-17, 9.999999999999928e-17, 9.999999999999928e-17, 9.999999999999928e-17, 9.999999999999928e-17, 9.999999999999928e-17, 9.999999999999928e-17, 9.999999999999928e-17, 9.999999999999928e-17, 9.999999999999928e-17, 9.999999999999928e-17, 9.999999999999928e-17, 9.999999999999928e-17, 9.999999999999928e-17, 9.999999999999928e-17, 9.999999999999928e-17, 9.999999999999928e-17, 9.999999999999928e-17, 9.999999999999929e-05, 9.999999999999929e-05, 9.999999999999928e-17, 9.999999999999928e-17, 9.999999999999928e-17, 0.00019999999999999857, 9.999999999999929e-05, 9.999999999999929e-05, 0.00019999999999999857, 0.00019999999999999857, 0.0005999999999999957, 0.0005999999999999957, 0.0004999999999999964, 0.00029999999999999786, 0.0015999999999999886, 0.0012999999999999908, 0.0017999999999999872, 0.001699999999999988, 0.002099999999999985, 0.0014999999999999894, 0.003199999999999977, 0.0028999999999999794, 0.004899999999999965, 0.004599999999999967, 0.005199999999999963, 0.005099999999999964, 0.0066999999999999525, 0.006899999999999951, 0.006599999999999953, 0.008299999999999941, 0.007999999999999943, 0.00859999999999994, 0.011599999999999918, 0.010699999999999925, 0.010799999999999924, 0.01119999999999992, 0.013899999999999902, 0.014399999999999897, 0.01549999999999989, 0.013499999999999904, 0.015999999999999886, 0.01719999999999988, 0.014899999999999894, 0.016399999999999883, 0.015899999999999886, 0.014599999999999896, 0.017899999999999874, 0.015099999999999893, 0.014399999999999897, 0.013599999999999904, 0.014799999999999895, 0.013199999999999906, 0.012899999999999908, 0.01129999999999992, 0.01259999999999991, 0.011499999999999918, 0.009399999999999933, 0.007199999999999949, 0.009099999999999936, 0.0066999999999999525, 0.007399999999999947, 0.0049999999999999645, 0.004899999999999965, 0.004599999999999967, 0.003399999999999976, 0.003399999999999976, 0.004799999999999966, 0.00279999999999998, 0.001699999999999988, 0.0017999999999999872, 0.002099999999999985, 0.001699999999999988, 0.0005999999999999957, 0.0010999999999999923, 0.0012999999999999908, 0.000699999999999995, 0.00039999999999999715, 0.0007999999999999943, 0.00029999999999999786, 0.00029999999999999786, 0.00039999999999999715, 0.00019999999999999857, 9.999999999999928e-17, 9.999999999999928e-17], "profits": [1.0, 1.0, 1.0, 1.0, 1.0, 1.0, 1.0, 1.0, 1.0, 1.0, 1.0, 1.0, 1.0, 1.0, 1.0, 1.0, 1.0, 1.0, 1.0, 1.0, 1.0, 1.0, 1.0, 1.0, 1.0, 1.0, 1.0, 1.0, 1.0, 1.0, 1.0, 1.0, 1.0, 1.0, 1.0, 1.0, 1.0, 1.0, 1.0, 1.0, 1.0, 1.0, 1.0, 1.0, 1.0, 1.0, 1.0, 1.0, 1.0, 1.0, 1.0, 1.0, 1.0, 1.0, 1.0, 1.0, 1.0, 1.0, 1.0, 1.0, 1.0, 1.0, 1.0, 1.0, 1.0, 1.0, 1.0, 1.0, 1.0, 1.0, 1.0, 1.0, 1.0, 1.0, 1.0, 1.0, 1.0, 1.0, 1.0, 1.0, 1.0, 1.0, 1.0, 1.0, 1.0, 1.0, 1.0, 1.0, 1.0, 1.0, 1.0, 1.0, 1.0, 1.0, 1.0, 1.0, 1.0, 1.0, 1.0, 1.0, 1.0, 1.0, 1.0, 1.0, 1.0, 1.0, 1.0, 1.0, 1.0, 1.0, 1.0, 1.0, 1.0, 1.0, 1.0, 1.0, 1.0, 1.0, 1.0, 1.0, 1.0, 1.0, 1.0, 1.0, 1.0, 1.0, 1.0, 1.0, 1.0, 1.0, 1.0, 1.0, 1.0, 1.0, 1.0, 1.0, 1.0, 1.0, 1.0, 1.0, 1.0, 1.0, 1.0, 1.0, 1.0, 1.0, 1.0, 1.0, 1.0, 1.0, 1.0, 1.0, 1.0, 1.0, 1.0, 1.0, 1.0, 1.0, 1.0, 1.0, 1.0, 1.0, 1.0, 1.0, 1.0, 1.0, 1.0, 1.0, 1.0, 1.0, 1.0, 1.0, 1.0, 1.0, 1.0, 1.0, 1.0, 1.0, 1.0, 1.0, 1.0, 1.0, 1.0, 1.0, 1.0, 1.0, 1.0, 1.0, 1.0, 1.0, 1.0, 1.0, 1.0, 1.0, 1.0, 1.0, 1.0, 1.0, 1.0, 1.0], "min_weight": 0.95, "max_distance": 5}