{"n_items": 200, "weights": [0.004328524955016398, 0.0036443013983830552, 0.005719198260399918, 0.004757707064151089, 0.004791996137228323, 0.004733969785926682, 0.007288884132159551, 0.005905976067395557, 0.0053787365063608875, 0.0035177535051168817, 0.006216339994698413, 0.0029259025201120075, 0.00358029456693702, 0.005684190825262517, 0.0035222951875253008, 0.006216415959843686, 0.005083407528718308, 0.007312872289276861, 0.006425159006243237, 0.005151329026500119, 0.0066887389083510685, 0.004999577070692881, 0.0032140974197283406, 0.006819689093357095, 0.004320774488418818, 0.005785686077587858, 0.004242331154250262, 0.007614904003826605, 0.005255408189968554, 0.0038195432322176595, 0.004793302749060429, 0.004457697176250453, 0.006168277036821373, 0.0037197379619687255, 0.0037061686545385624, 0.005361364739578504, 0.006043996254044641, 0.004497942111557049, 0.006189303521911981, 0.003611407824958554, 0.004407314225717736, 0.005487232049329053, 0.005229227985174884, 0.00733813310708874, 0.004938765343242552, 0.004140418684922833, 0.0034488904503072156, 0.005750777290499373, 0.00605029363207538, 0.0045666788675554635, 0.0033024487474295028, 0.0030530156539305114, 0.002014646014902477, 0.004194776208104198, 0.006086265652800095, 0.006858847495624756, 0.005452259181922, 0.005302232740978687, 0.006321722309792474, 0.007303054373955874, 0.005478257202995354, 0.006476064307421046, 0.0063303567327950535, 0.004881210364988396, 0.004122400192340425, 0.0015570551236118093, 0.006673855943910469, 0.005320604885408055, 0.00323796728331465, 0.005026825162544304, 0.0036788964809906575, 0.0046582743007518084, 0.007796869484887604, 0.0019808632812480928, 0.006785449650277204, 0.004472854914832206, 0.004973746052175793, 0.004452826024435055, 0.002797093052634244, 0.005797629172027611, 0.004658037500310679, 0.005292794777796203, 0.004244571756724691, 0.0050799316038845, 0.0056233551146021845, 0.004639008925684766, 0.0060457982375430735, 0.007925438881356618, 0.006551183640608125, 0.005819895002301025, 0.005968571486700254, 0.004192775199744369, 0.003936588121057555, 0.00565070167657194, 0.004885389280413638, 0.006748263220041484, 0.00529123746576056, 0.0038699456706994787, 0.0035456722054344842, 0.005042856014033701, 0.004078924968685675, 0.003921306192722965, 0.005255714841078425, 0.004205241174880343, 0.006196990050595072, 0.006027091089754546, 0.005995904585688375, 0.004497171754266682, 0.002543224184345197, 0.005801411993374112, 0.003245019286085354, 0.0063457014711654, 0.005715406186129481, 0.006296878472169305, 0.004825137061034694, 0.004654629223341205, 0.0059529472851588055, 0.0031178838870893405, 0.003559798954541975, 0.004340269188264619, 0.006814965948237304, 0.004965137355330115, 0.0037388272467388634, 0.00465525413209327, 0.005817914298130841, 0.004139580605253059, 0.003328169736748089, 0.005034540050962691, 0.005784475099868089, 0.005547525443068034, 0.005147310832045416, 0.005058762239600223, 0.0030394176884683878, 0.0036712339696500797, 0.0039775162105824685, 0.004486567312133492, 0.0029541118148075345, 0.004716351848796863, 0.006152202642838442, 0.005151144134024253, 0.00503555042518417, 0.006062534487028283, 0.0033386301869217693, 0.007629226070478405, 0.0069089051720292415, 0.005168310346484733, 0.003957705444686218, 0.006979022420899155, 0.004564037594161164, 0.005210166507486691, 0.005840002707260749, 0.0036848203551840433, 0.0049304655506985035, 0.006272896100332471, 0.005156791435763671, 0.003302589755084835, 0.0037162334100135723, 0.0044050669362955, 0.005866007312801933, 0.007310523169489905, 0.005666300022550962, 0.005362196677621125, 0.003838776407389394, 0.005225819152027196, 0.0071232281066240175, 0.0035135588344107948, 0.005631770001780194, 0.004587452230715665, 0.005884017122795834, 0.003995574370065289, 0.003380505394912915, 0.005664886964464777, 0.005266477177521451, 0.005281315179565048, 0.003029850658371874, 0.005500742371234387, 0.0034179746344158027, 0.006872582777865685, 0.0042985101644237725, 0.006476070254707527, 0.003768488822910307, 0.0034305638863738456, 0.005235626479748688, 0.004281875831693017, 0.00360781888154213, 0.004995561820777359, 0.004650379670291951, 0.005724958623541546, 0.005314385208143113, 0.005324575513354239, 0.005737722134217714, 0.004032890090775972, 0.0073141600769334675, 0.0038028675422032976, 0.004915462722677909, 0.0036291660383570754, 0.005421181604545466, 0.007693031675001169, 0.004097649592143621, 0.004653561636711993],