{"n_items": 400, "weights": [0.0010999999999999858, 0.000699999999999991, 0.0007999999999999896, 0.0005999999999999922, 0.000699999999999991, 0.0007999999999999896, 0.000699999999999991, 0.0004999999999999935, 0.0008999999999999884, 0.000999999999999987, 0.000699999999999991, 0.0010999999999999858, 0.000999999999999987, 0.0005999999999999922, 0.000999999999999987, 0.0010999999999999858, 0.0014999999999999807, 0.000999999999999987, 0.002099999999999973, 0.0007999999999999896, 0.000999999999999987, 0.0011999999999999845, 0.0014999999999999807, 0.0022999999999999705, 0.001399999999999982, 0.0029999999999999615, 0.001999999999999974, 0.001699999999999978, 0.001699999999999978, 0.0017999999999999767, 0.002399999999999969, 0.0018999999999999755, 0.001699999999999978, 0.0025999999999999665, 0.002399999999999969, 0.0022999999999999705, 0.002399999999999969, 0.002399999999999969, 0.003499999999999955, 0.0024999999999999675, 0.0031999999999999585, 0.0028999999999999625, 0.002799999999999964, 0.002699999999999965, 0.0029999999999999615, 0.0038999999999999495, 0.0042999999999999445, 0.0025999999999999665, 0.0035999999999999535, 0.004399999999999943, 0.00309999999999996, 0.0046999999999999395, 0.003799999999999951, 0.004399999999999943, 0.00539999999999993, 0.003799999999999951, 0.003999999999999948, 0.0042999999999999445, 0.0042999999999999445, 0.0044999999999999415, 0.003699999999999952, 0.0048999999999999365, 0.004799999999999938, 0.005199999999999933, 0.0046999999999999395, 0.003799999999999951, 0.0050999999999999344, 0.0046999999999999395, 0.0054999999999999286, 0.0052999999999999315, 0.0062999999999999185, 0.005999999999999923, 0.0058999999999999235, 0.0054999999999999286, 0.006399999999999917, 0.0060999999999999215, 0.0056999999999999265, 0.00699999999999991, 0.005999999999999923, 0.0066999999999999135, 0.0068999999999999105, 0.0072999999999999055, 0.006399999999999917, 0.0068999999999999105, 0.0060999999999999215, 0.0066999999999999135, 0.00699999999999991, 0.0070999999999999085, 0.006799999999999912, 0.0072999999999999055, 0.005599999999999928, 0.006799999999999912, 0.007599999999999902, 0.007199999999999907, 0.008399999999999892, 0.008099999999999895, 0.0072999999999999055, 0.008099999999999895, 0.00619999999999992, 0.005799999999999925, 0.0076999999999999005, 0.008099999999999895, 0.008299999999999893, 0.009199999999999882, 0.008099999999999895, 0.009199999999999882, 0.008899999999999885, 0.0074999999999999034, 0.0076999999999999005, 0.009899999999999872, 0.009199999999999882, 0.008599999999999889, 0.008099999999999895, 0.007999999999999896, 0.007399999999999904, 0.007999999999999896, 0.009099999999999882, 0.008099999999999895, 0.009199999999999882, 0.008399999999999892, 0.008899999999999885, 0.008199999999999895, 0.007599999999999902, 0.007999999999999896, 0.0074999999999999034, 0.009899999999999872, 0.007799999999999899, 0.008299999999999893, 0.009899999999999872, 0.007799999999999899, 0.007199999999999907, 0.005799999999999925, 0.0066999999999999135, 0.007199999999999907, 0.006799999999999912, 0.007799999999999899, 0.007999999999999896, 0.006399999999999917, 0.00619999999999992, 0.005799999999999925, 0.0070999999999999085, 0.0060999999999999215, 0.0060999999999999215, 0.006599999999999915, 0.0072999999999999055, 0.0044999999999999415, 0.005599999999999928, 0.00699999999999991, 0.0060999999999999215, 0.0060999999999999215, 0.0056999999999999265, 0.0064999999999999164, 0.005599999999999928, 0.0052999999999999315, 0.0062999999999999185, 0.00539999999999993, 0.004799999999999938, 0.0052999999999999315, 0.0040999999999999474, 0.005199999999999933, 0.0052999999999999315, 0.004799999999999938, 0.005199999999999933, 0.004399999999999943, 0.006399999999999917, 0.0046999999999999395, 0.0035999999999999535, 0.004999999999999935, 0.0042999999999999445, 0.003399999999999956, 0.004799999999999938, 0.0031999999999999585, 0.003799999999999951, 0.0044999999999999415, 0.0032999999999999575, 0.0024999999999999675, 0.003499999999999955, 0.0038999999999999495, 0.003999999999999948, 0.003499999999999955, 0.0032999999999999575, 0.0035999999999999535, 0.0031999999999999585, 0.003699999999999952, 0.0028999999999999625, 0.003799999999999951, 0.0028999999999999625, 0.0022999999999999705, 0.0024999999999999675, 0.0032999999999999575, 0.0022999999999999705, 0.0014999999999999807, 0.0021999999999999715, 0.0025999999999999665, 0.0014999999999999807, 0.0022999999999999705, 0.0014999999999999807, 0.0018999999999999755, 0.001699999999999978, 0.0018999999999999755, 0.0022999999999999705, 0.000999999999999987, 0.0012999999999999832, 0.001699999999999978, 0.0015999999999999793, 0.001399999999999982, 0.001699999999999978, 0.0010999999999999858, 0.0010999999999999858, 0.0017999999999999767, 0.0018999999999999755, 0.0008999999999999884, 0.000699999999999991, 0.0008999999999999884, 0.0008999999999999884, 0.0010999999999999858, 0.0012999999999999832, 0.0007999999999999896, 0.0007999999999999896, 0.0007999999999999896, 0.0008999999999999884, 0.0007999999999999896, 0.0010999999999999858, 0.0004999999999999935, 0.0005999999999999922, 0.0005999999999999922, 0.0002999999999999961, 0.0008999999999999884, 0.0005999999999999922, 0.000699999999999991, 0.0001999999999999974, 0.0008999999999999884, 0.000699999999999991, 0.0005999999999999922, 0.0002999999999999961, 0.0004999999999999935, 0.0002999999999999961, 0.0001999999999999974, 0.0001999999999999974, 0.0001999999999999974, 0.0003999999999999948, 0.0002999999999999961, 0.0002999999999999961, 0.0002999999999999961, 0.0001999999999999974, 0.0004999999999999935, 9.99999999999987e-05, 0.0003999999999999948, 0.0004999999999999935, 0.0004999999999999935, 0.0004999999999999935, 9.99999999999987e-17, 0.0001999999999999974, 9.99999999999987e-05, 9.99999999999987e-17, 9.99999999999987e-05, 9.99999999999987e-17, 0.0001999999999999974, 9.99999999999987e-05, 9.99999999999987e-05, 9.99999999999987e-17, 9.99999999999987e-05, 0.0001999999999999974, 9.99999999999987e-05, 0.0001999999999999974, 9.99999999999987e-17, 9.99999999999987e-17, 0.0001999999999999974, 9.99999999999987e-17, 9.99999999999987e-17, 9.99999999999987e-17, 9.99999999999987e-17, 9.99999999999987e-05, 9.99999999999987e-17, 9.99999999999987e-17, 9.99999999999987e-05, 0.0001999999999999974, 9.99999999999987e-17, 9.99999999999987e-05, 9.99999999999987e-17, 9.99999999999987e-05, 9.99999999999987e-17, 9.99999999999987e-17, 9.99999999999987e-17, 9.99999999999987e-05, 9.99999999999987e-17, 9.99999999999987e-17, 9.99999999999987e-17, 9.99999999999987e-17, 9.99999999999987e-17, 9.99999999999987e-17, 9.99999999999987e-17, 9.99999999999987e-05, 9.99999999999987e-17, 9.99999999999987e-05, 9.99999999999987e-17, 9.99999999999987e-17, 9.99999999999987e-17, 9.99999999999987e-17, 9.99999999999987e-17, 9.99999999999987e-17, 9.99999999999987e-17, 9.99999999999987e-17, 9.99999999999987e-17, 9.99999999999987e-17, 9.99999999999987e-17, 9.99999999999987e-17, 9.99999999999987e-17, 9.99999999999987e-17, 9.99999999999987e-17, 9.99999999999987e-17, 9.99999999999987e-17, 9.99999999999987e-17, 9.99999999999987e-17, 9.99999999999987e-17, 9.99999999999987e-17, 9.99999999999987e-17, 9.99999999999987e-17, 9.99999999999987e-05, 9.99999999999987e-17, 9.99999999999987e-17, 9.99999999999987e-17, 9.99999999999987e-17, 9.99999999999987e-17, 9.99999999999987e-17, 9.99999999999987e-17, 9.99999999999987e-17, 9.99999999999987e-17, 9.99999999999987e-17, 9.99999999999987e-17, 9.99999999999987e-17, 9.99999999999987e-17, 9.99999999999987e-17, 9.99999999999987e-17, 9.99999999999987e-17, 9.99999999999987e-17, 9.99999999999987e-17, 9.99999999999987e-17, 9.99999999999987e-17, 9.99999999999987e-17, 9.99999999999987e-17, 9.99999999999987e-17, 9.99999999999987e-17, 9.99999999999987e-17, 9.99999999999987e-17, 9.99999999999987e-17, 9.99999999999987e-17, 9.99999999999987e-17, 9.99999999999987e-17, 9.99999999999987e-17, 9.99999999999987e-17, 9.99999999999987e-17, 9.99999999999987e-17, 9.99999999999987e-17, 9.99999999999987e-17, 9.99999999999987e-17, 