{"n_items": 400, "weights": [0.002640192972927183, 0.0025666207365664722, 0.0030296519174326606, 0.00117611642621499, 0.0041313053784249295, 0.0021081302028556474, 0.00309101413453102, 0.002188721045054997, 0.0024965271552430364, 0.0031846471161495237, 0.0023161562741397445, 0.00262651738130242, 0.002757704711317735, 0.0023117992084175105, 0.001959739216499061, 0.0026961285872371113, 0.0014550086491098484, 0.0019579611445396067, 0.0023388330482752404, 0.0024700053918310034, 0.0015300993267245587, 0.0020489822848272017, 0.0029132659117052273, 0.0024451805622573587, 0.0029494357459449927, 0.0026038260047080183, 0.0014633160010265986, 0.0025970619642147127, 0.0013187005206711478, 0.00292645685152523, 0.0020324468086333463, 0.002304882566815764, 0.0027305343179602464, 0.002590122677732245, 0.002663409155857203, 0.001047982217165521, 0.002435869958269681, 0.0026765623472483884, 0.0021651257853694296, 0.0023627584752502107, 0.0020457758678329085, 0.0016265053931457556, 0.0038670613349928522, 0.0010219380084190506, 0.0016853825434985324, 0.0033571395933079595, 0.0028765941656112965, 0.001746211417413006, 0.0026106326932490804, 0.0016573474831192577, 0.002023930787198277, 0.0030049679982348, 0.002081745687310376, 0.002868504766569955, 0.0029450049898955325, 0.0029395890179252622, 0.0026932450811390997, 0.003277701683435454, 0.002781297504100086, 0.0023214891251976196, 0.002288265768452933, 0.002722524037345635, 0.0019299708275306703, 0.001885047935201577, 0.003320906334232166, 0.002659807518074328, 0.0021708159728971877, 0.0032185740025099325, 0.002194257216803161, 0.0017285344599809258, 0.003740787537533875, 0.0015877314250282426, 0.0023327110462594792, 0.0027907690610965564, 0.0025743681221182496, 0.0028019060324894125, 0.0033244960528143915, 0.0018669640690539724, 0.0023663075471069576, 0.001883338657490284, 0.0026184541563785304, 0.004062061966541014, 0.003428544255373671, 0.0024230442498703996, 0.002062906311486513, 0.0032782300965101567, 0.002519977585722988, 0.002729756869094962, 0.0021478860176201964, 0.002673475965793081, 0.0027825570451640246, 0.0030464685778799168, 0.0025244048068971997, 0.0017416658457138, 0.0017768849706169473, 0.0019747823288345343, 0.002782328919423365, 0.0018670795846719085, 0.0012148283097235862, 0.002451069032022526, 0.0032820008239216403, 0.0013507898056782795, 0.0035388226127806514, 0.0032009681857949313, 0.002767144871494476, 0.00282655022842315, 0.0020790608211561966, 0.0019378457695493237, 0.002150462701077202, 0.002259779538025675, 0.0025634166116818933, 0.002307183387258001, 0.0023825529067267315, 0.002935957377718146, 0.001954170746476174, 0.002154870912117685, 0.0026248076679142316, 0.0031674898031228364, 0.0013084978188243402, 0.0021458427880068722, 0.0020170373525246464, 0.0034034816638706836, 0.0025951663668040575, 0.0028639997401134184, 0.001992042302497694, 0.002284349383470986, 0.002764651274860548, 0.0028773854015211936, 0.002916770306704577, 0.0020237852986071123, 0.0016591563056449364, 0.0026093939172996137, 0.0033491885215616796, 0.0023480384820046283, 0.0021853386133235124, 0.0020781804390996327, 0.0028222982371511785, 0.002786561394978067, 0.001938467585653254, 0.0011404806820334709, 0.0023014233640962934, 0.0027046895958551553, 0.0021785480621770944, 0.0018387910873481506, 0.003030838243817447, 0.002201542254892238, 0.0025627490991563537, 0.0019390359386721706, 0.0027985675281417387, 0.0016906041865373956, 0.0033630242034256423, 0.0032873898096742247, 0.0027161107531751337, 0.0016056880085004736, 0.0024808706748130423, 0.002004675116518777, 0.0020962242674047705, 0.002397205335153999, 0.0028594106980940224, 0.0035999072049610658, 0.002897205179209015, 0.0019948818034893246, 0.0030039903432184847, 0.0028354908742184715, 0.002655453809464395, 0.0016638213785333986, 0.0027928563346520385, 0.00348547772271037, 0.0028402927895304804, 0.0020263136626083667, 0.0010012038648426931, 0.0024186923715521463, 0.0024351678664583263, 0.0027498469053820764, 0.0026245302474846, 0.003470223928179397, 0.002445839782281121, 0.002280139159817125, 0.0024793706507744077, 0.0018188426359834818, 0.0011393253100106789, 0.0011519729742066338, 0.002887435120292405, 0.00311558455783785, 0.0025837725224494455, 0.0019309127106719296, 0.0023082855405162687, 0.0032277165265661976, 0.0025597402789512367, 0.0036518481677592853, 0.003026295841290788, 0.003234320176888096, 0.0033939761263305046, 0.0027941052476072705, 0.0024342803630450984, 0.0015557554159072963, 0.002256500870586284, 0.0024596811819117916, 0.0038585312542678417, 0.0030759348706109104, 0.003055199982221412, 0.0026803546174822123, 0.002733742695427592, 0.0022120510297391036, 0.0027486602996214175, 0.0023844891797451234, 0.0027324753144142176, 0.002660832375493284, 0.0021751440436075416, 0.0023467153261270655, 0.0007394117988997995, 0.0014086076237055725, 0.0032020814841753754, 0.002372121092527398, 0.0020790477188111457, 0.0034898445511895404, 0.0019173630892312663, 0.002889483334609475, 0.0026422079021216466, 0.0013573213735947809, 0.003165771979150906, 0.0021296340255226556, 0.002901252418475525, 0.0026622105777265306, 0.0022863087848638943, 0.0029963238440148888, 0.0032047959697322124, 0.0022512868844137856, 0.0034144919718818102, 0.0034314010533628364, 0.002102757582246206, 0.0020153928870678592, 0.0021922781827939304, 0.001960155048834567, 0.002088185377762778, 0.002564308181398346, 0.0027050523458920454, 0.0019372394644864982, 0.0031686707769134266, 0.002206365044091454, 0.002990675462976268, 0.00257793662041049, 0.002309402277626648, 0.0024334235040277975, 0.002310390152357716, 0.002799629087692985, 0.003837621169462966, 0.0019967202977459434, 0.0006630018196815442, 0.003217375969282352, 0.0012765142047711506, 0.0028515384438233876, 0.0021613613574292256, 0.0022572002119624294, 0.0024213751582020885, 0.0015720212949853472, 0.002384192635219366, 0.0021580499986019086, 0.0022685246349685466, 0.002806337086716419, 0.002406022792046496, 0.002580616761174236, 0.0025469491891020562, 0.0023685649749806423, 0.0033565279566828135, 0.0024825515540120996, 0.0021936917136733294, 0.0028485913710081597, 0.0026381925572074526, 0.002826748440704604, 0.0027060715303065847, 0.0028452388311419555, 0.002775056778218835, 0.0018621517945989563, 0.0019348251995102974, 0.0025821572862150953, 0.002274054644282781, 0.0026748287519072103, 0.0019398878453382997, 0.002234101554349966, 0.0025682451150753874, 0.0029783500173764504, 0.0031271354238391774, 0.0023944071377965314, 0.0031002081179422594, 0.0025349649287059995, 0.0017782152167925573, 0.0030933631370015785, 0.001988361268721056, 0.0024020914483463833, 0.001957708730517412, 0.0036903854580004067, 0.0037269351105062437, 0.0029438026283553774, 0.0028888284029278182, 0.0032175581047183413, 0.002768740842457517, 0.0022677798299908696, 0.002976817325514825, 0.00268574104015798, 0.0030704649491592197, 0.0028666372061834176, 0.001803993769860333, 0.002204643501001102, 0.002183161864478514, 0.002801726711724396, 0.0025891100790346095, 0.003113091129795462, 0.0020751223140832286, 0.0017144303511995615, 0.0026852368170329328, 0.003051005157312075, 0.0028790671234013095, 0.0020553387292133176, 0.003100523485834441, 0.003145033680976961, 0.002618197800682073, 0.001553628613992134, 0.001517696303299716, 0.002823640099673449, 0.0023860122662031687, 0.002707370870523994, 0.0013917206992748988, 0.003597220494664192, 0.002576164346352156, 0.003098817089287843, 0.0024713301389288097, 0.0016612549617267248, 0.001716020828019132, 0.0009074708098995494, 0.003063806077318772, 0.0025467782978743623, 0.0027227634835548602, 0.0025378468001016536, 0.0027694124296882656, 0.0007782010180635647, 0.003004239853409517, 0.00260329207993704, 0.0019374958850251573, 0.003156277025795206, 0.0016748524717298862, 0.00280478696313635, 0.002818108676672315, 0.0032648791492742137, 0.004044882591292498, 0.0024916287159612504, 0.0024751474528493956, 0.00172860712190621, 0.004013916705175405, 0.0020065120706088163, 0.001670285047692951, 0.0020649490902985455, 