{"n_items": 200, "weights": [9.999999999999889e-17, 9.999999999999889e-17, 9.999999999999889e-17, 9.999999999999889e-17, 9.999999999999889e-17, 9.999999999999889e-17, 9.999999999999889e-17, 9.999999999999889e-17, 9.999999999999889e-17, 9.999999999999889e-17, 9.999999999999889e-17, 9.999999999999889e-17, 9.999999999999889e-17, 9.999999999999889e-17, 9.999999999999889e-17, 9.999999999999889e-17, 9.999999999999889e-17, 9.999999999999889e-17, 9.999999999999889e-17, 9.999999999999889e-17, 9.999999999999889e-17, 9.999999999999889e-17, 9.999999999999889e-17, 9.999999999999889e-17, 9.999999999999889e-17, 9.999999999999889e-17, 9.999999999999889e-17, 9.999999999999889e-17, 9.999999999999889e-17, 9.999999999999889e-17, 9.999999999999889e-17, 9.999999999999889e-17, 9.999999999999889e-17, 9.999999999999889e-17, 9.999999999999889e-17, 9.999999999999889e-17, 9.999999999999889e-17, 9.999999999999889e-17, 9.999999999999889e-17, 9.999999999999889e-17, 9.99999999999989e-05, 9.99999999999989e-05, 9.99999999999989e-05, 9.99999999999989e-05, 9.999999999999889e-17, 0.0003999999999999956, 0.0003999999999999956, 0.0005999999999999933, 0.0001999999999999978, 0.000999999999999989, 0.0005999999999999933, 0.0011999999999999867, 0.0012999999999999856, 0.0012999999999999856, 0.0023999999999999733, 0.0030999999999999656, 0.0026999999999999702, 0.0024999999999999723, 0.0027999999999999687, 0.003499999999999961, 0.004399999999999951, 0.004299999999999952, 0.0068999999999999236, 0.008199999999999909, 0.008699999999999904, 0.008299999999999908, 0.009199999999999897, 0.01259999999999986, 0.014699999999999836, 0.01429999999999984, 0.016799999999999815, 0.018299999999999796, 0.020299999999999773, 0.020299999999999773, 0.021199999999999764, 0.02319999999999974, 0.02369999999999974, 0.025699999999999716, 0.02969999999999967, 0.02969999999999967, 0.029999999999999666, 0.031699999999999645, 0.031699999999999645, 0.03329999999999963, 0.03149999999999965, 0.03459999999999962, 0.03429999999999962, 0.03289999999999964, 0.031199999999999655, 0.029299999999999674, 0.026699999999999703, 0.02979999999999967, 0.02329999999999974, 0.02339999999999974, 0.023999999999999733, 0.022899999999999747, 0.0179999999999998, 0.0180999999999998, 0.01699999999999981, 0.016799999999999815, 0.013799999999999847, 0.012299999999999863, 0.012699999999999859, 0.010899999999999879, 0.009199999999999897, 0.007599999999999916, 0.008399999999999908, 0.0068999999999999236, 0.004599999999999949, 0.004699999999999948, 0.004199999999999954, 0.0021999999999999754, 0.003399999999999962, 0.001999999999999978, 0.0028999999999999677, 0.002099999999999977, 0.0011999999999999867, 0.0013999999999999844, 0.0006999999999999922, 0.000999999999999989, 0.0004999999999999945, 0.0003999999999999956, 9.99999999999989e-05, 0.00029999999999999667, 0.0001999999999999978, 0.0001999999999999978, 0.0001999999999999978, 0.0001999999999999978, 9.99999999999989e-05, 9.99999999999989e-05, 9.999999999999889e-17, 9.999999999999889e-17, 9.999999999999889e-17, 9.999999999999889e-17, 9.999999999999889e-17, 9.99999999999989e-05, 9.999999999999889e-17, 9.999999999999889e-17, 9.999999999999889e-17, 9.999999999999889e-17, 9.999999999999889e-17, 9.999999999999889e-17, 9.999999999999889e-17, 9.999999999999889e-17, 9.999999999999889e-17, 9.999999999999889e-17, 9.999999999999889e-17, 9.999999999999889e-17, 9.999999999999889e-17, 9.999999999999889e-17, 9.999999999999889e-17, 9.999999999999889e-17, 9.999999999999889e-17, 9.999999999999889e-17, 9.999999999999889e-17, 9.999999999999889e-17, 9.999999999999889e-17, 9.999999999999889e-17, 9.999999999999889e-17, 9.999999999999889e-17, 9.999999999999889e-17, 9.999999999999889e-17, 9.999999999999889e-17, 9.999999999999889e-17, 9.999999999999889e-17, 9.999999999999889e-17, 9.999999999999889e-17, 9.999999999999889e-17, 9.999999999999889e-17, 9.999999999999889e-17, 9.999999999999889e-17, 9.999999999999889e-17, 9.999999999999889e-17, 9.999999999999889e-17, 9.999999999999889e-17, 9.999999999999889e-17, 9.999999999999889e-17, 9.999999999999889e-17, 9.999999999999889e-17, 9.999999999999889e-17, 9.999999999999889e-17, 9.999999999999889e-17, 9.999999999999889e-17, 9.999999999999889e-17, 9.999999999999889e-17, 9.999999999999889e-17, 9.999999999999889e-17, 9.999999999999889e-17, 9.999999999999889e-17, 9.999999999999889e-17, 9.999999999999889e-17, 9.999999999999889e-17, 9.999999999999889e-17, 9.999999999999889e-17, 9.999999999999889e-17, 9.999999999999889e-17, 9.999999999999889e-17, 9.999999999999889e-17, 9.999999999999889e-17, 9.999999999999889e-17], "profits": [1.0, 1.0, 1.0, 1.0, 1.0, 1.0, 1.0, 1.0, 1.0, 1.0, 1.0, 1.0, 1.0, 1.0, 1.0, 1.0, 1.0, 1.0, 1.0, 1.0, 1.0, 1.0, 1.0, 1.0, 1.0, 1.0, 1.0, 1.0, 1.0, 1.0, 1.0, 1.0, 1.0, 1.0, 1.0, 1.0, 1.0, 1.0, 1.0, 1.0, 1.0, 1.0, 1.0, 1.0, 1.0, 1.0, 1.0, 1.0, 1.0, 1.0, 1.0, 1.0, 1.0, 1.0, 1.0, 1.0, 1.0, 1.0, 1.0, 1.0, 1.0, 1.0, 1.0, 1.0, 1.0, 1.0, 0.1, 1.0, 1.0, 1.0, 1.0, 1.0, 1.0, 1.0, 1.0, 0.1, 1.0, 1.0, 1.0, 1.0, 1.0, 1.0, 1.0, 1.0, 1.0, 1.0, 1.0, 1.0, 1.0, 1.0, 1.0, 1.0, 1.0, 1.0, 1.0, 1.0, 1.0, 1.0, 1.0, 1.0, 1.0, 1.0, 1.0, 1.0, 1.0, 1.0, 1.0, 1.0, 1.0, 1.0, 1.0, 1.0, 1.0, 1.0, 1.0, 1.0, 1.0, 1.0, 1.0, 1.0, 1.0, 1.0, 1.0, 1.0, 1.0, 1.0, 1.0, 1.0, 1.0, 1.0, 1.0, 1.0, 1.0, 1.0, 1.0, 1.0, 1.0, 1.0, 1.0, 1.0, 1.0, 1.0, 1.0, 1.0, 1.0, 1.0, 1.0, 1.0, 1.0, 1.0, 1.0, 1.0, 1.0, 1.0, 1.0, 1.0, 1.0, 1.0, 1.0, 1.0, 1.0, 1.0, 1.0, 1.0, 1.0, 1.0, 1.0, 1.0, 1.0, 1.0, 1.0, 1.0, 1.0, 1.0, 1.0, 1.0, 1.0, 1.0, 1.0, 1.0, 1.0, 1.0, 1.0, 1.0, 1.0, 1.0, 1.0, 1.0, 1.0, 1.0, 1.0, 1.0, 1.0, 1.0, 1.0, 1.0, 1.0, 1.0, 1.0, 1.0], "min_weight": 0.95, "max_distance": 3}