{"n_items": 400, "weights": [0.0033995983961344076, 0.0029344349273098475, 0.002913565504480372, 0.002951105585536828, 0.0024575242300344594, 0.0027532901247199464, 0.0015298287407566503, 0.0027094484626283013, 0.0023400514668765007, 0.0029615504013874466, 0.002658931160924822, 0.002807230356242041, 0.002690438890377198, 0.0010665911185287098, 0.0021836185375564846, 0.003434471800602995, 0.002791755776247075, 0.001659756961728043, 0.0027357285662910377, 0.0022820639799997463, 0.0022025797980371508, 0.00246782992262489, 0.0019368500709675504, 0.003128806956016902, 0.0026556191171806854, 0.003392531661076062, 0.003083525594528136, 0.0019829409138606598, 0.0033869497870523827, 0.0030346681196289677, 0.0032506652296072813, 0.0020772365566968927, 0.0015406730702329375, 0.002657173296144212, 0.0027990272999118366, 0.003190286886794812, 0.0014795447423230925, 0.0027492780467746752, 0.0014408614931046445, 0.002346043791451907, 0.0018087483741663257, 0.0032780341541388306, 0.002328710695182291, 0.0013680830467396538, 0.0036599979448403625, 0.0026145195857535434, 0.0013935100864313984, 0.002072853100083416, 0.002113944161606316, 0.002985549432211699, 0.002793641702028456, 0.0022963782789156514, 0.002080193364627671, 0.003137415397183812, 0.0026656228071726333, 0.002252890471672183, 0.0031678399615662003, 0.004097254523121905, 0.0022621820831475806, 0.002201483300880559, 0.0020973433340463377, 0.00271357421939896, 0.003915581326097368, 0.0021228271256359043, 0.003276692596082131, 0.002298329739165964, 0.003019603394203507, 0.002074068718047747, 0.002626828112737898, 0.003262033603051451, 0.004048044633966348, 0.002639134952026507, 0.001124283216805667, 0.0019954545142313487, 0.002570811711296911, 0.00209532188347012, 0.0022538754848285968, 0.002644623628615083, 0.0012148105985254351, 0.0015036230472332923, 0.002678830971781463, 0.003427910692665302, 0.0028043039317581647, 0.0008768367749115581, 0.0028557221657796515, 0.00143020626739245, 0.002910560721366456, 0.002452758380091421, 0.003293228095431406, 0.00232463562732564, 0.0037915665613563565, 0.0038153921015673022, 0.0030676874249350367, 0.002098662968202348, 0.0029547831075492363, 0.0024037534054737746, 0.0025289793759556718, 0.002319532455717739, 0.002847147798344133, 0.0028154096466972795, 0.003118783097098067, 0.0028802937901021156, 0.0022142729744008783, 0.0029265601845089514, 0.0021997004637539174, 0.0023195533986445993, 0.0030158058371595737, 0.0029957790643301133, 0.002469629986363985, 0.0028067569326589922, 0.0023825210374937055, 0.0034141699925611954, 0.0035208594526172908, 0.0023807733259322565, 0.001566639770779755, 0.0014797282166966247, 0.002087008903497705, 0.0020859299262532952, 0.0035828003266038084, 0.0021395778359805857, 0.0022981639077354612, 0.0015956229855310065, 0.0023155693150993047, 0.0022711045779102526, 0.002545149277091653, 0.0021323555836207835, 0.0031589823834362635, 0.0030484434518734892, 0.0035498327045328047, 0.0028903451901713373, 0.0023900968396263407, 0.002757906381242371, 0.0014531754641327309, 0.0023418632109029236, 0.00197904940203522, 0.0035266717070113547, 0.003624734433738213, 0.002465796109340211, 0.002361107744109972, 0.002489417474983654, 0.002714422595487346, 0.0025795180187394733, 0.0030837984912225657, 0.002033463762079849, 0.002655029901596008, 0.0036995442768659884, 0.00285111561600431, 0.003348738670809704, 0.0019180396077296891, 0.002020174425219947, 0.00205559374177009, 0.0033008351389771993, 0.0027943241192116956, 0.0028504379802549297, 0.002949055931841898, 0.0011952659763236144, 0.0023271855442256557, 0.0016100593590090161, 0.002506036647667338, 0.002753344499981414, 0.0031861872692423012, 0.0011422022865248355, 0.002126231495889224, 0.0033641365400690964, 0.0031533938537167522, 0.002785115437039465, 0.002330728025463996, 0.0016290266548782428, 0.0022980883957794012, 0.00312135075904356, 0.00253504181067092, 0.0021167624950703696, 0.0030024943872947333, 0.002657786952747271, 0.0009246531968046264, 0.00225491949031707, 0.0029962777555543317, 0.0016409829152061787, 0.0023755318368384208, 0.002965350342828308, 0.002391729511072104, 0.0024063023904011744, 0.0023265926511147174, 0.0028505235109458943, 0.0018403087650706363, 0.002751984410696448, 0.0014946569335134382, 0.0018615953655887136, 0.0017194319965707751, 0.002347962107866127, 0.0028528811870311937, 0.0035318828776852687, 0.002041693397223792, 0.0014631464563250047, 0.002235248106170825, 0.0024425621292332492, 0.0021906667303033082, 0.0027602451558064785, 0.002013268603730414, 0.0030453732773367812, 0.0018969892113267159, 0.0016849208606441203, 0.0026453663130659327, 0.0027952214199300027, 0.002891659219631443, 0.003109987095747551, 0.002446941708985791, 0.003914025311177743, 0.002499152826610206, 0.0016922378730395238, 0.0030119799742881702, 0.002791000297222507, 0.002872967711971919, 0.002191514214940952, 0.0019325615566191487, 0.0018099108582667423, 0.002528932275865922, 0.0023147932920566374, 0.0024872266794168305, 0.0009495763177721988, 0.002187640839876084, 0.0012003494730556746, 0.0024209763386920436, 0.00233077832108738, 0.0021521037442516757, 0.0027837984671196, 0.003079607635926137, 0.002380422043537506, 0.0023966351356955245, 0.0031083972443683677, 0.002838633448345827, 0.0036461733841500485, 0.0027613833845583327, 0.002219224839039638, 0.003202568610617121, 0.0019366353747410014, 0.0012386265213304123, 0.0028568227420030833, 0.00376714571586225, 0.001207159980982592, 0.0017695845133725173, 0.0027020516324037292, 0.0013491790013572303, 0.002323747980643469, 0.0016872960586966036, 0.0022183307019649702, 0.0025299897395521837, 0.0020736750110913024, 0.0019137984167306042, 0.001896631786643819, 0.0013387616607644208, 0.003075974497321607, 0.0023931849258551283, 0.00405136486933933, 0.002194249545174988, 0.003227097360836556, 0.002011165733403039, 0.003174210419225558, 0.0013560330849018026, 0.002010239522982731, 0.001903777808567953, 0.003338235834703347, 0.0032117161132748117, 0.002200607708514798, 0.0024632586317569535, 0.0020457726152841335, 0.002635934568474477, 0.0030771690972839338, 0.0024423007931347043, 0.001993840712924684, 0.0026971478316407567, 0.002326926371326295, 0.0031049759600566937, 0.0022064786141530314, 0.0030768381807156878, 0.003031359098704657, 0.00139552650211715, 0.0020245861762988324, 0.003217121646985795, 0.002934158008478524, 0.0024753267702644663, 0.0023595212764157213, 0.0026640392742664732, 0.0029633897066719743, 0.0024541655324825332, 0.0017890791275387181, 0.0029293209220136824, 0.0011587312521163257, 0.0010617162986926655, 0.002518739771207469, 0.0033068132204358293, 0.0030896698549501295, 0.0017357582964496014, 0.003311558323880168, 0.002300682364965445, 0.002758469234875499, 0.0021258381307520556, 0.0029261720610557415, 0.002522528006989591, 0.002339817309866957, 0.002993693999702343, 0.0024363168840262645, 0.0017710881206909617, 0.001572390970061106, 0.002082638793501672, 0.0023375997585065797, 0.0017088272021517734, 0.0031394452551008673, 0.0022168794038984045, 0.002419870253014763, 0.0024653133306586257, 0.0029447038567316846, 0.0037742253124542443, 0.0028892202505089288, 0.002813332183346355, 0.0028560150448124926, 0.001699602185247279, 0.0022460110947674986, 0.003560712544255176, 0.0021925417625609806, 0.0037749651763570916, 0.001936525378703263, 0.0025349791886662477, 0.0017117674493146349, 0.0018991633433028444, 0.0025577059992593137, 0.003981719190407128, 0.0023425029588282523, 0.0033569574738974545, 0.003250606476629204, 0.0022576652109710434, 0.0029895677977076953, 0.002595484303863409, 0.0018151401700261386, 0.0016783831552567158, 0.0024490529162667913, 0.0021673125570292975, 0.0024015146744928674, 0.0026625278140859506, 0.002819368869273609, 0.003096920173082475, 0.0029389522039619483, 0.002827905514409104, 0.002651081510578064, 0.0016420934167720158, 0.00240207246685391, 0.0019032813163718527, 0.002547312562939125, 0.003582744355582968, 0.002673610935877907, 0.00268527801325768, 0.0031753391234451214, 0.0011773561547217452, 