{"n_items": 200, "weights": [9.99999999999985e-17, 9.99999999999985e-17, 9.99999999999985e-17, 9.99999999999985e-17, 9.99999999999985e-17, 9.99999999999985e-17, 9.99999999999985e-17, 9.99999999999985e-17, 9.99999999999985e-17, 9.99999999999985e-17, 9.99999999999985e-17, 9.99999999999985e-17, 9.99999999999985e-17, 9.99999999999985e-17, 9.99999999999985e-17, 9.99999999999985e-17, 9.99999999999985e-17, 9.99999999999985e-17, 9.99999999999985e-17, 9.99999999999985e-17, 9.99999999999985e-17, 9.99999999999985e-17, 9.99999999999985e-17, 9.99999999999985e-17, 9.99999999999985e-17, 9.99999999999985e-17, 9.99999999999985e-17, 9.99999999999985e-17, 9.99999999999985e-17, 9.99999999999985e-17, 9.99999999999985e-17, 9.99999999999985e-17, 9.99999999999985e-17, 9.99999999999985e-17, 9.99999999999985e-17, 9.99999999999985e-17, 9.99999999999985e-17, 9.99999999999985e-17, 9.99999999999985e-17, 9.99999999999985e-17, 9.99999999999985e-17, 9.99999999999985e-17, 9.99999999999985e-17, 9.99999999999985e-17, 9.99999999999985e-17, 9.99999999999985e-17, 9.99999999999985e-17, 9.99999999999985e-17, 9.99999999999985e-17, 9.99999999999985e-17, 9.99999999999985e-17, 9.99999999999985e-17, 9.99999999999985e-17, 9.99999999999985e-17, 9.99999999999985e-17, 9.99999999999985e-17, 9.99999999999985e-17, 9.99999999999985e-17, 9.99999999999985e-17, 9.99999999999985e-17, 9.99999999999985e-17, 9.99999999999985e-17, 9.99999999999985e-17, 9.99999999999985e-17, 9.99999999999985e-17, 9.99999999999985e-17, 9.99999999999985e-17, 9.99999999999985e-17, 9.99999999999985e-17, 9.99999999999985e-17, 9.99999999999985e-17, 9.99999999999985e-17, 9.99999999999985e-17, 9.99999999999985e-17, 9.99999999999985e-17, 9.99999999999985e-17, 9.99999999999985e-17, 9.99999999999985e-17, 9.99999999999985e-17, 9.99999999999985e-17, 9.99999999999985e-17, 9.99999999999985e-17, 9.99999999999985e-17, 9.99999999999985e-17, 9.99999999999985e-17, 9.99999999999985e-17, 9.99999999999985e-17, 9.99999999999985e-17, 9.99999999999985e-17, 9.99999999999985e-17, 9.99999999999985e-17, 9.99999999999985e-17, 9.99999999999985e-17, 9.99999999999985e-17, 9.99999999999985e-17, 9.99999999999985e-17, 9.99999999999985e-17, 9.99999999999985e-17, 9.99999999999985e-17, 9.99999999999985e-17, 9.99999999999985e-17, 9.99999999999985e-17, 9.99999999999985e-17, 9.99999999999985e-17, 9.99999999999985e-17, 9.99999999999985e-17, 9.99999999999985e-17, 9.99999999999985e-17, 9.99999999999985e-17, 9.99999999999985e-17, 9.99999999999985e-17, 9.99999999999985e-17, 9.99999999999985e-17, 9.99999999999985e-17, 9.99999999999985e-17, 9.99999999999985e-17, 9.99999999999985e-17, 9.99999999999985e-17, 9.99999999999985e-17, 9.99999999999985e-17, 9.99999999999985e-17, 9.99999999999985e-17, 9.99999999999985e-17, 9.99999999999985e-17, 9.99999999999985e-17, 9.99999999999985e-17, 9.99999999999985e-17, 9.99999999999985e-17, 9.99999999999985e-17, 9.99999999999985e-17, 9.99999999999985e-17, 9.99999999999985e-17, 9.99999999999985e-17, 9.99999999999985e-17, 9.99999999999985e-17, 9.99999999999985e-17, 9.99999999999985e-17, 9.99999999999985e-17, 9.99999999999985e-17, 9.99999999999985e-17, 9.99999999999985e-17, 9.99999999999985e-17, 9.99999999999985e-17, 9.999999999999849e-05, 9.99999999999985e-17, 9.99999999999985e-17, 9.99999999999985e-17, 9.99999999999985e-17, 9.99999999999985e-17, 0.00019999999999999697, 0.0002999999999999955, 0.00019999999999999697, 0.000599999999999991, 0.0012999999999999804, 0.0006999999999999895, 0.002099999999999968, 0.0029999999999999545, 0.0037999999999999427, 0.006899999999999896, 0.009099999999999863, 0.01129999999999983, 0.014799999999999777, 0.018799999999999716, 0.0264999999999996, 0.029699999999999553, 0.036599999999999445, 0.04339999999999934, 0.0527999999999992, 0.0592999999999991, 0.058099999999999125, 0.06089999999999908, 0.06269999999999905, 0.06539999999999901, 0.066699999999999, 0.05819999999999912, 0.05689999999999914, 0.04839999999999927, 0.04319999999999935, 0.034099999999999485, 0.02709999999999959, 0.024999999999999623, 0.018199999999999727, 0.013999999999999789, 0.009599999999999855, 0.008199999999999876, 0.007499999999999887, 0.0045999999999999305, 0.003099999999999953, 0.0022999999999999653, 0.001399999999999979, 0.0012999999999999804, 0.000599999999999991, 0.00019999999999999697, 0.00019999999999999697, 0.0002999999999999955, 0.00019999999999999697, 9.999999999999849e-05, 9.99999999999985e-17, 9.99999999999985e-17, 9.99999999999985e-17], "profits": [1.0, 1.0, 1.0, 1.0, 1.0, 1.0, 1.0, 1.0, 1.0, 1.0, 1.0, 1.0, 1.0, 1.0, 1.0, 1.0, 1.0, 1.0, 1.0, 1.0, 1.0, 1.0, 1.0, 1.0, 1.0, 1.0, 1.0, 1.0, 1.0, 1.0, 1.0, 1.0, 1.0, 1.0, 1.0, 1.0, 1.0, 1.0, 1.0, 1.0, 1.0, 1.0, 1.0, 1.0, 1.0, 1.0, 1.0, 1.0, 1.0, 1.0, 1.0, 1.0, 1.0, 1.0, 1.0, 1.0, 1.0, 1.0, 1.0, 1.0, 1.0, 1.0, 1.0, 1.0, 1.0, 1.0, 1.0, 1.0, 1.0, 1.0, 1.0, 1.0, 1.0, 1.0, 1.0, 1.0, 1.0, 1.0, 1.0, 1.0, 1.0, 1.0, 1.0, 1.0, 1.0, 1.0, 1.0, 1.0, 1.0, 1.0, 1.0, 1.0, 1.0, 1.0, 1.0, 1.0, 1.0, 1.0, 1.0, 1.0, 1.0, 1.0, 1.0, 1.0, 1.0, 1.0, 1.0, 1.0, 1.0, 1.0, 1.0, 1.0, 1.0, 1.0, 1.0, 1.0, 1.0, 1.0, 1.0, 1.0, 1.0, 1.0, 1.0, 1.0, 1.0, 1.0, 1.0, 1.0, 1.0, 1.0, 1.0, 1.0, 1.0, 1.0, 1.0, 1.0, 1.0, 1.0, 1.0, 1.0, 1.0, 1.0, 1.0, 1.0, 1.0, 1.0, 1.0, 1.0, 1.0, 1.0, 1.0, 1.0, 1.0, 1.0, 1.0, 1.0, 1.0, 1.0, 1.0, 1.0, 1.0, 1.0, 0.1, 1.0, 1.0, 1.0, 1.0, 1.0, 0.1, 1.0, 1.0, 1.0, 1.0, 1.0, 1.0, 1.0, 1.0, 1.0, 1.0, 1.0, 1.0, 1.0, 1.0, 1.0, 1.0, 1.0, 1.0, 1.0, 1.0, 1.0, 1.0, 1.0, 1.0, 1.0, 1.0, 1.0, 1.0, 1.0, 1.0, 1.0], "min_weight": 0.95, "max_distance": 3}