{"n_items": 200, "weights": [1.0003000900269967e-16, 1.0003000900269967e-16, 1.0003000900269967e-16, 1.0003000900269967e-16, 1.0003000900269967e-16, 1.0003000900269967e-16, 1.0003000900269967e-16, 1.0003000900269967e-16, 1.0003000900269967e-16, 1.0003000900269967e-16, 1.0003000900269967e-16, 1.0003000900269967e-16, 1.0003000900269967e-16, 1.0003000900269967e-16, 0.00020006001800539931, 0.00020006001800539931, 0.00010003000900269966, 0.0006001800540161979, 0.0007002100630188977, 0.0011003300990296964, 0.0014004201260377953, 0.0028008402520755906, 0.0037011103330998876, 0.004401320396118786, 0.006301890567170079, 0.007602280684205175, 0.009202760828248368, 0.015904771431429248, 0.018405521656496737, 0.019305791737521037, 0.022806842052615524, 0.026507952385715412, 0.028508552565769403, 0.03240972291687469, 0.03130939281784499, 0.03260978293488009, 0.029508852655796402, 0.029108732619785603, 0.029208762628788302, 0.02370711213363982, 0.023507052115634423, 0.021706511953585826, 0.016204861458437345, 0.016404921476442746, 0.010803240972291564, 0.008802640792237571, 0.007602280684205175, 0.005001500450134983, 0.004701410423126884, 0.0020006001800539934, 0.002100630189056693, 0.0007002100630188977, 0.0010003000900269967, 0.000900270081024297, 0.00040012003601079863, 0.00030009002700809897, 0.00010003000900269966, 0.00020006001800539931, 1.0003000900269967e-16, 1.0003000900269967e-16, 0.00010003000900269966, 1.0003000900269967e-16, 1.0003000900269967e-16, 1.0003000900269967e-16, 1.0003000900269967e-16, 1.0003000900269967e-16, 1.0003000900269967e-16, 1.0003000900269967e-16, 1.0003000900269967e-16, 1.0003000900269967e-16, 1.0003000900269967e-16, 1.0003000900269967e-16, 1.0003000900269967e-16, 1.0003000900269967e-16, 1.0003000900269967e-16, 1.0003000900269967e-16, 1.0003000900269967e-16, 1.0003000900269967e-16, 1.0003000900269967e-16, 1.0003000900269967e-16, 1.0003000900269967e-16, 1.0003000900269967e-16, 1.0003000900269967e-16, 1.0003000900269967e-16, 1.0003000900269967e-16, 1.0003000900269967e-16, 1.0003000900269967e-16, 1.0003000900269967e-16, 1.0003000900269967e-16, 1.0003000900269967e-16, 1.0003000900269967e-16, 1.0003000900269967e-16, 1.0003000900269967e-16, 1.0003000900269967e-16, 1.0003000900269967e-16, 1.0003000900269967e-16, 1.0003000900269967e-16, 1.0003000900269967e-16, 1.0003000900269967e-16, 1.0003000900269967e-16, 1.0003000900269967e-16, 1.0003000900269967e-16, 1.0003000900269967e-16, 1.0003000900269967e-16, 1.0003000900269967e-16, 1.0003000900269967e-16, 1.0003000900269967e-16, 1.0003000900269967e-16, 1.0003000900269967e-16, 1.0003000900269967e-16, 1.0003000900269967e-16, 1.0003000900269967e-16, 1.0003000900269967e-16, 1.0003000900269967e-16, 1.0003000900269967e-16, 1.0003000900269967e-16, 1.0003000900269967e-16, 1.0003000900269967e-16, 1.0003000900269967e-16, 1.0003000900269967e-16, 1.0003000900269967e-16, 1.0003000900269967e-16, 1.0003000900269967e-16, 1.0003000900269967e-16, 1.0003000900269967e-16, 1.0003000900269967e-16, 1.0003000900269967e-16, 1.0003000900269967e-16, 1.0003000900269967e-16, 1.0003000900269967e-16, 1.0003000900269967e-16, 1.0003000900269967e-16, 1.0003000900269967e-16, 1.0003000900269967e-16, 1.0003000900269967e-16, 1.0003000900269967e-16, 1.0003000900269967e-16, 1.0003000900269967e-16, 1.0003000900269967e-16, 1.0003000900269967e-16, 1.0003000900269967e-16, 1.0003000900269967e-16, 1.0003000900269967e-16, 1.0003000900269967e-16, 1.0003000900269967e-16, 1.0003000900269967e-16, 1.0003000900269967e-16, 1.0003000900269967e-16, 1.0003000900269967e-16, 1.0003000900269967e-16, 1.0003000900269967e-16, 1.0003000900269967e-16, 1.0003000900269967e-16, 1.0003000900269967e-16, 1.0003000900269967e-16, 1.0003000900269967e-16, 1.0003000900269967e-16, 1.0003000900269967e-16, 0.00010003000900269966, 0.00020006001800539931, 0.00020006001800539931, 0.00020006001800539931, 0.0006001800540161979, 0.00020006001800539931, 0.0005001500450134983, 0.0012003601080323959, 0.002200660198059393, 0.0025007502250674915, 0.002600780234070191, 0.006401920576172778, 0.006301890567170079, 0.008302490747224072, 0.008802640792237571, 0.013504051215364455, 0.016504951485445445, 0.019305791737521037, 0.02300690207062092, 0.027208162448734308, 0.0300090027008099, 0.03130939281784499, 0.03300990297089089, 0.032009602880863894, 0.03290987296188819, 0.029308792637791, 0.028208462538761307, 0.02670801240372081, 0.022506752025607424, 0.01800540162048594, 0.01790537161148324, 0.015404621386415749, 0.011203361008302362, 0.008002400720215973, 0.008402520756226772, 0.005101530459137683, 0.002700810243072891, 0.0031009302790836898, 0.002300690207062092, 0.0014004201260377953, 0.0005001500450134983, 1.0003000900269967e-16], "profits": [1.0, 1.0, 1.0, 1.0, 1.0, 1.0, 1.0, 1.0, 1.0, 1.0, 1.0, 1.0, 1.0, 1.0, 1.0, 1.0, 1.0, 1.0, 1.0, 1.0, 1.0, 1.0, 1.0, 1.0, 1.0, 1.0, 1.0, 1.0, 1.0, 1.0, 1.0, 1.0, 1.0, 1.0, 1.0, 1.0, 1.0, 1.0, 1.0, 1.0, 1.0, 1.0, 1.0, 1.0, 1.0, 1.0, 1.0, 1.0, 1.0, 1.0, 1.0, 1.0, 1.0, 1.0, 1.0, 1.0, 1.0, 1.0, 1.0, 1.0, 1.0, 1.0, 1.0, 1.0, 1.0, 1.0, 1.0, 1.0, 1.0, 1.0, 1.0, 1.0, 1.0, 1.0, 1.0, 1.0, 1.0, 1.0, 1.0, 1.0, 1.0, 1.0, 1.0, 1.0, 1.0, 1.0, 1.0, 1.0, 1.0, 1.0, 1.0, 1.0, 1.0, 1.0, 1.0, 1.0, 1.0, 1.0, 1.0, 1.0, 1.0, 1.0, 1.0, 1.0, 1.0, 1.0, 1.0, 1.0, 1.0, 1.0, 1.0, 1.0, 1.0, 1.0, 1.0, 1.0, 1.0, 1.0, 1.0, 1.0, 1.0, 1.0, 1.0, 1.0, 1.0, 1.0, 1.0, 1.0, 1.0, 1.0, 1.0, 1.0, 1.0, 1.0, 1.0, 1.0, 1.0, 1.0, 1.0, 1.0, 1.0, 1.0, 1.0, 1.0, 1.0, 1.0, 1.0, 1.0, 1.0, 1.0, 1.0, 1.0, 1.0, 1.0, 1.0, 1.0, 1.0, 1.0, 1.0, 1.0, 1.0, 1.0, 1.0, 1.0, 1.0, 1.0, 1.0, 1.0, 1.0, 1.0, 1.0, 1.0, 1.0, 1.0, 1.0, 1.0, 1.0, 1.0, 1.0, 1.0, 1.0, 1.0, 1.0, 1.0, 1.0, 1.0, 1.0, 1.0, 1.0, 1.0, 1.0, 1.0, 1.0, 1.0, 1.0, 1.0, 1.0, 1.0, 1.0, 1.0], "min_weight": 0.95, "max_distance": 3}