{"n_items": 200, "weights": [9.999999999999846e-17, 9.999999999999846e-17, 9.999999999999846e-17, 9.999999999999846e-17, 9.999999999999846e-17, 9.999999999999846e-17, 9.999999999999846e-17, 9.999999999999846e-17, 9.999999999999846e-17, 9.999999999999846e-17, 9.999999999999846e-17, 9.999999999999846e-17, 9.999999999999846e-17, 9.999999999999846e-17, 9.999999999999846e-17, 9.999999999999846e-17, 9.999999999999846e-17, 9.999999999999846e-17, 9.999999999999846e-17, 9.999999999999846e-17, 9.999999999999846e-17, 9.999999999999846e-17, 9.999999999999846e-17, 9.999999999999846e-17, 9.999999999999846e-17, 9.999999999999846e-17, 9.999999999999846e-17, 9.999999999999846e-17, 9.999999999999846e-17, 9.999999999999846e-17, 9.999999999999846e-17, 9.999999999999846e-17, 9.999999999999846e-17, 9.999999999999846e-17, 9.999999999999846e-17, 9.999999999999846e-17, 9.999999999999846e-17, 9.999999999999846e-17, 9.999999999999846e-17, 9.999999999999846e-17, 9.999999999999846e-17, 9.999999999999846e-17, 9.999999999999846e-17, 9.999999999999846e-17, 9.999999999999846e-17, 9.999999999999846e-17, 9.999999999999846e-17, 9.999999999999846e-17, 9.999999999999846e-17, 9.999999999999846e-17, 9.999999999999846e-17, 0.00019999999999999692, 0.00029999999999999537, 0.00129999999999998, 0.003699999999999943, 0.005599999999999913, 0.013099999999999798, 0.020899999999999676, 0.02899999999999955, 0.04449999999999931, 0.0516999999999992, 0.06079999999999906, 0.06629999999999897, 0.057699999999999106, 0.049399999999999236, 0.0387999999999994, 0.024899999999999613, 0.01489999999999977, 0.008499999999999869, 0.005299999999999918, 0.0018999999999999707, 0.0007999999999999877, 0.00029999999999999537, 9.999999999999846e-17, 9.999999999999846e-05, 9.999999999999846e-17, 9.999999999999846e-17, 9.999999999999846e-17, 9.999999999999846e-17, 9.999999999999846e-17, 9.999999999999846e-17, 9.999999999999846e-17, 9.999999999999846e-17, 9.999999999999846e-17, 9.999999999999846e-17, 9.999999999999846e-17, 9.999999999999846e-17, 9.999999999999846e-17, 9.999999999999846e-17, 9.999999999999846e-17, 9.999999999999846e-17, 9.999999999999846e-17, 9.999999999999846e-17, 9.999999999999846e-17, 9.999999999999846e-17, 9.999999999999846e-17, 9.999999999999846e-17, 9.999999999999846e-17, 9.999999999999846e-17, 9.999999999999846e-17, 9.999999999999846e-17, 9.999999999999846e-17, 9.999999999999846e-17, 9.999999999999846e-17, 9.999999999999846e-17, 9.999999999999846e-17, 9.999999999999846e-17, 9.999999999999846e-17, 9.999999999999846e-17, 9.999999999999846e-17, 9.999999999999846e-17, 9.999999999999846e-17, 9.999999999999846e-17, 9.999999999999846e-17, 9.999999999999846e-17, 9.999999999999846e-17, 9.999999999999846e-17, 9.999999999999846e-17, 9.999999999999846e-17, 9.999999999999846e-17, 9.999999999999846e-17, 9.999999999999846e-17, 9.999999999999846e-17, 9.999999999999846e-17, 9.999999999999846e-17, 9.999999999999846e-17, 9.999999999999846e-17, 9.999999999999846e-17, 9.999999999999846e-17, 9.999999999999846e-17, 9.999999999999846e-17, 9.999999999999846e-17, 9.999999999999846e-17, 9.999999999999846e-17, 9.999999999999846e-17, 9.999999999999846e-17, 9.999999999999846e-17, 9.999999999999846e-17, 9.999999999999846e-17, 9.999999999999846e-17, 9.999999999999846e-17, 9.999999999999846e-17, 9.999999999999846e-17, 9.999999999999846e-17, 9.999999999999846e-17, 9.999999999999846e-17, 9.999999999999846e-17, 9.999999999999846e-17, 9.999999999999846e-17, 9.999999999999846e-17, 9.999999999999846e-17, 9.999999999999846e-17, 9.999999999999846e-17, 9.999999999999846e-17, 9.999999999999846e-17, 9.999999999999846e-17, 9.999999999999846e-17, 9.999999999999846e-17, 9.999999999999846e-17, 9.999999999999846e-17, 9.999999999999846e-17, 9.999999999999846e-17, 9.999999999999846e-17, 9.999999999999846e-17, 9.999999999999846e-17, 9.999999999999846e-17, 9.999999999999846e-17, 0.00029999999999999537, 0.0004999999999999923, 0.0027999999999999566, 0.004399999999999932, 0.00839999999999987, 0.013299999999999795, 0.024199999999999625, 0.03309999999999949, 0.04789999999999926, 0.06129999999999905, 0.06139999999999905, 0.06539999999999899, 0.05559999999999914, 0.0456999999999993, 0.031499999999999514, 0.02149999999999967, 0.01229999999999981, 0.00519999999999992, 0.002899999999999955, 0.0016999999999999737, 0.00029999999999999537, 0.00019999999999999692, 9.999999999999846e-17, 9.999999999999846e-05, 9.999999999999846e-17, 9.999999999999846e-17, 9.999999999999846e-17, 9.999999999999846e-17, 9.999999999999846e-17, 9.999999999999846e-17, 9.999999999999846e-17, 9.999999999999846e-17, 9.999999999999846e-17], "profits": [1.0, 1.0, 1.0, 1.0, 1.0, 1.0, 1.0, 1.0, 1.0, 1.0, 1.0, 1.0, 1.0, 1.0, 1.0, 1.0, 1.0, 1.0, 1.0, 1.0, 1.0, 1.0, 1.0, 1.0, 1.0, 1.0, 1.0, 1.0, 1.0, 1.0, 1.0, 1.0, 1.0, 1.0, 1.0, 1.0, 1.0, 1.0, 1.0, 1.0, 1.0, 1.0, 1.0, 1.0, 1.0, 1.0, 1.0, 1.0, 1.0, 1.0, 1.0, 1.0, 1.0, 1.0, 1.0, 1.0, 1.0, 1.0, 1.0, 1.0, 1.0, 1.0, 1.0, 0.1, 1.0, 0.1, 1.0, 1.0, 1.0, 1.0, 1.0, 1.0, 1.0, 1.0, 1.0, 1.0, 1.0, 1.0, 1.0, 1.0, 1.0, 1.0, 1.0, 1.0, 1.0, 1.0, 1.0, 1.0, 1.0, 1.0, 1.0, 1.0, 1.0, 1.0, 1.0, 1.0, 1.0, 1.0, 1.0, 1.0, 1.0, 1.0, 1.0, 1.0, 1.0, 1.0, 1.0, 1.0, 1.0, 1.0, 1.0, 1.0, 1.0, 1.0, 1.0, 1.0, 1.0, 1.0, 1.0, 1.0, 1.0, 1.0, 1.0, 1.0, 1.0, 1.0, 1.0, 1.0, 1.0, 1.0, 1.0, 1.0, 1.0, 1.0, 1.0, 1.0, 1.0, 1.0, 1.0, 1.0, 1.0, 1.0, 1.0, 1.0, 1.0, 1.0, 1.0, 1.0, 1.0, 1.0, 1.0, 1.0, 1.0, 1.0, 1.0, 1.0, 1.0, 1.0, 1.0, 1.0, 1.0, 1.0, 1.0, 1.0, 1.0, 1.0, 1.0, 1.0, 1.0, 1.0, 1.0, 1.0, 1.0, 1.0, 1.0, 1.0, 1.0, 1.0, 1.0, 1.0, 1.0, 1.0, 1.0, 1.0, 1.0, 1.0, 1.0, 1.0, 1.0, 1.0, 1.0, 1.0, 1.0, 1.0, 1.0, 1.0, 1.0, 1.0, 1.0, 1.0], "min_weight": 0.95, "max_distance": 2}