{"n_items": 400, "weights": [0.0002999999999999927, 0.00039999999999999026, 0.0002999999999999927, 0.00039999999999999026, 0.0005999999999999854, 0.0009999999999999755, 0.0005999999999999854, 0.000699999999999983, 0.0004999999999999878, 0.000699999999999983, 0.0007999999999999805, 0.0007999999999999805, 0.0012999999999999683, 0.0009999999999999755, 0.001399999999999966, 0.000699999999999983, 0.001999999999999951, 0.001399999999999966, 0.0014999999999999634, 0.002299999999999944, 0.0012999999999999683, 0.002799999999999932, 0.0026999999999999342, 0.0017999999999999561, 0.002499999999999939, 0.0025999999999999366, 0.0035999999999999123, 0.004399999999999893, 0.00369999999999991, 0.003999999999999902, 0.004799999999999883, 0.004599999999999888, 0.0029999999999999268, 0.004699999999999886, 0.005199999999999873, 0.0059999999999998535, 0.006799999999999834, 0.0065999999999998395, 0.007099999999999827, 0.008699999999999788, 0.007699999999999812, 0.0081999999999998, 0.008099999999999802, 0.008799999999999785, 0.00859999999999979, 0.00779999999999981, 0.009199999999999776, 0.010399999999999746, 0.01149999999999972, 0.010899999999999735, 0.011999999999999707, 0.013199999999999679, 0.009699999999999764, 0.012599999999999693, 0.013199999999999679, 0.012199999999999702, 0.01349999999999967, 0.015199999999999629, 0.015199999999999629, 0.013899999999999661, 0.01439999999999965, 0.015799999999999616, 0.014899999999999637, 0.016599999999999594, 0.015299999999999626, 0.015799999999999616, 0.01439999999999965, 0.01689999999999959, 0.015099999999999631, 0.014699999999999642, 0.015299999999999626, 0.014699999999999642, 0.01759999999999957, 0.015699999999999617, 0.01719999999999958, 0.01559999999999962, 0.013899999999999661, 0.013299999999999677, 0.016699999999999594, 0.014899999999999637, 0.0163999999999996, 0.013999999999999659, 0.016699999999999594, 0.013299999999999677, 0.012399999999999698, 0.013099999999999681, 0.014199999999999654, 0.011599999999999716, 0.012199999999999702, 0.012099999999999705, 0.012999999999999684, 0.011799999999999712, 0.0122999999999997, 0.009099999999999778, 0.010599999999999742, 0.010199999999999751, 0.009699999999999764, 0.010099999999999753, 0.008099999999999802, 0.008299999999999797, 0.007499999999999818, 0.00739999999999982, 0.00779999999999981, 0.005699999999999861, 0.00739999999999982, 0.004999999999999878, 0.005699999999999861, 0.00449999999999989, 0.005699999999999861, 0.005699999999999861, 0.005799999999999858, 0.005499999999999866, 0.00449999999999989, 0.003399999999999917, 0.00369999999999991, 0.004199999999999897, 0.002799999999999932, 0.0023999999999999417, 0.002299999999999944, 0.00369999999999991, 0.002799999999999932, 0.0018999999999999536, 0.001999999999999951, 0.0014999999999999634, 0.0018999999999999536, 0.0011999999999999708, 0.001399999999999966, 0.0011999999999999708, 0.0012999999999999683, 0.0008999999999999781, 0.0005999999999999854, 0.0004999999999999878, 0.0004999999999999878, 0.0007999999999999805, 0.000699999999999983, 0.0005999999999999854, 0.00039999999999999026, 0.0002999999999999927, 0.00039999999999999026, 9.999999999999757e-05, 0.00019999999999999513, 0.00019999999999999513, 0.00039999999999999026, 0.0002999999999999927, 9.999999999999757e-05, 9.999999999999757e-05, 0.00019999999999999513, 0.0002999999999999927, 9.999999999999756e-17, 0.00019999999999999513, 9.999999999999757e-05, 9.999999999999757e-05, 9.999999999999757e-05, 9.999999999999757e-05, 9.999999999999757e-05, 9.999999999999757e-05, 9.999999999999757e-05, 9.999999999999756e-17, 9.999999999999756e-17, 9.999999999999756e-17, 9.999999999999756e-17, 9.999999999999757e-05, 9.999999999999756e-17, 9.999999999999756e-17, 9.999999999999756e-17, 9.999999999999756e-17, 9.999999999999756e-17, 9.999999999999756e-17, 9.999999999999756e-17, 9.999999999999756e-17, 9.999999999999756e-17, 9.999999999999756e-17, 9.999999999999756e-17, 9.999999999999756e-17, 9.999999999999756e-17, 9.999999999999756e-17, 9.999999999999756e-17, 9.999999999999756e-17, 9.999999999999756e-17, 9.999999999999756e-17, 9.999999999999756e-17, 9.999999999999756e-17, 9.999999999999756e-17, 9.999999999999756e-17, 9.999999999999756e-17, 9.999999999999756e-17, 9.999999999999756e-17, 9.999999999999756e-17, 9.999999999999756e-17, 9.999999999999756e-17, 9.999999999999756e-17, 9.999999999999756e-17, 9.999999999999756e-17, 9.999999999999756e-17, 9.999999999999756e-17, 9.999999999999756e-17, 9.999999999999756e-17, 9.999999999999756e-17, 9.999999999999756e-17, 9.999999999999756e-17, 9.999999999999756e-17, 9.999999999999756e-17, 9.999999999999756e-17, 9.999999999999756e-17, 9.999999999999756e-17, 9.999999999999756e-17, 9.999999999999756e-17, 9.999999999999756e-17, 9.999999999999756e-17, 9.999999999999756e-17, 9.999999999999756e-17, 9.999999999999756e-17, 9.999999999999756e-17, 9.999999999999756e-17, 9.999999999999756e-17, 9.999999999999756e-17, 9.999999999999756e-17, 9.999999999999756e-17, 9.999999999999756e-17, 9.999999999999756e-17, 9.999999999999756e-17, 9.999999999999756e-17, 9.999999999999756e-17, 9.999999999999756e-17, 9.999999999999756e-17, 9.999999999999756e-17, 9.999999999999756e-17, 9.999999999999756e-17, 9.999999999999756e-17, 9.999999999999756e-17, 9.999999999999756e-17, 9.999999999999756e-17, 9.999999999999756e-17, 9.999999999999756e-17, 9.999999999999756e-17, 9.999999999999756e-17, 9.999999999999756e-17, 9.999999999999756e-17, 9.999999999999756e-17, 9.999999999999756e-17, 9.999999999999756e-17, 9.999999999999756e-17, 9.999999999999756e-17, 9.999999999999756e-17, 9.999999999999756e-17, 9.999999999999756e-17, 9.999999999999756e-17, 9.999999999999756e-17, 9.999999999999756e-17, 9.999999999999756e-17, 9.999999999999756e-17, 9.999999999999756e-17, 9.999999999999756e-17, 9.999999999999756e-17, 9.999999999999756e-17, 9.999999999999756e-17, 9.999999999999756e-17, 9.999999999999756e-17, 9.999999999999756e-17, 9.999999999999756e-17, 9.999999999999756e-17, 9.999999999999756e-17, 9.999999999999756e-17, 9.999999999999756e-17, 9.999999999999756e-17, 9.999999999999756e-17, 9.999999999999756e-17, 9.999999999999756e-17, 9.999999999999756e-17, 9.999999999999756e-17, 9.999999999999756e-17, 9.999999999999756e-17, 9.999999999999756e-17, 9.999999999999756e-17, 9.999999999999756e-17, 9.999999999999756e-17, 9.999999999999756e-17, 9.999999999999756e-17, 9.999999999999756e-17, 9.999999999999756e-17, 9.999999999999756e-17, 9.999999999999756e-17, 9.999999999999756e-17, 9.999999999999756e-17, 9.999999999999756e-17, 9.999999999999756e-17, 9.999999999999756e-17, 9.999999999999756e-17, 9.999999999999756e-17, 9.999999999999756e-17, 9.999999999999756e-17, 9.999999999999756e-17, 9.999999999999756e-17, 9.999999999999756e-17, 9.999999999999756e-17, 9.999999999999756e-17, 9.999999999999756e-17, 9.999999999999756e-17, 9.999999999999756e-17, 9.999999999999756e-17, 9.999999999999756e-17, 9.999999999999756e-17, 9.999999999999756e-17, 9.999999999999756e-17, 9.999999999999756e-17, 9.999999999999756e-17, 9.999999999999756e-17, 9.999999999999756e-17, 9.999999999999756e-17, 9.999999999999756e-17, 9.999999999999756e-17, 9.999999999999756e-17, 9.999999999999756e-17, 9.999999999999756e-17, 9.999999999999756e-17, 9.999999999999756e-17, 9.999999999999756e-17, 9.999999999999756e-17, 9.999999999999756e-17, 9.999999999999756e-17, 9.999999999999756e-17, 9.999999999999756e-17, 9.999999999999756e-17, 9.999999999999756e-17, 9.999999999999756e-17, 9.999999999999756e-17, 9.999999999999756e-17, 9.999999999999756e-17, 9.999999999999756e-17, 9.999999999999756e-17, 9.999999999999756e-17, 9.999999999999756e-17, 9.999999999999756e-17, 9.999999999999756e-17, 9.999999999999756e-17, 9.999999999999756e-17, 9.999999999999756e-17, 9.999999999999756e-17, 9.999999999999756e-17, 9.999999999999756e-17, 9.999999999999756e-17, 9.999999999999756e-17, 9.999999999999756e-17, 9.999999999999756e-17, 9.999999999999756e-17, 9.999999999999756e-17, 9.999999999999756e-17, 9.999999999999756e-17, 9.999999999999756e-17, 9.999999999999756e-17, 9.999999999999756e-17, 