{"n_items": 200, "weights": [0.005530630776077592, 0.004893650146982336, 0.005521765763859713, 0.006375665730011221, 0.004561827846167879, 0.005673357094817237, 0.0065971515302673004, 0.006788298371525072, 0.004562511144330877, 0.005768054000090322, 0.00568661467462842, 0.009108153928139481, 0.0036283996152377427, 0.005314432904385324, 0.00514732623328062, 0.0036729406746485015, 0.0030170418253167917, 0.005174835322260264, 0.005340492641450355, 0.0014305773025680975, 0.004770447238787952, 0.005813760700722349, 0.003126070089253369, 0.006647094735004482, 0.0036360510920345254, 0.002915813149248875, 0.004321686365733207, 0.004480078139529734, 0.006951167734197074, 0.004544706887130018, 0.007417782960576154, 0.004919973681323057, 0.00616354440318571, 0.004980684589433147, 0.004972324050983436, 0.004205407683372471, 0.0033689492102016967, 0.0027528104948903883, 0.006123036357765801, 0.005510038849339248, 0.004707841044299623, 0.004177517012461214, 0.0035168942815009562, 0.00410122850339363, 0.004944193252393824, 0.003937463219749995, 0.00444201818482789, 0.0036080909939901307, 0.004887209949506543, 0.006420044476092929, 0.005072180188391978, 0.0033885760612723252, 0.0061555764488414365, 0.006707796369639757, 0.0038024976709046814, 0.002371579852682175, 0.00778463213580137, 0.00328628112662213, 0.005392891652114693, 0.005381824335777038, 0.00455226558746744, 0.006613686878995006, 0.003151608562276715, 0.005066688994143397, 0.005500848348589566, 0.004210434887598686, 0.0049298829304463615, 0.0043217808817575774, 0.005066640108604512, 0.0068118873049700535, 0.006118592348228284, 0.006386805091528281, 0.005578149934076493, 0.006515598734240519, 0.005769430812828444, 0.003284405983805089, 0.006380025956304402, 0.006190666108502744, 0.00680433214515561, 0.006378382129251013, 0.004163585889870813, 0.0069646837665946785, 0.00628439103576438, 0.004329910286886287, 0.005389186913318311, 0.004118216463114459, 0.00414006406206169, 0.004245248490014789, 0.004972045315937912, 0.0018622407846369037, 0.0035440037828260345, 0.006369707460725204, 0.005232220327926052, 0.0038159470672158823, 0.006577980340444569, 0.00508889915028098, 0.003833551188488266, 0.003079432032999696, 0.0056389152547313285, 0.00671407580929914, 0.008440226184787044, 0.005164928873733107, 0.004361109195005484, 0.0047571601772620885, 0.005756343759665645, 0.005748462202181778, 0.005208921745930491, 0.005742672752439196, 0.0038874745437235793, 0.0035496133822260556, 0.00527150453115944, 0.005646260556642033, 0.0037655808849821433, 0.005504362564900291, 0.005376489067890898, 0.005703355294876547, 0.004304097745220393, 0.005142922870134283, 0.0048812910748803244, 0.005158998511138059, 0.0030961449660309617, 0.004584566032295879, 0.006105730860835422, 0.004518552947350261, 0.004008334453704311, 0.0059982844161998545, 0.005575219409982766, 0.005025499208147889, 0.0032536074188651543, 0.004236982318619065, 0.005067573444621133, 0.006009352324350323, 0.0032720337422722403, 0.0027631460662727683, 0.006325227900882179, 0.006074786394769261, 0.0065899296761351926, 0.004121609179599677, 0.005735369249456212, 0.006026701651576676, 0.004915967129178041, 0.005959219379204805, 0.0046407297911486255, 0.005092014410260745, 0.004456262751964352, 0.004822435722634163, 0.004109053376024901, 0.007115424438329386, 0.00639661017218933, 0.004230945018508881, 0.007545733556902734, 0.004981387653199756, 0.007061324591327398, 0.005501590431371212, 0.004804375751525916, 0.004406736436259315, 0.004789798942067958, 0.004434971629263365, 0.0053846552256327125, 0.00397076382140626, 0.004112658151004635, 0.0051761513936491544, 0.007703023160990898, 0.0054465025908546965, 0.005232044006980712, 0.004312964624258316, 0.0035050173717833797, 0.007150446689989043, 0.0035836867920579682, 0.004019870934821547, 0.004814574625279106, 0.0028349448642312394, 0.006792247850453809, 0.0050105072076516936, 0.003887730689776336, 0.005681720354192359, 0.0026288117358062657, 0.003959636516930582, 0.007866855827120087, 0.005319233666196385, 0.005643605058829306, 0.005887703012833294, 0.004647167093290118, 0.003833715262468117, 0.002372085487396197, 0.005410573494636306, 0.0071437947952269695, 0.0016545316729934209, 0.004377247347126149, 0.004988580404074546, 0.006038686633683729, 0.006700273606379082, 0.0043620426793172275, 0.005362519705974083, 0.002985636440427766, 0.0032567816862261144, 0.004983161545689961, 0.005857405243710918, 0.0022020162042298264, 0.005375503911383009],