{"n_items": 200, "weights": [0.004592038579858055, 0.0064680716460427945, 0.0035984462129245776, 0.006238304607933135, 0.004272672451818736, 0.006872960683016912, 0.007167320827129466, 0.004895203202206368, 0.004181042604739085, 0.004137826145086672, 0.00827705053372935, 0.0026596001047142163, 0.005227239207535969, 0.00451608296328496, 0.004706080221455575, 0.004380891665631739, 0.007084724332618345, 0.004532141073353427, 0.0038979971347586177, 0.005403884234557416, 0.005406915912093501, 0.0038143267861072473, 0.004484182686618276, 0.005466974512122078, 0.005576375014741182, 0.003070748907600221, 0.004805311888548583, 0.004688803155119959, 0.00402484343644516, 0.004910997837991241, 0.006153705702491652, 0.006369018469746133, 0.0034378901562583746, 0.0027355339462731693, 0.005663406774419512, 0.003581484597823492, 0.006699110302733959, 0.0037037960253387793, 0.007019493932345896, 0.006477986018777207, 0.005519132250775741, 0.004486647146491186, 0.0053480445623560685, 0.006248355304847337, 0.004416787298153393, 0.005429931537152879, 0.00477821804174057, 0.0041609346744190135, 0.0043626949329617646, 0.004815434528766065, 0.003629891225279441, 0.004193815258308398, 0.005635833731696494, 0.007526169362832807, 0.005550224309292967, 0.006663283021123708, 0.0046512100140358986, 0.004400729902312646, 0.0046398018348840385, 0.00405661558903409, 0.005193977414890382, 0.006656692652019756, 0.0061538464068808234, 0.005671153803713402, 0.005244507492209438, 0.007358972045964031, 0.006543160829373127, 0.0065273197264448125, 0.005994324678378037, 0.00430595834278619, 0.004518471847919224, 0.004935656835876088, 0.0034087232867440584, 0.004451609980393036, 0.0054450254247540904, 0.0028268006889312484, 0.00600828999582517, 0.0050536026397210105, 0.003555067807453275, 0.006636426449544804, 0.00445205870051981, 0.004890255015864733, 0.007080704551990494, 0.005137428866640903, 0.005649187092552177, 0.004366516049038027, 0.008112920288483774, 0.0026574259227803566, 0.005097698675929661, 0.006657979459596053, 0.004522750104615437, 0.0032238959990614213, 0.006397817402475802, 0.005975222681693791, 0.004975222002567953, 0.006109522207216678, 0.0038764826359448494, 0.0057456979397678114, 0.005294841382594485, 0.004940753509169758, 0.0034744089622304364, 0.003925759763263214, 0.0035910739428229297, 0.004726183598351475, 0.005425459792391699, 0.004938424457521301, 0.004480883839154085, 0.0050966207327393445, 0.003317773664187078, 0.005533006622172285, 0.005709279518732584, 0.004031993609388311, 0.0056871706746688434, 0.0047847532053814645, 0.004129069366613669, 0.0036193266034151355, 0.004116693117981124, 0.005559417245610933, 0.006835409235088243, 0.0034956965917970822, 0.005753785717306708, 0.006351022215050321, 0.00676882506707921, 0.0027858186636347437, 0.004004349365507469, 0.0050335256910126564, 0.003447472072971054, 0.005732477857014722, 0.003658404250038997, 0.0060806572302317145, 0.004304536608347507, 0.004844988944729264, 0.004326401743366897, 0.0039593788483635595, 0.005491080557364504, 0.004772672189182868, 0.007540273508363844, 0.00489826487381487, 0.003401041681947959, 0.003565381198818748, 0.006231269420485089, 0.0037241934725623354, 0.004956022927624828, 0.0035120344275458683, 0.007105218025273034, 0.006059415429663001, 0.00631352145334677, 0.006401981360770444, 0.004740303843815217, 0.006376509257752686, 0.004956805710666676, 0.005801957008833705, 0.0039079222495339485, 0.007415369817683341, 0.005386066755166271, 0.005600133267527429, 0.0036388509994177563, 0.0042216395528389215, 0.0049406021421674225, 0.005362238939787684, 0.006870884561039068, 0.004084456831001032, 0.004896502937265895, 0.003974991280958635, 0.005280809962991969, 0.00656941596350643, 0.005262065428508874, 0.0026967395537174756, 0.004105048021822522, 0.003657008560533087, 0.004010745352389624, 0.004842583503009816, 0.0035317617785039965, 0.0048481539338544695, 0.005753458027567747, 0.004910097765343889, 0.005467755924455432, 0.005407047548652424, 0.005804984726515367, 0.004434936126266231, 0.0056273913432595525, 0.005681527628463687, 0.004490304642366214, 0.005346146449467495, 0.005195747690417118, 0.003242463796360682, 0.004136555101013207, 0.002750441203307683, 0.008497170460083593, 0.0045410073000264495, 0.004844862087696375, 0.0029677267110158217, 0.002968289839201907, 0.005786935651213223, 0.005056913075450756, 0.006665059430713266, 0.004727634054951949, 0.004329840928274603, 0.005742551784858145, 0.0017729562830514653],