{"n_items": 400, "weights": [0.0020421212474233345, 0.0023090480417156303, 0.0020820006500219972, 0.0034339866834719713, 0.0026224298005198456, 0.003387056401375507, 0.002419717865828902, 0.002172222458635689, 0.004047373647816038, 0.0016692923183899656, 0.002901556698139689, 0.0026107526280811713, 0.0014192261623888452, 0.00266227185216577, 0.0029555063962700594, 0.0016315137464737344, 0.0025735754908652554, 0.0022842402003525287, 0.002077102211536677, 0.000694980882603648, 0.002364086425472171, 0.002410436354011417, 0.0018954212398097602, 0.002824948463246241, 0.0024958811359871253, 0.003606650175833472, 0.002417578279138841, 0.0025507815535863085, 0.003117820608750372, 0.002133798155432525, 0.0033880390601316273, 0.0024962966412617736, 0.0017837827161708173, 0.002221715999891487, 0.0020628976851092408, 0.0022897742208267268, 0.0027981019855695738, 0.0023457961120505744, 0.0022895907113740107, 0.0012840375364119808, 0.0018380390136509043, 0.0027768670708278455, 0.002710674550453649, 0.0017625481908586048, 0.002825939341095224, 0.002438747076876086, 0.0019503683388168167, 0.002414876844121711, 0.0025951809249505804, 0.003199990574684533, 0.0016035168186619693, 0.001955725156059709, 0.002682272759695431, 0.0029188090026102016, 0.0017410679351449983, 0.0031117360295918202, 0.002937338992508384, 0.002965269269177441, 0.0018492701074876157, 0.0028453846466533358, 0.0024339305727712505, 0.003128607882301923, 0.00219079566083026, 0.0012166541612733442, 0.002687368014216655, 0.0020871181715913954, 0.0026429144163483344, 0.0035111665438414164, 0.0023082107498762572, 0.002812923171272313, 0.0029096499168338756, 0.0030537811540141996, 0.0020235664199312045, 0.002641535528382378, 0.0024825625851600344, 0.0032974953914222103, 0.0017829257615544587, 0.0020116507455579615, 0.002434163998745172, 0.00326494110887596, 0.0028386278976390497, 0.0028882059106916406, 0.002445724446675655, 0.0028663801150109955, 0.0019226433859431103, 0.0019138088143806102, 0.002288983997463484, 0.002814393340468475, 0.001544035450821113, 0.003044093346815022, 0.002588948367305468, 0.0026881469561372113, 0.002342383691512932, 0.002302080141152947, 0.002390874158385885, 0.003568941958752547, 0.003259811633351158, 0.0023439118483424394, 0.0030193487372884315, 0.0025426008384284615, 0.0015142537692341236, 0.0038885381880570135, 0.0021149158059008003, 0.0037233441843644043, 0.0029088266957402274, 0.0031030899480453174, 0.0037442960542799033, 0.0022944540001766105, 0.0034045210100361665, 0.0020186671511614996, 0.0027212179131255692, 0.002609514969280303, 0.0035179737867105055, 0.002437900025204938, 0.0018164989383597594, 0.002675782495526032, 0.0030249871421910005, 0.003072165812233065, 0.0018181248160182815, 0.001723199238846759, 0.00234570385607218, 0.002528895495709672, 0.0025057674770682446, 0.0028000431298698314, 0.0026734085823888615, 0.002492000841960928, 0.001393257205194411, 0.0027794843095846453, 0.0031380391438746505, 0.001475411907391021, 0.001622668712487709, 0.001983636782857435, 0.002081029416337572, 0.002074469457556068, 0.0023997698555790832, 0.002377009372097437, 0.0027656374601743396, 0.0024229500195501155, 0.00272050565699818, 0.0020475847155103375, 0.002675528933493676, 0.0032884124546904763, 0.00315051372548512, 0.0033952558385965826, 0.0022911351138993666, 0.002830809513332469, 0.0034008858365132057, 0.0018211677420586043, 0.0033234214834561653, 0.0018349173214535347, 0.002112945727856104, 0.0014528273619804249, 0.0030389032159444064, 0.0024557730269231647, 0.002728445092555621, 0.0025528191304080034, 0.0022181091261354777, 0.0017096018430031695, 0.003096855074414686, 0.0019203858945663977, 0.0027521345488787288, 0.0021565848578395477, 0.004072923313235021, 0.0024572557366229616, 0.00294821934389922, 0.0028421463567518124, 0.002406719640964843, 0.0031924073227334623, 0.002165306756966063, 0.0019816013927479387, 0.0025535424560243496, 0.001450861053945386, 0.0029629829633956288, 0.001554531183419046, 0.0017134505214353763, 0.0018284698778740732, 0.002323704358201944, 0.0036108653576607513, 0.002900376190108611, 0.002965374354385187, 0.002368157159040318, 0.0028230699922976088, 0.0024646498214973664, 0.0038434320867076297, 0.002644356401145885, 0.0018928626119311734, 0.0024987042679587047, 0.001583240876327666, 0.002050789084489254, 0.003062505619762624, 0.0038796057527320247, 0.0018991392362803859, 0.0027599026114692696, 0.00286618727803191, 0.0029457067861854455, 0.0026378852371110664, 0.0026674552573657836, 0.0023459242953745105, 0.0031227204539907047, 0.0016339217188089787, 0.0022268422939024602, 0.002497175083173193, 0.0022207771303463884, 0.0022897834044127126, 0.003477889044621155, 0.0017820697572583223, 0.004266799180992169, 0.0029015399321696425, 0.00182965794904697, 0.0028490050574080127, 0.0022509574804221322, 0.0033259165941250017, 0.00244460142132933, 0.0026109009016500383, 0.0022849625339477226, 0.0037400902750287595, 0.0019982026202244236, 0.0018584169895969867, 0.003258243590087774, 0.002135032954954506, 0.0017866779983798915, 0.004084210652117359, 0.0018704860331826552, 0.0020122398382346903, 0.002092141249440821, 0.002429289932713882, 0.0030893104174209815, 0.0018472006813708267, 0.003141287585535277, 0.002888615224747477, 0.002499400310427866, 0.0038934953058934667, 0.0020085630815944774, 0.002669122422665098, 0.004035798012405659, 0.0031365995945053975, 0.003176973973726527, 0.0025797064897499825, 0.002184125153699975, 0.0020849068139663363, 0.0026706319067278214, 0.0024311490919186603, 0.0023800073529089746, 0.002045627889055563, 0.0022727552679497284, 0.0027420806364845344, 0.0026288018796337825, 0.002206602380391365, 0.0022020570316908282, 0.0024746856387372787, 0.0009772643624280644, 0.0025079768184215934, 0.0029946225220733973, 0.0025686717397047365, 0.001462390393727789, 0.0032471004668435098, 0.0024844877543840674, 0.003112255701848124, 0.0014161647709866655, 0.002035912155103953, 0.0011919377173101318, 0.0037009239467151902, 0.00212235885958208, 0.003110087608385737, 0.0023446227125337236, 0.002533090754549378, 0.0015806873198350878, 0.0021906277609185735, 0.0015872156518153433, 0.002500374679485719, 0.0020956600082476335, 0.0033656132758042205, 0.0018642179199660984, 0.0019009196881011482, 0.0018824256725828794, 0.00296967563549237, 0.0022885753909362345, 0.0019809148167643583, 0.0022416912305943176, 0.0011339344372207007, 0.00245130939797812, 0.0013953321857685533, 0.002150941211869453, 0.0027568593825718535, 0.0024810986649993617, 0.0025405750472807607, 0.003133715517721614, 0.002454135942818976, 0.002582654590431108, 0.003372912932072242, 0.003320824304128374, 0.002535910315571547, 0.002876170629222658, 0.002607898149311113, 0.00234540535059893, 0.00238854393832355, 0.0034418691844678826, 0.0028104190205586735, 0.0017975041645538433, 0.0016515446264133878, 0.002822298118795838, 0.0026788901582588147, 0.0016028281426542664, 0.001187654637148339, 0.0023412076659186207, 0.001595887935833114, 0.0023090053422919693, 0.002937395143580551, 0.0018913749675325002, 0.0028617075718859095, 0.001777770759384423, 0.0036773116355314204, 0.003452765235792403, 0.002564482134391878, 0.0022660421576184897, 0.0029678093399750816, 0.0019323345833955304, 0.0022657709704040287, 0.0017288869016763618, 0.0018758002214203527, 0.0024916037547503536, 0.0032980388248313804, 0.0027176937734511636, 0.0024700273073002084, 0.001898878859893798, 0.0016829836135275093, 0.0029037048948176505, 0.0023950879825290487, 0.003853660700733493, 0.0017650496025308395, 0.0023950837116322008, 0.001987654852035891, 0.0029117143895906208, 0.0026567348989429045, 0.002719118929673732, 0.002413626277742722, 0.0026360301710796038, 0.0029583808228278467, 0.0013616532811366376, 0.0033452273182685665, 0.0021404363875744833, 0.0025527942678064248, 0.0026072893490142884, 0.0034465351587406722, 0.003094720828647227, 0.0021390613188770487, 0.002808592942874589, 0.002115169064073323, 0.0015652344498499773, 0.0025315906729811715, 0.001750719815078907, 0.001990350726683337, 0.0024449516788358494, 