{"n_items": 400, "weights": [0.0023009203681472294, 0.001800720288115223, 0.002501000400160032, 0.0023009203681472294, 0.003201280512204841, 0.003601440576230446, 0.003001200480192039, 0.00310124049619844, 0.003201280512204841, 0.003601440576230446, 0.003601440576230446, 0.004601840736294459, 0.0039015606242496503, 0.003501400560224045, 0.004701880752300861, 0.005202080832332867, 0.004801920768307262, 0.0058023209283712745, 0.005702280912364873, 0.006802721088435287, 0.006302521008403281, 0.0043017206882752556, 0.006302521008403281, 0.006702681072428886, 0.0075030012004800965, 0.00550220088035207, 0.0075030012004800965, 0.007703081232492899, 0.008803521408563313, 0.007803121248499301, 0.007703081232492899, 0.006702681072428886, 0.00700280112044809, 0.009903961584633728, 0.0074029611844736954, 0.009003601440576115, 0.008203281312524905, 0.008403361344537709, 0.008703481392556911, 0.006402561024409682, 0.00850340136054411, 0.008103241296518505, 0.008203281312524905, 0.008403361344537709, 0.008403361344537709, 0.008003201280512103, 0.007302921168467294, 0.007703081232492899, 0.007603041216486498, 0.007202881152460892, 0.008203281312524905, 0.006702681072428886, 0.008403361344537709, 0.006602641056422485, 0.006002400960384078, 0.007903161264505701, 0.008003201280512103, 0.007102841136454491, 0.006402561024409682, 0.006002400960384078, 0.006102440976390479, 0.005302120848339268, 0.005602240896358472, 0.006602641056422485, 0.007102841136454491, 0.006802721088435287, 0.005302120848339268, 0.0043017206882752556, 0.005202080832332867, 0.005902360944377676, 0.003601440576230446, 0.003001200480192039, 0.003501400560224045, 0.00310124049619844, 0.0043017206882752556, 0.003601440576230446, 0.004001600640256051, 0.003201280512204841, 0.002801120448179236, 0.0034013605442176436, 0.0027010804321728346, 0.002400960384153631, 0.0022008803521408283, 0.0020008003201280257, 0.002501000400160032, 0.0017006802721088218, 0.002400960384153631, 0.0008003201280512102, 0.0006002400960384077, 0.0017006802721088218, 0.0013005202080832168, 0.0010004001600640129, 0.0009003601440576115, 0.0011004401760704142, 0.0012004801920768155, 0.0011004401760704142, 0.00020008003201280256, 0.0008003201280512102, 0.0004001600640256051, 0.0004001600640256051, 0.0004001600640256051, 0.0005002000800320064, 0.00020008003201280256, 0.00010004001600640128, 0.00030012004801920387, 0.00020008003201280256, 0.0004001600640256051, 0.00010004001600640128, 1.0004001600640128e-16, 0.00010004001600640128, 0.00010004001600640128, 0.00030012004801920387, 0.00020008003201280256, 0.00030012004801920387, 1.0004001600640128e-16, 1.0004001600640128e-16, 0.00010004001600640128, 0.00010004001600640128, 1.0004001600640128e-16, 0.00020008003201280256, 0.00010004001600640128, 0.00020008003201280256, 1.0004001600640128e-16, 0.00010004001600640128, 1.0004001600640128e-16, 0.00010004001600640128, 1.0004001600640128e-16, 1.0004001600640128e-16, 1.0004001600640128e-16, 0.00010004001600640128, 1.0004001600640128e-16, 1.0004001600640128e-16, 1.0004001600640128e-16, 1.0004001600640128e-16, 1.0004001600640128e-16, 1.0004001600640128e-16, 1.0004001600640128e-16, 1.0004001600640128e-16, 1.0004001600640128e-16, 1.0004001600640128e-16, 1.0004001600640128e-16, 1.0004001600640128e-16, 1.0004001600640128e-16, 1.0004001600640128e-16, 1.0004001600640128e-16, 1.0004001600640128e-16, 1.0004001600640128e-16, 1.0004001600640128e-16, 1.0004001600640128e-16, 1.0004001600640128e-16, 1.0004001600640128e-16, 1.0004001600640128e-16, 1.0004001600640128e-16, 1.0004001600640128e-16, 1.0004001600640128e-16, 1.0004001600640128e-16, 1.0004001600640128e-16, 1.0004001600640128e-16, 1.0004001600640128e-16, 1.0004001600640128e-16, 1.0004001600640128e-16, 1.0004001600640128e-16, 1.0004001600640128e-16, 1.0004001600640128e-16, 1.0004001600640128e-16, 1.0004001600640128e-16, 1.0004001600640128e-16, 1.0004001600640128e-16, 1.0004001600640128e-16, 1.0004001600640128e-16, 1.0004001600640128e-16, 1.0004001600640128e-16, 1.0004001600640128e-16, 1.0004001600640128e-16, 1.0004001600640128e-16, 1.0004001600640128e-16, 1.0004001600640128e-16, 1.0004001600640128e-16, 1.0004001600640128e-16, 1.0004001600640128e-16, 1.0004001600640128e-16, 1.0004001600640128e-16, 1.0004001600640128e-16, 1.0004001600640128e-16, 1.0004001600640128e-16, 1.0004001600640128e-16, 1.0004001600640128e-16, 1.0004001600640128e-16, 1.0004001600640128e-16, 1.0004001600640128e-16, 1.0004001600640128e-16, 1.0004001600640128e-16, 1.0004001600640128e-16, 1.0004001600640128e-16, 1.0004001600640128e-16, 1.0004001600640128e-16, 1.0004001600640128e-16, 1.0004001600640128e-16, 1.0004001600640128e-16, 1.0004001600640128e-16, 1.0004001600640128e-16, 1.0004001600640128e-16, 1.0004001600640128e-16, 1.0004001600640128e-16, 1.0004001600640128e-16, 1.0004001600640128e-16, 1.0004001600640128e-16, 1.0004001600640128e-16, 1.0004001600640128e-16, 1.0004001600640128e-16, 1.0004001600640128e-16, 1.0004001600640128e-16, 1.0004001600640128e-16, 1.0004001600640128e-16, 1.0004001600640128e-16, 1.0004001600640128e-16, 1.0004001600640128e-16, 1.0004001600640128e-16, 1.0004001600640128e-16, 1.0004001600640128e-16, 1.0004001600640128e-16, 1.0004001600640128e-16, 1.0004001600640128e-16, 0.00010004001600640128, 1.0004001600640128e-16, 1.0004001600640128e-16, 1.0004001600640128e-16, 1.0004001600640128e-16, 1.0004001600640128e-16, 1.0004001600640128e-16, 1.0004001600640128e-16, 1.0004001600640128e-16, 0.00010004001600640128, 0.00010004001600640128, 1.0004001600640128e-16, 1.0004001600640128e-16, 1.0004001600640128e-16, 1.0004001600640128e-16, 1.0004001600640128e-16, 1.0004001600640128e-16, 1.0004001600640128e-16, 1.0004001600640128e-16, 1.0004001600640128e-16, 0.00020008003201280256, 1.0004001600640128e-16, 1.0004001600640128e-16, 0.00020008003201280256, 1.0004001600640128e-16, 0.00020008003201280256, 1.0004001600640128e-16, 0.00020008003201280256, 0.00010004001600640128, 0.00010004001600640128, 0.00010004001600640128, 0.00020008003201280256, 1.0004001600640128e-16, 1.0004001600640128e-16, 0.00020008003201280256, 0.00010004001600640128, 0.0005002000800320064, 0.00020008003201280256, 0.00030012004801920387, 0.0004001600640256051, 0.00020008003201280256, 0.0004001600640256051, 0.0006002400960384077, 0.0006002400960384077, 0.0004001600640256051, 0.0009003601440576115, 0.0006002400960384077, 0.0005002000800320064, 0.0009003601440576115, 0.0006002400960384077, 0.0009003601440576115, 0.001400560224089618, 0.0006002400960384077, 0.0012004801920768155, 0.0013005202080832168, 0.001400560224089618, 0.0013005202080832168, 0.001800720288115223, 0.0022008803521408283, 0.0021008403361344272, 0.0017006802721088218, 0.002400960384153631, 0.0026010404161664336, 0.0021008403361344272, 0.0020008003201280257, 0.00310124049619844, 0.0026010404161664336, 0.0023009203681472294, 0.0037014805922368477, 0.003801520608243249, 0.0039015606242496503, 0.00310124049619844, 0.003801520608243249, 0.0037014805922368477, 0.0043017206882752556, 0.005402160864345669, 0.0041016406562624525, 0.005102040816326466, 0.00550220088035207, 0.006102440976390479, 0.006902761104441689, 0.006102440976390479, 0.006002400960384078, 0.005902360944377676, 0.006302521008403281, 0.005102040816326466, 0.006102440976390479, 0.006302521008403281, 0.007202881152460892, 0.006802721088435287, 0.0074029611844736954, 0.006702681072428886, 0.007803121248499301, 0.007102841136454491, 0.006802721088435287, 0.007302921168467294, 0.008703481392556911, 0.008803521408563313, 0.0074029611844736954, 0.008103241296518505, 0.0075030012004800965, 0.007703081232492899, 0.009203681472588918, 0.008703481392556911, 0.006702681072428886, 0.00700280112044809, 0.007803121248499301, 0.00850340136054411, 0.006802721088435287, 0.008803521408563313, 0.007202881152460892, 0.007102841136454491, 0.007803121248499301, 0.007803121248499301, 0.006002400960384078, 0.005102040816326466, 0.006802721088435287, 0.006302521008403281, 0.006102440976390479, 0.006902761104441689, 0.006402561024409682, 0.006702681072428886, 