{"n_items": 200, "weights": [1.0245901639344153e-16, 1.0245901639344153e-16, 1.0245901639344153e-16, 1.0245901639344153e-16, 1.0245901639344153e-16, 1.0245901639344153e-16, 1.0245901639344153e-16, 1.0245901639344153e-16, 1.0245901639344153e-16, 1.0245901639344153e-16, 1.0245901639344153e-16, 1.0245901639344153e-16, 1.0245901639344153e-16, 1.0245901639344153e-16, 1.0245901639344153e-16, 1.0245901639344153e-16, 1.0245901639344153e-16, 1.0245901639344153e-16, 1.0245901639344153e-16, 1.0245901639344153e-16, 1.0245901639344153e-16, 1.0245901639344153e-16, 1.0245901639344153e-16, 1.0245901639344153e-16, 1.0245901639344153e-16, 1.0245901639344153e-16, 1.0245901639344153e-16, 1.0245901639344153e-16, 1.0245901639344153e-16, 1.0245901639344153e-16, 1.0245901639344153e-16, 1.0245901639344153e-16, 1.0245901639344153e-16, 1.0245901639344153e-16, 1.0245901639344153e-16, 1.0245901639344153e-16, 1.0245901639344153e-16, 1.0245901639344153e-16, 1.0245901639344153e-16, 1.0245901639344153e-16, 1.0245901639344153e-16, 1.0245901639344153e-16, 1.0245901639344153e-16, 1.0245901639344153e-16, 1.0245901639344153e-16, 1.0245901639344153e-16, 1.0245901639344153e-16, 1.0245901639344153e-16, 1.0245901639344153e-16, 1.0245901639344153e-16, 1.0245901639344153e-16, 1.0245901639344153e-16, 1.0245901639344153e-16, 1.0245901639344153e-16, 1.0245901639344153e-16, 1.0245901639344153e-16, 1.0245901639344153e-16, 1.0245901639344153e-16, 1.0245901639344153e-16, 1.0245901639344153e-16, 1.0245901639344153e-16, 1.0245901639344153e-16, 1.0245901639344153e-16, 1.0245901639344153e-16, 1.0245901639344153e-16, 1.0245901639344153e-16, 1.0245901639344153e-16, 1.0245901639344153e-16, 1.0245901639344153e-16, 1.0245901639344153e-16, 1.0245901639344153e-16, 1.0245901639344153e-16, 1.0245901639344153e-16, 1.0245901639344153e-16, 1.0245901639344153e-16, 1.0245901639344153e-16, 1.0245901639344153e-16, 1.0245901639344153e-16, 1.0245901639344153e-16, 1.0245901639344153e-16, 1.0245901639344153e-16, 1.0245901639344153e-16, 1.0245901639344153e-16, 1.0245901639344153e-16, 1.0245901639344153e-16, 1.0245901639344153e-16, 1.0245901639344153e-16, 1.0245901639344153e-16, 1.0245901639344153e-16, 0.00010245901639344154, 1.0245901639344153e-16, 0.00010245901639344154, 1.0245901639344153e-16, 1.0245901639344153e-16, 1.0245901639344153e-16, 1.0245901639344153e-16, 1.0245901639344153e-16, 1.0245901639344153e-16, 0.00010245901639344154, 1.0245901639344153e-16, 1.0245901639344153e-16, 1.0245901639344153e-16, 0.00010245901639344154, 1.0245901639344153e-16, 1.0245901639344153e-16, 1.0245901639344153e-16, 0.00010245901639344154, 1.0245901639344153e-16, 0.00020491803278688308, 0.00010245901639344154, 0.00020491803278688308, 0.00010245901639344154, 0.00020491803278688308, 0.0003073770491803246, 0.00040983606557376615, 0.00010245901639344154, 0.0003073770491803246, 0.00020491803278688308, 0.00040983606557376615, 0.0008196721311475323, 0.0003073770491803246, 0.00010245901639344154, 0.0003073770491803246, 0.0010245901639344154, 0.0007172131147540907, 0.0011270491803278568, 0.0006147540983606492, 0.0010245901639344154, 0.00133196721311474, 0.0012295081967212984, 0.0016393442622950646, 0.00133196721311474, 0.0014344262295081815, 0.00266393442622948, 0.0022540983606557136, 0.0024590163934425967, 0.0032786885245901292, 0.0022540983606557136, 0.0029713114754098043, 0.0032786885245901292, 0.004200819672131103, 0.0032786885245901292, 0.003790983606557337, 0.0029713114754098043, 0.004508196721311427, 0.005430327868852401, 0.005122950819672077, 0.004918032786885193, 0.0066598360655737, 0.0071721311475409074, 0.0062499999999999336, 0.007991803278688439, 0.006762295081967141, 0.009016393442622854, 0.007581967213114674, 0.011475409836065452, 0.010450819672131037, 0.009938524590163828, 0.012397540983606426, 0.011475409836065452, 0.01065573770491792, 0.0133196721311474, 0.012807377049180191, 0.014241803278688374, 0.013114754098360517, 0.01618852459016376, 0.012192622950819543, 0.01731557377049162, 0.017213114754098178, 0.017213114754098178, 0.017213114754098178, 0.016290983606557206, 0.020184426229507984, 0.022438524590163697, 0.025204918032786617, 0.020491803278688308, 0.02151639344262272, 0.021106557377048956, 0.02336065573770467, 0.021926229508196487, 0.02141393442622928, 0.02274590163934402, 0.024180327868852203, 0.025204918032786617, 0.02807377049180298, 0.025614754098360382, 0.025717213114753824, 0.02397540983606532, 0.022950819672130904, 0.027766393442622654, 0.023668032786884993, 0.024897540983606293, 0.024385245901639086, 0.0266393442622948, 0.026331967213114475, 0.021926229508196487, 0.027254098360655447, 0.023668032786884993, 0.022950819672130904, 1.0245901639344153e-16], "profits": [1.0, 1.0, 1.0, 1.0, 1.0, 1.0, 1.0, 1.0, 1.0, 1.0, 1.0, 1.0, 1.0, 1.0, 1.0, 1.0, 1.0, 1.0, 1.0, 1.0, 1.0, 1.0, 1.0, 1.0, 1.0, 1.0, 1.0, 1.0, 1.0, 1.0, 1.0, 1.0, 1.0, 1.0, 1.0, 1.0, 1.0, 1.0, 1.0, 1.0, 1.0, 1.0, 1.0, 1.0, 1.0, 1.0, 1.0, 1.0, 1.0, 1.0, 1.0, 1.0, 1.0, 1.0, 1.0, 1.0, 1.0, 1.0, 1.0, 1.0, 1.0, 1.0, 1.0, 1.0, 1.0, 1.0, 1.0, 1.0, 1.0, 1.0, 1.0, 1.0, 1.0, 1.0, 1.0, 1.0, 1.0, 1.0, 1.0, 1.0, 1.0, 1.0, 1.0, 1.0, 1.0, 1.0, 1.0, 1.0, 1.0, 1.0, 1.0, 1.0, 1.0, 1.0, 1.0, 1.0, 1.0, 1.0, 1.0, 1.0, 1.0, 1.0, 1.0, 1.0, 1.0, 1.0, 1.0, 1.0, 1.0, 1.0, 1.0, 1.0, 1.0, 1.0, 1.0, 1.0, 1.0, 1.0, 1.0, 1.0, 1.0, 1.0, 1.0, 1.0, 1.0, 1.0, 1.0, 1.0, 1.0, 1.0, 1.0, 1.0, 1.0, 1.0, 1.0, 1.0, 1.0, 1.0, 1.0, 1.0, 1.0, 1.0, 1.0, 1.0, 1.0, 1.0, 1.0, 0.1, 1.0, 1.0, 1.0, 0.1, 1.0, 1.0, 1.0, 1.0, 1.0, 1.0, 1.0, 1.0, 1.0, 1.0, 1.0, 1.0, 1.0, 1.0, 1.0, 1.0, 1.0, 1.0, 1.0, 1.0, 1.0, 1.0, 1.0, 1.0, 1.0, 1.0, 1.0, 1.0, 1.0, 1.0, 1.0, 1.0, 1.0, 1.0, 1.0, 1.0, 1.0, 1.0, 1.0, 1.0, 1.0, 1.0, 1.0, 1.0, 1.0, 1.0, 1.0, 1.0], "min_weight": 0.95, "max_distance": 3}