{"n_items": 600, "weights": [0.0009550549285522728, 0.0017252657187924044, 0.0021813706866183457, 0.0019625794999512452, 0.0020518180976983507, 0.0009372469332552422, 0.001550669065530272, 0.001338608008432328, 0.001954771985850187, 0.0016222861326822074, 0.0017241802404235577, 0.0012585154019698278, 0.0026332864193476984, 0.002271564850850565, 0.0018673336887060881, 0.0006184195795900465, 0.0019232159976978165, 0.0008279186520589409, 0.0024373818049531182, 0.001786008321706167, 0.002142148264977215, 0.0013980841053728497, 0.0012711565754656609, 0.0021619788542959423, 0.0020641677247729855, 0.0015287946975473933, 0.0011193553648366126, 0.0022867511311702245, 0.0019096534845781741, 0.002063161749200978, 0.002282336332226518, 0.002222333282718135, 0.0012858846408125542, 0.0016938534420812498, 0.0017098414927550494, 0.0017552205206951238, 0.0018684105463014885, 0.0010881146427943226, 0.0013942954423503437, 0.0015554610622531195, 0.002123845261897569, 0.001510205583266366, 0.002003491123342041, 0.0021419774179173073, 0.001625298963058252, 0.001940837285163658, 0.0019052334303308785, 0.0017996776833178463, 0.0013029184535208107, 0.0010609922469633657, 0.0018863806224781675, 0.001771430386313614, 0.0015437919924046536, 0.0013405703517101776, 0.002005280037063225, 0.0016822309778380476, 0.0012588677414934353, 0.0015799140737328078, 0.0026263075521151106, 0.001323543105855316, 0.0014383633855796633, 0.0016538562610792715, 0.001974249839753965, 0.001935701213986501, 0.002198232178218624, 0.0017631981964601887, 0.0022873242926910948, 0.000865280790622728, 0.0019743042191792777, 0.0016478287242721885, 0.0017920722977951052, 0.0016652040900607605, 0.001583823813354657, 0.0022131662930541095, 0.001005530457577987, 0.0018018737108660516, 0.0018143298114615344, 0.0022950932865365052, 0.001161581496474661, 0.0021715389248023764, 0.0026995000025754152, 0.0014449486988058003, 0.0021079126650004687, 0.0012658425956156947, 0.0015907033213630076, 0.001984241929474754, 0.0024238083358196104, 0.0010651795877118617, 0.002574629961220673, 0.0017559080692357344, 0.0014943169486315183, 0.0015336872797704559, 0.001720359502761636, 0.0011648808854629752, 0.0015300350543201802, 0.001117798872863858, 0.0014049036537961486, 0.0019235468246208065, 0.0016680078839403055, 0.0012616767235097471, 0.001583001029680903, 0.0012740096206822838, 0.0012773405356446413, 0.0018294206737712517, 0.001179631637950167, 0.0014127311989872728, 0.001790159614065733, 0.0016609852220031613, 0.00224015191086752, 0.0021192425029845836, 0.0022346034946239116, 0.0011648759055600743, 0.0018948163503117754, 0.0014605452890965912, 0.0016506755812111292, 0.0011536480258795053, 0.0011669127362777018, 0.0012002507027962927, 0.0019377150966446983, 0.0017771929441224943, 0.0018496884772299575, 0.0011412879039595172, 0.0008307935403511792, 0.00201583219473228, 0.0016098633191109668, 0.0023108228748813004, 0.0022018917640322143, 0.0017195886486166445, 0.00199955534061628, 0.002102044155797368, 0.0010871877213690002, 0.001952074626683593, 0.0024780858557617337, 0.0016422998910902722, 0.0025209048835349007, 0.002370606629082054, 0.001578030126713475, 0.0017130141310135508, 0.000715487467048962, 0.0013713294225261119, 0.0015183013035411097, 0.002041455186767944, 0.0018447112276747512, 0.0013003854275480762, 0.0020246868350880863, 0.0024741013154060383, 0.0017752931598971754, 0.0018533874364563383, 0.0018075798429356888, 0.0012254369081993505, 0.0014858646266192328, 0.001657386715791891, 0.0018671901799403943, 0.0011652558464167772, 0.0017770305267451598, 0.0018797967657534916, 0.0019454024403598, 0.0022941047138331297, 0.0011333134636703408, 0.0010055667171149976, 0.0008214671163249007, 0.0017208758963211713, 0.0017080429909753854, 0.002375747040773637, 0.0010450089351211251, 0.0012787604340967348, 0.001712636770728616, 0.0012181468374207398, 0.00164410241583031, 0.0023670855628357356, 0.002518145432024236, 0.001691417728858771, 0.00159999793380345, 0.000867737044646994, 0.0016396292374880207, 0.0014517488307172516, 0.002255835257634823, 0.002565682513295546, 0.002277371555660423, 0.0014318264796689651, 0.0017545300348740384, 0.002093496459361159, 0.0014102313088938758, 0.0010905087350549987, 0.0018494785021128694, 0.0015565103249134899, 0.001380129602942295, 0.002476569417431684, 0.0015766586175189517, 0.0018469595143135952, 0.002045869881202915, 0.0015305058774627166, 0.0015539272611028352, 0.0015210324949457706, 0.0013967093066115305, 0.0018001196737296823, 0.0021305211955821276, 0.0023262941508564866, 0.0014819961896874153, 0.0016918171266765286, 0.001649990478439985, 0.0010730213950403964, 0.0010261389304386398, 0.0020060053363710395, 0.001890110878212286, 0.0010127259953079165, 0.00165023372624398, 0.00124386459027669, 0.0015835793176784225, 0.001742930136655078, 0.001947830818085445, 0.002269815348938495, 0.0019413555158206029, 0.001992849689247857, 0.0016080040995383195, 0.0012524619728932812, 0.001084098081957285, 0.0019735033007038734, 0.0015582909856539488, 0.0010800720398863762, 0.0015546906378981322, 0.0015884642139237604, 0.0015862988647491532, 0.002248261288245084, 0.001708024856841223, 0.0014573920092004775, 0.001482727815482603, 0.0018547160937156559, 0.0017268445815374891, 0.0016500965015143689, 0.0012973604443023152, 0.001800256640506928, 0.0018750261148250838, 0.0018437573602591093, 0.0023743423262045597, 0.0016293159137695781, 0.0017485923794201006, 0.0018522009150710869, 0.002485369444128237, 0.00167646103049129, 0.001475706908535349, 0.001764862634724713, 0.0018854884840531704, 0.0014977002738461064, 0.0018430959084637928, 0.001727199679634001, 0.0018309175023118887, 0.0015258341689481424, 0.0017556154892351134, 0.0021445020956225346, 0.001850427668234626, 0.000805394704765611, 0.0018461472585640133, 0.0009766043715368018, 0.001760562360996199, 0.0015775817042421262, 0.0009001327472676604, 0.001240889429052465, 0.0022416005269018614, 0.0016104448339604293, 0.001179914762535312, 0.0019423827163993711, 0.0013526860493705895, 0.001785376346580955, 0.0009540945206389999, 0.0018916196784124302, 0.0013306910258751032, 0.0009959906663301382, 0.0014594466673383563, 0.0013830788149007901, 0.0015975790782728188, 0.0012443111390027471, 0.0013875186877780634, 0.0013479344446535157, 0.0013942321496743775, 0.0017993509923411486, 0.002034395548464541, 0.001918595287846889, 0.0016195619516702123, 0.0015427908487050176, 0.0018001755004003728, 0.0012716663211985641, 0.0013124431050661473, 0.0022359660067065054, 0.001548757819258828, 0.0018012623208283388, 0.0011536675043309628, 0.0018811331445217703, 0.0020188724696736625, 0.0015495368715638985, 0.001293364226088853, 0.0016549090931341542, 0.00180681260439488, 0.0026252655085551267, 0.0013160546197326795, 0.001742907229856011, 0.0017921198370866812, 0.0014812756957048867, 0.0022149440489075602, 0.0012032020553820301, 0.00124987166944581, 0.0019462239990313676, 0.0018874588900214732, 0.0023675085892266223, 0.002020119769753701, 0.0013219230247292566, 0.002029903246349419, 0.0012252499335227642, 0.0015153116469217571, 0.0021084729770151304, 0.0013905981504373987, 0.0019347031196829069, 0.0017207265999648657, 0.0018181985608393268, 0.002564777311834888, 0.0018215112102944395, 0.002106280180784576, 0.001539448849402979, 0.0021329501805032367, 0.0016388020580158191, 0.0014010024667153883, 0.0017334498308457763, 0.001373909459361646, 0.001476260373094816, 0.0016053727300313228, 0.001251759609595954, 0.0013471564949208395, 0.0015199188765757789, 0.0016614405589882703, 0.0012546865328739007, 0.0012369718768903495, 0.001492431854171388, 0.0019607888073095397, 0.0017300335388808264, 0.001264269272232573, 0.0018831388350394693, 0.001116332591347001, 0.0012172219726615317, 0.0013281471116274406, 0.0012705395015522882, 0.0011456181332947703, 0.0009297405517369479, 0.0008884988169477233, 0.001256682139297825, 0.0011814138832596031, 0.001604713797973389, 0.0015830832186212933, 0.001977538319802739, 0.0017563697782370276, 0.0017779861035472895, 0.0016155931786790364, 