{"n_items": 200, "weights": [9.999999999999965e-05, 9.999999999999965e-17, 9.999999999999965e-05, 9.999999999999965e-17, 9.999999999999965e-17, 9.999999999999965e-05, 0.0001999999999999993, 9.999999999999965e-05, 0.0003999999999999986, 9.999999999999965e-05, 0.00029999999999999894, 0.0004999999999999983, 9.999999999999965e-05, 0.0008999999999999969, 0.0009999999999999966, 0.0009999999999999966, 0.0012999999999999956, 0.0013999999999999952, 0.001699999999999994, 0.0015999999999999944, 0.00289999999999999, 0.002599999999999991, 0.0030999999999999895, 0.003699999999999987, 0.004699999999999984, 0.004699999999999984, 0.005499999999999981, 0.007399999999999974, 0.006999999999999976, 0.010499999999999964, 0.007699999999999973, 0.01179999999999996, 0.011999999999999959, 0.01159999999999996, 0.009799999999999967, 0.012899999999999955, 0.01159999999999996, 0.015199999999999948, 0.014999999999999947, 0.016199999999999944, 0.014899999999999948, 0.015999999999999945, 0.016299999999999943, 0.016499999999999942, 0.01659999999999994, 0.01449999999999995, 0.015699999999999947, 0.013699999999999952, 0.01189999999999996, 0.013599999999999952, 0.014799999999999949, 0.013399999999999954, 0.012799999999999956, 0.011699999999999959, 0.011299999999999961, 0.010299999999999964, 0.009699999999999967, 0.009599999999999966, 0.007299999999999975, 0.006399999999999978, 0.00859999999999997, 0.007899999999999973, 0.005099999999999982, 0.005199999999999982, 0.004799999999999983, 0.003699999999999987, 0.00289999999999999, 0.0030999999999999895, 0.0018999999999999935, 0.002599999999999991, 0.001699999999999994, 0.001699999999999994, 0.0009999999999999966, 0.0009999999999999966, 0.0006999999999999976, 0.0011999999999999958, 0.0001999999999999993, 0.0003999999999999986, 0.0008999999999999969, 0.0003999999999999986, 0.0001999999999999993, 0.00029999999999999894, 0.00029999999999999894, 9.999999999999965e-17, 9.999999999999965e-05, 9.999999999999965e-05, 9.999999999999965e-17, 9.999999999999965e-17, 9.999999999999965e-17, 9.999999999999965e-05, 9.999999999999965e-17, 9.999999999999965e-17, 9.999999999999965e-05, 9.999999999999965e-17, 9.999999999999965e-17, 9.999999999999965e-17, 0.0001999999999999993, 9.999999999999965e-17, 9.999999999999965e-05, 9.999999999999965e-17, 9.999999999999965e-17, 0.0001999999999999993, 9.999999999999965e-17, 9.999999999999965e-05, 0.00029999999999999894, 9.999999999999965e-17, 0.00029999999999999894, 0.0004999999999999983, 0.0006999999999999976, 0.0007999999999999972, 0.0010999999999999962, 0.0014999999999999948, 0.0014999999999999948, 0.0024999999999999914, 0.0018999999999999935, 0.0026999999999999906, 0.0021999999999999923, 0.0027999999999999904, 0.003199999999999989, 0.00289999999999999, 0.003799999999999987, 0.004599999999999984, 0.006199999999999979, 0.006699999999999977, 0.006199999999999979, 0.007299999999999975, 0.007899999999999973, 0.010199999999999964, 0.009999999999999966, 0.010299999999999964, 0.011199999999999962, 0.012599999999999957, 0.01179999999999996, 0.01429999999999995, 0.013099999999999955, 0.014899999999999948, 0.013999999999999952, 0.015899999999999945, 0.01449999999999995, 0.014899999999999948, 0.01429999999999995, 0.015399999999999947, 0.016499999999999942, 0.013699999999999952, 0.01729999999999994, 0.012699999999999956, 0.01419999999999995, 0.015599999999999946, 0.013099999999999955, 0.01459999999999995, 0.01179999999999996, 0.011099999999999962, 0.007999999999999972, 0.010699999999999963, 0.008999999999999968, 0.007299999999999975, 0.007599999999999974, 0.0071999999999999755, 0.00569999999999998, 0.004999999999999983, 0.004399999999999985, 0.0038999999999999864, 0.0029999999999999897, 0.0030999999999999895, 0.0035999999999999878, 0.002099999999999993, 0.0015999999999999944, 0.001999999999999993, 0.002299999999999992, 0.0015999999999999944, 0.0011999999999999958, 0.0015999999999999944, 0.0006999999999999976, 0.0009999999999999966, 0.00029999999999999894, 0.0001999999999999993, 9.999999999999965e-05, 9.999999999999965e-17, 9.999999999999965e-05, 9.999999999999965e-05, 9.999999999999965e-05, 9.999999999999965e-17, 9.999999999999965e-17, 9.999999999999965e-05, 9.999999999999965e-17, 9.999999999999965e-17, 9.999999999999965e-17, 9.999999999999965e-05, 9.999999999999965e-17, 9.999999999999965e-17, 9.999999999999965e-17, 9.999999999999965e-17, 9.999999999999965e-05, 9.999999999999965e-17, 9.999999999999965e-17, 9.999999999999965e-17, 9.999999999999965e-17, 9.999999999999965e-17, 9.999999999999965e-17, 9.999999999999965e-17], "profits": [1.0, 1.0, 1.0, 1.0, 1.0, 1.0, 1.0, 1.0, 1.0, 1.0, 1.0, 1.0, 1.0, 1.0, 1.0, 1.0, 1.0, 1.0, 1.0, 1.0, 1.0, 1.0, 1.0, 1.0, 1.0, 1.0, 1.0, 1.0, 1.0, 1.0, 1.0, 1.0, 1.0, 1.0, 1.0, 1.0, 1.0, 1.0, 1.0, 1.0, 1.0, 1.0, 1.0, 1.0, 1.0, 1.0, 1.0, 1.0, 1.0, 1.0, 1.0, 1.0, 1.0, 1.0, 1.0, 1.0, 1.0, 1.0, 1.0, 1.0, 1.0, 1.0, 1.0, 1.0, 1.0, 1.0, 1.0, 1.0, 1.0, 1.0, 1.0, 1.0, 1.0, 1.0, 1.0, 1.0, 1.0, 1.0, 1.0, 1.0, 1.0, 1.0, 1.0, 1.0, 1.0, 1.0, 1.0, 1.0, 1.0, 1.0, 1.0, 1.0, 1.0, 1.0, 1.0, 1.0, 1.0, 1.0, 1.0, 1.0, 1.0, 1.0, 1.0, 1.0, 1.0, 1.0, 1.0, 1.0, 1.0, 1.0, 1.0, 1.0, 1.0, 1.0, 1.0, 1.0, 1.0, 1.0, 1.0, 1.0, 1.0, 1.0, 1.0, 1.0, 1.0, 1.0, 1.0, 1.0, 1.0, 1.0, 1.0, 1.0, 1.0, 1.0, 1.0, 1.0, 1.0, 1.0, 1.0, 1.0, 1.0, 1.0, 1.0, 1.0, 1.0, 1.0, 1.0, 1.0, 1.0, 1.0, 1.0, 1.0, 1.0, 1.0, 1.0, 1.0, 1.0, 1.0, 1.0, 1.0, 1.0, 1.0, 1.0, 1.0, 1.0, 1.0, 1.0, 1.0, 1.0, 1.0, 1.0, 1.0, 1.0, 1.0, 1.0, 1.0, 1.0, 1.0, 1.0, 1.0, 1.0, 1.0, 1.0, 1.0, 1.0, 1.0, 1.0, 1.0, 1.0, 1.0, 1.0, 1.0, 1.0, 1.0, 1.0, 1.0, 1.0, 1.0, 1.0, 1.0], "min_weight": 0.95, "max_distance": 3}