{"n_items": 400, "weights": [1.0005002501250496e-16, 1.0005002501250496e-16, 1.0005002501250496e-16, 1.0005002501250496e-16, 1.0005002501250496e-16, 1.0005002501250496e-16, 1.0005002501250496e-16, 1.0005002501250496e-16, 1.0005002501250496e-16, 1.0005002501250496e-16, 1.0005002501250496e-16, 1.0005002501250496e-16, 1.0005002501250496e-16, 1.0005002501250496e-16, 1.0005002501250496e-16, 1.0005002501250496e-16, 1.0005002501250496e-16, 1.0005002501250496e-16, 1.0005002501250496e-16, 1.0005002501250496e-16, 1.0005002501250496e-16, 1.0005002501250496e-16, 1.0005002501250496e-16, 1.0005002501250496e-16, 1.0005002501250496e-16, 1.0005002501250496e-16, 1.0005002501250496e-16, 1.0005002501250496e-16, 1.0005002501250496e-16, 1.0005002501250496e-16, 1.0005002501250496e-16, 1.0005002501250496e-16, 1.0005002501250496e-16, 1.0005002501250496e-16, 1.0005002501250496e-16, 1.0005002501250496e-16, 1.0005002501250496e-16, 1.0005002501250496e-16, 1.0005002501250496e-16, 1.0005002501250496e-16, 1.0005002501250496e-16, 1.0005002501250496e-16, 1.0005002501250496e-16, 1.0005002501250496e-16, 1.0005002501250496e-16, 1.0005002501250496e-16, 1.0005002501250496e-16, 1.0005002501250496e-16, 1.0005002501250496e-16, 1.0005002501250496e-16, 1.0005002501250496e-16, 1.0005002501250496e-16, 1.0005002501250496e-16, 1.0005002501250496e-16, 1.0005002501250496e-16, 1.0005002501250496e-16, 1.0005002501250496e-16, 1.0005002501250496e-16, 1.0005002501250496e-16, 1.0005002501250496e-16, 1.0005002501250496e-16, 1.0005002501250496e-16, 1.0005002501250496e-16, 1.0005002501250496e-16, 1.0005002501250496e-16, 1.0005002501250496e-16, 1.0005002501250496e-16, 1.0005002501250496e-16, 1.0005002501250496e-16, 1.0005002501250496e-16, 1.0005002501250496e-16, 1.0005002501250496e-16, 1.0005002501250496e-16, 1.0005002501250496e-16, 1.0005002501250496e-16, 1.0005002501250496e-16, 1.0005002501250496e-16, 1.0005002501250496e-16, 1.0005002501250496e-16, 1.0005002501250496e-16, 1.0005002501250496e-16, 1.0005002501250496e-16, 1.0005002501250496e-16, 1.0005002501250496e-16, 1.0005002501250496e-16, 1.0005002501250496e-16, 1.0005002501250496e-16, 1.0005002501250496e-16, 1.0005002501250496e-16, 1.0005002501250496e-16, 1.0005002501250496e-16, 1.0005002501250496e-16, 1.0005002501250496e-16, 1.0005002501250496e-16, 1.0005002501250496e-16, 1.0005002501250496e-16, 1.0005002501250496e-16, 1.0005002501250496e-16, 1.0005002501250496e-16, 0.00010005002501250496, 1.0005002501250496e-16, 1.0005002501250496e-16, 1.0005002501250496e-16, 1.0005002501250496e-16, 1.0005002501250496e-16, 1.0005002501250496e-16, 1.0005002501250496e-16, 1.0005002501250496e-16, 1.0005002501250496e-16, 1.0005002501250496e-16, 1.0005002501250496e-16, 0.00010005002501250496, 1.0005002501250496e-16, 0.00020010005002500992, 0.00010005002501250496, 1.0005002501250496e-16, 1.0005002501250496e-16, 0.00020010005002500992, 1.0005002501250496e-16, 1.0005002501250496e-16, 1.0005002501250496e-16, 1.0005002501250496e-16, 0.00010005002501250496, 0.00010005002501250496, 0.00020010005002500992, 1.0005002501250496e-16, 1.0005002501250496e-16, 0.00010005002501250496, 0.00010005002501250496, 1.0005002501250496e-16, 1.0005002501250496e-16, 1.0005002501250496e-16, 1.0005002501250496e-16, 1.0005002501250496e-16, 0.00010005002501250496, 1.0005002501250496e-16, 1.0005002501250496e-16, 1.0005002501250496e-16, 1.0005002501250496e-16, 1.0005002501250496e-16, 0.00010005002501250496, 0.00020010005002500992, 0.00020010005002500992, 0.00020010005002500992, 0.00010005002501250496, 0.00020010005002500992, 0.00010005002501250496, 1.0005002501250496e-16, 0.0003001500750375149, 0.00020010005002500992, 0.00020010005002500992, 0.00010005002501250496, 0.00010005002501250496, 0.00020010005002500992, 0.00020010005002500992, 0.00010005002501250496, 0.00010005002501250496, 0.00040020010005001983, 0.00020010005002500992, 0.0007003501750875347, 0.00020010005002500992, 0.00020010005002500992, 0.00020010005002500992, 0.0005002501250625248, 0.00020010005002500992, 0.0003001500750375149, 0.00040020010005001983, 0.0003001500750375149, 0.0008004002001000397, 0.00040020010005001983, 0.00020010005002500992, 0.0009004502251125446, 0.0007003501750875347, 0.0008004002001000397, 0.0008004002001000397, 0.0009004502251125446, 0.0011005502751375545, 0.0005002501250625248, 0.0008004002001000397, 0.0011005502751375545, 0.0008004002001000397, 0.0006003001500750298, 0.0010005002501250497, 0.0009004502251125446, 0.0009004502251125446, 0.0011005502751375545, 0.0017008504252125844, 0.0019009504752375943, 0.002301150575287614, 0.0014007003501750694, 0.0013006503251625644, 0.0014007003501750694, 0.0007003501750875347, 0.0016008004002000793, 0.0015007503751875745, 0.0015007503751875745, 0.0014007003501750694, 0.0016008004002000793, 0.0013006503251625644, 0.002501250625312624, 0.0020010005002500993, 0.002501250625312624, 0.002301150575287614, 0.002101050525262604, 0.002601300650325129, 0.002201100550275109, 0.002401200600300119, 0.0031015507753876536, 0.002901450725362644, 0.002301150575287614, 0.002601300650325129, 0.0038019009504751886, 0.004202101050525208, 0.002701350675337634, 0.0037018509254626835, 0.0032016008004001587, 0.0018009004502250892, 0.004302151075537713, 0.0034017008504251688, 0.003001500750375149, 0.0032016008004001587, 0.0039019509754876936, 0.0035017508754376734, 0.0037018509254626835, 0.004302151075537713, 0.004302151075537713, 0.0039019509754876936, 0.0039019509754876936, 0.0032016008004001587, 0.0033016508254126637, 0.004302151075537713, 0.005802901450725288, 0.004102051025512704, 0.004502251125562723, 0.006203101550775307, 0.004602301150575228, 0.004502251125562723, 0.005702851425712783, 0.005002501250625248, 0.005802901450725288, 0.006503251625812822, 0.005702851425712783, 0.005202601300650258, 0.005402701350675268, 0.005202601300650258, 0.005202601300650258, 0.005902951475737793, 0.006303151575787812, 0.005602801400700278, 0.005802901450725288, 0.005402701350675268, 0.005802901450725288, 0.005702851425712783, 0.0068034017008503376, 0.006103051525762802, 0.006503251625812822, 0.005502751375687773, 0.008104052026012902, 0.006303151575787812, 0.007803901950975387, 0.005802901450725288, 0.006403201600800317, 0.007403701850925367, 0.008104052026012902, 0.007503751875937872, 0.006203101550775307, 0.009204602301150456, 0.006903451725862843, 0.006303151575787812, 0.005902951475737793, 0.007503751875937872, 0.010105052526263002, 0.007803901950975387, 0.008604302151075426, 0.006503251625812822, 0.008204102051025407, 0.008404202101050416, 0.009104552276137951, 0.00850425212606292, 0.00850425212606292, 0.009104552276137951, 0.007903951975987892, 0.007203601800900357, 0.008804402201100436, 0.006903451725862843, 0.007403701850925367, 0.008204102051025407, 0.008004002001000397, 0.007303651825912862, 0.006103051525762802, 0.006403201600800317, 0.007903951975987892, 0.007103551775887852, 0.008004002001000397, 0.009004502251125446, 0.0067033516758378325, 0.008404202101050416, 0.007803901950975387, 0.006903451725862843, 0.0066033016508253274, 0.007203601800900357, 0.008204102051025407, 0.006103051525762802, 0.007803901950975387, 0.0068034017008503376, 0.00850425212606292, 0.008004002001000397, 0.008904452226112941, 0.007703851925962882, 0.007903951975987892, 0.008804402201100436, 0.007103551775887852, 0.005902951475737793, 0.0068034017008503376, 0.007503751875937872, 0.007503751875937872, 0.006403201600800317, 0.005802901450725288, 0.005702851425712783, 0.006503251625812822, 0.0066033016508253274, 0.005802901450725288, 0.007803901950975387, 0.005902951475737793, 0.005902951475737793, 0.0066033016508253274, 0.006503251625812822, 0.005502751375687773, 0.005502751375687773, 0.005902951475737793, 0.005002501250625248, 0.004802401200600238, 0.004002001000500199, 0.004302151075537713, 0.005302651325662763, 0.005002501250625248, 0.005002501250625248, 0.005702851425712783, 0.004302151075537713, 0.004602301150575228, 0.004702351175587733, 0.004902451225612743, 0.004102051025512704, 0.0038019009504751886, 