{"n_items": 200, "weights": [1.0003000900269925e-16, 1.0003000900269925e-16, 1.0003000900269925e-16, 1.0003000900269925e-16, 1.0003000900269925e-16, 1.0003000900269925e-16, 1.0003000900269925e-16, 1.0003000900269925e-16, 1.0003000900269925e-16, 1.0003000900269925e-16, 1.0003000900269925e-16, 1.0003000900269925e-16, 1.0003000900269925e-16, 1.0003000900269925e-16, 1.0003000900269925e-16, 1.0003000900269925e-16, 1.0003000900269925e-16, 1.0003000900269925e-16, 1.0003000900269925e-16, 1.0003000900269925e-16, 1.0003000900269925e-16, 1.0003000900269925e-16, 1.0003000900269925e-16, 1.0003000900269925e-16, 1.0003000900269925e-16, 1.0003000900269925e-16, 1.0003000900269925e-16, 1.0003000900269925e-16, 1.0003000900269925e-16, 1.0003000900269925e-16, 1.0003000900269925e-16, 1.0003000900269925e-16, 1.0003000900269925e-16, 1.0003000900269925e-16, 1.0003000900269925e-16, 1.0003000900269925e-16, 1.0003000900269925e-16, 1.0003000900269925e-16, 1.0003000900269925e-16, 1.0003000900269925e-16, 1.0003000900269925e-16, 1.0003000900269925e-16, 1.0003000900269925e-16, 1.0003000900269925e-16, 0.00010003000900269925, 0.00010003000900269925, 0.0014004201260377895, 0.0015004501350404887, 0.003401020306091774, 0.007402220666199744, 0.015004501350404887, 0.01990597179153715, 0.035010503150944734, 0.04551365409622816, 0.05621686505951697, 0.065519655896768, 0.0654196258877653, 0.054416324897468386, 0.047314194258276744, 0.032609782934879955, 0.023507052115634322, 0.012203661098329308, 0.007702310693207842, 0.002900870261078278, 0.0022006601980593832, 0.0006001800540161955, 0.0002000600180053985, 1.0003000900269925e-16, 1.0003000900269925e-16, 1.0003000900269925e-16, 1.0003000900269925e-16, 1.0003000900269925e-16, 1.0003000900269925e-16, 1.0003000900269925e-16, 1.0003000900269925e-16, 1.0003000900269925e-16, 1.0003000900269925e-16, 1.0003000900269925e-16, 1.0003000900269925e-16, 1.0003000900269925e-16, 1.0003000900269925e-16, 1.0003000900269925e-16, 1.0003000900269925e-16, 1.0003000900269925e-16, 1.0003000900269925e-16, 1.0003000900269925e-16, 1.0003000900269925e-16, 1.0003000900269925e-16, 1.0003000900269925e-16, 1.0003000900269925e-16, 1.0003000900269925e-16, 1.0003000900269925e-16, 1.0003000900269925e-16, 1.0003000900269925e-16, 1.0003000900269925e-16, 1.0003000900269925e-16, 1.0003000900269925e-16, 1.0003000900269925e-16, 1.0003000900269925e-16, 1.0003000900269925e-16, 1.0003000900269925e-16, 1.0003000900269925e-16, 1.0003000900269925e-16, 1.0003000900269925e-16, 1.0003000900269925e-16, 1.0003000900269925e-16, 1.0003000900269925e-16, 1.0003000900269925e-16, 1.0003000900269925e-16, 1.0003000900269925e-16, 1.0003000900269925e-16, 1.0003000900269925e-16, 1.0003000900269925e-16, 1.0003000900269925e-16, 1.0003000900269925e-16, 1.0003000900269925e-16, 1.0003000900269925e-16, 1.0003000900269925e-16, 1.0003000900269925e-16, 1.0003000900269925e-16, 1.0003000900269925e-16, 1.0003000900269925e-16, 1.0003000900269925e-16, 1.0003000900269925e-16, 1.0003000900269925e-16, 1.0003000900269925e-16, 1.0003000900269925e-16, 1.0003000900269925e-16, 1.0003000900269925e-16, 1.0003000900269925e-16, 1.0003000900269925e-16, 1.0003000900269925e-16, 1.0003000900269925e-16, 1.0003000900269925e-16, 1.0003000900269925e-16, 1.0003000900269925e-16, 1.0003000900269925e-16, 1.0003000900269925e-16, 1.0003000900269925e-16, 1.0003000900269925e-16, 1.0003000900269925e-16, 1.0003000900269925e-16, 1.0003000900269925e-16, 1.0003000900269925e-16, 1.0003000900269925e-16, 1.0003000900269925e-16, 1.0003000900269925e-16, 1.0003000900269925e-16, 1.0003000900269925e-16, 1.0003000900269925e-16, 1.0003000900269925e-16, 1.0003000900269925e-16, 1.0003000900269925e-16, 1.0003000900269925e-16, 1.0003000900269925e-16, 1.0003000900269925e-16, 1.0003000900269925e-16, 1.0003000900269925e-16, 1.0003000900269925e-16, 1.0003000900269925e-16, 1.0003000900269925e-16, 1.0003000900269925e-16, 1.0003000900269925e-16, 1.0003000900269925e-16, 1.0003000900269925e-16, 1.0003000900269925e-16, 1.0003000900269925e-16, 1.0003000900269925e-16, 1.0003000900269925e-16, 1.0003000900269925e-16, 1.0003000900269925e-16, 1.0003000900269925e-16, 1.0003000900269925e-16, 1.0003000900269925e-16, 1.0003000900269925e-16, 1.0003000900269925e-16, 1.0003000900269925e-16, 0.0002000600180053985, 0.00010003000900269925, 0.000800240072021594, 0.0011003300990296916, 0.0036010803240971727, 0.006802040612183548, 0.011703511053315812, 0.02000600180053985, 0.032909872961888055, 0.042712813844152576, 0.06091827548264384, 0.059017705311592554, 0.06331899569870862, 0.05951785535660605, 0.047114134240271346, 0.03541062318695553, 0.023106932079623527, 0.015104531359407586, 0.009802940882264527, 0.004201260378113368, 0.0020006001800539847, 0.000400120036010797, 1.0003000900269925e-16], "profits": [1.0, 1.0, 1.0, 1.0, 1.0, 1.0, 1.0, 1.0, 1.0, 1.0, 1.0, 1.0, 1.0, 1.0, 1.0, 1.0, 1.0, 1.0, 1.0, 1.0, 1.0, 1.0, 1.0, 1.0, 1.0, 1.0, 1.0, 1.0, 1.0, 1.0, 1.0, 1.0, 1.0, 1.0, 1.0, 1.0, 1.0, 1.0, 1.0, 1.0, 1.0, 1.0, 1.0, 1.0, 1.0, 1.0, 1.0, 1.0, 1.0, 1.0, 1.0, 1.0, 1.0, 1.0, 1.0, 1.0, 1.0, 1.0, 1.0, 1.0, 1.0, 1.0, 1.0, 1.0, 1.0, 1.0, 1.0, 1.0, 1.0, 1.0, 1.0, 1.0, 1.0, 1.0, 1.0, 1.0, 1.0, 1.0, 1.0, 1.0, 1.0, 1.0, 1.0, 1.0, 1.0, 1.0, 1.0, 1.0, 1.0, 1.0, 1.0, 1.0, 1.0, 1.0, 1.0, 1.0, 1.0, 1.0, 1.0, 1.0, 1.0, 1.0, 1.0, 1.0, 1.0, 1.0, 1.0, 1.0, 1.0, 1.0, 1.0, 1.0, 1.0, 1.0, 1.0, 1.0, 1.0, 1.0, 1.0, 1.0, 1.0, 1.0, 1.0, 1.0, 1.0, 1.0, 1.0, 1.0, 1.0, 1.0, 1.0, 1.0, 1.0, 1.0, 1.0, 1.0, 1.0, 1.0, 1.0, 1.0, 1.0, 1.0, 1.0, 1.0, 1.0, 1.0, 1.0, 1.0, 1.0, 1.0, 1.0, 1.0, 1.0, 1.0, 1.0, 1.0, 1.0, 1.0, 1.0, 1.0, 1.0, 1.0, 1.0, 1.0, 1.0, 1.0, 1.0, 1.0, 1.0, 1.0, 1.0, 1.0, 1.0, 1.0, 1.0, 1.0, 1.0, 1.0, 1.0, 1.0, 1.0, 1.0, 1.0, 1.0, 1.0, 1.0, 1.0, 1.0, 1.0, 1.0, 1.0, 1.0, 1.0, 1.0, 1.0, 1.0, 1.0, 1.0, 1.0, 1.0], "min_weight": 0.95, "max_distance": 5}