{"n_items": 200, "weights": [9.999999999999916e-17, 9.999999999999916e-17, 9.999999999999916e-17, 9.999999999999916e-17, 9.999999999999916e-17, 9.999999999999916e-17, 9.999999999999916e-17, 9.999999999999916e-17, 9.999999999999916e-17, 9.999999999999916e-17, 9.999999999999916e-17, 9.999999999999916e-17, 9.999999999999916e-17, 9.999999999999916e-17, 9.999999999999916e-17, 9.999999999999916e-17, 9.999999999999916e-17, 9.999999999999916e-17, 9.999999999999916e-17, 9.999999999999916e-17, 9.999999999999916e-17, 9.999999999999916e-17, 9.999999999999916e-17, 9.999999999999916e-17, 9.999999999999916e-17, 9.999999999999916e-17, 9.999999999999916e-17, 9.999999999999916e-17, 9.999999999999916e-17, 9.999999999999916e-17, 9.999999999999916e-17, 9.999999999999916e-17, 9.999999999999916e-17, 9.999999999999916e-17, 9.999999999999916e-17, 9.999999999999916e-17, 9.999999999999916e-17, 9.999999999999916e-17, 9.999999999999916e-17, 9.999999999999916e-17, 9.999999999999916e-17, 9.999999999999916e-17, 9.999999999999916e-17, 9.999999999999916e-17, 9.999999999999916e-17, 9.999999999999916e-17, 9.999999999999916e-17, 9.999999999999916e-17, 9.999999999999916e-17, 9.999999999999916e-17, 9.999999999999916e-17, 9.999999999999916e-17, 9.999999999999916e-05, 9.999999999999916e-17, 9.999999999999916e-17, 9.999999999999916e-05, 9.999999999999916e-17, 9.999999999999916e-17, 9.999999999999916e-05, 9.999999999999916e-05, 9.999999999999916e-17, 0.00019999999999999833, 0.00019999999999999833, 9.999999999999916e-05, 9.999999999999916e-05, 9.999999999999916e-05, 0.000599999999999995, 0.000599999999999995, 0.0008999999999999925, 0.0008999999999999925, 0.0013999999999999883, 0.00019999999999999833, 0.0013999999999999883, 0.0016999999999999858, 0.001799999999999985, 0.002599999999999978, 0.002599999999999978, 0.002999999999999975, 0.00359999999999997, 0.0026999999999999776, 0.0033999999999999716, 0.0038999999999999673, 0.004899999999999959, 0.006099999999999949, 0.005799999999999952, 0.0070999999999999406, 0.0070999999999999406, 0.00959999999999992, 0.008799999999999926, 0.011599999999999904, 0.012799999999999893, 0.011199999999999906, 0.013899999999999883, 0.013899999999999883, 0.014099999999999882, 0.013899999999999883, 0.01789999999999985, 0.016099999999999864, 0.019499999999999837, 0.019599999999999836, 0.016199999999999864, 0.01769999999999985, 0.020099999999999833, 0.020099999999999833, 0.01889999999999984, 0.017599999999999852, 0.015299999999999873, 0.01669999999999986, 0.017499999999999852, 0.018599999999999846, 0.017399999999999853, 0.017399999999999853, 0.01679999999999986, 0.01669999999999986, 0.01569999999999987, 0.016199999999999864, 0.01679999999999986, 0.018199999999999848, 0.019799999999999835, 0.017199999999999858, 0.01789999999999985, 0.01659999999999986, 0.019899999999999834, 0.019899999999999834, 0.018299999999999848, 0.01899999999999984, 0.01799999999999985, 0.01769999999999985, 0.01689999999999986, 0.017399999999999853, 0.01659999999999986, 0.01439999999999988, 0.015199999999999873, 0.014899999999999875, 0.014199999999999881, 0.014099999999999882, 0.012799999999999893, 0.012299999999999898, 0.012299999999999898, 0.010699999999999911, 0.009299999999999923, 0.008599999999999929, 0.007499999999999937, 0.00719999999999994, 0.00589999999999995, 0.0063999999999999465, 0.005199999999999956, 0.005099999999999957, 0.0038999999999999673, 0.0042999999999999644, 0.0037999999999999683, 0.002999999999999975, 0.001999999999999983, 0.0018999999999999842, 0.0018999999999999842, 0.001299999999999989, 0.00119999999999999, 0.0008999999999999925, 0.000599999999999995, 0.0007999999999999933, 0.000599999999999995, 9.999999999999916e-05, 0.0002999999999999975, 0.00039999999999999666, 9.999999999999916e-05, 0.000599999999999995, 0.00019999999999999833, 9.999999999999916e-05, 0.00019999999999999833, 9.999999999999916e-17, 9.999999999999916e-05, 9.999999999999916e-17, 9.999999999999916e-17, 9.999999999999916e-05, 9.999999999999916e-17, 9.999999999999916e-05, 9.999999999999916e-17, 9.999999999999916e-17, 9.999999999999916e-17, 9.999999999999916e-17, 9.999999999999916e-17, 9.999999999999916e-17, 9.999999999999916e-17, 9.999999999999916e-17, 9.999999999999916e-17, 9.999999999999916e-17, 9.999999999999916e-17, 9.999999999999916e-17, 9.999999999999916e-17, 9.999999999999916e-17, 9.999999999999916e-17, 9.999999999999916e-17, 9.999999999999916e-17, 9.999999999999916e-17, 9.999999999999916e-17, 9.999999999999916e-17, 9.999999999999916e-17, 9.999999999999916e-17, 9.999999999999916e-17, 9.999999999999916e-17],