{"n_items": 400, "weights": [9.999999999999782e-17, 9.999999999999782e-17, 9.999999999999782e-17, 9.999999999999782e-17, 9.999999999999782e-17, 9.999999999999782e-17, 9.999999999999782e-17, 9.999999999999782e-17, 9.999999999999782e-17, 9.999999999999782e-17, 9.999999999999782e-17, 9.999999999999782e-17, 9.999999999999782e-17, 9.999999999999782e-17, 9.999999999999782e-17, 9.999999999999782e-17, 9.999999999999782e-17, 9.999999999999782e-17, 9.999999999999782e-17, 9.999999999999782e-17, 9.999999999999782e-17, 9.999999999999782e-17, 9.999999999999782e-17, 9.999999999999782e-17, 9.999999999999782e-17, 9.999999999999782e-17, 9.999999999999782e-17, 9.999999999999782e-17, 9.999999999999782e-17, 9.999999999999782e-17, 9.999999999999782e-17, 9.999999999999782e-17, 9.999999999999782e-17, 9.999999999999782e-17, 9.999999999999782e-17, 9.999999999999782e-17, 9.999999999999782e-17, 9.999999999999782e-17, 9.999999999999782e-17, 9.999999999999782e-17, 9.999999999999782e-17, 9.999999999999782e-17, 9.999999999999782e-17, 9.999999999999782e-17, 9.999999999999782e-17, 9.999999999999782e-17, 9.999999999999782e-17, 9.999999999999782e-17, 9.999999999999782e-17, 9.999999999999782e-17, 9.999999999999782e-17, 9.999999999999782e-17, 9.999999999999782e-17, 9.999999999999782e-17, 9.999999999999782e-17, 9.999999999999782e-17, 9.999999999999782e-17, 9.999999999999782e-17, 9.999999999999782e-17, 9.999999999999782e-17, 9.999999999999782e-17, 9.999999999999782e-17, 9.999999999999782e-17, 9.999999999999782e-17, 9.999999999999782e-17, 9.999999999999782e-17, 9.999999999999782e-17, 9.999999999999782e-17, 9.999999999999782e-17, 9.999999999999782e-17, 9.999999999999782e-17, 9.999999999999782e-17, 9.999999999999782e-17, 9.999999999999782e-17, 9.999999999999782e-17, 9.999999999999782e-17, 9.999999999999782e-17, 9.999999999999782e-17, 9.999999999999782e-17, 9.999999999999782e-17, 9.999999999999782e-05, 9.999999999999782e-17, 9.999999999999782e-17, 9.999999999999782e-17, 9.999999999999782e-17, 9.999999999999782e-17, 9.999999999999782e-17, 9.999999999999782e-17, 0.00019999999999999565, 9.999999999999782e-17, 9.999999999999782e-17, 9.999999999999782e-17, 9.999999999999782e-17, 0.00019999999999999565, 9.999999999999782e-17, 9.999999999999782e-17, 9.999999999999782e-05, 9.999999999999782e-17, 9.999999999999782e-17, 9.999999999999782e-17, 9.999999999999782e-17, 9.999999999999782e-17, 0.00019999999999999565, 9.999999999999782e-17, 9.999999999999782e-17, 9.999999999999782e-05, 0.0003999999999999913, 0.00029999999999999347, 0.00019999999999999565, 9.999999999999782e-05, 0.00019999999999999565, 0.00029999999999999347, 0.00019999999999999565, 0.0004999999999999891, 0.0003999999999999913, 0.0003999999999999913, 0.0006999999999999847, 0.0003999999999999913, 0.0005999999999999869, 0.0009999999999999781, 0.0011999999999999739, 0.0005999999999999869, 0.0004999999999999891, 0.0008999999999999804, 0.0015999999999999652, 0.0006999999999999847, 0.0015999999999999652, 0.0008999999999999804, 0.0007999999999999826, 0.0019999999999999562, 0.0018999999999999586, 0.0017999999999999607, 0.0017999999999999607, 0.0024999999999999454, 0.0023999999999999477, 0.0029999999999999346, 0.002599999999999943, 0.0024999999999999454, 0.002699999999999941, 0.003699999999999919, 0.002799999999999939, 0.003799999999999917, 0.004399999999999904, 0.0035999999999999214, 0.004199999999999909, 0.005699999999999875, 0.005199999999999886, 0.005999999999999869, 0.004899999999999893, 0.004299999999999906, 0.0058999999999998715, 0.006299999999999862, 0.006799999999999851, 0.006799999999999851, 0.007399999999999838, 0.007499999999999837, 0.0072999999999998405, 0.007499999999999837, 0.008799999999999808, 0.01009999999999978, 0.00829999999999982, 0.008399999999999817, 0.008899999999999806, 0.009599999999999791, 0.010899999999999762, 0.01099999999999976, 0.011199999999999755, 0.010799999999999765, 0.009999999999999782, 0.012199999999999734, 0.013099999999999714, 0.011499999999999748, 0.012799999999999721, 0.012499999999999727, 0.011099999999999758, 0.012299999999999731, 0.010499999999999772, 0.011299999999999753, 0.012599999999999724, 0.012999999999999717, 0.012299999999999731, 0.013199999999999712, 0.014699999999999679, 0.014599999999999681, 0.014799999999999676, 0.014899999999999674, 0.014499999999999683, 0.013199999999999712, 0.012699999999999722, 0.013799999999999698, 0.01419999999999969, 0.012599999999999724, 0.013499999999999705, 0.014399999999999686, 0.013899999999999697, 0.01139999999999975, 0.012599999999999724, 0.012699999999999722, 0.014899999999999674, 0.012299999999999731, 0.01139999999999975, 0.010799999999999765, 0.013499999999999705, 0.011199999999999755, 0.012699999999999722, 0.009599999999999791, 0.01099999999999976, 0.011299999999999753, 0.010699999999999767, 0.010799999999999765, 0.009099999999999801, 0.01009999999999978, 0.01099999999999976, 0.009599999999999791, 0.010299999999999775, 0.008799999999999808, 0.00869999999999981, 0.007599999999999834, 0.008399999999999817, 0.009899999999999784, 0.009699999999999789, 0.007199999999999843, 0.0069999999999998475, 0.006899999999999849, 0.0072999999999998405, 0.0072999999999998405, 0.005799999999999873, 0.005799999999999873, 0.00549999999999988, 0.004599999999999899, 0.004599999999999899, 0.004299999999999906, 0.003299999999999928, 0.0039999999999999125, 0.004399999999999904, 0.002699999999999941, 0.004599999999999899, 0.003299999999999928, 0.002699999999999941, 0.0020999999999999543, 0.0030999999999999322, 0.002799999999999939, 0.0030999999999999322, 0.0018999999999999586, 0.0019999999999999562, 0.0014999999999999673, 0.001099999999999976, 0.0016999999999999628, 0.0009999999999999781, 0.0016999999999999628, 0.0007999999999999826, 0.001099999999999976, 0.0009999999999999781, 0.0007999999999999826, 0.0004999999999999891, 0.0013999999999999694, 0.0011999999999999739, 0.0008999999999999804, 0.0008999999999999804, 0.0006999999999999847, 0.0006999999999999847, 0.0004999999999999891, 9.999999999999782e-05, 0.0005999999999999869, 0.0004999999999999891, 0.0008999999999999804, 9.999999999999782e-05, 0.00029999999999999347, 0.0003999999999999913, 9.999999999999782e-05, 0.00029999999999999347, 0.00019999999999999565, 9.999999999999782e-17, 0.00029999999999999347, 9.999999999999782e-05, 0.00019999999999999565, 9.999999999999782e-17, 9.999999999999782e-05, 0.00019999999999999565, 9.999999999999782e-17, 9.999999999999782e-05, 9.999999999999782e-17, 9.999999999999782e-17, 9.999999999999782e-05, 0.00019999999999999565, 9.999999999999782e-17, 9.999999999999782e-17, 9.999999999999782e-17, 9.999999999999782e-17, 9.999999999999782e-17, 9.999999999999782e-17, 9.999999999999782e-05, 9.999999999999782e-17, 9.999999999999782e-17, 9.999999999999782e-17, 9.999999999999782e-17, 9.999999999999782e-17, 9.999999999999782e-17, 9.999999999999782e-17, 9.999999999999782e-17, 9.999999999999782e-17, 9.999999999999782e-17, 9.999999999999782e-05, 9.999999999999782e-17, 9.999999999999782e-17, 9.999999999999782e-17, 9.999999999999782e-17, 0.00019999999999999565, 9.999999999999782e-17, 9.999999999999782e-17, 9.999999999999782e-17, 9.999999999999782e-17, 9.999999999999782e-17, 9.999999999999782e-17, 9.999999999999782e-17, 9.999999999999782e-17, 9.999999999999782e-17, 9.999999999999782e-17, 9.999999999999782e-17, 9.999999999999782e-17, 9.999999999999782e-17, 9.999999999999782e-17, 9.999999999999782e-17, 9.999999999999782e-17, 9.999999999999782e-17, 9.999999999999782e-17, 9.999999999999782e-17, 9.999999999999782e-17, 9.999999999999782e-17, 9.999999999999782e-17, 9.999999999999782e-17, 9.999999999999782e-17, 9.999999999999782e-17, 9.999999999999782e-17, 9.999999999999782e-17, 9.999999999999782e-17, 9.999999999999782e-17, 9.999999999999782e-17, 9.999999999999782e-17, 9.999999999999782e-17, 9.999999999999782e-17, 9.999999999999782e-17, 9.999999999999782e-17, 9.999999999999782e-17, 9.999999999999782e-17, 9.999999999999782e-17, 9.999999999999782e-17, 9.999999999999782e-17, 9.999999999999782e-17, 9.999999999999782e-17, 