{"n_items": 400, "weights": [9.999999999999766e-17, 9.999999999999766e-17, 9.999999999999766e-17, 9.999999999999766e-17, 9.999999999999766e-17, 9.999999999999766e-17, 9.999999999999766e-17, 9.999999999999766e-17, 9.999999999999766e-17, 9.999999999999766e-17, 9.999999999999766e-17, 9.999999999999766e-17, 9.999999999999766e-17, 9.999999999999766e-17, 9.999999999999766e-17, 9.999999999999766e-17, 9.999999999999766e-17, 9.999999999999766e-17, 9.999999999999766e-17, 9.999999999999766e-17, 9.999999999999766e-17, 9.999999999999766e-17, 9.999999999999766e-17, 9.999999999999766e-17, 9.999999999999766e-17, 9.999999999999766e-17, 9.999999999999766e-17, 9.999999999999766e-17, 9.999999999999766e-17, 9.999999999999766e-17, 9.999999999999766e-17, 9.999999999999766e-17, 9.999999999999766e-17, 9.999999999999766e-17, 9.999999999999766e-17, 9.999999999999766e-17, 9.999999999999766e-17, 9.999999999999766e-17, 9.999999999999766e-17, 9.999999999999766e-17, 9.999999999999766e-17, 9.999999999999766e-17, 9.999999999999766e-17, 9.999999999999766e-17, 9.999999999999766e-17, 9.999999999999766e-17, 9.999999999999766e-17, 9.999999999999766e-17, 9.999999999999766e-17, 9.999999999999766e-17, 9.999999999999766e-17, 9.999999999999766e-17, 9.999999999999766e-17, 9.999999999999766e-17, 9.999999999999766e-17, 9.999999999999766e-17, 9.999999999999766e-17, 9.999999999999766e-17, 9.999999999999766e-17, 9.999999999999766e-17, 9.999999999999766e-17, 9.999999999999766e-17, 9.999999999999766e-17, 9.999999999999766e-17, 9.999999999999766e-17, 9.999999999999766e-17, 9.999999999999766e-17, 9.999999999999766e-17, 9.999999999999766e-17, 9.999999999999766e-17, 9.999999999999766e-17, 9.999999999999766e-17, 9.999999999999766e-17, 9.999999999999766e-17, 9.999999999999766e-17, 9.999999999999766e-17, 9.999999999999766e-17, 9.999999999999766e-17, 9.999999999999766e-17, 9.999999999999766e-17, 9.999999999999766e-17, 9.999999999999766e-17, 9.999999999999766e-17, 9.999999999999766e-17, 9.999999999999766e-17, 9.999999999999766e-17, 9.999999999999766e-17, 9.999999999999766e-17, 9.999999999999766e-17, 9.999999999999766e-17, 9.999999999999766e-17, 9.999999999999766e-17, 9.999999999999766e-17, 9.999999999999766e-17, 9.999999999999766e-17, 9.999999999999766e-17, 9.999999999999766e-17, 9.999999999999766e-17, 9.999999999999766e-17, 9.999999999999766e-17, 9.999999999999766e-17, 9.999999999999766e-17, 9.999999999999766e-17, 9.999999999999766e-17, 9.999999999999766e-17, 9.999999999999766e-17, 9.999999999999766e-17, 9.999999999999766e-17, 9.999999999999766e-17, 9.999999999999766e-17, 9.999999999999766e-17, 9.999999999999766e-17, 9.999999999999766e-17, 9.999999999999766e-17, 9.999999999999766e-17, 9.999999999999766e-17, 9.999999999999766e-17, 9.999999999999766e-17, 9.999999999999766e-17, 9.999999999999766e-17, 9.999999999999766e-17, 9.999999999999766e-17, 9.999999999999766e-17, 9.999999999999766e-17, 9.999999999999766e-17, 9.999999999999766e-17, 9.999999999999766e-17, 9.999999999999766e-05, 9.999999999999766e-17, 9.999999999999766e-05, 9.999999999999766e-05, 9.999999999999766e-17, 9.999999999999766e-05, 9.999999999999766e-17, 9.999999999999766e-17, 9.999999999999766e-17, 9.999999999999766e-17, 9.999999999999766e-05, 9.999999999999766e-17, 0.00019999999999999532, 0.00019999999999999532, 0.00039999999999999064, 0.000599999999999986, 0.00039999999999999064, 0.0008999999999999788, 0.0007999999999999813, 0.0008999999999999788, 0.0012999999999999696, 0.0024999999999999415, 0.002699999999999937, 0.0018999999999999553, 0.00299999999999993, 0.0034999999999999177, 0.0035999999999999153, 0.004599999999999892, 0.004599999999999892, 0.004199999999999902, 0.00809999999999981, 0.006699999999999842, 0.007899999999999815, 0.007499999999999824, 0.010199999999999761, 0.009899999999999768, 0.010399999999999757, 0.011499999999999731, 0.011899999999999722, 0.010499999999999754, 0.01359999999999968, 0.015899999999999626, 0.015099999999999645, 0.015499999999999636, 0.01749999999999959, 0.015899999999999626, 0.015999999999999626, 0.01529999999999964, 0.015199999999999643, 0.016799999999999607, 0.01619999999999962, 0.013899999999999673, 0.015099999999999645, 0.013399999999999685, 0.014099999999999668, 0.01399999999999967, 0.012599999999999705, 0.011599999999999729, 0.010499999999999754, 0.009899999999999768, 0.008799999999999794, 0.010799999999999747, 0.008599999999999799, 0.005299999999999876, 0.007699999999999819, 0.004999999999999883, 0.004599999999999892, 0.0037999999999999107, 0.005199999999999878, 0.0030999999999999275, 0.002699999999999937, 0.001999999999999953, 0.0027999999999999345, 0.001499999999999965, 0.0015999999999999626, 0.0018999999999999553, 0.0013999999999999672, 0.0006999999999999836, 0.0006999999999999836, 0.0004999999999999883, 0.000599999999999986, 0.000299999999999993, 0.00039999999999999064, 9.999999999999766e-17, 9.999999999999766e-05, 9.999999999999766e-17, 9.999999999999766e-05, 9.999999999999766e-05, 9.999999999999766e-17, 9.999999999999766e-05, 9.999999999999766e-05, 9.999999999999766e-17, 9.999999999999766e-17, 9.999999999999766e-17, 9.999999999999766e-17, 9.999999999999766e-17, 9.999999999999766e-17, 9.999999999999766e-17, 9.999999999999766e-17, 9.999999999999766e-17, 9.999999999999766e-17, 9.999999999999766e-17, 9.999999999999766e-17, 9.999999999999766e-17, 9.999999999999766e-17, 9.999999999999766e-17, 9.999999999999766e-17, 9.999999999999766e-17, 9.999999999999766e-17, 9.999999999999766e-17, 9.999999999999766e-17, 9.999999999999766e-17, 9.999999999999766e-17, 9.999999999999766e-17, 9.999999999999766e-17, 9.999999999999766e-17, 9.999999999999766e-17, 9.999999999999766e-17, 9.999999999999766e-17, 9.999999999999766e-17, 9.999999999999766e-17, 9.999999999999766e-17, 9.999999999999766e-17, 9.999999999999766e-17, 9.999999999999766e-17, 9.999999999999766e-17, 9.999999999999766e-17, 9.999999999999766e-17, 9.999999999999766e-17, 9.999999999999766e-17, 9.999999999999766e-17, 9.999999999999766e-17, 9.999999999999766e-17, 9.999999999999766e-17, 9.999999999999766e-17, 9.999999999999766e-17, 9.999999999999766e-17, 9.999999999999766e-17, 9.999999999999766e-17, 9.999999999999766e-17, 9.999999999999766e-17, 9.999999999999766e-17, 9.999999999999766e-17, 9.999999999999766e-17, 9.999999999999766e-17, 9.999999999999766e-17, 9.999999999999766e-17, 9.999999999999766e-17, 9.999999999999766e-17, 9.999999999999766e-17, 9.999999999999766e-17, 9.999999999999766e-17, 9.999999999999766e-17, 9.999999999999766e-17, 0.00019999999999999532, 9.999999999999766e-05, 9.999999999999766e-05, 0.00019999999999999532, 9.999999999999766e-05, 0.00039999999999999064, 9.999999999999766e-05, 0.00039999999999999064, 0.000599999999999986, 0.00039999999999999064, 0.000299999999999993, 0.0007999999999999813, 0.0008999999999999788, 0.0012999999999999696, 0.001199999999999972, 0.002099999999999951, 0.0021999999999999485, 0.002099999999999951, 0.0018999999999999553, 0.003199999999999925, 0.003199999999999925, 0.0037999999999999107, 0.005199999999999878, 0.005699999999999867, 0.005399999999999874, 0.004799999999999888, 0.007199999999999831, 0.00809999999999981, 0.008499999999999801, 0.010499999999999754, 0.010799999999999747, 0.010899999999999745, 0.011499999999999731, 0.011399999999999733, 0.01239999999999971, 0.015399999999999638, 0.013299999999999687, 0.013799999999999675, 0.014599999999999657, 0.015199999999999643, 0.01579999999999963, 0.016899999999999603, 0.01909999999999955, 0.01489999999999965, 0.018199999999999574, 0.01619999999999962, 0.01359999999999968, 0.013899999999999673, 0.0127999999999997, 0.01489999999999965, 0.01239999999999971, 0.012999999999999694, 0.011499999999999731, 0.009199999999999785, 0.009599999999999775, 0.008699999999999796, 0.010399999999999757, 0.007299999999999828, 0.007099999999999833, 0.006199999999999855, 0.005599999999999869, 0.004199999999999902, 0.00339999999999992, 0.00339999999999992, 0.004299999999999899, 0.002899999999999932, 0.002599999999999939, 0.001499999999999965, 0.0018999999999999553, 0.0010999999999999743, 