{"n_items": 600, "weights": [0.0027047775726614385, 0.0009571525750603075, 0.0013394056119147547, 0.0021923265072247744, 0.0012658823589179434, 0.0010793954094557936, 0.0019678382257605764, 0.0013922104811689637, 0.002110814557776704, 0.0018471448788706221, 0.0016329553553101487, 0.0019312941501605937, 0.0016847665691041775, 0.0020249034916887377, 0.0017619093452427613, 0.0017818990564439985, 0.0012527724546187238, 0.0009931228364207143, 0.0014474610624852769, 0.0016895360668179086, 0.0014079450982604155, 0.001769938119301426, 0.0015952354406693528, 0.0015151200068543526, 0.0007832573723478174, 0.0011870756854410972, 0.00170817324160112, 0.0016871158739207351, 0.001997216509798274, 0.0020320053935508025, 0.0016328748978619897, 0.0012628796857030728, 0.001051235496301118, 0.00040155970939926064, 0.00149590768429458, 0.0019186075466296013, 0.001886851342903207, 0.0016419376815440573, 0.0012591073914465923, 0.0020085427667346297, 0.0013651379531064891, 0.0027146681264580345, 0.0008456856751544436, 0.0014707928324514744, 0.0015962839090242482, 0.0026212395016206986, 0.0017751510716807956, 0.0015678704638338687, 0.0014384990821868855, 0.0011528445661717283, 0.0015957609903510081, 0.002453711489572113, 0.0019267754461815229, 0.0017824393419978257, 0.001953695772904125, 0.001422212444234235, 0.001080944120674812, 0.0015326696768205633, 0.0013935174760412387, 0.0015733574209986995, 0.0018583459819281802, 0.0016392762789837543, 0.001493129521814395, 0.0017641927239894048, 0.00118205338440914, 0.002052281896460041, 0.0020484762160938082, 0.002075832306201842, 0.0011042775906541416, 0.0019494685827514734, 0.001556773509966638, 0.0014484548187048611, 0.0021429496373214607, 0.001511388068999421, 0.001470758846473584, 0.002391866736385462, 0.0019311104388976183, 0.0020306375464568443, 0.00198447130174816, 0.0013588981545281248, 0.0017845756834890284, 0.0015693653836069015, 0.0019175411256948942, 0.0017935847523549658, 0.0014206981913674618, 0.001414812213796275, 0.002031065477840893, 0.0018663151399005734, 0.0015493517932097898, 0.0012078019535119678, 0.001123135385008845, 0.0018923724682592589, 0.0018097699595562879, 0.0015539764783690812, 0.0013062051707662733, 0.0017886231836868897, 0.0011760217018979599, 0.001349817929238521, 0.0012193875370287012, 0.001143790936472197, 0.0017998895288673287, 0.0012618189322297954, 0.0013722458332982503, 0.0007693425070476095, 0.0022724092901379167, 0.0025493524623685614, 0.002348971904859593, 0.0023924299494133324, 0.0013192448658648217, 0.0021244576126212954, 0.0016154041052344169, 0.0022279000578019435, 0.0019898255117079345, 0.0023766156695247905, 0.0008011807431622245, 0.0016539752206601354, 0.0013875871581693212, 0.001884067003074362, 0.0013472148847753582, 0.001937418472843499, 0.0022527832256244397, 0.0013944705693671269, 0.0018530939501440198, 0.0017969204866006001, 0.002106876807816585, 0.0015123787298279379, 0.0010915199851968174, 0.0019596193426400653, 0.0012301973781965883, 0.0018842593571447045, 0.0016663340484886046, 0.0017789753135514586, 0.0015406782558722168, 0.001559175585920597, 0.002311024994774192, 0.0018719962129160508, 0.0013180320533689683, 0.0006296932375641041, 0.0018159631868325935, 0.0011018880326229212, 0.0021444452152949607, 0.0013208709548862896, 0.002359748692633936, 0.0014467871981979701, 0.001919650193736921, 0.0018047912470485125, 0.0018855364784088056, 0.001679735123290377, 0.0014446393701056063, 0.0022494095677980026, 0.0018552978478857556, 0.0012144384172794653, 0.0011327681174756648, 0.0019082454244828408, 0.0021232864857616603, 0.0013672326919315493, 0.001864400177471649, 0.0023321968976252067, 0.0020325455572365357, 0.001133756462371989, 0.0014308750344363072, 0.0018798612991095898, 0.0017542429178943602, 0.0016198457222512995, 0.0017512259869858938, 0.0016700053518016466, 0.0013016106570152156, 0.0012788577439453962, 0.0021387852328715244, 0.0019034681061376483, 0.001282929817891046, 0.0024038883571816487, 0.0014861409836046714, 0.0019445892848711736, 0.0017297414641144508, 0.0022252680587362197, 0.0014995725412503469, 0.0016381919556702866, 0.001254600681482776, 0.0020873349074260845, 0.002087022520836338, 0.0013696551883181302, 0.0012774277120813926, 0.001940478484931044, 0.0016544060873826157, 0.0021726194338148345, 0.0018591824671036032, 0.0012304642947242673, 0.0021834525812598083, 0.0011389785317191324, 0.001540799386135812, 0.0013799564729973486, 0.0010899385287065657, 0.0015412531635345618, 0.0016155507006894777, 0.0014384086058231774, 0.001677503096608443, 0.0014270752053328485, 0.0019713671419814387, 0.001413956085225654, 0.000535308561264373, 0.0017034709090043838, 0.0018154485799284558, 0.0016359700125672346, 0.002386679820580844, 0.001769514085214746, 0.002069209567974299, 0.0022964193140375165, 0.0016046729294964645, 0.0013586545278779043, 0.0015754799956700085, 0.0024365694926740205, 0.0014233102901770123, 0.0007532089843466388, 0.001169490293054325, 0.0015211830578911044, 0.0020116582536557084, 0.0016423234285262251, 0.002008252920500032, 0.0021195154841272506, 0.001137542200542506, 0.0016349209857915005, 0.0019342390414532628, 0.00160575007532477, 0.0019328480864015554, 0.0018171616733818434, 0.0012896773091687656, 0.0014389197240184163, 0.002676389819295541, 0.0015439665150228357, 0.0017820294573334561, 0.0015612833664756006, 0.0015085669175751645, 0.0010280828168997042, 0.0009532997475803537, 0.0016364333240714312, 0.0023315643000403246, 0.0016833681575177282, 0.0018846702341813158, 0.0014750446277144037, 0.0010677122043197284, 0.0013235960712620356, 0.0013886277149798376, 0.001853732866111046, 0.001337498951853405, 0.0016126921004088568, 0.0009421125679094913, 0.0009988105398056775, 0.0013960195801872488, 0.0012205463055121142, 0.0017026884085771976, 0.0015611345257516328, 0.0024741523479391743, 0.0011215020971260807, 0.0008117650268823072, 0.0011456342823181666, 0.0018564861504264322, 0.001504573805325542, 0.001349287551170062, 0.001786054983275687, 0.002188620205575352, 0.0017073999777897793, 0.0015408068635897007, 0.0012484505882457606, 0.00135513495686276, 0.001876073995547092, 0.0016879826323393013, 0.0017947783449321578, 0.002099787023186501, 0.001633906723755126, 0.0016774996737136255, 0.001825427027770826, 0.0011479479282568076, 0.002779904982497929, 0.0014592546083694348, 0.0013989473224451576, 0.0013473992952998282, 0.0012316179504737884, 0.001778530262781766, 0.0017827710881898914, 0.00233662527477829, 0.0014561964954113887, 0.0017464978129551989, 0.001384503631640072, 0.0016543755894915949, 0.0014630850369666284, 0.001969594245461538, 0.0018825095471824349, 0.002318408892519555, 0.0010230237221825352, 0.0009637572981175828, 0.0018125570399283837, 0.000862014589305129, 0.001883687412489936, 0.0015496045528472203, 0.0014496974573779586, 0.0007850231090342825, 0.0014057464145544683, 0.0018574827781408082, 0.0016492863595234547, 0.002239262315400184, 0.002498333000647268, 0.0021700007235436647, 0.0012168889067430745, 0.0018971374355810022, 0.0014288847866973412, 0.0021676261392468677, 0.0024019271920818265, 0.0014786625905797845, 0.0015328919510656897, 0.0013092701534761079, 0.0017987911413920464, 0.0015136113063506959, 0.0021516002032165487, 0.0019348659416710424, 0.0009841312360263322, 0.0020700543030782, 0.0015290792028513722, 0.0018136576047217423, 0.001130767317089465, 0.0008830029987666037, 0.0012580367333414775, 0.00105355575866988, 0.0017876056272070244, 0.0015178683701078598, 0.001034344582845387, 0.0011799452085141735, 0.001687239956349667, 0.0016709544500295864, 0.0018947868750321091, 0.0018360803348595664, 0.0010709287454695106, 0.0015734364323517964, 0.0009452007942075332, 0.0019198084548546577, 0.0012794527414736376, 0.0013250085731558764, 0.0019198084776583003, 0.001656162513371493, 0.0015858434923700909, 0.001667999139034518, 0.0023741636838410267, 0.0022544645016743, 0.0013833190005076276, 0.0011857516811537411, 0.0024642261828786683, 0.0018548217590089037, 0.0012415131893587156, 0.0018807784135340094, 0.0022559510394300577, 