{"n_items": 400, "weights": [0.0036859093571856355, 0.002336892781285735, 0.0036482696293592943, 0.0013812781920211957, 0.0026072970507678944, 0.0032229575571837256, 0.001508138167053593, 0.002856146606400665, 0.0022218318372812583, 0.0020440801555355356, 0.004196630116013785, 0.0022049957814928188, 0.0014821888361521934, 0.0023355362154867517, 0.0029288509066617363, 0.002385632068673742, 0.0021050926479587507, 0.0033971333407792205, 0.0036334582900364692, 0.003492388727175148, 0.0018917838415566804, 0.0015995976173020972, 0.003499808451792052, 0.003305957347728075, 0.003041661658087589, 0.0007177282315071166, 0.003000726381316279, 0.002031477795097751, 0.001938274948397909, 0.002826590904087005, 0.002515534802373596, 0.003150800035643168, 0.0032611189657191417, 0.0025612801225061302, 0.0020281958012641245, 0.0015342713076132984, 0.0029213714275458393, 0.0026046165004115734, 0.0026789435533941504, 0.0037563519822166407, 0.004039831187738642, 0.002027075356331892, 0.003110739886360617, 0.0029625767198784743, 0.0027566221969949206, 0.00247131738113902, 0.002066014365740227, 0.0024958198405528372, 0.0021604493425700405, 0.0028018973551360324, 0.0020692039056204466, 0.0029882140366265233, 0.0018866643432282994, 0.0030589873674688813, 0.0033991143074325525, 0.0022686001608772147, 0.0026576944386646714, 0.002775391065309321, 0.001775498218890851, 0.002935150803650182, 0.0023997581425193692, 0.0027622747958626894, 0.002615077582887645, 0.0027855269248177263, 0.001481412311947123, 0.003609300850382905, 0.0020609831107300395, 0.0023262585326365806, 0.0027836593477682096, 0.0020888365236953156, 0.002183819432079387, 0.0022550145159342828, 0.0018281367870144171, 0.0020844408816989802, 0.0019133043321576814, 0.00215005521425254, 0.0032183056721583154, 0.002338397491902628, 0.0024454910309684302, 0.0036036904175273934, 0.0022979884837400484, 0.0030175193930707315, 0.002542079512247194, 0.0021242304210826626, 0.002472278883377938, 0.0033462740295451664, 0.00256783960756455, 0.0020780789988697384, 0.0012799407802037536, 0.0024417893196646496, 0.0027138592283228453, 0.0013806884093281585, 0.003236660128406508, 0.0022633350199477587, 0.001982850686459533, 0.0027356883751756796, 0.0038693340724634687, 0.0012980960930971297, 0.0023019941219722304, 0.0023712794945186517, 0.002523664070777547, 0.0017221794830075032, 0.0019232996023037384, 0.002789678546360512, 0.0021175547303352964, 0.0030273735787614254, 0.0024930058514207676, 0.0028459319382401795, 0.0021046336074615145, 0.0024546391872878803, 0.0017058394028619777, 0.002635875091204356, 0.0016536818717978255, 0.0015552257524374443, 0.002858790080597666, 0.0034017669357381086, 0.001286913580768677, 0.0027081070618844277, 0.0024007643923142415, 0.0031066129791899556, 0.0015951856042988675, 0.0015210104703761171, 0.0028180871562494083, 0.0025414697057508234, 0.0013921258638855698, 0.0028570534869256487, 0.00264900585703548, 0.0020872401033093847, 0.0018571371816753974, 0.0018923765267335857, 0.0015700526224457945, 0.0034202134685772795, 0.0011735506291141264, 0.0026392091139665497, 0.003073918987938616, 0.002790578871143015, 0.002938043455463711, 0.001837797539090237, 0.001106281099482971, 0.00304325765285523, 0.0027747827092027386, 0.00395142025157838, 0.0021391923119153666, 0.0028875023987411834, 0.002840708867225757, 0.0019232814162258001, 0.0025882618568739218, 0.0025411566791540066, 0.00429375117284515, 0.002363468598343596, 0.003021038560070819, 0.002732185660805909, 0.0023089550960646893, 0.003044454970471416, 0.001319734347595796, 0.002743819167464334, 0.0026363396071939762, 0.0018373844375236216, 0.002712829451162546, 0.001373789429272318, 0.0025309968193599256, 0.0010625392606329104, 0.0028635739695577257, 0.0026667889817966048, 0.0020590245288362925, 0.0021573420417584843, 0.003969316663155317, 0.002918129683017603, 0.0021865726090711793, 0.001954811898618449, 0.0020645342692349393, 0.0030738016882462453, 0.002836942032872413, 0.0026999385405177124, 0.0024130132556790416, 0.0034786663811377056, 0.0027082761599414545, 0.0028882885884880445, 0.0029665730129860486, 0.0018817581217547737, 0.0022119828057346963, 0.002001286141350442, 0.0027343677111825865, 0.002496455109480692, 0.0030572052126657825, 0.0018978321858732039, 0.0033938597353430594, 0.002415325630778909, 0.00300716542815151, 0.0013300782057829594, 0.003157116738851381, 0.002833216101465961, 0.002838295792672802, 0.0036824048421145736, 0.0029079563804639773, 0.0025076348044641137, 0.0016417387964720808, 0.0027944827499533065, 0.0019531181090685136, 0.004212516558868951, 0.0026750586740233876, 0.002908940024881888, 0.0022404983855594247, 0.0025984258148307984, 0.0022650843137702542, 0.0029037247180629384, 0.002346979159839378, 0.00381942694752573, 0.0028418687789293806, 0.0015929853788692763, 0.0020203801465867427, 0.00318734212956325, 0.002007863878460021, 0.0011601852746954183, 0.0017897350269438094, 0.0023017904461182528, 0.0027245430483586637, 0.0032020456388860224, 0.0026279123173196667, 0.0031105370243769016, 0.002520211824381194, 0.0028392855645924574, 0.002855693337877889, 0.0028008925943418085, 0.0012943399932241126, 0.001984683007477605, 0.002384276913479058, 0.003947085752126318, 0.0024971578571488886, 0.0019713600094859126, 0.002817402871283526, 0.0028631641885736646, 0.0025819746430489343, 0.002046989568177456, 0.0019113450951738311, 0.0013254279819577919, 0.0029594785022455787, 0.0023255512535587225, 0.0024538171010266025, 0.0013901494371860183, 0.0030895567694868686, 0.0034533388108932313, 0.0013704483733738843, 0.002387159510089621, 0.0023494091101169583, 0.0030530749413197676, 0.0024215179531135262, 0.0016060442673939167, 0.0025273767640311582, 0.0028333353835992116, 0.0025332262575576588, 0.0030696909835530887, 0.002431062823558782, 0.003259961641422047, 0.002257683925072975, 0.0031259213030094984, 0.002759913119792321, 0.0028363534678724172, 0.0021911290884580044, 0.0032083752139178442, 0.0025873414011880983, 0.0024499183651288817, 0.002155745005962832, 0.0007534267810931766, 0.0021389912993498325, 0.00237353319450835, 0.0013423169770033553, 0.0020633514159692627, 0.0013928173032223498, 0.0012359981482050846, 0.0018178349348314411, 0.0026416530428939825, 0.002516183319440913, 0.002885267596139466, 0.0013570731551820734, 0.003321612255895648, 0.0022302651897543853, 0.001563935953913552, 0.0023934202963905703, 0.0022732234744935152, 0.0019476807810398383, 0.002176000711159206, 0.0016559062404286383, 0.0026001508981528952, 0.0032791509050166968, 0.0019453616908247278, 0.0028612667662205227, 0.0022418068653911704, 0.0020397857051778563, 0.0032783094647194965, 0.003070864715687015, 0.0025508748985158085, 0.002230818054147742, 0.0028969822238885303, 0.002201834630690071, 0.0021829277430384713, 0.0028306969592984195, 0.0017007466964267203, 0.002935333743493216, 0.0031764924024197507, 0.001696757750051796, 0.0031269678773777005, 0.0024259934978715456, 0.0020399424747062894, 0.0020207148335023182, 0.001929211025895508, 0.0032388007029856025, 0.002884013899162577, 0.0034052270660502202, 0.001990794583785441, 0.002984393764227284, 0.0021669880161260154, 0.0023718381211788025, 0.0015516805599864343, 0.00219482373268973, 0.0025794271274822093, 0.0014884838727141287, 0.002311067634395426, 0.0024492319791720395, 0.0029064717131606316, 0.0023465031787944404, 0.003732610132335783, 0.0019130292992210378, 0.0026167514870426155, 0.00259644107049798, 0.0012902948251873713, 0.0019639279607785907, 0.0029832007927847273, 0.003156217018119417, 0.0029056801545291463, 0.0029475332687967553, 0.0027734178541827885, 0.0032275582676655977, 0.003103577966914789, 0.002740498232648823, 0.0014039750063666102, 0.0025760322775710783, 0.0028359244182417733, 0.0022451754398851668, 0.0017208884274963197, 0.001968685610589857, 0.0027283033265538114, 0.0016480504577792477, 0.0023921915826638374, 0.0015904726763809936, 0.002709821983175586, 0.0027494489601494515, 0.002379079128316756, 0.002096208262156549, 0.002182279992445149, 0.0025942616582007526, 0.00287228560306281, 