{"n_items": 400, "weights": [9.99999999999971e-17, 9.99999999999971e-17, 9.99999999999971e-17, 9.99999999999971e-17, 9.99999999999971e-17, 9.99999999999971e-17, 9.99999999999971e-17, 9.99999999999971e-17, 9.99999999999971e-17, 9.99999999999971e-17, 9.99999999999971e-17, 9.99999999999971e-17, 9.99999999999971e-17, 9.99999999999971e-17, 9.99999999999971e-17, 9.99999999999971e-17, 9.99999999999971e-17, 9.99999999999971e-17, 9.99999999999971e-17, 9.99999999999971e-17, 9.99999999999971e-17, 9.99999999999971e-17, 9.99999999999971e-17, 9.99999999999971e-17, 9.99999999999971e-17, 9.99999999999971e-17, 9.99999999999971e-17, 9.99999999999971e-17, 9.99999999999971e-17, 9.99999999999971e-17, 9.99999999999971e-17, 9.99999999999971e-17, 9.99999999999971e-17, 9.99999999999971e-17, 9.99999999999971e-17, 9.99999999999971e-17, 9.99999999999971e-17, 9.99999999999971e-17, 9.99999999999971e-17, 9.99999999999971e-17, 9.99999999999971e-17, 9.99999999999971e-17, 9.99999999999971e-17, 9.99999999999971e-17, 9.99999999999971e-17, 9.99999999999971e-17, 9.99999999999971e-17, 9.99999999999971e-17, 9.99999999999971e-17, 9.99999999999971e-17, 9.99999999999971e-17, 9.99999999999971e-17, 9.99999999999971e-17, 9.99999999999971e-17, 9.99999999999971e-17, 9.99999999999971e-17, 9.99999999999971e-17, 9.99999999999971e-17, 9.99999999999971e-17, 9.99999999999971e-17, 9.99999999999971e-17, 9.99999999999971e-17, 9.99999999999971e-17, 9.99999999999971e-17, 9.99999999999971e-17, 9.99999999999971e-17, 9.99999999999971e-17, 9.99999999999971e-17, 9.99999999999971e-17, 9.99999999999971e-17, 9.99999999999971e-17, 9.99999999999971e-17, 9.99999999999971e-17, 9.99999999999971e-17, 9.99999999999971e-17, 9.99999999999971e-17, 9.99999999999971e-17, 9.99999999999971e-17, 9.99999999999971e-17, 9.99999999999971e-17, 9.99999999999971e-17, 9.99999999999971e-17, 9.99999999999971e-17, 9.99999999999971e-17, 9.99999999999971e-17, 9.99999999999971e-17, 9.99999999999971e-17, 9.99999999999971e-17, 9.99999999999971e-17, 9.99999999999971e-17, 9.99999999999971e-17, 9.99999999999971e-17, 9.99999999999971e-17, 9.99999999999971e-17, 9.99999999999971e-17, 9.99999999999971e-17, 9.99999999999971e-17, 9.99999999999971e-17, 9.99999999999971e-17, 9.99999999999971e-17, 9.99999999999971e-17, 9.99999999999971e-17, 9.99999999999971e-17, 9.99999999999971e-17, 9.99999999999971e-17, 9.99999999999971e-17, 9.99999999999971e-17, 9.99999999999971e-17, 9.99999999999971e-17, 9.99999999999971e-17, 9.99999999999971e-17, 9.99999999999971e-17, 9.99999999999971e-17, 9.99999999999971e-17, 9.99999999999971e-17, 9.99999999999971e-17, 9.99999999999971e-17, 9.99999999999971e-17, 9.99999999999971e-17, 9.99999999999971e-17, 9.99999999999971e-17, 9.99999999999971e-17, 9.99999999999971e-17, 9.99999999999971e-17, 9.99999999999971e-17, 9.99999999999971e-17, 9.99999999999971e-17, 9.99999999999971e-17, 9.99999999999971e-05, 9.99999999999971e-17, 9.99999999999971e-17, 9.99999999999971e-17, 9.99999999999971e-17, 9.99999999999971e-17, 9.99999999999971e-17, 9.99999999999971e-17, 9.99999999999971e-17, 9.99999999999971e-05, 9.99999999999971e-05, 9.99999999999971e-05, 9.99999999999971e-05, 0.0003999999999999884, 0.0006999999999999797, 0.0005999999999999826, 0.0001999999999999942, 0.0007999999999999768, 0.0006999999999999797, 0.000899999999999974, 0.0011999999999999652, 0.0010999999999999682, 0.0013999999999999594, 0.0023999999999999304, 0.002799999999999919, 0.0034999999999998986, 0.0037999999999998903, 0.0040999999999998815, 0.003599999999999896, 0.0044999999999998696, 0.006499999999999812, 0.006699999999999806, 0.00799999999999977, 0.006799999999999804, 0.008899999999999743, 0.009799999999999717, 0.01069999999999969, 0.010899999999999684, 0.009099999999999737, 0.01109999999999968, 0.014399999999999583, 0.011599999999999664, 0.01489999999999957, 0.015099999999999563, 0.016499999999999522, 0.01489999999999957, 0.01699999999999951, 0.014799999999999572, 0.017199999999999504, 0.019299999999999443, 0.016399999999999526, 0.016099999999999535, 0.01489999999999957, 0.017699999999999487, 0.01659999999999952, 0.01659999999999952, 0.013999999999999594, 0.013199999999999618, 0.013699999999999603, 0.01419999999999959, 0.013299999999999616, 0.0137999999999996, 0.013999999999999594, 0.01419999999999959, 0.013199999999999618, 0.015199999999999561, 0.0137999999999996, 0.011299999999999673, 0.01279999999999963, 0.015499999999999552, 0.014699999999999575, 0.014399999999999583, 0.01599999999999954, 0.017499999999999495, 0.015599999999999548, 0.016899999999999513, 0.016699999999999517, 0.013699999999999603, 0.015399999999999555, 0.015799999999999544, 0.01619999999999953, 0.017499999999999495, 0.016399999999999526, 0.017899999999999482, 0.01619999999999953, 0.01419999999999959, 0.015499999999999552, 0.01489999999999957, 0.014399999999999583, 0.01209999999999965, 0.012399999999999642, 0.010799999999999688, 0.010499999999999697, 0.00999999999999971, 0.008499999999999754, 0.008199999999999763, 0.00829999999999976, 0.006399999999999815, 0.006199999999999821, 0.005999999999999827, 0.003999999999999885, 0.004799999999999861, 0.0034999999999998986, 0.003599999999999896, 0.002099999999999939, 0.0030999999999999106, 0.0021999999999999364, 0.0014999999999999567, 0.0010999999999999682, 0.0023999999999999304, 0.0004999999999999856, 0.0009999999999999712, 0.0005999999999999826, 0.0004999999999999856, 0.0001999999999999942, 0.0002999999999999913, 0.0003999999999999884, 9.99999999999971e-17, 0.0003999999999999884, 9.99999999999971e-05, 9.99999999999971e-17, 0.0003999999999999884, 9.99999999999971e-17, 9.99999999999971e-17, 9.99999999999971e-05, 9.99999999999971e-17, 9.99999999999971e-17, 9.99999999999971e-17, 9.99999999999971e-17, 9.99999999999971e-17, 9.99999999999971e-17, 9.99999999999971e-17, 9.99999999999971e-17, 9.99999999999971e-17, 9.99999999999971e-17, 9.99999999999971e-17, 9.99999999999971e-17, 9.99999999999971e-17, 9.99999999999971e-17, 9.99999999999971e-17, 9.99999999999971e-17, 9.99999999999971e-17, 9.99999999999971e-17, 9.99999999999971e-17, 9.99999999999971e-17, 9.99999999999971e-17, 9.99999999999971e-17, 9.99999999999971e-17, 9.99999999999971e-17, 9.99999999999971e-17, 9.99999999999971e-17, 9.99999999999971e-17, 9.99999999999971e-17, 9.99999999999971e-17, 9.99999999999971e-17, 9.99999999999971e-17, 9.99999999999971e-17, 9.99999999999971e-17, 9.99999999999971e-17, 9.99999999999971e-17, 9.99999999999971e-17, 9.99999999999971e-17, 9.99999999999971e-17, 9.99999999999971e-17, 9.99999999999971e-17, 9.99999999999971e-17, 9.99999999999971e-17, 9.99999999999971e-17, 9.99999999999971e-17, 9.99999999999971e-17, 9.99999999999971e-17, 9.99999999999971e-17, 9.99999999999971e-17, 9.99999999999971e-17, 9.99999999999971e-17, 9.99999999999971e-17, 9.99999999999971e-17, 9.99999999999971e-17, 9.99999999999971e-17, 9.99999999999971e-17, 9.99999999999971e-17, 9.99999999999971e-17, 9.99999999999971e-17, 9.99999999999971e-17, 9.99999999999971e-17, 9.99999999999971e-17, 9.99999999999971e-17, 9.99999999999971e-17, 9.99999999999971e-17, 9.99999999999971e-17, 9.99999999999971e-17, 9.99999999999971e-17, 9.99999999999971e-17, 9.99999999999971e-17, 9.99999999999971e-17, 9.99999999999971e-17, 9.99999999999971e-17, 9.99999999999971e-17, 9.99999999999971e-17, 9.99999999999971e-17, 9.99999999999971e-17, 9.99999999999971e-17, 9.99999999999971e-17, 9.99999999999971e-17, 9.99999999999971e-17, 9.99999999999971e-17, 9.99999999999971e-17, 9.99999999999971e-17, 9.99999999999971e-17, 9.99999999999971e-17, 9.99999999999971e-17, 9.99999999999971e-17, 9.99999999999971e-17, 9.99999999999971e-17, 9.99999999999971e-17, 9.99999999999971e-17, 9.99999999999971e-17, 9.99999999999971e-17, 9.99999999999971e-17, 9.99999999999971e-17, 9.99999999999971e-17, 9.99999999999971e-17, 9.99999999999971e-17, 9.99999999999971e-17, 9.99999999999971e-17, 9.99999999999971e-17, 9.99999999999971e-17, 9.99999999999971e-17, 9.99999999999971e-17, 9.99999999999971e-17, 9.99999999999971e-17, 9.99999999999971e-17, 9.99999999999971e-17, 9.99999999999971e-17, 