{"n_items": 600, "weights": [9.999999999999634e-17, 9.999999999999634e-17, 9.999999999999634e-17, 9.999999999999634e-17, 9.999999999999634e-17, 9.999999999999634e-17, 9.999999999999634e-17, 9.999999999999634e-17, 9.999999999999634e-17, 9.999999999999634e-17, 9.999999999999634e-17, 9.999999999999634e-17, 9.999999999999634e-17, 9.999999999999634e-17, 9.999999999999634e-17, 9.999999999999634e-17, 9.999999999999634e-17, 9.999999999999634e-17, 9.999999999999634e-17, 9.999999999999634e-17, 9.999999999999634e-17, 9.999999999999634e-17, 9.999999999999634e-17, 9.999999999999634e-17, 9.999999999999634e-17, 9.999999999999634e-17, 9.999999999999634e-17, 9.999999999999634e-17, 9.999999999999634e-17, 9.999999999999634e-17, 9.999999999999634e-17, 9.999999999999634e-17, 9.999999999999634e-17, 9.999999999999634e-17, 9.999999999999634e-17, 9.999999999999634e-17, 9.999999999999634e-17, 9.999999999999634e-17, 9.999999999999634e-17, 9.999999999999635e-05, 9.999999999999634e-17, 9.999999999999634e-17, 9.999999999999634e-17, 9.999999999999634e-17, 9.999999999999634e-17, 9.999999999999635e-05, 9.999999999999634e-17, 9.999999999999634e-17, 9.999999999999634e-17, 9.999999999999634e-17, 9.999999999999634e-17, 9.999999999999634e-17, 9.999999999999635e-05, 0.0001999999999999927, 9.999999999999635e-05, 9.999999999999635e-05, 9.999999999999634e-17, 9.999999999999634e-17, 9.999999999999635e-05, 0.0003999999999999854, 0.0001999999999999927, 9.999999999999635e-05, 0.0001999999999999927, 0.000299999999999989, 0.0004999999999999817, 0.0003999999999999854, 0.000299999999999989, 0.0001999999999999927, 0.000599999999999978, 0.0004999999999999817, 0.0003999999999999854, 0.0013999999999999488, 0.000599999999999978, 0.0007999999999999708, 0.0014999999999999452, 0.0014999999999999452, 0.0024999999999999085, 0.0017999999999999342, 0.0017999999999999342, 0.0027999999999998976, 0.0024999999999999085, 0.0029999999999998903, 0.002599999999999905, 0.0038999999999998576, 0.0038999999999998576, 0.0030999999999998867, 0.003499999999999872, 0.005499999999999799, 0.00409999999999985, 0.005499999999999799, 0.006099999999999777, 0.0039999999999998535, 0.006699999999999755, 0.00739999999999973, 0.006399999999999766, 0.006099999999999777, 0.006299999999999769, 0.007499999999999726, 0.006599999999999759, 0.0068999999999997475, 0.009699999999999645, 0.009599999999999649, 0.007799999999999715, 0.009399999999999657, 0.009599999999999649, 0.007899999999999711, 0.008399999999999692, 0.009399999999999657, 0.012299999999999551, 0.011399999999999582, 0.010199999999999628, 0.011899999999999565, 0.010199999999999628, 0.010599999999999613, 0.009099999999999667, 0.010299999999999624, 0.01119999999999959, 0.01149999999999958, 0.010999999999999599, 0.009499999999999653, 0.009399999999999657, 0.00739999999999973, 0.009099999999999667, 0.011299999999999586, 0.007699999999999718, 0.009399999999999657, 0.0081999999999997, 0.007799999999999715, 0.00929999999999966, 0.00709999999999974, 0.007999999999999707, 0.005599999999999795, 0.0053999999999998025, 0.005999999999999781, 0.006199999999999773, 0.005899999999999784, 0.0046999999999998284, 0.004799999999999824, 0.004499999999999836, 0.004399999999999839, 0.003699999999999865, 0.0030999999999998867, 0.002099999999999923, 0.002599999999999905, 0.0024999999999999085, 0.002599999999999905, 0.002099999999999923, 0.0019999999999999267, 0.0012999999999999525, 0.0017999999999999342, 0.001199999999999956, 0.0009999999999999634, 0.0009999999999999634, 0.001199999999999956, 0.0008999999999999671, 0.0010999999999999597, 0.0008999999999999671, 0.0003999999999999854, 0.0009999999999999634, 0.000599999999999978, 9.999999999999635e-05, 0.0006999999999999744, 0.0001999999999999927, 0.0003999999999999854, 9.999999999999635e-05, 0.0006999999999999744, 0.0003999999999999854, 9.999999999999635e-05, 9.999999999999635e-05, 0.0001999999999999927, 9.999999999999635e-05, 9.999999999999634e-17, 0.000299999999999989, 0.0003999999999999854, 0.000299999999999989, 9.999999999999635e-05, 0.000299999999999989, 0.000299999999999989, 0.000299999999999989, 9.999999999999634e-17, 0.0006999999999999744, 0.0007999999999999708, 0.0014999999999999452, 0.000599999999999978, 0.0001999999999999927, 0.0008999999999999671, 0.0013999999999999488, 0.0012999999999999525, 0.001199999999999956, 0.0015999999999999415, 0.0015999999999999415, 0.0017999999999999342, 0.002099999999999923, 0.0019999999999999267, 0.002099999999999923, 0.0024999999999999085, 0.002899999999999894, 0.003699999999999865, 0.004499999999999836, 0.0046999999999998284, 0.004299999999999843, 0.003799999999999861, 0.004499999999999836, 0.005699999999999791, 0.004999999999999817, 0.004799999999999824, 0.0068999999999997475, 0.005999999999999781, 0.00709999999999974, 0.006199999999999773, 0.007999999999999707, 0.006699999999999755, 0.008099999999999705, 0.007799999999999715, 0.008399999999999692, 0.01039999999999962, 0.009599999999999649, 0.008599999999999686, 0.009999999999999634, 0.011599999999999576, 0.010899999999999601, 0.009899999999999638, 0.009599999999999649, 0.009499999999999653, 0.011899999999999565, 0.010499999999999616, 0.010899999999999601, 0.01149999999999958, 0.008999999999999671, 0.009699999999999645, 0.010199999999999628, 0.010699999999999609, 0.011099999999999595, 0.01009999999999963, 0.009199999999999663, 0.01149999999999958, 0.009399999999999657, 0.008599999999999686, 0.008999999999999671, 0.008899999999999674, 0.008899999999999674, 0.007199999999999737, 0.007499999999999726, 0.007899999999999711, 0.006299999999999769, 0.006299999999999769, 0.004799999999999824, 0.005299999999999807, 0.004599999999999832, 0.004499999999999836, 0.004399999999999839, 0.004399999999999839, 0.0030999999999998867, 0.0039999999999998535, 0.002599999999999905, 0.0024999999999999085, 0.0029999999999998903, 0.002299999999999916, 0.0026999999999999013, 0.0018999999999999306, 0.0029999999999998903, 0.002899999999999894, 0.0017999999999999342, 0.0013999999999999488, 0.0007999999999999708, 0.001199999999999956, 0.0010999999999999597, 0.0013999999999999488, 0.0008999999999999671, 0.0006999999999999744, 0.0004999999999999817, 0.0001999999999999927, 0.0007999999999999708, 0.0001999999999999927, 0.0003999999999999854, 0.0004999999999999817, 9.999999999999634e-17, 0.000299999999999989, 9.999999999999635e-05, 0.0001999999999999927, 0.0001999999999999927, 9.999999999999635e-05, 9.999999999999635e-05, 0.0001999999999999927, 9.999999999999635e-05, 9.999999999999635e-05, 9.999999999999634e-17, 9.999999999999634e-17, 9.999999999999634e-17, 9.999999999999635e-05, 9.999999999999635e-05, 9.999999999999635e-05, 9.999999999999634e-17, 9.999999999999634e-17, 9.999999999999634e-17, 9.999999999999634e-17, 9.999999999999634e-17, 9.999999999999634e-17, 9.999999999999634e-17, 9.999999999999634e-17, 9.999999999999634e-17, 9.999999999999634e-17, 9.999999999999634e-17, 9.999999999999634e-17, 9.999999999999634e-17, 9.999999999999634e-17, 9.999999999999634e-17, 9.999999999999634e-17, 9.999999999999634e-17, 9.999999999999634e-17, 9.999999999999634e-17, 9.999999999999634e-17, 9.999999999999634e-17, 9.999999999999634e-17, 9.999999999999634e-17, 9.999999999999634e-17, 9.999999999999634e-17, 9.999999999999634e-17, 9.999999999999634e-17, 9.999999999999634e-17, 9.999999999999634e-17, 9.999999999999634e-17, 9.999999999999634e-17, 9.999999999999634e-17, 9.999999999999634e-17, 9.999999999999634e-17, 9.999999999999634e-17, 9.999999999999634e-17, 9.999999999999634e-17, 9.999999999999634e-17, 9.999999999999634e-17, 9.999999999999634e-17, 9.999999999999634e-17, 9.999999999999634e-17, 9.999999999999634e-17, 9.999999999999634e-17, 9.999999999999634e-17, 9.999999999999634e-17, 9.999999999999634e-17, 9.999999999999634e-17, 9.999999999999634e-17, 9.999999999999634e-17, 9.999999999999634e-17, 9.999999999999634e-17, 9.999999999999634e-17, 9.999999999999634e-17, 9.999999999999634e-17, 9.999999999999634e-17, 9.999999999999634e-17, 9.999999999999634e-17, 9.999999999999634e-17, 9.999999999999634e-17, 