{"n_items": 600, "weights": [9.999999999999525e-17, 9.999999999999525e-17, 9.999999999999525e-17, 9.999999999999525e-17, 9.999999999999525e-17, 9.999999999999525e-17, 9.999999999999525e-17, 9.999999999999525e-17, 9.999999999999525e-17, 9.999999999999525e-17, 9.999999999999525e-17, 9.999999999999525e-17, 9.999999999999525e-17, 9.999999999999525e-17, 9.999999999999525e-17, 9.999999999999525e-17, 9.999999999999525e-17, 9.999999999999525e-17, 9.999999999999525e-17, 9.999999999999525e-17, 9.999999999999525e-17, 9.999999999999525e-17, 9.999999999999525e-17, 9.999999999999525e-17, 9.999999999999525e-17, 9.999999999999525e-17, 9.999999999999525e-17, 9.999999999999525e-17, 9.999999999999525e-17, 9.999999999999525e-17, 9.999999999999525e-17, 9.999999999999525e-17, 9.999999999999525e-17, 9.999999999999525e-17, 9.999999999999525e-17, 9.999999999999525e-17, 9.999999999999525e-17, 9.999999999999525e-17, 9.999999999999525e-17, 9.999999999999525e-17, 9.999999999999525e-17, 9.999999999999525e-17, 9.999999999999525e-17, 9.999999999999525e-17, 9.999999999999525e-17, 9.999999999999525e-17, 9.999999999999525e-17, 9.999999999999525e-17, 9.999999999999525e-17, 9.999999999999525e-17, 9.999999999999525e-17, 9.999999999999525e-17, 9.999999999999525e-17, 9.999999999999525e-17, 9.999999999999525e-17, 9.999999999999525e-17, 9.999999999999525e-17, 9.999999999999525e-17, 9.999999999999525e-17, 9.999999999999525e-17, 9.999999999999525e-17, 9.999999999999525e-17, 9.999999999999525e-17, 9.999999999999525e-17, 9.999999999999525e-17, 9.999999999999525e-17, 9.999999999999525e-17, 9.999999999999525e-17, 9.999999999999525e-17, 9.999999999999525e-17, 9.999999999999525e-17, 9.999999999999525e-17, 9.999999999999525e-17, 9.999999999999525e-17, 9.999999999999525e-17, 9.999999999999525e-17, 9.999999999999525e-17, 9.999999999999525e-17, 9.999999999999525e-17, 9.999999999999525e-17, 9.999999999999525e-17, 9.999999999999525e-17, 9.999999999999525e-17, 9.999999999999525e-17, 9.999999999999525e-17, 9.999999999999525e-17, 9.999999999999525e-17, 9.999999999999525e-17, 9.999999999999525e-17, 9.999999999999525e-17, 9.999999999999525e-17, 9.999999999999525e-17, 9.999999999999525e-17, 9.999999999999525e-17, 9.999999999999525e-17, 9.999999999999525e-17, 9.999999999999525e-17, 9.999999999999525e-17, 9.999999999999525e-17, 9.999999999999525e-17, 9.999999999999525e-17, 9.999999999999525e-17, 9.999999999999525e-17, 9.999999999999525e-17, 9.999999999999525e-17, 9.999999999999525e-17, 9.999999999999525e-17, 9.999999999999525e-17, 9.999999999999525e-17, 9.999999999999525e-17, 9.999999999999525e-17, 9.999999999999525e-17, 9.999999999999525e-05, 9.999999999999525e-17, 9.999999999999525e-17, 9.999999999999525e-05, 9.999999999999525e-05, 0.0001999999999999905, 0.00029999999999998577, 0.000399999999999981, 0.0005999999999999715, 0.0005999999999999715, 0.0004999999999999763, 0.001199999999999943, 0.0016999999999999192, 0.0017999999999999145, 0.0021999999999998956, 0.0020999999999999, 0.0037999999999998196, 0.0041999999999998, 0.004899999999999767, 0.005199999999999753, 0.006399999999999696, 0.007599999999999639, 0.010499999999999501, 0.011699999999999445, 0.012299999999999416, 0.012999999999999384, 0.01579999999999925, 0.016099999999999236, 0.018999999999999097, 0.01959999999999907, 0.018999999999999097, 0.018399999999999125, 0.02039999999999903, 0.022199999999998946, 0.021499999999998978, 0.021499999999998978, 0.021999999999998954, 0.021099999999998998, 0.01599999999999924, 0.01849999999999912, 0.016999999999999193, 0.015199999999999278, 0.014799999999999298, 0.015399999999999268, 0.010899999999999483, 0.008799999999999582, 0.009999999999999525, 0.008699999999999587, 0.006299999999999701, 0.007499999999999644, 0.0041999999999998, 0.003099999999999853, 0.0036999999999998245, 0.0024999999999998812, 0.0022999999999998907, 0.0016999999999999192, 0.0012999999999999384, 0.0012999999999999384, 0.0005999999999999715, 0.000399999999999981, 0.0004999999999999763, 0.000399999999999981, 0.0001999999999999905, 0.0004999999999999763, 9.999999999999525e-17, 9.999999999999525e-17, 9.999999999999525e-17, 9.999999999999525e-17, 9.999999999999525e-17, 9.999999999999525e-05, 9.999999999999525e-17, 9.999999999999525e-17, 9.999999999999525e-17, 9.999999999999525e-17, 9.999999999999525e-17, 9.999999999999525e-17, 9.999999999999525e-17, 9.999999999999525e-17, 9.999999999999525e-17, 9.999999999999525e-17, 9.999999999999525e-17, 9.999999999999525e-17, 9.999999999999525e-17, 9.999999999999525e-17, 9.999999999999525e-17, 9.999999999999525e-17, 9.999999999999525e-17, 9.999999999999525e-17, 9.999999999999525e-17, 9.999999999999525e-05, 9.999999999999525e-05, 9.999999999999525e-05, 0.0004999999999999763, 9.999999999999525e-17, 0.0004999999999999763, 0.0004999999999999763, 0.000399999999999981, 0.0008999999999999573, 0.0006999999999999668, 0.001199999999999943, 0.001199999999999943, 0.001999999999999905, 0.003099999999999853, 0.0032999999999998434, 0.004399999999999791, 0.0049999999999997624, 0.006199999999999706, 0.006999999999999668, 0.0083999999999996, 0.007399999999999649, 0.011299999999999463, 0.01139999999999946, 0.015199999999999278, 0.013299999999999368, 0.01809999999999914, 0.01669999999999921, 0.01789999999999915, 0.016999999999999193, 0.019299999999999085, 0.02169999999999897, 0.01959999999999907, 0.019499999999999074, 0.023499999999998883, 0.021099999999998998, 0.021399999999998982, 0.020999999999999002, 0.01809999999999914, 0.01919999999999909, 0.014999999999999288, 0.015899999999999245, 0.014499999999999312, 0.011299999999999463, 0.009199999999999563, 0.009299999999999559, 0.008799999999999582, 0.006399999999999696, 0.006399999999999696, 0.004299999999999796, 0.004799999999999772, 0.0026999999999998718, 0.003199999999999848, 0.0018999999999999098, 0.001199999999999943, 0.001199999999999943, 0.0018999999999999098, 0.0010999999999999478, 0.0006999999999999668, 0.0004999999999999763, 0.0004999999999999763, 0.00029999999999998577, 9.999999999999525e-05, 9.999999999999525e-05, 0.0001999999999999905, 9.999999999999525e-17, 0.0001999999999999905, 9.999999999999525e-17, 9.999999999999525e-17, 9.999999999999525e-17, 9.999999999999525e-17, 9.999999999999525e-17, 9.999999999999525e-17, 9.999999999999525e-17, 9.999999999999525e-17, 9.999999999999525e-17, 9.999999999999525e-17, 9.999999999999525e-17, 9.999999999999525e-17, 9.999999999999525e-17, 9.999999999999525e-17, 9.999999999999525e-17, 9.999999999999525e-17, 9.999999999999525e-17, 9.999999999999525e-17, 9.999999999999525e-17, 9.999999999999525e-17, 9.999999999999525e-17, 9.999999999999525e-17, 9.999999999999525e-17, 9.999999999999525e-17, 9.999999999999525e-17, 9.999999999999525e-17, 9.999999999999525e-17, 9.999999999999525e-17, 9.999999999999525e-17, 9.999999999999525e-17, 9.999999999999525e-17, 9.999999999999525e-17, 9.999999999999525e-17, 9.999999999999525e-17, 9.999999999999525e-17, 9.999999999999525e-17, 9.999999999999525e-17, 9.999999999999525e-17, 9.999999999999525e-17, 9.999999999999525e-17, 9.999999999999525e-17, 9.999999999999525e-17, 9.999999999999525e-17, 9.999999999999525e-17, 9.999999999999525e-17, 9.999999999999525e-17, 9.999999999999525e-17, 9.999999999999525e-17, 9.999999999999525e-17, 9.999999999999525e-17, 9.999999999999525e-17, 9.999999999999525e-17, 9.999999999999525e-17, 9.999999999999525e-17, 9.999999999999525e-17, 9.999999999999525e-17, 9.999999999999525e-17, 9.999999999999525e-17, 9.999999999999525e-17, 9.999999999999525e-17, 9.999999999999525e-17, 9.999999999999525e-17, 9.999999999999525e-17, 9.999999999999525e-17, 9.999999999999525e-17, 9.999999999999525e-17, 9.999999999999525e-17, 9.999999999999525e-17, 9.999999999999525e-17, 9.999999999999525e-17, 9.999999999999525e-17, 9.999999999999525e-17, 9.999999999999525e-17, 9.999999999999525e-17, 9.999999999999525e-17, 9.999999999999525e-17, 9.999999999999525e-17, 9.999999999999525e-17, 9.999999999999525e-17, 9.999999999999525e-17, 9.999999999999525e-17, 9.999999999999525e-17, 9.999999999999525e-17, 9.999999999999525e-17,