{"n_items": 600, "weights": [9.999999999999533e-17, 9.999999999999533e-17, 9.999999999999533e-17, 9.999999999999533e-17, 9.999999999999533e-17, 9.999999999999533e-17, 9.999999999999533e-17, 9.999999999999533e-17, 9.999999999999533e-17, 9.999999999999533e-17, 9.999999999999533e-17, 9.999999999999533e-17, 9.999999999999533e-17, 9.999999999999533e-17, 9.999999999999533e-17, 9.999999999999533e-17, 9.999999999999533e-17, 9.999999999999533e-17, 9.999999999999533e-17, 9.999999999999533e-17, 9.999999999999533e-17, 9.999999999999533e-17, 9.999999999999533e-17, 9.999999999999533e-17, 9.999999999999533e-17, 9.999999999999533e-17, 9.999999999999533e-17, 9.999999999999533e-17, 9.999999999999533e-17, 9.999999999999533e-17, 9.999999999999533e-17, 9.999999999999533e-17, 9.999999999999533e-17, 9.999999999999533e-17, 9.999999999999533e-17, 9.999999999999533e-17, 9.999999999999533e-17, 9.999999999999533e-17, 9.999999999999533e-17, 9.999999999999533e-17, 9.999999999999533e-17, 9.999999999999533e-17, 9.999999999999533e-17, 9.999999999999533e-17, 9.999999999999533e-17, 9.999999999999533e-17, 9.999999999999533e-17, 9.999999999999533e-17, 9.999999999999533e-17, 9.999999999999533e-17, 9.999999999999533e-17, 9.999999999999533e-17, 9.999999999999533e-17, 9.999999999999533e-17, 9.999999999999533e-17, 9.999999999999533e-17, 9.999999999999533e-17, 9.999999999999533e-17, 9.999999999999533e-17, 9.999999999999533e-17, 9.999999999999533e-17, 9.999999999999533e-17, 9.999999999999533e-17, 9.999999999999533e-17, 9.999999999999533e-17, 9.999999999999533e-17, 9.999999999999533e-17, 9.999999999999533e-17, 9.999999999999533e-17, 9.999999999999533e-17, 9.999999999999533e-17, 9.999999999999533e-17, 9.999999999999533e-17, 9.999999999999533e-17, 9.999999999999533e-17, 9.999999999999533e-17, 9.999999999999533e-17, 9.999999999999533e-17, 9.999999999999533e-17, 9.999999999999533e-17, 9.999999999999533e-17, 9.999999999999533e-17, 9.999999999999533e-17, 9.999999999999533e-17, 9.999999999999533e-17, 9.999999999999533e-17, 9.999999999999533e-17, 9.999999999999533e-17, 9.999999999999533e-17, 9.999999999999533e-17, 9.999999999999533e-17, 9.999999999999533e-17, 9.999999999999533e-17, 9.999999999999533e-17, 9.999999999999533e-17, 9.999999999999533e-17, 9.999999999999533e-17, 9.999999999999533e-17, 9.999999999999533e-17, 9.999999999999533e-17, 9.999999999999533e-17, 9.999999999999533e-17, 9.999999999999533e-17, 9.999999999999533e-17, 9.999999999999533e-17, 9.999999999999533e-17, 9.999999999999533e-17, 9.999999999999533e-17, 9.999999999999533e-17, 9.999999999999533e-17, 9.999999999999533e-17, 9.999999999999533e-17, 9.999999999999533e-17, 9.999999999999533e-17, 9.999999999999533e-17, 9.999999999999533e-17, 9.999999999999533e-17, 9.999999999999533e-17, 9.999999999999533e-17, 9.999999999999533e-17, 9.999999999999533e-17, 9.999999999999533e-17, 9.999999999999533e-17, 9.999999999999533e-17, 9.999999999999533e-17, 9.999999999999533e-17, 9.999999999999533e-17, 9.999999999999533e-17, 9.999999999999533e-17, 9.999999999999533e-17, 9.999999999999533e-17, 9.999999999999533e-17, 9.999999999999533e-17, 9.999999999999533e-17, 9.999999999999533e-17, 9.999999999999533e-17, 9.999999999999533e-17, 9.999999999999533e-17, 9.999999999999533e-17, 9.999999999999533e-17, 9.999999999999533e-17, 9.999999999999533e-17, 9.999999999999533e-17, 9.999999999999533e-17, 9.999999999999533e-17, 9.999999999999533e-17, 9.999999999999533e-17, 9.999999999999533e-17, 9.999999999999533e-17, 9.999999999999533e-17, 9.999999999999533e-17, 9.999999999999533e-17, 9.999999999999533e-17, 9.999999999999533e-17, 9.999999999999533e-17, 9.999999999999533e-17, 9.999999999999533e-17, 9.999999999999533e-17, 9.999999999999533e-17, 9.999999999999533e-17, 9.999999999999533e-17, 9.999999999999533e-17, 9.999999999999533e-17, 9.999999999999533e-17, 9.999999999999533e-17, 9.999999999999533e-17, 9.999999999999533e-17, 9.999999999999533e-17, 9.999999999999533e-05, 9.999999999999533e-17, 9.999999999999533e-17, 9.999999999999533e-17, 9.999999999999533e-17, 9.999999999999533e-17, 9.999999999999533e-17, 9.999999999999533e-17, 9.999999999999533e-17, 9.999999999999533e-17, 9.999999999999533e-17, 9.999999999999533e-17, 9.999999999999533e-17, 9.999999999999533e-17, 9.999999999999533e-17, 9.999999999999533e-17, 9.999999999999533e-17, 9.999999999999533e-17, 9.999999999999533e-17, 9.999999999999533e-17, 9.999999999999533e-17, 9.999999999999533e-17, 9.999999999999533e-17, 9.999999999999533e-17, 9.999999999999533e-17, 9.999999999999533e-05, 9.999999999999533e-05, 9.999999999999533e-17, 9.999999999999533e-17, 9.999999999999533e-17, 9.999999999999533e-17, 9.999999999999533e-05, 9.999999999999533e-05, 9.999999999999533e-17, 9.999999999999533e-17, 9.999999999999533e-17, 9.999999999999533e-17, 9.999999999999533e-17, 9.999999999999533e-05, 9.999999999999533e-17, 9.999999999999533e-05, 0.00019999999999999066, 9.999999999999533e-05, 0.00019999999999999066, 0.000299999999999986, 9.999999999999533e-17, 0.0004999999999999766, 0.0003999999999999813, 0.0004999999999999766, 0.0004999999999999766, 0.000599999999999972, 0.0003999999999999813, 0.0004999999999999766, 0.0012999999999999392, 0.0016999999999999205, 0.001199999999999944, 0.0012999999999999392, 0.0007999999999999626, 0.0016999999999999205, 0.0016999999999999205, 0.0029999999999998595, 0.002099999999999902, 0.0028999999999998645, 0.003399999999999841, 0.0022999999999998924, 0.003699999999999827, 0.0034999999999998366, 0.0038999999999998177, 0.0038999999999998177, 0.005099999999999762, 0.00469999999999978, 0.006499999999999696, 0.007299999999999658, 0.007499999999999649, 0.007499999999999649, 0.006799999999999682, 0.009499999999999556, 0.011599999999999458, 0.008299999999999612, 0.010399999999999514, 0.01049999999999951, 0.011299999999999472, 0.01369999999999936, 0.014499999999999322, 0.01389999999999935, 0.01539999999999928, 0.01669999999999922, 0.016399999999999235, 0.018499999999999135, 0.01969999999999908, 0.017899999999999163, 0.017399999999999187, 0.022199999999998964, 0.023199999999998916, 0.019099999999999107, 0.02159999999999899, 0.023699999999998892, 0.01969999999999908, 0.020799999999999028, 0.01879999999999912, 0.022299999999998956, 0.021499999999998996, 0.021399999999999, 0.021199999999999008, 0.020899999999999024, 0.022499999999998948, 0.021499999999998996, 0.019099999999999107, 0.019599999999999083, 0.018899999999999115, 0.017499999999999183, 0.019599999999999083, 0.016099999999999247, 0.017799999999999167, 0.015199999999999289, 0.016499999999999227, 0.01629999999999924, 0.014899999999999303, 0.014299999999999332, 0.01219999999999943, 0.011399999999999468, 0.013599999999999364, 0.010599999999999504, 0.009999999999999532, 0.01049999999999951, 0.00769999999999964, 0.007899999999999631, 0.007099999999999668, 0.005799999999999729, 0.005799999999999729, 0.006399999999999701, 0.004799999999999776, 0.004799999999999776, 0.00469999999999978, 0.004199999999999804, 0.003999999999999813, 0.002799999999999869, 0.0035999999999998316, 0.0022999999999998924, 0.0021999999999998974, 0.002399999999999888, 0.0013999999999999345, 0.001199999999999944, 0.001899999999999911, 0.0006999999999999672, 0.0009999999999999532, 0.0016999999999999205, 0.0010999999999999487, 0.0010999999999999487, 0.0004999999999999766, 0.0004999999999999766, 0.00019999999999999066, 0.000299999999999986, 0.000299999999999986, 0.000299999999999986, 0.000599999999999972, 0.0003999999999999813, 9.999999999999533e-05, 0.0003999999999999813, 9.999999999999533e-05, 0.00019999999999999066, 9.999999999999533e-17, 9.999999999999533e-05, 9.999999999999533e-17, 9.999999999999533e-05, 9.999999999999533e-17, 9.999999999999533e-17, 9.999999999999533e-17, 9.999999999999533e-17, 9.999999999999533e-17, 9.999999999999533e-17, 9.999999999999533e-05, 9.999999999999533e-05, 9.999999999999533e-17, 9.999999999999533e-17, 9.999999999999533e-05, 9.999999999999533e-17, 9.999999999999533e-05, 9.999999999999533e-17, 9.999999999999533e-17, 9.999999999999533e-17, 9.999999999999533e-17, 