{"n_items": 200, "weights": [1.0639429726566505e-16, 1.0639429726566505e-16, 1.0639429726566505e-16, 1.0639429726566505e-16, 1.0639429726566505e-16, 1.0639429726566505e-16, 1.0639429726566505e-16, 1.0639429726566505e-16, 1.0639429726566505e-16, 1.0639429726566505e-16, 1.0639429726566505e-16, 1.0639429726566505e-16, 1.0639429726566505e-16, 1.0639429726566505e-16, 1.0639429726566505e-16, 1.0639429726566505e-16, 1.0639429726566505e-16, 1.0639429726566505e-16, 1.0639429726566505e-16, 1.0639429726566505e-16, 1.0639429726566505e-16, 1.0639429726566505e-16, 1.0639429726566505e-16, 1.0639429726566505e-16, 1.0639429726566505e-16, 1.0639429726566505e-16, 1.0639429726566505e-16, 1.0639429726566505e-16, 1.0639429726566505e-16, 1.0639429726566505e-16, 1.0639429726566505e-16, 1.0639429726566505e-16, 1.0639429726566505e-16, 1.0639429726566505e-16, 1.0639429726566505e-16, 1.0639429726566505e-16, 1.0639429726566505e-16, 1.0639429726566505e-16, 1.0639429726566505e-16, 1.0639429726566505e-16, 1.0639429726566505e-16, 1.0639429726566505e-16, 1.0639429726566505e-16, 1.0639429726566505e-16, 1.0639429726566505e-16, 1.0639429726566505e-16, 1.0639429726566505e-16, 1.0639429726566505e-16, 1.0639429726566505e-16, 1.0639429726566505e-16, 1.0639429726566505e-16, 1.0639429726566505e-16, 1.0639429726566505e-16, 1.0639429726566505e-16, 1.0639429726566505e-16, 1.0639429726566505e-16, 1.0639429726566505e-16, 1.0639429726566505e-16, 1.0639429726566505e-16, 1.0639429726566505e-16, 1.0639429726566505e-16, 1.0639429726566505e-16, 1.0639429726566505e-16, 1.0639429726566505e-16, 1.0639429726566505e-16, 1.0639429726566505e-16, 1.0639429726566505e-16, 1.0639429726566505e-16, 1.0639429726566505e-16, 1.0639429726566505e-16, 1.0639429726566505e-16, 1.0639429726566505e-16, 1.0639429726566505e-16, 1.0639429726566505e-16, 1.0639429726566505e-16, 1.0639429726566505e-16, 1.0639429726566505e-16, 1.0639429726566505e-16, 1.0639429726566505e-16, 1.0639429726566505e-16, 1.0639429726566505e-16, 1.0639429726566505e-16, 1.0639429726566505e-16, 1.0639429726566505e-16, 1.0639429726566505e-16, 1.0639429726566505e-16, 1.0639429726566505e-16, 0.00010639429726566506, 1.0639429726566505e-16, 1.0639429726566505e-16, 1.0639429726566505e-16, 1.0639429726566505e-16, 0.00010639429726566506, 1.0639429726566505e-16, 1.0639429726566505e-16, 0.00021278859453133011, 0.0005319714863283253, 0.00021278859453133011, 0.00042557718906266023, 0.001702308756250641, 0.0022342802425789664, 0.0030854346207042868, 0.003936588998829607, 0.006490052133205569, 0.007128417916799559, 0.009788275348441185, 0.012128949888285816, 0.014256835833599118, 0.020534099372273355, 0.02372592829024331, 0.025109054154696952, 0.02883285455899523, 0.03159910628790252, 0.03213107777423085, 0.03425896371954415, 0.035429300989466464, 0.035110118097669465, 0.03149271199063686, 0.02755612299180725, 0.02691775720821326, 0.021917225236727, 0.02021491648047636, 0.01851260772422572, 0.013086498563676802, 0.011809766996488821, 0.009149909564847195, 0.005106926268751923, 0.006064474944142908, 0.0030854346207042868, 0.0025534631343759615, 0.002021491648047636, 0.0014895201617193107, 0.0009575486753909856, 0.00042557718906266023, 0.00010639429726566506, 1.0639429726566505e-16, 0.0003191828917969952, 0.00010639429726566506, 1.0639429726566505e-16, 1.0639429726566505e-16, 1.0639429726566505e-16, 1.0639429726566505e-16, 1.0639429726566505e-16, 1.0639429726566505e-16, 1.0639429726566505e-16, 1.0639429726566505e-16, 1.0639429726566505e-16, 1.0639429726566505e-16, 1.0639429726566505e-16, 1.0639429726566505e-16, 1.0639429726566505e-16, 1.0639429726566505e-16, 1.0639429726566505e-16, 1.0639429726566505e-16, 1.0639429726566505e-16, 1.0639429726566505e-16, 1.0639429726566505e-16, 1.0639429726566505e-16, 1.0639429726566505e-16, 1.0639429726566505e-16, 1.0639429726566505e-16, 1.0639429726566505e-16, 1.0639429726566505e-16, 1.0639429726566505e-16, 1.0639429726566505e-16, 1.0639429726566505e-16, 1.0639429726566505e-16, 1.0639429726566505e-16, 1.0639429726566505e-16, 1.0639429726566505e-16, 1.0639429726566505e-16, 1.0639429726566505e-16, 1.0639429726566505e-16, 1.0639429726566505e-16, 1.0639429726566505e-16, 1.0639429726566505e-16, 0.00021278859453133011, 0.00021278859453133011, 0.00021278859453133011, 0.0003191828917969952, 0.0006383657835939904, 0.0008511543781253205, 0.0012767315671879807, 0.0010639429726566505, 0.0028726460261729566, 0.004894137674220592, 0.006383657835939903, 0.0088307266730502, 0.012341738482817147, 0.017980636237897394, 0.021066070858601682, 0.025428237046493947, 0.032556654963293505, 0.04191935312267203, 0.04351526758165701, 0.052026811362910215, 0.05894244068517844, 0.06532609852111834, 0.06915629322268228, 1.0639429726566505e-16], "profits": [1.0, 1.0, 1.0, 1.0, 1.0, 1.0, 1.0, 1.0, 1.0, 1.0, 1.0, 1.0, 1.0, 1.0, 1.0, 1.0, 1.0, 1.0, 1.0, 1.0, 1.0, 1.0, 1.0, 1.0, 1.0, 1.0, 1.0, 1.0, 1.0, 1.0, 1.0, 1.0, 1.0, 1.0, 1.0, 1.0, 1.0, 1.0, 1.0, 1.0, 1.0, 1.0, 1.0, 1.0, 1.0, 1.0, 1.0, 1.0, 1.0, 1.0, 1.0, 1.0, 1.0, 1.0, 1.0, 1.0, 1.0, 1.0, 1.0, 1.0, 1.0, 1.0, 1.0, 1.0, 1.0, 1.0, 1.0, 1.0, 1.0, 1.0, 1.0, 1.0, 1.0, 1.0, 1.0, 1.0, 1.0, 1.0, 1.0, 1.0, 1.0, 1.0, 1.0, 1.0, 1.0, 1.0, 1.0, 1.0, 1.0, 1.0, 1.0, 1.0, 1.0, 1.0, 1.0, 1.0, 1.0, 1.0, 1.0, 1.0, 1.0, 1.0, 1.0, 1.0, 1.0, 1.0, 1.0, 1.0, 1.0, 0.1, 1.0, 1.0, 1.0, 0.1, 1.0, 1.0, 1.0, 1.0, 1.0, 1.0, 1.0, 1.0, 1.0, 1.0, 1.0, 1.0, 1.0, 1.0, 1.0, 1.0, 1.0, 1.0, 1.0, 1.0, 1.0, 1.0, 1.0, 1.0, 1.0, 1.0, 1.0, 1.0, 1.0, 1.0, 1.0, 1.0, 1.0, 1.0, 1.0, 1.0, 1.0, 1.0, 1.0, 1.0, 1.0, 1.0, 1.0, 1.0, 1.0, 1.0, 1.0, 1.0, 1.0, 1.0, 1.0, 1.0, 1.0, 1.0, 1.0, 1.0, 1.0, 1.0, 1.0, 1.0, 1.0, 1.0, 1.0, 1.0, 1.0, 1.0, 1.0, 1.0, 1.0, 1.0, 1.0, 1.0, 1.0, 1.0, 1.0, 1.0, 1.0, 1.0, 1.0, 1.0, 1.0, 1.0, 1.0, 1.0, 1.0, 1.0], "min_weight": 0.95, "max_distance": 3}