{"n_items": 200, "weights": [9.999999999999954e-17, 9.999999999999954e-17, 9.999999999999954e-17, 9.999999999999954e-17, 9.999999999999954e-17, 9.999999999999954e-17, 9.999999999999954e-17, 9.999999999999954e-17, 9.999999999999954e-17, 9.999999999999954e-17, 9.999999999999954e-17, 9.999999999999954e-17, 9.999999999999954e-17, 9.999999999999954e-17, 9.999999999999954e-17, 9.999999999999954e-17, 9.999999999999954e-17, 9.999999999999954e-17, 9.999999999999954e-17, 9.999999999999954e-17, 9.999999999999954e-17, 9.999999999999954e-17, 9.999999999999954e-17, 9.999999999999954e-17, 9.999999999999954e-17, 9.999999999999954e-05, 9.999999999999954e-17, 9.999999999999954e-17, 9.999999999999954e-05, 9.999999999999954e-17, 9.999999999999954e-17, 9.999999999999954e-05, 9.999999999999954e-17, 9.999999999999954e-17, 0.0002999999999999986, 9.999999999999954e-05, 0.0004999999999999977, 0.0006999999999999968, 0.0003999999999999982, 0.0003999999999999982, 0.0007999999999999964, 0.0005999999999999972, 0.0007999999999999964, 0.0018999999999999913, 0.0016999999999999923, 0.0022999999999999896, 0.0013999999999999937, 0.002899999999999987, 0.005099999999999977, 0.00449999999999998, 0.0031999999999999854, 0.004099999999999981, 0.006099999999999973, 0.006199999999999972, 0.007699999999999965, 0.006899999999999969, 0.0070999999999999674, 0.008399999999999961, 0.009799999999999955, 0.011699999999999947, 0.010399999999999953, 0.011699999999999947, 0.01299999999999994, 0.011299999999999949, 0.01299999999999994, 0.01329999999999994, 0.014999999999999932, 0.016099999999999927, 0.01319999999999994, 0.016199999999999926, 0.01539999999999993, 0.01569999999999993, 0.01559999999999993, 0.015899999999999928, 0.01569999999999993, 0.01709999999999992, 0.014999999999999932, 0.014399999999999934, 0.014399999999999934, 0.013599999999999939, 0.012499999999999943, 0.011499999999999948, 0.00879999999999996, 0.009099999999999959, 0.008399999999999961, 0.007499999999999966, 0.008199999999999963, 0.00659999999999997, 0.005199999999999976, 0.00649999999999997, 0.005999999999999972, 0.004099999999999981, 0.003499999999999984, 0.0031999999999999854, 0.0031999999999999854, 0.0031999999999999854, 0.002599999999999988, 0.001299999999999994, 0.0011999999999999945, 0.0013999999999999937, 0.0011999999999999945, 0.0009999999999999955, 0.0006999999999999968, 0.0001999999999999991, 0.0004999999999999977, 9.999999999999954e-05, 0.0005999999999999972, 0.0006999999999999968, 0.0002999999999999986, 0.0007999999999999964, 0.0004999999999999977, 0.0006999999999999968, 0.0005999999999999972, 0.0009999999999999955, 0.0013999999999999937, 0.0013999999999999937, 0.0027999999999999874, 0.0020999999999999903, 0.0022999999999999896, 0.0026999999999999876, 0.0031999999999999854, 0.00439999999999998, 0.00449999999999998, 0.00439999999999998, 0.0049999999999999776, 0.005599999999999975, 0.006199999999999972, 0.008099999999999963, 0.009499999999999956, 0.00899999999999996, 0.007999999999999964, 0.010599999999999951, 0.011499999999999948, 0.01339999999999994, 0.014099999999999936, 0.01529999999999993, 0.01309999999999994, 0.015899999999999928, 0.01529999999999993, 0.014799999999999933, 0.013999999999999936, 0.01569999999999993, 0.01729999999999992, 0.01719999999999992, 0.014899999999999932, 0.014399999999999934, 0.014399999999999934, 0.013699999999999938, 0.01579999999999993, 0.013999999999999936, 0.012499999999999943, 0.011799999999999946, 0.010199999999999954, 0.01089999999999995, 0.01109999999999995, 0.01119999999999995, 0.008299999999999962, 0.007899999999999964, 0.007599999999999965, 0.006299999999999971, 0.005699999999999974, 0.004099999999999981, 0.003499999999999984, 0.00449999999999998, 0.0038999999999999825, 0.002999999999999986, 0.002899999999999987, 0.00219999999999999, 0.001999999999999991, 0.0013999999999999937, 0.0015999999999999927, 0.0004999999999999977, 0.001299999999999994, 0.0007999999999999964, 0.0004999999999999977, 0.0004999999999999977, 0.0008999999999999959, 0.0003999999999999982, 0.0003999999999999982, 0.0003999999999999982, 0.0002999999999999986, 0.0001999999999999991, 9.999999999999954e-05, 9.999999999999954e-05, 9.999999999999954e-05, 9.999999999999954e-05, 9.999999999999954e-17, 9.999999999999954e-17, 9.999999999999954e-17, 9.999999999999954e-17, 9.999999999999954e-17, 9.999999999999954e-17, 9.999999999999954e-17, 9.999999999999954e-17, 9.999999999999954e-17, 9.999999999999954e-17, 9.999999999999954e-17, 9.999999999999954e-17, 9.999999999999954e-17, 9.999999999999954e-17], "profits": [1.0, 1.0, 1.0, 1.0, 1.0, 1.0, 1.0, 1.0, 1.0, 1.0, 1.0, 1.0, 1.0, 1.0, 1.0, 1.0, 1.0, 1.0, 1.0, 1.0, 1.0, 1.0, 1.0, 1.0, 1.0, 1.0, 1.0, 1.0, 1.0, 1.0, 1.0, 1.0, 1.0, 1.0, 1.0, 1.0, 1.0, 1.0, 1.0, 1.0, 1.0, 1.0, 1.0, 1.0, 1.0, 1.0, 1.0, 1.0, 1.0, 1.0, 1.0, 1.0, 1.0, 1.0, 1.0, 1.0, 1.0, 1.0, 1.0, 1.0, 1.0, 1.0, 1.0, 1.0, 1.0, 1.0, 1.0, 1.0, 1.0, 1.0, 1.0, 1.0, 1.0, 1.0, 1.0, 1.0, 1.0, 1.0, 1.0, 1.0, 1.0, 1.0, 1.0, 1.0, 1.0, 1.0, 1.0, 1.0, 1.0, 1.0, 1.0, 1.0, 1.0, 1.0, 1.0, 1.0, 1.0, 1.0, 1.0, 1.0, 1.0, 1.0, 1.0, 1.0, 1.0, 1.0, 1.0, 1.0, 1.0, 1.0, 1.0, 1.0, 1.0, 1.0, 1.0, 1.0, 1.0, 1.0, 1.0, 1.0, 1.0, 1.0, 1.0, 1.0, 1.0, 1.0, 1.0, 1.0, 1.0, 1.0, 1.0, 1.0, 1.0, 1.0, 1.0, 1.0, 1.0, 1.0, 1.0, 1.0, 1.0, 1.0, 1.0, 1.0, 1.0, 1.0, 1.0, 1.0, 1.0, 1.0, 1.0, 1.0, 1.0, 1.0, 1.0, 1.0, 1.0, 1.0, 1.0, 1.0, 1.0, 1.0, 1.0, 1.0, 1.0, 1.0, 1.0, 1.0, 1.0, 1.0, 1.0, 1.0, 1.0, 1.0, 1.0, 1.0, 1.0, 1.0, 1.0, 1.0, 1.0, 1.0, 1.0, 1.0, 1.0, 1.0, 1.0, 1.0, 1.0, 1.0, 1.0, 1.0, 1.0, 1.0, 1.0, 1.0, 1.0, 1.0, 1.0, 1.0], "min_weight": 0.95, "max_distance": 2}