{"n_items": 600, "weights": [9.99999999999985e-17, 9.99999999999985e-17, 9.99999999999985e-17, 9.99999999999985e-17, 9.99999999999985e-17, 9.99999999999985e-17, 9.99999999999985e-17, 9.99999999999985e-17, 9.99999999999985e-17, 9.99999999999985e-17, 9.99999999999985e-17, 9.99999999999985e-17, 9.99999999999985e-17, 9.99999999999985e-17, 9.99999999999985e-17, 9.99999999999985e-17, 9.99999999999985e-17, 9.999999999999849e-05, 9.99999999999985e-17, 9.99999999999985e-17, 9.99999999999985e-17, 9.99999999999985e-17, 9.99999999999985e-17, 9.99999999999985e-17, 9.99999999999985e-17, 9.99999999999985e-17, 9.99999999999985e-17, 9.99999999999985e-17, 9.99999999999985e-17, 9.99999999999985e-17, 9.99999999999985e-17, 9.99999999999985e-17, 9.99999999999985e-17, 9.99999999999985e-17, 9.99999999999985e-17, 9.99999999999985e-17, 9.99999999999985e-17, 9.99999999999985e-17, 9.99999999999985e-17, 9.99999999999985e-17, 9.99999999999985e-17, 9.999999999999849e-05, 9.99999999999985e-17, 9.99999999999985e-17, 9.99999999999985e-17, 9.99999999999985e-17, 9.99999999999985e-17, 9.99999999999985e-17, 9.99999999999985e-17, 9.99999999999985e-17, 9.99999999999985e-17, 9.99999999999985e-17, 9.99999999999985e-17, 9.99999999999985e-17, 9.99999999999985e-17, 9.99999999999985e-17, 9.99999999999985e-17, 9.99999999999985e-17, 9.99999999999985e-17, 9.99999999999985e-17, 9.99999999999985e-17, 9.99999999999985e-17, 9.99999999999985e-17, 9.99999999999985e-17, 9.99999999999985e-17, 9.99999999999985e-17, 9.99999999999985e-17, 9.999999999999849e-05, 9.999999999999849e-05, 9.99999999999985e-17, 9.999999999999849e-05, 9.99999999999985e-17, 9.99999999999985e-17, 9.99999999999985e-17, 9.99999999999985e-17, 9.999999999999849e-05, 9.99999999999985e-17, 9.99999999999985e-17, 9.999999999999849e-05, 9.99999999999985e-17, 9.99999999999985e-17, 9.99999999999985e-17, 9.99999999999985e-17, 9.99999999999985e-17, 9.999999999999849e-05, 9.999999999999849e-05, 9.999999999999849e-05, 9.999999999999849e-05, 9.99999999999985e-17, 9.99999999999985e-17, 9.99999999999985e-17, 9.99999999999985e-17, 9.999999999999849e-05, 0.00019999999999999697, 9.999999999999849e-05, 9.99999999999985e-17, 9.999999999999849e-05, 9.999999999999849e-05, 9.99999999999985e-17, 9.99999999999985e-17, 9.99999999999985e-17, 9.99999999999985e-17, 9.99999999999985e-17, 9.99999999999985e-17, 9.999999999999849e-05, 9.99999999999985e-17, 9.999999999999849e-05, 9.999999999999849e-05, 9.999999999999849e-05, 9.99999999999985e-17, 9.999999999999849e-05, 9.999999999999849e-05, 9.999999999999849e-05, 9.99999999999985e-17, 9.99999999999985e-17, 0.00019999999999999697, 0.00019999999999999697, 0.00019999999999999697, 9.99999999999985e-17, 0.00019999999999999697, 9.999999999999849e-05, 9.999999999999849e-05, 9.999999999999849e-05, 9.999999999999849e-05, 9.999999999999849e-05, 0.0002999999999999955, 0.0002999999999999955, 0.0002999999999999955, 9.99999999999985e-17, 0.00019999999999999697, 0.00019999999999999697, 0.00019999999999999697, 0.00019999999999999697, 9.999999999999849e-05, 0.00019999999999999697, 0.00019999999999999697, 0.00039999999999999395, 9.99999999999985e-17, 0.00019999999999999697, 0.00019999999999999697, 0.0002999999999999955, 9.999999999999849e-05, 0.00039999999999999395, 0.0004999999999999924, 0.0004999999999999924, 0.00039999999999999395, 0.0004999999999999924, 0.000599999999999991, 0.0007999999999999879, 0.0002999999999999955, 0.0006999999999999895, 0.0002999999999999955, 0.0006999999999999895, 0.0006999999999999895, 0.0002999999999999955, 0.00039999999999999395, 0.0004999999999999924, 0.000599999999999991, 0.0002999999999999955, 0.0007999999999999879, 0.0006999999999999895, 0.000599999999999991, 0.00039999999999999395, 0.0006999999999999895, 0.00039999999999999395, 0.000599999999999991, 0.0006999999999999895, 0.0008999999999999864, 0.0006999999999999895, 0.0007999999999999879, 0.0006999999999999895, 0.0006999999999999895, 0.001199999999999982, 0.0004999999999999924, 0.0002999999999999955, 0.0006999999999999895, 0.000599999999999991, 0.000599999999999991, 0.0006999999999999895, 0.0007999999999999879, 0.0015999999999999758, 0.0009999999999999848, 0.0006999999999999895, 0.0010999999999999834, 0.0008999999999999864, 0.001199999999999982, 0.0009999999999999848, 0.0008999999999999864, 0.0010999999999999834, 0.0008999999999999864, 0.0017999999999999728, 0.0006999999999999895, 0.0017999999999999728, 0.001199999999999982, 0.0010999999999999834, 0.0010999999999999834, 0.0014999999999999773, 0.0017999999999999728, 0.0010999999999999834, 0.0015999999999999758, 0.0017999999999999728, 0.0010999999999999834, 0.0015999999999999758, 0.001199999999999982, 0.0016999999999999743, 0.0017999999999999728, 0.0015999999999999758, 0.0018999999999999714, 0.0021999999999999667, 0.0015999999999999758, 0.001399999999999979, 0.002399999999999964, 0.001399999999999979, 0.0019999999999999697, 0.002399999999999964, 0.0014999999999999773, 0.0031999999999999516, 0.0017999999999999728, 0.002799999999999958, 0.0012999999999999804, 0.0019999999999999697, 0.002399999999999964, 0.0017999999999999728, 0.0022999999999999653, 0.0026999999999999594, 0.003099999999999953, 0.0033999999999999486, 0.0019999999999999697, 0.0028999999999999564, 0.002399999999999964, 0.0026999999999999594, 0.0018999999999999714, 0.0019999999999999697, 0.002099999999999968, 0.002399999999999964, 0.0017999999999999728, 0.0024999999999999623, 0.002799999999999958, 0.002799999999999958, 0.002799999999999958, 0.002799999999999958, 0.0029999999999999545, 0.0021999999999999667, 0.00329999999999995, 0.0029999999999999545, 0.003099999999999953, 0.0021999999999999667, 0.002799999999999958, 0.00329999999999995, 0.0043999999999999335, 0.00329999999999995, 0.0033999999999999486, 0.0036999999999999442, 0.0031999999999999516, 0.0036999999999999442, 0.0043999999999999335, 0.004299999999999935, 0.00329999999999995, 0.004499999999999932, 0.0035999999999999457, 0.0035999999999999457, 0.004299999999999935, 0.0038999999999999413, 0.0029999999999999545, 0.004099999999999938, 0.004299999999999935, 0.004299999999999935, 0.0035999999999999457, 0.004099999999999938, 0.0033999999999999486, 0.0035999999999999457, 0.004299999999999935, 0.005799999999999913, 0.005099999999999923, 0.004299999999999935, 0.005099999999999923, 0.003099999999999953, 0.004099999999999938, 0.0045999999999999305, 0.005499999999999917, 0.005399999999999919, 0.004899999999999926, 0.004899999999999926, 0.003999999999999939, 0.004899999999999926, 0.003999999999999939, 0.0045999999999999305, 0.0038999999999999413, 0.005099999999999923, 0.006299999999999905, 0.005199999999999922, 0.004299999999999935, 0.004499999999999932, 0.004699999999999929, 0.005199999999999922, 0.004199999999999936, 0.004999999999999925, 0.005499999999999917, 0.0045999999999999305, 0.004199999999999936, 0.004899999999999926, 0.004999999999999925, 0.005099999999999923, 0.005799999999999913, 0.005199999999999922, 0.006199999999999906, 0.006499999999999902, 0.005399999999999919, 0.005599999999999916, 0.0043999999999999335, 0.0045999999999999305, 0.006099999999999908, 0.005599999999999916, 0.005199999999999922, 0.005799999999999913, 0.0045999999999999305, 0.004799999999999928, 0.005999999999999909, 0.005799999999999913, 0.006099999999999908, 0.006099999999999908, 0.005699999999999914, 0.004799999999999928, 0.005799999999999913, 0.005799999999999913, 0.005999999999999909, 0.006099999999999908, 0.005099999999999923, 0.005799999999999913, 0.006499999999999902, 0.004699999999999929, 0.005399999999999919, 0.0045999999999999305, 0.006199999999999906, 0.006799999999999897, 0.004699999999999929, 0.004799999999999928, 0.006299999999999905, 0.004299999999999935, 0.0058999999999999105, 0.006499999999999902, 0.004999999999999925, 0.004099999999999938, 0.004499999999999932, 0.005499999999999917, 0.004199999999999936, 0.004499999999999932, 0.004799999999999928, 0.004499999999999932, 0.005399999999999919, 0.005199999999999922, 0.005499999999999917, 0.004199999999999936, 0.004699999999999929, 