{"n_items": 400, "weights": [1.0008006405123953e-16, 1.0008006405123953e-16, 1.0008006405123953e-16, 1.0008006405123953e-16, 1.0008006405123953e-16, 1.0008006405123953e-16, 1.0008006405123953e-16, 1.0008006405123953e-16, 1.0008006405123953e-16, 1.0008006405123953e-16, 1.0008006405123953e-16, 1.0008006405123953e-16, 1.0008006405123953e-16, 1.0008006405123953e-16, 1.0008006405123953e-16, 1.0008006405123953e-16, 1.0008006405123953e-16, 1.0008006405123953e-16, 1.0008006405123953e-16, 1.0008006405123953e-16, 1.0008006405123953e-16, 1.0008006405123953e-16, 1.0008006405123953e-16, 1.0008006405123953e-16, 1.0008006405123953e-16, 1.0008006405123953e-16, 1.0008006405123953e-16, 1.0008006405123953e-16, 1.0008006405123953e-16, 1.0008006405123953e-16, 1.0008006405123953e-16, 1.0008006405123953e-16, 1.0008006405123953e-16, 1.0008006405123953e-16, 1.0008006405123953e-16, 1.0008006405123953e-16, 1.0008006405123953e-16, 1.0008006405123953e-16, 1.0008006405123953e-16, 1.0008006405123953e-16, 1.0008006405123953e-16, 1.0008006405123953e-16, 1.0008006405123953e-16, 1.0008006405123953e-16, 1.0008006405123953e-16, 1.0008006405123953e-16, 1.0008006405123953e-16, 1.0008006405123953e-16, 1.0008006405123953e-16, 1.0008006405123953e-16, 1.0008006405123953e-16, 1.0008006405123953e-16, 1.0008006405123953e-16, 1.0008006405123953e-16, 1.0008006405123953e-16, 1.0008006405123953e-16, 1.0008006405123953e-16, 1.0008006405123953e-16, 1.0008006405123953e-16, 1.0008006405123953e-16, 1.0008006405123953e-16, 1.0008006405123953e-16, 1.0008006405123953e-16, 1.0008006405123953e-16, 1.0008006405123953e-16, 1.0008006405123953e-16, 1.0008006405123953e-16, 1.0008006405123953e-16, 1.0008006405123953e-16, 1.0008006405123953e-16, 1.0008006405123953e-16, 1.0008006405123953e-16, 1.0008006405123953e-16, 1.0008006405123953e-16, 1.0008006405123953e-16, 1.0008006405123953e-16, 1.0008006405123953e-16, 1.0008006405123953e-16, 1.0008006405123953e-16, 1.0008006405123953e-16, 1.0008006405123953e-16, 1.0008006405123953e-16, 1.0008006405123953e-16, 1.0008006405123953e-16, 1.0008006405123953e-16, 1.0008006405123953e-16, 1.0008006405123953e-16, 1.0008006405123953e-16, 1.0008006405123953e-16, 1.0008006405123953e-16, 1.0008006405123953e-16, 1.0008006405123953e-16, 1.0008006405123953e-16, 1.0008006405123953e-16, 1.0008006405123953e-16, 1.0008006405123953e-16, 1.0008006405123953e-16, 1.0008006405123953e-16, 1.0008006405123953e-16, 1.0008006405123953e-16, 1.0008006405123953e-16, 1.0008006405123953e-16, 1.0008006405123953e-16, 1.0008006405123953e-16, 1.0008006405123953e-16, 1.0008006405123953e-16, 1.0008006405123953e-16, 1.0008006405123953e-16, 1.0008006405123953e-16, 1.0008006405123953e-16, 1.0008006405123953e-16, 1.0008006405123953e-16, 1.0008006405123953e-16, 1.0008006405123953e-16, 1.0008006405123953e-16, 1.0008006405123953e-16, 1.0008006405123953e-16, 1.0008006405123953e-16, 0.00010008006405123954, 1.0008006405123953e-16, 1.0008006405123953e-16, 1.0008006405123953e-16, 1.0008006405123953e-16, 1.0008006405123953e-16, 1.0008006405123953e-16, 1.0008006405123953e-16, 1.0008006405123953e-16, 1.0008006405123953e-16, 1.0008006405123953e-16, 0.00010008006405123954, 1.0008006405123953e-16, 1.0008006405123953e-16, 1.0008006405123953e-16, 0.00010008006405123954, 1.0008006405123953e-16, 1.0008006405123953e-16, 1.0008006405123953e-16, 1.0008006405123953e-16, 1.0008006405123953e-16, 1.0008006405123953e-16, 0.00010008006405123954, 1.0008006405123953e-16, 1.0008006405123953e-16, 0.0003002401921537186, 0.0003002401921537186, 0.00010008006405123954, 1.0008006405123953e-16, 1.0008006405123953e-16, 1.0008006405123953e-16, 0.00020016012810247907, 1.0008006405123953e-16, 0.00010008006405123954, 0.00010008006405123954, 1.0008006405123953e-16, 0.0003002401921537186, 0.00010008006405123954, 0.00010008006405123954, 0.00010008006405123954, 0.00010008006405123954, 0.00040032025620495814, 0.00020016012810247907, 0.00010008006405123954, 0.0005004003202561977, 0.0003002401921537186, 0.0003002401921537186, 0.00010008006405123954, 0.00020016012810247907, 0.00040032025620495814, 0.00040032025620495814, 0.00020016012810247907, 1.0008006405123953e-16, 0.0003002401921537186, 0.00020016012810247907, 0.0005004003202561977, 0.00040032025620495814, 0.0006004803843074372, 0.00010008006405123954, 0.00020016012810247907, 0.0006004803843074372, 0.0005004003202561977, 0.0006004803843074372, 0.0005004003202561977, 0.0005004003202561977, 0.00040032025620495814, 0.0005004003202561977, 0.0006004803843074372, 0.0005004003202561977, 0.0006004803843074372, 0.0003002401921537186, 0.0005004003202561977, 0.0005004003202561977, 0.0008006405124099163, 0.0006004803843074372, 0.0008006405124099163, 0.0006004803843074372, 0.001301040832666114, 0.0010008006405123953, 0.001100880704563635, 0.0009007205764611559, 0.0018014411529223117, 0.0008006405124099163, 0.001501200960768593, 0.001501200960768593, 0.0017013610888710722, 0.001901521216973551, 0.001901521216973551, 0.001100880704563635, 0.0014011208967173534, 0.001901521216973551, 0.00210168134507603, 0.0014011208967173534, 0.0020016012810247907, 0.0025020016012809883, 0.0012009607686148745, 0.001901521216973551, 0.0016012810248198326, 0.002401921537229749, 0.0018014411529223117, 0.0020016012810247907, 0.00210168134507603, 0.00220176140912727, 0.0027021617293834675, 0.003102481985588426, 0.0027021617293834675, 0.002602081665332228, 0.003102481985588426, 0.00210168134507603, 0.002401921537229749, 0.003002401921537186, 0.002802241793434707, 0.001901521216973551, 0.0036028823058446235, 0.0033026421136909045, 0.004803843074459498, 0.0025020016012809883, 0.00420336269015206, 0.00420336269015206, 0.00420336269015206, 0.0036028823058446235, 0.0036028823058446235, 0.004503602882305779, 0.0036028823058446235, 0.004703763010408258, 0.005004003202561977, 0.004603682946357018, 0.0035028022417933837, 0.00440352281825454, 0.005504403522818175, 0.00420336269015206, 0.005304243394715695, 0.004603682946357018, 0.0051040832666132165, 0.005504403522818175, 0.006104883907125612, 0.005504403522818175, 0.005404323458766935, 0.005404323458766935, 0.0063050440352280905, 0.006605284227381809, 0.006104883907125612, 0.006004803843074372, 0.0069055244195355275, 0.00650520416333057, 0.005604483586869414, 0.005604483586869414, 0.005604483586869414, 0.006004803843074372, 0.007005604483586767, 0.008907125700560318, 0.006204963971176852, 0.0069055244195355275, 0.007305844675740486, 0.007606084867894204, 0.006605284227381809, 0.007005604483586767, 0.00640512409927933, 0.008306645316252881, 0.0057045636509206535, 0.007205764611689247, 0.007506004803842965, 0.00850680544435536, 0.008006405124099163, 0.008206565252201642, 0.0063050440352280905, 0.00640512409927933, 0.009207365892714037, 0.007806244995996684, 0.00840672538030412, 0.008206565252201642, 0.009107285828662798, 0.007205764611689247, 0.008907125700560318, 0.008106485188150402, 0.007606084867894204, 0.009007205764611559, 0.008907125700560318, 0.007405924739791726, 0.007405924739791726, 0.007606084867894204, 0.007305844675740486, 0.007205764611689247, 0.0069055244195355275, 0.007706164931945444, 0.00840672538030412, 0.009307445956765277, 0.009307445956765277, 0.006605284227381809, 0.00880704563650908, 0.00880704563650908, 0.008306645316252881, 0.007005604483586767, 0.008006405124099163, 0.00880704563650908, 0.00870696557245784, 0.008907125700560318, 0.007706164931945444, 0.008907125700560318, 0.007405924739791726, 0.007506004803842965, 0.00640512409927933, 0.00650520416333057, 0.007405924739791726, 0.007005604483586767, 0.006605284227381809, 0.007005604483586767, 0.007005604483586767, 0.006805444355484289, 0.006805444355484289, 0.006104883907125612, 0.005804643714971893, 0.007105684547638007, 0.008206565252201642, 0.006605284227381809, 0.006004803843074372, 0.0063050440352280905, 0.005804643714971893, 0.007105684547638007, 0.005804643714971893, 0.005004003202561977, 0.00640512409927933, 0.004803843074459498, 0.006805444355484289, 0.005504403522818175, 0.004503602882305779, 0.005604483586869414, 