{"n_items": 400, "weights": [0.010599999999999771, 0.010699999999999769, 0.009999999999999783, 0.00969999999999979, 0.010699999999999769, 0.01339999999999971, 0.010899999999999764, 0.010599999999999771, 0.010899999999999764, 0.010499999999999773, 0.009599999999999793, 0.009599999999999793, 0.01159999999999975, 0.010699999999999769, 0.010399999999999776, 0.012699999999999725, 0.012799999999999723, 0.008999999999999805, 0.01199999999999974, 0.012099999999999738, 0.010399999999999776, 0.011499999999999752, 0.011399999999999754, 0.013099999999999716, 0.01289999999999972, 0.011899999999999742, 0.011499999999999752, 0.011499999999999752, 0.01159999999999975, 0.01159999999999975, 0.010599999999999771, 0.01249999999999973, 0.011899999999999742, 0.009499999999999795, 0.01109999999999976, 0.011799999999999745, 0.011899999999999742, 0.010199999999999779, 0.010199999999999779, 0.01159999999999975, 0.013599999999999706, 0.010099999999999781, 0.011799999999999745, 0.010099999999999781, 0.010599999999999771, 0.009999999999999783, 0.009099999999999803, 0.008899999999999807, 0.011399999999999754, 0.007799999999999831, 0.010799999999999766, 0.0074999999999998375, 0.010999999999999762, 0.010399999999999776, 0.011499999999999752, 0.008499999999999817, 0.009799999999999788, 0.009899999999999786, 0.010099999999999781, 0.00969999999999979, 0.008199999999999822, 0.010599999999999771, 0.009099999999999803, 0.009099999999999803, 0.009799999999999788, 0.007899999999999829, 0.009099999999999803, 0.007599999999999835, 0.007099999999999846, 0.009099999999999803, 0.007999999999999827, 0.0074999999999998375, 0.006999999999999848, 0.006499999999999859, 0.005799999999999875, 0.006199999999999866, 0.006199999999999866, 0.0063999999999998615, 0.006099999999999868, 0.005199999999999888, 0.0063999999999998615, 0.006699999999999855, 0.006499999999999859, 0.005799999999999875, 0.006499999999999859, 0.006199999999999866, 0.005499999999999881, 0.004799999999999896, 0.0052999999999998855, 0.004899999999999894, 0.004799999999999896, 0.004399999999999905, 0.005199999999999888, 0.004199999999999909, 0.004999999999999892, 0.0052999999999998855, 0.0035999999999999223, 0.004799999999999896, 0.0052999999999998855, 0.0038999999999999157, 0.003099999999999933, 0.003999999999999913, 0.0037999999999999176, 0.003099999999999933, 0.002999999999999935, 0.002599999999999944, 0.002399999999999948, 0.0032999999999999284, 0.002999999999999935, 0.002499999999999946, 0.002399999999999948, 0.003099999999999933, 0.0032999999999999284, 0.0016999999999999633, 0.0017999999999999611, 0.0016999999999999633, 0.0016999999999999633, 0.0013999999999999696, 0.002599999999999944, 0.0018999999999999588, 0.0019999999999999567, 0.0010999999999999762, 0.0015999999999999654, 0.0014999999999999675, 0.0010999999999999762, 0.0010999999999999762, 0.0013999999999999696, 0.0019999999999999567, 0.0015999999999999654, 0.0013999999999999696, 0.0015999999999999654, 0.001199999999999974, 0.0013999999999999696, 0.0009999999999999783, 0.001199999999999974, 0.0007999999999999827, 0.0008999999999999806, 0.0007999999999999827, 0.0006999999999999848, 0.0007999999999999827, 0.0008999999999999806, 0.0013999999999999696, 0.0002999999999999935, 0.0008999999999999806, 0.00039999999999999135, 0.0006999999999999848, 0.0008999999999999806, 0.000599999999999987, 0.0004999999999999892, 0.0004999999999999892, 0.0008999999999999806, 0.0006999999999999848, 9.999999999999784e-05, 9.999999999999784e-05, 0.00019999999999999567, 0.0004999999999999892, 0.0002999999999999935, 0.0002999999999999935, 0.0004999999999999892, 0.0002999999999999935, 0.00019999999999999567, 0.0004999999999999892, 9.999999999999783e-17, 0.0002999999999999935, 9.999999999999783e-17, 0.00019999999999999567, 9.999999999999783e-17, 0.0004999999999999892, 9.999999999999784e-05, 0.0002999999999999935, 0.0002999999999999935, 9.999999999999784e-05, 9.999999999999784e-05, 0.00019999999999999567, 9.999999999999784e-05, 9.999999999999783e-17, 9.999999999999784e-05, 9.999999999999784e-05, 9.999999999999783e-17, 9.999999999999783e-17, 9.999999999999784e-05, 9.999999999999784e-05, 9.999999999999783e-17, 9.999999999999784e-05, 9.999999999999784e-05, 9.999999999999783e-17, 9.999999999999783e-17, 9.999999999999783e-17, 9.999999999999783e-17, 9.999999999999784e-05, 9.999999999999783e-17, 9.999999999999783e-17, 9.999999999999783e-17, 9.999999999999783e-17, 9.999999999999783e-17, 9.999999999999783e-17, 9.999999999999783e-17, 9.999999999999783e-17, 9.999999999999784e-05, 9.999999999999784e-05, 9.999999999999783e-17, 9.999999999999784e-05, 9.999999999999783e-17, 9.999999999999783e-17, 9.999999999999784e-05, 9.999999999999783e-17, 9.999999999999783e-17, 9.999999999999783e-17, 9.999999999999783e-17, 9.999999999999783e-17, 9.999999999999783e-17, 9.999999999999783e-17, 9.999999999999783e-17, 9.999999999999783e-17, 9.999999999999783e-17, 9.999999999999783e-17, 9.999999999999783e-17, 9.999999999999783e-17, 9.999999999999783e-17, 9.999999999999783e-17, 9.999999999999783e-17, 9.999999999999783e-17, 9.999999999999783e-17, 9.999999999999783e-17, 9.999999999999783e-17, 9.999999999999783e-17, 9.999999999999783e-17, 9.999999999999783e-17, 9.999999999999783e-17, 9.999999999999783e-17, 9.999999999999783e-17, 9.999999999999783e-17, 9.999999999999783e-17, 9.999999999999783e-17, 9.999999999999783e-17, 9.999999999999783e-17, 9.999999999999783e-17, 9.999999999999783e-17, 9.999999999999783e-17, 9.999999999999783e-17, 9.999999999999783e-17, 9.999999999999783e-17, 9.999999999999783e-17, 9.999999999999783e-17, 9.999999999999783e-17, 9.999999999999783e-17, 9.999999999999783e-17, 9.999999999999783e-17, 9.999999999999783e-17, 9.999999999999783e-17, 9.999999999999783e-17, 9.999999999999783e-17, 9.999999999999783e-17, 9.999999999999783e-17, 9.999999999999783e-17, 9.999999999999783e-17, 9.999999999999783e-17, 9.999999999999783e-17, 9.999999999999783e-17, 9.999999999999783e-17, 9.999999999999783e-17, 9.999999999999783e-17, 9.999999999999783e-17, 9.999999999999783e-17, 9.999999999999783e-17, 9.999999999999783e-17, 9.999999999999783e-17, 9.999999999999783e-17, 9.999999999999783e-17, 9.999999999999783e-17, 9.999999999999783e-17, 9.999999999999783e-17, 9.999999999999783e-17, 9.999999999999783e-17, 9.999999999999783e-17, 9.999999999999783e-17, 9.999999999999783e-17, 9.999999999999783e-17, 9.999999999999783e-17, 9.999999999999783e-17, 9.999999999999783e-17, 9.999999999999783e-17, 9.999999999999783e-17, 9.999999999999783e-17, 9.999999999999783e-17, 9.999999999999783e-17, 9.999999999999783e-17, 9.999999999999783e-17, 9.999999999999783e-17, 9.999999999999783e-17, 9.999999999999783e-17, 9.999999999999783e-17, 9.999999999999783e-17, 9.999999999999783e-17, 9.999999999999783e-17, 9.999999999999783e-17, 9.999999999999783e-17, 9.999999999999783e-17, 9.999999999999783e-17, 9.999999999999783e-17, 9.999999999999783e-17, 9.999999999999783e-17, 9.999999999999783e-17, 9.999999999999783e-17, 9.999999999999783e-17, 9.999999999999783e-17, 9.999999999999783e-17, 9.999999999999783e-17, 9.999999999999783e-17, 9.999999999999783e-17, 9.999999999999783e-17, 9.999999999999783e-17, 9.999999999999783e-17, 9.999999999999783e-17, 9.999999999999783e-17, 9.999999999999783e-17, 9.999999999999783e-17, 9.999999999999783e-17, 9.999999999999783e-17, 9.999999999999783e-17, 9.999999999999783e-17, 9.999999999999783e-17, 9.999999999999783e-17, 9.999999999999783e-17, 9.999999999999783e-17, 9.999999999999783e-17, 9.999999999999783e-17, 9.999999999999783e-17, 9.999999999999783e-17, 9.999999999999783e-17, 9.999999999999783e-17, 9.999999999999783e-17, 9.999999999999783e-17, 9.999999999999783e-17, 9.999999999999783e-17, 9.999999999999783e-17, 9.999999999999783e-17, 9.999999999999783e-17, 9.999999999999783e-17, 9.999999999999783e-17, 9.999999999999783e-17, 9.999999999999783e-17, 9.999999999999783e-17, 9.999999999999783e-17, 9.999999999999783e-17, 9.999999999999783e-17, 9.999999999999783e-17, 9.999999999999783e-17, 9.999999999999783e-17, 9.999999999999783e-17, 9.999999999999783e-17, 