{"n_items": 200, "weights": [0.003199999999999979, 0.002599999999999983, 0.0037999999999999753, 0.0045999999999999696, 0.004199999999999973, 0.004299999999999972, 0.0035999999999999765, 0.005299999999999965, 0.00449999999999997, 0.004299999999999972, 0.005299999999999965, 0.006299999999999958, 0.006799999999999955, 0.007499999999999951, 0.006699999999999956, 0.006799999999999955, 0.008099999999999948, 0.008099999999999948, 0.009399999999999938, 0.00899999999999994, 0.007899999999999949, 0.009899999999999935, 0.009999999999999934, 0.01069999999999993, 0.010899999999999929, 0.011699999999999924, 0.012699999999999916, 0.011899999999999923, 0.011399999999999926, 0.012399999999999918, 0.014699999999999904, 0.015099999999999902, 0.012499999999999917, 0.014699999999999904, 0.016699999999999892, 0.015199999999999901, 0.01379999999999991, 0.0154999999999999, 0.015799999999999897, 0.016599999999999893, 0.015099999999999902, 0.016299999999999894, 0.014799999999999904, 0.016699999999999892, 0.016499999999999893, 0.016699999999999892, 0.016699999999999892, 0.015599999999999899, 0.01679999999999989, 0.015699999999999898, 0.015599999999999899, 0.016099999999999896, 0.014499999999999905, 0.016299999999999894, 0.013999999999999908, 0.016199999999999895, 0.015999999999999896, 0.015999999999999896, 0.014799999999999904, 0.01369999999999991, 0.016299999999999894, 0.013199999999999913, 0.012199999999999921, 0.013299999999999913, 0.012699999999999916, 0.013399999999999912, 0.011599999999999925, 0.01079999999999993, 0.011699999999999924, 0.009999999999999934, 0.010399999999999932, 0.011599999999999925, 0.01069999999999993, 0.009899999999999935, 0.010299999999999932, 0.009199999999999939, 0.007499999999999951, 0.008299999999999946, 0.006399999999999958, 0.006499999999999957, 0.005899999999999962, 0.007199999999999953, 0.006199999999999959, 0.005499999999999964, 0.005499999999999964, 0.003999999999999974, 0.0037999999999999753, 0.004199999999999973, 0.005199999999999966, 0.0035999999999999765, 0.003999999999999974, 0.003199999999999979, 0.003999999999999974, 0.003699999999999976, 0.0021999999999999854, 0.0018999999999999876, 0.0015999999999999895, 0.0017999999999999882, 0.0020999999999999864, 0.0020999999999999864, 0.0010999999999999927, 0.001999999999999987, 0.0015999999999999895, 0.0006999999999999954, 0.0008999999999999941, 0.0009999999999999935, 0.0008999999999999941, 0.0008999999999999941, 0.0007999999999999947, 0.0007999999999999947, 0.0006999999999999954, 0.000599999999999996, 0.0006999999999999954, 0.0004999999999999968, 0.00039999999999999736, 0.00039999999999999736, 0.0007999999999999947, 0.0004999999999999968, 0.00019999999999999868, 9.999999999999934e-05, 0.00019999999999999868, 0.00019999999999999868, 0.00039999999999999736, 9.999999999999934e-05, 9.999999999999934e-17, 0.00019999999999999868, 0.00019999999999999868, 9.999999999999934e-05, 9.999999999999934e-17, 9.999999999999934e-17, 9.999999999999934e-05, 9.999999999999934e-05, 9.999999999999934e-05, 9.999999999999934e-05, 9.999999999999934e-17, 9.999999999999934e-05, 9.999999999999934e-17, 9.999999999999934e-05, 9.999999999999934e-17, 9.999999999999934e-17, 9.999999999999934e-17, 9.999999999999934e-17, 9.999999999999934e-17, 9.999999999999934e-17, 9.999999999999934e-17, 9.999999999999934e-17, 9.999999999999934e-17, 9.999999999999934e-17, 9.999999999999934e-17, 9.999999999999934e-17, 9.999999999999934e-17, 9.999999999999934e-17, 9.999999999999934e-17, 9.999999999999934e-17, 9.999999999999934e-17, 9.999999999999934e-17, 9.999999999999934e-17, 9.999999999999934e-05, 9.999999999999934e-17, 9.999999999999934e-17, 9.999999999999934e-17, 9.999999999999934e-17, 9.999999999999934e-17, 9.999999999999934e-17, 9.999999999999934e-17, 9.999999999999934e-17, 9.999999999999934e-17, 9.999999999999934e-17, 9.999999999999934e-17, 9.999999999999934e-17, 9.999999999999934e-17, 9.999999999999934e-17, 9.999999999999934e-17, 9.999999999999934e-17, 9.999999999999934e-17, 9.999999999999934e-17, 9.999999999999934e-17, 9.999999999999934e-17, 9.999999999999934e-17, 9.999999999999934e-17, 9.999999999999934e-17, 9.999999999999934e-17, 9.999999999999934e-17, 9.999999999999934e-17, 9.999999999999934e-17, 9.999999999999934e-17, 9.999999999999934e-17, 9.999999999999934e-17, 9.999999999999934e-17, 9.999999999999934e-17, 9.999999999999934e-17, 9.999999999999934e-17, 9.999999999999934e-17, 9.999999999999934e-17, 9.999999999999934e-17, 9.999999999999934e-17, 9.999999999999934e-17, 9.999999999999934e-17, 9.999999999999934e-17, 9.999999999999934e-17], "profits": [1.0, 1.0, 1.0, 1.0, 1.0, 1.0, 1.0, 1.0, 1.0, 1.0, 1.0, 1.0, 1.0, 1.0, 1.0, 1.0, 1.0, 1.0, 1.0, 1.0, 1.0, 1.0, 1.0, 1.0, 1.0, 1.0, 1.0, 0.1, 1.0, 1.0, 1.0, 1.0, 1.0, 0.1, 1.0, 1.0, 1.0, 1.0, 1.0, 1.0, 1.0, 1.0, 1.0, 1.0, 1.0, 1.0, 1.0, 1.0, 1.0, 1.0, 1.0, 1.0, 1.0, 1.0, 1.0, 1.0, 1.0, 1.0, 1.0, 1.0, 1.0, 1.0, 1.0, 1.0, 1.0, 1.0, 1.0, 1.0, 1.0, 1.0, 1.0, 1.0, 1.0, 1.0, 1.0, 1.0, 1.0, 1.0, 1.0, 1.0, 1.0, 1.0, 1.0, 1.0, 1.0, 1.0, 1.0, 1.0, 1.0, 1.0, 1.0, 1.0, 1.0, 1.0, 1.0, 1.0, 1.0, 1.0, 1.0, 1.0, 1.0, 1.0, 1.0, 1.0, 1.0, 1.0, 1.0, 1.0, 1.0, 1.0, 1.0, 1.0, 1.0, 1.0, 1.0, 1.0, 1.0, 1.0, 1.0, 1.0, 1.0, 1.0, 1.0, 1.0, 1.0, 1.0, 1.0, 1.0, 1.0, 1.0, 1.0, 1.0, 1.0, 1.0, 1.0, 1.0, 1.0, 1.0, 1.0, 1.0, 1.0, 1.0, 1.0, 1.0, 1.0, 1.0, 1.0, 1.0, 1.0, 1.0, 1.0, 1.0, 1.0, 1.0, 1.0, 1.0, 1.0, 1.0, 1.0, 1.0, 1.0, 1.0, 1.0, 1.0, 1.0, 1.0, 1.0, 1.0, 1.0, 1.0, 1.0, 1.0, 1.0, 1.0, 1.0, 1.0, 1.0, 1.0, 1.0, 1.0, 1.0, 1.0, 1.0, 1.0, 1.0, 1.0, 1.0, 1.0, 1.0, 1.0, 1.0, 1.0, 1.0, 1.0, 1.0, 1.0, 1.0, 1.0, 1.0, 1.0], "min_weight": 0.95, "max_distance": 5}