{"n_items": 200, "weights": [0.007788833627528669, 0.0035187993158744667, 0.006593876303179836, 0.00652385714583055, 0.007294240819168551, 0.0059725785072464455, 0.00433211481106539, 0.0032580411922567016, 0.006896783294084279, 0.00488432737907727, 0.0030202592687684393, 0.0046594685468363956, 0.00562843420445067, 0.004967570973073817, 0.004836924154188737, 0.005340592748940019, 0.003122994075075609, 0.005972147689967781, 0.004866094413889054, 0.003921380318193683, 0.0038755919843533643, 0.006514791364982618, 0.0049800457278934805, 0.004839054634342004, 0.0035691251569972076, 0.0031058021811572597, 0.0040160209082364005, 0.0030381461651841114, 0.0045902486503194145, 0.00587684656723405, 0.006596069208928431, 0.003886515726735151, 0.0045503246022903275, 0.0048751318705418396, 0.006277256470755956, 0.005378152799187945, 0.005499367683921641, 0.00653619344518988, 0.005007221000109636, 0.005586742651887019, 0.003930681734976556, 0.0053802894093401615, 0.005349759399582407, 0.00605628440756364, 0.004113775420262989, 0.004185296320252614, 0.004916908539949404, 0.003649933567382378, 0.005082970342863669, 0.005427810603343398, 0.005390390885374104, 0.0058909763105393625, 0.003874233130000494, 0.0028115062133300694, 0.006100363776750317, 0.00693098793668704, 0.005046776678180303, 0.006901360465243149, 0.004290380372781203, 0.004740735506483976, 0.0038657345740379474, 0.006420262800979703, 0.004562465867949468, 0.0032962381770568977, 0.00407233389903886, 0.00522800564427724, 0.0076439763152759965, 0.005908687369844296, 0.00566636033568295, 0.006685194502065847, 0.0058868880903869755, 0.005019941394034981, 0.004485002119829253, 0.006040871045779899, 0.0052698834593899214, 0.004984299601299497, 0.00645373971056997, 0.006714367793043604, 0.004426497736885932, 0.0065444344146858915, 0.005376777643323936, 0.0031991032288077106, 0.0041506285827746184, 0.0036029239356642198, 0.005995804229861641, 0.00525455192983417, 0.0057359080751848614, 0.005507378462239532, 0.006282954986390735, 0.004483924110417286, 0.004417657514177323, 0.004520297572989693, 0.0035703634486914243, 0.0031153109542915803, 0.003608024234083582, 0.005352488972190809, 0.005305460190779905, 0.0076930602011306744, 0.005841856105867482, 0.0034998960759329294, 0.006941605627387985, 0.0040175955139112205, 0.007376366063022354, 0.0057435185849884374, 0.004394091742166552, 0.004140775669204684, 0.004331590927068155, 0.00621039891339844, 0.004125020907673331, 0.0035790109781633, 0.0058575292857348735, 0.0041588456696182285, 0.004425538185349087, 0.0049043433585082025, 0.0036066120944832493, 0.005487211115656167, 0.0027957698146272862, 0.005297552105715276, 0.006154529501005686, 0.004433655216037282, 0.006018855920874151, 0.005162920310640959, 0.004423000497829088, 0.0041390397476017545, 0.005258835726654134, 0.00644847688508319, 0.003663322247504643, 0.0049142271869082954, 0.004804415886337405, 0.006354311931747772, 0.00591095776378871, 0.0058002396389174584, 0.003856823499328763, 0.0038938665105920606, 0.006224284810440306, 0.0019910601866203184, 0.00747929030276809, 0.005412835964610479, 0.004186450279671172, 0.005157314513238678, 0.005472422076030123, 0.004971289475484905, 0.004710077650731587, 0.0025197959922060617, 0.0069854163559146506, 0.004898406790726849, 0.004456276742274758, 0.0063700436953837, 0.005374926294538914, 0.004817074689556736, 0.005014581786146879, 0.006997481288678244, 0.004169662831308352, 0.004783124497893543, 0.002330253646786281, 0.004660172352401899, 0.0023209499149712707, 0.005179867648883692, 0.006420190453756761, 0.005235336070578387, 0.006321462485465662, 0.00405722331750584, 0.006807416432420621, 0.004375095259285178, 0.004972188561856141, 0.005486187498800277, 0.004346401492009921, 0.00331795362678452, 0.004856192762149843, 0.004217505803157873, 0.0038548736990466174, 0.0048032806248166715, 0.005963153106174386, 0.0036180584409535844, 0.005737935686389618, 0.004929740163102113, 0.005443958297840209, 0.008923704426848008, 0.005450246728247585, 0.006371301214195443, 0.006006198085174996, 0.0033807129666366923, 0.005344798112627462, 0.005930763643853374, 0.0028300952080610206, 0.005762873913460325, 0.006336566876100417, 0.0034395507562153785, 0.0029037549342671725, 0.004810837598748251, 0.004450591941270213, 0.003969217107673949, 0.005873376533153338, 0.002821696339646743, 0.005321431123055874, 0.0033215518884822126, 0.004526780383493987, 0.004064140860950763, 0.005024897258901065, 0.005497899585465241],