{"n_items": 200, "weights": [9.99999999999996e-17, 9.99999999999996e-17, 9.99999999999996e-17, 0.0001999999999999992, 0.0001999999999999992, 9.99999999999996e-17, 9.99999999999996e-17, 9.99999999999996e-17, 0.0001999999999999992, 9.99999999999996e-17, 9.99999999999996e-17, 9.99999999999996e-05, 9.99999999999996e-05, 0.0001999999999999992, 9.99999999999996e-05, 0.0002999999999999988, 0.0002999999999999988, 0.0003999999999999984, 0.0002999999999999988, 0.000499999999999998, 0.0001999999999999992, 9.99999999999996e-17, 0.0001999999999999992, 0.0003999999999999984, 0.0006999999999999972, 0.0007999999999999968, 0.0005999999999999976, 0.0007999999999999968, 0.0010999999999999955, 0.0003999999999999984, 0.0010999999999999955, 0.000999999999999996, 0.0011999999999999951, 0.001499999999999994, 0.0011999999999999951, 0.0013999999999999943, 0.001999999999999992, 0.00249999999999999, 0.002199999999999991, 0.0016999999999999932, 0.0026999999999999893, 0.0023999999999999902, 0.0028999999999999885, 0.00249999999999999, 0.0033999999999999864, 0.003899999999999984, 0.002999999999999988, 0.003799999999999985, 0.004199999999999983, 0.004099999999999984, 0.005399999999999979, 0.004399999999999982, 0.004899999999999981, 0.004899999999999981, 0.006499999999999974, 0.005799999999999977, 0.006399999999999974, 0.006899999999999972, 0.0061999999999999755, 0.006799999999999973, 0.008599999999999965, 0.007999999999999967, 0.008999999999999965, 0.009299999999999963, 0.01009999999999996, 0.010899999999999957, 0.010399999999999958, 0.008899999999999965, 0.01269999999999995, 0.011899999999999952, 0.011199999999999955, 0.01219999999999995, 0.012899999999999948, 0.013399999999999947, 0.013399999999999947, 0.012899999999999948, 0.013599999999999945, 0.015799999999999936, 0.013799999999999944, 0.01469999999999994, 0.015799999999999936, 0.016399999999999935, 0.01519999999999994, 0.013899999999999944, 0.013799999999999944, 0.016999999999999932, 0.015799999999999936, 0.015799999999999936, 0.014299999999999943, 0.015699999999999936, 0.016599999999999934, 0.014599999999999941, 0.016099999999999937, 0.014399999999999942, 0.01499999999999994, 0.015999999999999934, 0.015499999999999937, 0.01509999999999994, 0.013899999999999944, 0.014599999999999941, 0.013599999999999945, 0.011899999999999952, 0.015999999999999934, 0.013299999999999947, 0.013999999999999945, 0.013499999999999946, 0.014899999999999941, 0.01509999999999994, 0.012299999999999952, 0.011999999999999952, 0.011999999999999952, 0.009899999999999961, 0.010399999999999958, 0.011299999999999954, 0.008699999999999965, 0.008999999999999965, 0.009299999999999963, 0.009099999999999964, 0.008799999999999964, 0.00749999999999997, 0.007999999999999967, 0.006699999999999973, 0.006099999999999975, 0.00739999999999997, 0.005699999999999977, 0.005699999999999977, 0.005699999999999977, 0.004299999999999983, 0.0050999999999999795, 0.0033999999999999864, 0.005599999999999977, 0.004699999999999981, 0.0035999999999999856, 0.003799999999999985, 0.0028999999999999885, 0.00249999999999999, 0.0018999999999999924, 0.00249999999999999, 0.00249999999999999, 0.0020999999999999916, 0.000999999999999996, 0.0020999999999999916, 0.002299999999999991, 0.0013999999999999943, 0.000999999999999996, 0.0013999999999999943, 0.0015999999999999936, 0.0017999999999999928, 0.0005999999999999976, 0.000999999999999996, 0.0006999999999999972, 0.0005999999999999976, 0.0007999999999999968, 0.0005999999999999976, 0.000999999999999996, 0.000499999999999998, 0.0007999999999999968, 0.0002999999999999988, 0.000499999999999998, 0.0005999999999999976, 0.0001999999999999992, 0.0001999999999999992, 9.99999999999996e-05, 0.0006999999999999972, 0.0002999999999999988, 9.99999999999996e-05, 9.99999999999996e-05, 9.99999999999996e-17, 0.0003999999999999984, 9.99999999999996e-17, 9.99999999999996e-17, 9.99999999999996e-17, 9.99999999999996e-17, 9.99999999999996e-05, 9.99999999999996e-17, 9.99999999999996e-05, 9.99999999999996e-17, 9.99999999999996e-17, 9.99999999999996e-17, 9.99999999999996e-17, 9.99999999999996e-17, 9.99999999999996e-17, 9.99999999999996e-17, 9.99999999999996e-05, 9.99999999999996e-17, 9.99999999999996e-17, 9.99999999999996e-17, 9.99999999999996e-17, 9.99999999999996e-17, 9.99999999999996e-17, 9.99999999999996e-17, 9.99999999999996e-17, 9.99999999999996e-17, 9.99999999999996e-17, 9.99999999999996e-17, 9.99999999999996e-17, 9.99999999999996e-17, 9.99999999999996e-17, 9.99999999999996e-17, 9.99999999999996e-17], "profits": [1.0, 1.0, 1.0, 1.0, 1.0, 1.0, 1.0, 1.0, 1.0, 1.0, 1.0, 1.0, 1.0, 1.0, 1.0, 1.0, 1.0, 1.0, 1.0, 1.0, 1.0, 1.0, 1.0, 1.0, 1.0, 1.0, 1.0, 1.0, 1.0, 1.0, 1.0, 1.0, 1.0, 1.0, 1.0, 1.0, 1.0, 1.0, 1.0, 1.0, 1.0, 1.0, 1.0, 1.0, 1.0, 1.0, 1.0, 1.0, 1.0, 1.0, 1.0, 1.0, 1.0, 1.0, 1.0, 0.1, 1.0, 1.0, 1.0, 1.0, 1.0, 1.0, 1.0, 1.0, 1.0, 0.1, 1.0, 1.0, 1.0, 1.0, 1.0, 1.0, 1.0, 1.0, 1.0, 1.0, 1.0, 1.0, 1.0, 1.0, 1.0, 1.0, 1.0, 1.0, 1.0, 1.0, 1.0, 1.0, 1.0, 1.0, 1.0, 1.0, 1.0, 1.0, 1.0, 1.0, 1.0, 1.0, 1.0, 1.0, 1.0, 1.0, 1.0, 1.0, 1.0, 1.0, 1.0, 1.0, 1.0, 1.0, 1.0, 1.0, 1.0, 1.0, 1.0, 1.0, 1.0, 1.0, 1.0, 1.0, 1.0, 1.0, 1.0, 1.0, 1.0, 1.0, 1.0, 1.0, 1.0, 1.0, 1.0, 1.0, 1.0, 1.0, 1.0, 1.0, 1.0, 1.0, 1.0, 1.0, 1.0, 1.0, 1.0, 1.0, 1.0, 1.0, 1.0, 1.0, 1.0, 1.0, 1.0, 1.0, 1.0, 1.0, 1.0, 1.0, 1.0, 1.0, 1.0, 1.0, 1.0, 1.0, 1.0, 1.0, 1.0, 1.0, 1.0, 1.0, 1.0, 1.0, 1.0, 1.0, 1.0, 1.0, 1.0, 1.0, 1.0, 1.0, 1.0, 1.0, 1.0, 1.0, 1.0, 1.0, 1.0, 1.0, 1.0, 1.0, 1.0, 1.0, 1.0, 1.0, 1.0, 1.0, 1.0, 1.0, 1.0, 1.0, 1.0, 1.0], "min_weight": 0.95, "max_distance": 3}