{"n_items": 600, "weights": [9.999999999999526e-17, 9.999999999999526e-17, 9.999999999999526e-17, 9.999999999999526e-17, 9.999999999999526e-17, 9.999999999999526e-17, 9.999999999999526e-17, 9.999999999999526e-17, 9.999999999999526e-17, 9.999999999999526e-17, 9.999999999999526e-17, 9.999999999999526e-17, 9.999999999999526e-17, 9.999999999999526e-17, 9.999999999999526e-17, 9.999999999999526e-17, 9.999999999999526e-17, 9.999999999999526e-17, 9.999999999999526e-17, 9.999999999999526e-17, 9.999999999999526e-17, 9.999999999999526e-17, 9.999999999999526e-17, 9.999999999999526e-17, 9.999999999999526e-17, 9.999999999999526e-17, 9.999999999999526e-17, 9.999999999999526e-17, 9.999999999999526e-17, 9.999999999999526e-17, 9.999999999999526e-17, 9.999999999999526e-17, 9.999999999999526e-17, 9.999999999999526e-17, 9.999999999999526e-17, 9.999999999999526e-17, 9.999999999999526e-17, 9.999999999999526e-17, 9.999999999999526e-17, 9.999999999999526e-17, 9.999999999999526e-17, 9.999999999999526e-17, 9.999999999999526e-17, 9.999999999999526e-17, 9.999999999999526e-17, 9.999999999999526e-17, 9.999999999999526e-17, 9.999999999999526e-17, 9.999999999999526e-17, 9.999999999999526e-17, 9.999999999999526e-17, 9.999999999999526e-17, 9.999999999999526e-17, 9.999999999999526e-17, 9.999999999999526e-17, 9.999999999999526e-17, 9.999999999999526e-17, 9.999999999999526e-17, 9.999999999999526e-17, 9.999999999999526e-17, 9.999999999999526e-17, 9.999999999999526e-17, 9.999999999999526e-17, 9.999999999999526e-17, 9.999999999999526e-17, 9.999999999999526e-17, 9.999999999999526e-17, 9.999999999999526e-17, 9.999999999999526e-17, 9.999999999999526e-17, 9.999999999999526e-17, 9.999999999999526e-17, 9.999999999999526e-17, 9.999999999999526e-17, 9.999999999999526e-17, 9.999999999999526e-17, 9.999999999999526e-17, 9.999999999999526e-17, 9.999999999999526e-17, 9.999999999999526e-17, 9.999999999999526e-17, 9.999999999999526e-17, 9.999999999999526e-17, 9.999999999999526e-17, 9.999999999999526e-17, 9.999999999999526e-17, 9.999999999999526e-17, 9.999999999999526e-17, 9.999999999999526e-17, 9.999999999999526e-17, 9.999999999999526e-17, 9.999999999999526e-17, 9.999999999999526e-17, 9.999999999999526e-17, 9.999999999999526e-17, 9.999999999999526e-17, 9.999999999999526e-17, 9.999999999999526e-17, 9.999999999999526e-17, 9.999999999999526e-17, 9.999999999999526e-17, 9.999999999999526e-17, 9.999999999999526e-17, 9.999999999999526e-17, 9.999999999999526e-17, 9.999999999999526e-17, 9.999999999999526e-17, 9.999999999999526e-17, 9.999999999999526e-17, 9.999999999999526e-17, 9.999999999999526e-17, 9.999999999999526e-17, 9.999999999999526e-17, 9.999999999999526e-17, 9.999999999999526e-17, 9.999999999999526e-17, 9.999999999999526e-17, 9.999999999999526e-17, 9.999999999999526e-17, 9.999999999999526e-17, 9.999999999999526e-17, 9.999999999999527e-05, 9.999999999999526e-17, 9.999999999999526e-17, 9.999999999999526e-17, 9.999999999999526e-17, 9.999999999999526e-17, 9.999999999999526e-17, 9.999999999999526e-17, 9.999999999999527e-05, 9.999999999999526e-17, 9.999999999999526e-17, 0.0002999999999999858, 9.999999999999526e-17, 9.999999999999526e-17, 0.0002999999999999858, 9.999999999999526e-17, 9.999999999999527e-05, 0.0002999999999999858, 0.0002999999999999858, 0.00019999999999999055, 0.0002999999999999858, 0.0004999999999999764, 0.0005999999999999716, 0.0003999999999999811, 0.0004999999999999764, 0.0003999999999999811, 0.0005999999999999716, 0.001099999999999948, 0.0015999999999999244, 0.0011999999999999433, 0.0014999999999999291, 0.0012999999999999386, 0.0012999999999999386, 0.0016999999999999197, 0.0016999999999999197, 0.002299999999999891, 0.0030999999999998533, 0.004099999999999806, 0.003699999999999825, 0.004699999999999778, 0.005199999999999754, 0.005099999999999758, 0.004099999999999806, 0.004499999999999787, 0.007699999999999636, 0.0059999999999997165, 0.005099999999999758, 0.007299999999999655, 0.00739999999999965, 0.008999999999999574, 0.010599999999999499, 0.010199999999999517, 0.00949999999999955, 0.010499999999999503, 0.011899999999999437, 0.012599999999999403, 0.013199999999999375, 0.012999999999999385, 0.014499999999999314, 0.013899999999999343, 0.015499999999999266, 0.018099999999999145, 0.01799999999999915, 0.017099999999999192, 0.01819999999999914, 0.018499999999999125, 0.01759999999999917, 0.020799999999999017, 0.019099999999999097, 0.019799999999999065, 0.01859999999999912, 0.01939999999999908, 0.021999999999998958, 0.019199999999999093, 0.020999999999999006, 0.023099999999998906, 0.02259999999999893, 0.02179999999999897, 0.02179999999999897, 0.02259999999999893, 0.017499999999999172, 0.019899999999999057, 0.020199999999999045, 0.017499999999999172, 0.0189999999999991, 0.018799999999999113, 0.018699999999999117, 0.01669999999999921, 0.01669999999999921, 0.015099999999999286, 0.0147999999999993, 0.0126999999999994, 0.015099999999999286, 0.012999999999999385, 0.010899999999999485, 0.012199999999999423, 0.011899999999999437, 0.010899999999999485, 0.010299999999999513, 0.010299999999999513, 0.008599999999999594, 0.007799999999999631, 0.008199999999999612, 0.006299999999999702, 0.00719999999999966, 0.004399999999999792, 0.0057999999999997255, 0.004499999999999787, 0.004199999999999801, 0.003699999999999825, 0.0033999999999998393, 0.0027999999999998677, 0.0029999999999998582, 0.00359999999999983, 0.0015999999999999244, 0.0009999999999999527, 0.002299999999999891, 0.0011999999999999433, 0.0005999999999999716, 0.0011999999999999433, 0.0005999999999999716, 0.0005999999999999716, 0.0006999999999999669, 0.0004999999999999764, 0.0003999999999999811, 0.0004999999999999764, 0.0002999999999999858, 0.0005999999999999716, 0.0002999999999999858, 0.0002999999999999858, 0.0002999999999999858, 9.999999999999527e-05, 9.999999999999526e-17, 9.999999999999526e-17, 9.999999999999527e-05, 9.999999999999526e-17, 9.999999999999526e-17, 9.999999999999527e-05, 9.999999999999527e-05, 0.00019999999999999055, 9.999999999999527e-05, 9.999999999999526e-17, 9.999999999999526e-17, 9.999999999999527e-05, 9.999999999999527e-05, 9.999999999999526e-17, 9.999999999999526e-17, 9.999999999999526e-17, 9.999999999999526e-17, 9.999999999999526e-17, 9.999999999999526e-17, 9.999999999999526e-17, 9.999999999999526e-17, 9.999999999999526e-17, 9.999999999999526e-17, 9.999999999999526e-17, 9.999999999999526e-17, 9.999999999999526e-17, 9.999999999999526e-17, 9.999999999999526e-17, 9.999999999999526e-17, 9.999999999999526e-17, 9.999999999999526e-17, 9.999999999999526e-17, 9.999999999999526e-17, 9.999999999999526e-17, 9.999999999999526e-17, 9.999999999999526e-17, 9.999999999999526e-17, 9.999999999999526e-17, 9.999999999999526e-17, 9.999999999999526e-17, 9.999999999999526e-17, 9.999999999999526e-17, 9.999999999999526e-17, 9.999999999999526e-17, 9.999999999999526e-17, 9.999999999999526e-17, 9.999999999999526e-17, 9.999999999999526e-17, 9.999999999999526e-17, 9.999999999999526e-17, 9.999999999999526e-17, 9.999999999999526e-17, 9.999999999999526e-17, 9.999999999999526e-17, 9.999999999999526e-17, 9.999999999999526e-17, 9.999999999999526e-17, 9.999999999999526e-17, 9.999999999999526e-17, 9.999999999999526e-17, 9.999999999999526e-17, 9.999999999999526e-17, 9.999999999999526e-17, 9.999999999999526e-17, 9.999999999999526e-17, 9.999999999999526e-17, 9.999999999999526e-17, 9.999999999999526e-17, 9.999999999999526e-17, 9.999999999999526e-17, 9.999999999999526e-17, 9.999999999999526e-17, 9.999999999999526e-17, 9.999999999999526e-17, 9.999999999999526e-17, 9.999999999999526e-17, 9.999999999999526e-17, 9.999999999999526e-17, 9.999999999999526e-17, 9.999999999999526e-17, 9.999999999999526e-17, 9.999999999999526e-17, 9.999999999999526e-17, 9.999999999999526e-17, 9.999999999999526e-17, 9.999999999999526e-17, 9.999999999999526e-17, 9.999999999999526e-17, 9.999999999999526e-17, 9.999999999999526e-17, 9.999999999999526e-17, 9.999999999999526e-17, 9.999999999999526e-17, 9.999999999999526e-17, 9.999999999999526e-17, 9.999999999999526e-17, 9.999999999999526e-17, 