{"n_items": 600, "weights": [9.999999999999645e-17, 9.999999999999645e-17, 9.999999999999645e-17, 9.999999999999645e-17, 9.999999999999645e-17, 9.999999999999645e-17, 9.999999999999645e-17, 9.999999999999645e-17, 9.999999999999645e-17, 9.999999999999645e-17, 9.999999999999645e-17, 9.999999999999645e-17, 9.999999999999645e-17, 9.999999999999645e-17, 9.999999999999645e-17, 9.999999999999645e-17, 9.999999999999645e-17, 9.999999999999645e-17, 9.999999999999645e-17, 9.999999999999645e-17, 9.999999999999645e-17, 9.999999999999645e-17, 9.999999999999645e-17, 9.999999999999645e-17, 9.999999999999645e-17, 9.999999999999645e-17, 9.999999999999645e-17, 9.999999999999645e-17, 9.999999999999645e-17, 9.999999999999645e-17, 9.999999999999645e-17, 9.999999999999645e-17, 9.999999999999645e-17, 9.999999999999645e-17, 9.999999999999645e-17, 9.999999999999645e-17, 9.999999999999645e-17, 9.999999999999645e-17, 9.999999999999645e-17, 9.999999999999645e-17, 9.999999999999645e-17, 9.999999999999645e-17, 9.999999999999645e-17, 9.999999999999645e-17, 9.999999999999645e-17, 9.999999999999645e-17, 9.999999999999645e-17, 9.999999999999645e-17, 9.999999999999645e-17, 9.999999999999645e-17, 9.999999999999645e-17, 9.999999999999645e-17, 9.999999999999645e-17, 9.999999999999645e-17, 9.999999999999645e-17, 9.999999999999645e-17, 9.999999999999645e-17, 9.999999999999645e-17, 9.999999999999645e-17, 9.999999999999645e-17, 9.999999999999645e-17, 9.999999999999645e-17, 9.999999999999645e-17, 9.999999999999645e-17, 9.999999999999645e-17, 9.999999999999645e-17, 9.999999999999645e-17, 9.999999999999645e-17, 9.999999999999645e-17, 9.999999999999645e-17, 9.999999999999645e-17, 9.999999999999645e-17, 9.999999999999645e-17, 9.999999999999645e-17, 9.999999999999645e-17, 9.999999999999645e-17, 9.999999999999645e-17, 9.999999999999645e-17, 9.999999999999645e-17, 9.999999999999645e-17, 9.999999999999645e-17, 9.999999999999645e-17, 9.999999999999645e-17, 9.999999999999645e-17, 9.999999999999645e-17, 9.999999999999645e-17, 9.999999999999645e-17, 9.999999999999645e-17, 9.999999999999645e-17, 9.999999999999645e-17, 9.999999999999645e-17, 9.999999999999645e-17, 9.999999999999645e-17, 9.999999999999645e-17, 9.999999999999645e-17, 9.999999999999645e-17, 9.999999999999645e-17, 9.999999999999645e-17, 9.999999999999645e-17, 9.999999999999645e-17, 9.999999999999645e-17, 9.999999999999645e-17, 9.999999999999645e-17, 9.999999999999645e-17, 9.999999999999645e-17, 9.999999999999645e-17, 9.999999999999645e-17, 9.999999999999645e-17, 9.999999999999645e-17, 9.999999999999645e-17, 9.999999999999645e-17, 9.999999999999645e-17, 9.999999999999645e-17, 9.999999999999645e-17, 9.999999999999645e-17, 9.999999999999645e-17, 9.999999999999645e-17, 9.999999999999645e-17, 9.999999999999645e-17, 9.999999999999645e-17, 9.999999999999645e-17, 9.999999999999645e-17, 9.999999999999645e-17, 9.999999999999645e-17, 9.999999999999645e-17, 9.999999999999645e-17, 9.999999999999645e-17, 9.999999999999645e-17, 9.999999999999645e-17, 9.999999999999645e-17, 9.999999999999645e-17, 9.999999999999645e-17, 9.999999999999645e-17, 9.999999999999645e-17, 9.999999999999645e-17, 9.999999999999645e-17, 9.999999999999645e-17, 9.999999999999645e-17, 9.999999999999645e-17, 9.999999999999645e-17, 9.999999999999645e-17, 9.999999999999645e-17, 9.999999999999645e-17, 9.999999999999645e-17, 9.999999999999645e-17, 9.999999999999645e-17, 9.999999999999645e-17, 9.999999999999645e-17, 9.999999999999645e-17, 9.999999999999645e-17, 9.999999999999645e-17, 9.999999999999645e-17, 9.999999999999645e-17, 9.999999999999645e-17, 9.999999999999645e-17, 9.999999999999645e-17, 9.999999999999645e-17, 9.999999999999645e-17, 9.999999999999645e-17, 9.999999999999645e-17, 9.999999999999645e-17, 9.999999999999645e-17, 9.999999999999645e-17, 9.999999999999645e-17, 9.999999999999645e-17, 9.999999999999645e-17, 9.999999999999645e-17, 9.999999999999645e-17, 9.999999999999645e-17, 9.999999999999645e-17, 9.999999999999645e-17, 9.999999999999645e-17, 9.999999999999645e-17, 9.999999999999645e-17, 9.999999999999645e-17, 9.999999999999645e-17, 9.999999999999645e-17, 9.999999999999645e-17, 9.999999999999645e-17, 9.999999999999645e-17, 9.999999999999645e-17, 9.999999999999645e-17, 9.999999999999645e-17, 9.999999999999645e-17, 9.999999999999645e-17, 9.999999999999645e-17, 9.999999999999645e-17, 9.999999999999645e-17, 9.999999999999645e-17, 9.999999999999645e-17, 9.999999999999645e-17, 9.999999999999645e-17, 9.999999999999645e-17, 9.999999999999645e-17, 9.999999999999645e-17, 9.999999999999645e-17, 9.999999999999645e-17, 9.999999999999645e-17, 9.999999999999645e-05, 9.999999999999645e-17, 9.999999999999645e-17, 9.999999999999645e-05, 9.999999999999645e-17, 9.999999999999645e-05, 0.0001999999999999929, 9.999999999999645e-05, 9.999999999999645e-17, 9.999999999999645e-17, 9.999999999999645e-17, 9.999999999999645e-17, 9.999999999999645e-05, 9.999999999999645e-17, 0.0003999999999999858, 9.999999999999645e-17, 9.999999999999645e-05, 9.999999999999645e-05, 9.999999999999645e-05, 9.999999999999645e-17, 9.999999999999645e-05, 9.999999999999645e-05, 9.999999999999645e-17, 9.999999999999645e-05, 9.999999999999645e-05, 9.999999999999645e-05, 9.999999999999645e-05, 9.999999999999645e-05, 0.00029999999999998935, 9.999999999999645e-17, 9.999999999999645e-05, 9.999999999999645e-17, 0.0006999999999999752, 0.00029999999999998935, 0.00029999999999998935, 0.0003999999999999858, 0.0004999999999999822, 0.0001999999999999929, 0.0004999999999999822, 0.00029999999999998935, 0.0005999999999999787, 0.00029999999999998935, 0.0009999999999999645, 0.001299999999999954, 0.0006999999999999752, 0.0005999999999999787, 0.001099999999999961, 0.0011999999999999574, 0.0007999999999999716, 0.0009999999999999645, 0.0003999999999999858, 0.0005999999999999787, 0.0009999999999999645, 0.0011999999999999574, 0.0005999999999999787, 0.001099999999999961, 0.0009999999999999645, 0.001299999999999954, 0.0017999999999999362, 0.0018999999999999326, 0.002399999999999915, 0.001299999999999954, 0.0022999999999999184, 0.001999999999999929, 0.002199999999999922, 0.002199999999999922, 0.002199999999999922, 0.0014999999999999467, 0.002599999999999908, 0.0029999999999998934, 0.002899999999999897, 0.002199999999999922, 0.002899999999999897, 0.003299999999999883, 0.0033999999999998792, 0.003299999999999883, 0.0035999999999998724, 0.0027999999999999007, 0.0033999999999998792, 0.004299999999999847, 0.004399999999999844, 0.0033999999999998792, 0.0031999999999998865, 0.00479999999999983, 0.0036999999999998688, 0.004299999999999847, 0.004399999999999844, 0.0038999999999998615, 0.00449999999999984, 0.005399999999999809, 0.0054999999999998045, 0.005399999999999809, 0.005099999999999819, 0.004999999999999822, 0.004699999999999834, 0.007099999999999748, 0.007199999999999745, 0.0073999999999997375, 0.00649999999999977, 0.007299999999999741, 0.006699999999999763, 0.00759999999999973, 0.00789999999999972, 0.007199999999999745, 0.008099999999999713, 0.00929999999999967, 0.00899999999999968, 0.010099999999999642, 0.008899999999999684, 0.008099999999999713, 0.010399999999999632, 0.009899999999999649, 0.008599999999999695, 0.008399999999999703, 0.009399999999999667, 0.009099999999999678, 0.008499999999999699, 0.009999999999999645, 0.009799999999999653, 0.009999999999999645, 0.010599999999999624, 0.009399999999999667, 0.010299999999999634, 0.009699999999999655, 0.011399999999999596, 0.011899999999999578, 0.01239999999999956, 0.010299999999999634, 0.008799999999999688, 0.010999999999999609, 0.00929999999999967, 0.011699999999999586, 0.010299999999999634, 0.008899999999999684, 0.012299999999999563, 0.010499999999999628, 0.010199999999999638, 0.009499999999999663, 0.011299999999999599, 0.011199999999999603, 0.009999999999999645, 0.010399999999999632, 0.010899999999999613, 0.011099999999999607, 0.008399999999999703, 0.010299999999999634, 0.009899999999999649, 0.009799999999999653, 0.011799999999999582, 0.010099999999999642, 0.010199999999999638, 0.011199999999999603, 