{"n_items": 400, "weights": [9.999999999999897e-17, 9.999999999999897e-17, 9.999999999999897e-17, 9.999999999999897e-17, 9.999999999999897e-17, 9.999999999999897e-17, 9.999999999999897e-17, 9.999999999999897e-17, 9.999999999999897e-17, 9.999999999999897e-17, 9.999999999999897e-17, 9.999999999999897e-17, 9.999999999999897e-17, 9.999999999999897e-17, 9.999999999999897e-17, 9.999999999999897e-17, 9.999999999999897e-17, 9.999999999999897e-17, 9.999999999999897e-17, 9.999999999999897e-17, 9.999999999999897e-17, 9.999999999999897e-17, 9.999999999999897e-17, 9.999999999999897e-17, 9.999999999999897e-17, 9.999999999999897e-17, 9.999999999999897e-17, 9.999999999999897e-17, 9.999999999999897e-17, 9.999999999999897e-17, 9.999999999999897e-17, 9.999999999999897e-17, 9.999999999999897e-17, 9.999999999999897e-17, 9.999999999999897e-17, 9.999999999999897e-17, 9.999999999999897e-17, 9.999999999999897e-17, 9.999999999999897e-17, 9.999999999999897e-17, 9.999999999999897e-17, 9.999999999999897e-17, 9.999999999999897e-17, 9.999999999999897e-17, 9.999999999999897e-17, 9.999999999999897e-17, 9.999999999999897e-17, 9.999999999999897e-17, 9.999999999999897e-17, 9.999999999999897e-17, 9.999999999999897e-17, 9.999999999999897e-17, 9.999999999999897e-17, 9.999999999999897e-17, 9.999999999999897e-17, 9.999999999999897e-17, 9.999999999999897e-17, 9.999999999999897e-17, 9.999999999999897e-17, 9.999999999999897e-17, 9.999999999999897e-17, 9.999999999999897e-17, 9.999999999999897e-05, 9.999999999999897e-17, 9.999999999999897e-17, 9.999999999999897e-17, 9.999999999999897e-17, 9.999999999999897e-05, 9.999999999999897e-17, 9.999999999999897e-17, 9.999999999999897e-05, 9.999999999999897e-17, 9.999999999999897e-17, 9.999999999999897e-17, 9.999999999999897e-17, 9.999999999999897e-05, 9.999999999999897e-17, 9.999999999999897e-17, 9.999999999999897e-17, 9.999999999999897e-17, 9.999999999999897e-17, 9.999999999999897e-17, 9.999999999999897e-17, 9.999999999999897e-17, 9.999999999999897e-05, 9.999999999999897e-17, 9.999999999999897e-17, 9.999999999999897e-17, 9.999999999999897e-05, 9.999999999999897e-17, 9.999999999999897e-05, 9.999999999999897e-17, 9.999999999999897e-17, 9.999999999999897e-17, 0.00019999999999999795, 0.00029999999999999694, 9.999999999999897e-17, 9.999999999999897e-05, 9.999999999999897e-17, 0.00029999999999999694, 0.00019999999999999795, 9.999999999999897e-17, 0.00019999999999999795, 9.999999999999897e-05, 9.999999999999897e-17, 9.999999999999897e-17, 9.999999999999897e-05, 0.0004999999999999949, 0.0003999999999999959, 9.999999999999897e-17, 0.00019999999999999795, 9.999999999999897e-17, 0.00029999999999999694, 0.00019999999999999795, 9.999999999999897e-05, 0.00029999999999999694, 0.0003999999999999959, 0.00019999999999999795, 9.999999999999897e-05, 9.999999999999897e-17, 9.999999999999897e-17, 0.00019999999999999795, 0.0003999999999999959, 0.00029999999999999694, 0.00029999999999999694, 9.999999999999897e-05, 0.0004999999999999949, 0.00019999999999999795, 0.0003999999999999959, 0.00029999999999999694, 0.00029999999999999694, 0.00029999999999999694, 0.0003999999999999959, 0.0004999999999999949, 0.0004999999999999949, 0.0007999999999999918, 0.00019999999999999795, 0.0005999999999999939, 0.0006999999999999928, 0.0008999999999999909, 0.0005999999999999939, 0.00029999999999999694, 0.0009999999999999898, 0.0005999999999999939, 0.0003999999999999959, 0.0012999999999999867, 0.0013999999999999857, 0.0011999999999999878, 0.0005999999999999939, 0.0008999999999999909, 0.0010999999999999888, 0.0015999999999999836, 0.0012999999999999867, 0.0010999999999999888, 0.0008999999999999909, 0.0010999999999999888, 0.0012999999999999867, 0.0014999999999999846, 0.0015999999999999836, 0.0015999999999999836, 0.0012999999999999867, 0.0021999999999999776, 0.0011999999999999878, 0.0019999999999999797, 0.0013999999999999857, 0.0022999999999999765, 0.0019999999999999797, 0.0028999999999999703, 0.0018999999999999807, 0.0024999999999999745, 0.0021999999999999776, 0.0023999999999999755, 0.0015999999999999836, 0.0017999999999999817, 0.0026999999999999724, 0.0026999999999999724, 0.0029999999999999693, 0.0034999999999999645, 0.0035999999999999635, 0.0024999999999999745, 0.0025999999999999734, 0.0026999999999999724, 0.004099999999999958, 0.0029999999999999693, 0.003999999999999959, 0.0034999999999999645, 0.0037999999999999614, 0.003199999999999967, 0.004599999999999953, 0.0028999999999999703, 0.0035999999999999635, 0.0034999999999999645, 0.0032999999999999666, 0.003199999999999967, 0.004799999999999951, 0.0035999999999999635, 0.0046999999999999525, 0.005699999999999942, 0.004999999999999949, 0.005399999999999945, 0.005799999999999941, 0.004399999999999955, 0.005099999999999948, 0.005599999999999943, 0.006799999999999931, 0.0061999999999999365, 0.004999999999999949, 0.005599999999999943, 0.00589999999999994, 0.0070999999999999275, 0.006599999999999933, 0.0070999999999999275, 0.00489999999999995, 0.005499999999999944, 0.0059999999999999385, 0.006799999999999931, 0.006599999999999933, 0.006099999999999938, 0.005699999999999942, 0.006599999999999933, 0.006699999999999932, 0.005699999999999942, 0.006299999999999936, 0.0059999999999999385, 0.0044999999999999546, 0.006499999999999934, 0.007399999999999925, 0.007599999999999923, 0.005699999999999942, 0.006999999999999929, 0.007799999999999921, 0.007499999999999923, 0.006499999999999934, 0.00689999999999993, 0.0072999999999999255, 0.00879999999999991, 0.006999999999999929, 0.008699999999999911, 0.007999999999999919, 0.009599999999999902, 0.009899999999999898, 0.006599999999999933, 0.008499999999999914, 0.006999999999999929, 0.009699999999999901, 0.008099999999999918, 0.007599999999999923, 0.009099999999999907, 0.0072999999999999255, 0.007999999999999919, 0.0070999999999999275, 0.008999999999999909, 0.00879999999999991, 0.0097999999999999, 0.008199999999999916, 0.007999999999999919, 0.007399999999999925, 0.0061999999999999365, 0.008499999999999914, 0.007699999999999921, 0.007199999999999927, 0.00879999999999991, 0.007599999999999923, 0.007999999999999919, 0.006999999999999929, 0.007799999999999921, 0.006499999999999934, 0.00889999999999991, 0.008699999999999911, 0.008599999999999912, 0.008399999999999914, 0.0070999999999999275, 0.007999999999999919, 0.006599999999999933, 0.0072999999999999255, 0.006299999999999936, 0.008499999999999914, 0.007599999999999923, 0.006999999999999929, 0.006299999999999936, 0.005599999999999943, 0.007599999999999923, 0.00489999999999995, 0.005599999999999943, 0.004999999999999949, 0.006399999999999934, 0.006699999999999932, 0.00589999999999994, 0.006599999999999933, 0.006799999999999931, 0.00589999999999994, 0.005699999999999942, 0.00489999999999995, 0.005299999999999946, 0.005799999999999941, 0.00489999999999995, 0.004299999999999956, 0.004999999999999949, 0.005599999999999943, 0.005499999999999944, 0.0037999999999999614, 0.0044999999999999546, 0.0038999999999999604, 0.0038999999999999604, 0.00489999999999995, 0.00489999999999995, 0.0028999999999999703, 0.004199999999999957, 0.0030999999999999682, 0.0025999999999999734, 0.003999999999999959, 0.0032999999999999666, 0.004099999999999958, 0.003999999999999959, 0.003199999999999967, 0.0032999999999999666, 0.00489999999999995, 0.0027999999999999713, 0.0022999999999999765, 0.0033999999999999655, 0.0027999999999999713, 0.003199999999999967, 0.0021999999999999776, 0.0024999999999999745, 0.0026999999999999724, 0.0035999999999999635, 0.0025999999999999734, 0.0016999999999999828, 0.0019999999999999797, 0.0016999999999999828, 0.0025999999999999734, 0.0019999999999999797, 0.0022999999999999765, 0.0024999999999999745, 0.0024999999999999745, 0.0013999999999999857, 0.0012999999999999867, 0.0016999999999999828, 0.0008999999999999909, 0.0015999999999999836, 0.0016999999999999828, 0.0012999999999999867, 0.0014999999999999846, 0.0012999999999999867, 0.0016999999999999828, 0.0014999999999999846, 0.0014999999999999846, 0.0011999999999999878, 0.0009999999999999898, 0.0013999999999999857, 0.0012999999999999867, 