{"n_items": 400, "weights": [1.0001000100009885e-16, 1.0001000100009885e-16, 1.0001000100009885e-16, 1.0001000100009885e-16, 1.0001000100009885e-16, 1.0001000100009885e-16, 1.0001000100009885e-16, 1.0001000100009885e-16, 1.0001000100009885e-16, 1.0001000100009885e-16, 1.0001000100009885e-16, 1.0001000100009885e-16, 1.0001000100009885e-16, 1.0001000100009885e-16, 1.0001000100009885e-16, 1.0001000100009885e-16, 1.0001000100009885e-16, 1.0001000100009885e-16, 1.0001000100009885e-16, 1.0001000100009885e-16, 1.0001000100009885e-16, 1.0001000100009885e-16, 1.0001000100009885e-16, 1.0001000100009885e-16, 1.0001000100009885e-16, 1.0001000100009885e-16, 1.0001000100009885e-16, 1.0001000100009885e-16, 1.0001000100009885e-16, 1.0001000100009885e-16, 1.0001000100009885e-16, 1.0001000100009885e-16, 1.0001000100009885e-16, 1.0001000100009885e-16, 1.0001000100009885e-16, 1.0001000100009885e-16, 1.0001000100009885e-16, 1.0001000100009885e-16, 1.0001000100009885e-16, 1.0001000100009885e-16, 1.0001000100009885e-16, 1.0001000100009885e-16, 1.0001000100009885e-16, 1.0001000100009885e-16, 1.0001000100009885e-16, 1.0001000100009885e-16, 1.0001000100009885e-16, 1.0001000100009885e-16, 1.0001000100009885e-16, 1.0001000100009885e-16, 1.0001000100009885e-16, 1.0001000100009885e-16, 1.0001000100009885e-16, 1.0001000100009885e-16, 1.0001000100009885e-16, 1.0001000100009885e-16, 1.0001000100009885e-16, 1.0001000100009885e-16, 1.0001000100009885e-16, 1.0001000100009885e-16, 1.0001000100009885e-16, 1.0001000100009885e-16, 1.0001000100009885e-16, 1.0001000100009885e-16, 1.0001000100009885e-16, 1.0001000100009885e-16, 1.0001000100009885e-16, 1.0001000100009885e-16, 0.00010001000100009885, 1.0001000100009885e-16, 1.0001000100009885e-16, 1.0001000100009885e-16, 1.0001000100009885e-16, 0.00010001000100009885, 1.0001000100009885e-16, 1.0001000100009885e-16, 0.00010001000100009885, 1.0001000100009885e-16, 1.0001000100009885e-16, 1.0001000100009885e-16, 0.00010001000100009885, 1.0001000100009885e-16, 1.0001000100009885e-16, 1.0001000100009885e-16, 1.0001000100009885e-16, 0.0002000200020001977, 1.0001000100009885e-16, 1.0001000100009885e-16, 0.00010001000100009885, 0.00010001000100009885, 1.0001000100009885e-16, 1.0001000100009885e-16, 0.0002000200020001977, 1.0001000100009885e-16, 0.0004000400040003954, 0.00010001000100009885, 0.00030003000300029653, 0.00030003000300029653, 0.0002000200020001977, 0.00030003000300029653, 0.0002000200020001977, 0.0004000400040003954, 0.0005000500050004942, 0.0007000700070006919, 0.0007000700070006919, 0.0008000800080007908, 0.0006000600060005931, 0.0007000700070006919, 0.00030003000300029653, 0.0004000400040003954, 0.0015001500150014827, 0.0010001000100009884, 0.001300130013001285, 0.0016001600160015816, 0.0011001100110010873, 0.0011001100110010873, 0.0011001100110010873, 0.001300130013001285, 0.0015001500150014827, 0.002000200020001977, 0.0016001600160015816, 0.0022002200220021745, 0.0025002500250024713, 0.0023002300230022736, 0.0024002400240023722, 0.0029002900290028663, 0.002100210021002076, 0.0023002300230022736, 0.00430043004300425, 0.00430043004300425, 0.0029002900290028663, 0.0025002500250024713, 0.004700470047004646, 0.00430043004300425, 0.004200420042004152, 0.004900490049004843, 0.005000500050004943, 0.004500450045004448, 0.005700570057005634, 0.00520052005200514, 0.005900590059005832, 0.006200620062006128, 0.005500550055005437, 0.005000500050004943, 0.006400640064006326, 0.004600460046004547, 0.006400640064006326, 0.007200720072007117, 0.005100510051005041, 0.006700670067006623, 0.007200720072007117, 0.006000600060005931, 0.007300730073007216, 0.006800680068006722, 0.006800680068006722, 0.008400840084008303, 0.008800880088008698, 0.0074007400740073144, 0.0066006600660065235, 0.009000900090008895, 0.007700770077007611, 0.008800880088008698, 0.008800880088008698, 0.008200820082008106, 0.008000800080007907, 0.0086008600860085, 0.008800880088008698, 0.008500850085008402, 0.008100810081008006, 0.007000700070006919, 0.006500650065006425, 0.007500750075007413, 0.006300630063006228, 0.006500650065006425, 0.006800680068006722, 0.008000800080007907, 0.007700770077007611, 0.0061006100610060295, 0.007100710071007018, 0.005800580058005733, 0.005400540054005338, 0.006500650065006425, 0.0061006100610060295, 0.005800580058005733, 0.00520052005200514, 0.0048004800480047445, 0.005800580058005733, 0.004600460046004547, 0.005700570057005634, 0.00520052005200514, 0.004100410041004053, 0.003400340034003361, 0.004700470047004646, 0.003100310031003064, 0.0038003800380037563, 0.0029002900290028663, 0.0030003000300029654, 0.0022002200220021745, 0.00260026002600257, 0.0028002800280027677, 0.0024002400240023722, 0.0025002500250024713, 0.00260026002600257, 0.0017001700170016804, 0.0015001500150014827, 0.0016001600160015816, 0.002000200020001977, 0.0017001700170016804, 0.0018001800180017793, 0.0018001800180017793, 0.002000200020001977, 0.0014001400140013838, 0.0015001500150014827, 0.0008000800080007908, 0.001300130013001285, 0.0006000600060005931, 0.0011001100110010873, 0.0008000800080007908, 0.0009000900090008896, 0.0009000900090008896, 0.00030003000300029653, 0.0004000400040003954, 0.0006000600060005931, 0.0008000800080007908, 0.0005000500050004942, 0.0002000200020001977, 0.0002000200020001977, 1.0001000100009885e-16, 0.00010001000100009885, 0.0002000200020001977, 0.0002000200020001977, 0.0006000600060005931, 1.0001000100009885e-16, 0.00010001000100009885, 1.0001000100009885e-16, 0.00010001000100009885, 1.0001000100009885e-16, 1.0001000100009885e-16, 0.00010001000100009885, 0.00010001000100009885, 1.0001000100009885e-16, 1.0001000100009885e-16, 0.00010001000100009885, 1.0001000100009885e-16, 1.0001000100009885e-16, 0.00010001000100009885, 1.0001000100009885e-16, 1.0001000100009885e-16, 0.0002000200020001977, 1.0001000100009885e-16, 0.00010001000100009885, 1.0001000100009885e-16, 1.0001000100009885e-16, 1.0001000100009885e-16, 1.0001000100009885e-16, 1.0001000100009885e-16, 1.0001000100009885e-16, 1.0001000100009885e-16, 1.0001000100009885e-16, 1.0001000100009885e-16, 0.00010001000100009885, 0.0002000200020001977, 1.0001000100009885e-16, 1.0001000100009885e-16, 0.00010001000100009885, 1.0001000100009885e-16, 0.00010001000100009885, 0.0002000200020001977, 1.0001000100009885e-16, 1.0001000100009885e-16, 1.0001000100009885e-16, 1.0001000100009885e-16, 0.00010001000100009885, 0.00010001000100009885, 0.00030003000300029653, 0.00010001000100009885, 0.0004000400040003954, 0.00030003000300029653, 0.0005000500050004942, 0.0002000200020001977, 0.0005000500050004942, 0.0002000200020001977, 0.0004000400040003954, 0.00030003000300029653, 0.0006000600060005931, 0.0005000500050004942, 0.0006000600060005931, 0.00030003000300029653, 0.0009000900090008896, 0.0008000800080007908, 0.0012001200120011861, 0.0009000900090008896, 0.0007000700070006919, 0.0015001500150014827, 0.0008000800080007908, 0.0008000800080007908, 0.001300130013001285, 0.0017001700170016804, 0.001300130013001285, 0.0018001800180017793, 0.0017001700170016804, 0.0015001500150014827, 0.0015001500150014827, 0.0022002200220021745, 0.002100210021002076, 0.0025002500250024713, 0.0024002400240023722, 0.003100310031003064, 0.003400340034003361, 0.0029002900290028663, 0.003400340034003361, 0.0036003600360035586, 0.00260026002600257, 0.0037003700370036572, 0.004400440044004349, 0.00520052005200514, 0.0053005300530052386, 0.00430043004300425, 0.005100510051005041, 0.005000500050004943, 0.004100410041004053, 0.005100510051005041, 0.005400540054005338, 0.006000600060005931, 0.005600560056005535, 0.005800580058005733, 0.006500650065006425, 0.007600760076007513, 0.0066006600660065235, 0.0066006600660065235, 0.006400640064006326, 0.006200620062006128, 0.007200720072007117, 0.007500750075007413, 0.006500650065006425, 0.006400640064006326, 0.008400840084008303, 0.008000800080007907, 0.008300830083008205, 0.007100710071007018, 0.00690069006900682, 0.007600760076007513, 0.008300830083008205, 0.008200820082008106, 0.009100910091008996, 