{"n_items": 600, "weights": [0.010099999999999545, 0.011399999999999485, 0.011699999999999473, 0.012299999999999445, 0.010699999999999517, 0.011799999999999467, 0.012799999999999423, 0.012399999999999441, 0.013099999999999409, 0.011699999999999473, 0.012899999999999419, 0.013399999999999395, 0.013699999999999383, 0.012999999999999413, 0.013399999999999395, 0.011599999999999477, 0.013599999999999387, 0.012599999999999431, 0.014499999999999347, 0.01439999999999935, 0.01439999999999935, 0.014799999999999333, 0.012899999999999419, 0.013399999999999395, 0.012399999999999441, 0.012999999999999413, 0.012999999999999413, 0.013599999999999387, 0.014899999999999329, 0.014699999999999337, 0.015399999999999305, 0.014299999999999355, 0.012699999999999427, 0.0132999999999994, 0.0132999999999994, 0.013399999999999395, 0.013899999999999373, 0.013999999999999369, 0.013499999999999391, 0.013799999999999377, 0.0132999999999994, 0.014699999999999337, 0.012399999999999441, 0.012099999999999455, 0.011999999999999459, 0.013099999999999409, 0.012499999999999437, 0.012099999999999455, 0.011699999999999473, 0.012199999999999449, 0.011599999999999477, 0.012699999999999427, 0.010499999999999527, 0.011799999999999467, 0.011499999999999481, 0.010099999999999545, 0.012099999999999455, 0.010099999999999545, 0.010999999999999503, 0.0088999999999996, 0.009499999999999571, 0.008099999999999635, 0.0074999999999996615, 0.007799999999999648, 0.0074999999999996615, 0.00909999999999959, 0.00999999999999955, 0.007199999999999675, 0.007799999999999648, 0.0070999999999996795, 0.0060999999999997246, 0.0064999999999997065, 0.0061999999999997205, 0.0066999999999996975, 0.0061999999999997205, 0.0060999999999997246, 0.004999999999999775, 0.0061999999999997205, 0.005699999999999743, 0.0031999999999998557, 0.0059999999999997295, 0.004599999999999793, 0.004699999999999788, 0.004599999999999793, 0.004099999999999815, 0.0032999999999998512, 0.0033999999999998467, 0.004399999999999802, 0.0033999999999998467, 0.003499999999999842, 0.0028999999999998693, 0.0031999999999998557, 0.003699999999999833, 0.0026999999999998783, 0.0029999999999998648, 0.0028999999999998693, 0.002399999999999892, 0.0028999999999998693, 0.0026999999999998783, 0.0020999999999999053, 0.0016999999999999234, 0.0012999999999999414, 0.001199999999999946, 0.0018999999999999143, 0.0012999999999999414, 0.0014999999999999324, 0.0006999999999999684, 0.0013999999999999369, 0.0007999999999999639, 0.0007999999999999639, 0.0010999999999999504, 0.0010999999999999504, 0.0007999999999999639, 9.999999999999549e-05, 0.0006999999999999684, 0.0008999999999999594, 0.0007999999999999639, 0.0007999999999999639, 0.000599999999999973, 0.00039999999999998197, 0.000599999999999973, 0.0006999999999999684, 0.000599999999999973, 0.00019999999999999098, 0.0002999999999999865, 0.000599999999999973, 9.999999999999549e-17, 0.0002999999999999865, 0.00039999999999998197, 0.00039999999999998197, 9.999999999999549e-05, 0.0002999999999999865, 0.0004999999999999775, 0.00019999999999999098, 0.00019999999999999098, 0.0002999999999999865, 9.999999999999549e-05, 9.999999999999549e-17, 9.999999999999549e-17, 0.0004999999999999775, 9.999999999999549e-17, 9.999999999999549e-05, 9.999999999999549e-17, 0.00019999999999999098, 9.999999999999549e-17, 9.999999999999549e-05, 9.999999999999549e-17, 9.999999999999549e-05, 0.00019999999999999098, 0.00019999999999999098, 9.999999999999549e-05, 9.999999999999549e-05, 9.999999999999549e-17, 9.999999999999549e-17, 9.999999999999549e-17, 9.999999999999549e-05, 9.999999999999549e-17, 9.999999999999549e-05, 9.999999999999549e-17, 9.999999999999549e-17, 9.999999999999549e-17, 9.999999999999549e-17, 9.999999999999549e-17, 9.999999999999549e-17, 9.999999999999549e-17, 9.999999999999549e-17, 9.999999999999549e-05, 9.999999999999549e-17, 9.999999999999549e-17, 9.999999999999549e-17, 9.999999999999549e-17, 9.999999999999549e-05, 9.999999999999549e-17, 9.999999999999549e-17, 9.999999999999549e-17, 9.999999999999549e-05, 9.999999999999549e-17, 9.999999999999549e-17, 9.999999999999549e-17, 9.999999999999549e-17, 9.999999999999549e-17, 9.999999999999549e-17, 9.999999999999549e-17, 9.999999999999549e-17, 9.999999999999549e-17, 9.999999999999549e-17, 9.999999999999549e-17, 9.999999999999549e-17, 9.999999999999549e-17, 9.999999999999549e-17, 9.999999999999549e-17, 9.999999999999549e-17, 9.999999999999549e-17, 9.999999999999549e-17, 9.999999999999549e-17, 9.999999999999549e-17, 9.999999999999549e-17, 9.999999999999549e-17, 9.999999999999549e-17, 9.999999999999549e-17, 9.999999999999549e-17, 9.999999999999549e-17, 9.999999999999549e-17, 9.999999999999549e-17, 9.999999999999549e-17, 9.999999999999549e-17, 9.999999999999549e-17, 9.999999999999549e-17, 9.999999999999549e-17, 9.999999999999549e-17, 9.999999999999549e-17, 9.999999999999549e-17, 9.999999999999549e-17, 9.999999999999549e-17, 9.999999999999549e-17, 9.999999999999549e-17, 9.999999999999549e-17, 9.999999999999549e-17, 9.999999999999549e-17, 9.999999999999549e-17, 9.999999999999549e-17, 9.999999999999549e-17, 9.999999999999549e-17, 9.999999999999549e-17, 9.999999999999549e-17, 9.999999999999549e-17, 9.999999999999549e-17, 9.999999999999549e-17, 9.999999999999549e-17, 9.999999999999549e-17, 9.999999999999549e-17, 9.999999999999549e-17, 9.999999999999549e-17, 9.999999999999549e-17, 9.999999999999549e-17, 9.999999999999549e-17, 9.999999999999549e-17, 9.999999999999549e-17, 9.999999999999549e-17, 9.999999999999549e-17, 9.999999999999549e-17, 9.999999999999549e-17, 9.999999999999549e-17, 9.999999999999549e-17, 9.999999999999549e-17, 9.999999999999549e-17, 9.999999999999549e-17, 9.999999999999549e-17, 9.999999999999549e-17, 9.999999999999549e-17, 9.999999999999549e-17, 9.999999999999549e-17, 9.999999999999549e-17, 9.999999999999549e-17, 9.999999999999549e-17, 9.999999999999549e-17, 9.999999999999549e-17, 9.999999999999549e-17, 9.999999999999549e-17, 9.999999999999549e-17, 9.999999999999549e-17, 9.999999999999549e-17, 9.999999999999549e-17, 9.999999999999549e-17, 9.999999999999549e-17, 9.999999999999549e-17, 9.999999999999549e-17, 9.999999999999549e-17, 9.999999999999549e-17, 9.999999999999549e-17, 9.999999999999549e-17, 9.999999999999549e-17, 9.999999999999549e-17, 9.999999999999549e-17, 9.999999999999549e-17, 9.999999999999549e-17, 9.999999999999549e-17, 9.999999999999549e-17, 9.999999999999549e-17, 9.999999999999549e-17, 9.999999999999549e-17, 9.999999999999549e-17, 9.999999999999549e-17, 9.999999999999549e-17, 9.999999999999549e-17, 9.999999999999549e-17, 9.999999999999549e-17, 9.999999999999549e-17, 9.999999999999549e-17, 9.999999999999549e-17, 9.999999999999549e-17, 9.999999999999549e-17, 9.999999999999549e-17, 9.999999999999549e-17, 9.999999999999549e-17, 9.999999999999549e-17, 9.999999999999549e-17, 9.999999999999549e-17, 9.999999999999549e-17, 9.999999999999549e-17, 9.999999999999549e-17, 9.999999999999549e-17, 9.999999999999549e-17, 9.999999999999549e-17, 9.999999999999549e-17, 9.999999999999549e-17, 9.999999999999549e-17, 9.999999999999549e-17, 9.999999999999549e-17, 9.999999999999549e-17, 9.999999999999549e-17, 9.999999999999549e-17, 9.999999999999549e-17, 9.999999999999549e-17, 9.999999999999549e-17, 9.999999999999549e-17, 9.999999999999549e-17, 9.999999999999549e-17, 9.999999999999549e-17, 9.999999999999549e-17, 9.999999999999549e-17, 9.999999999999549e-17, 9.999999999999549e-17, 9.999999999999549e-17, 9.999999999999549e-17, 9.999999999999549e-17, 9.999999999999549e-17, 9.999999999999549e-17, 9.999999999999549e-17, 9.999999999999549e-17, 9.999999999999549e-17, 9.999999999999549e-17, 9.999999999999549e-17, 9.999999999999549e-17, 9.999999999999549e-17, 9.999999999999549e-17, 9.999999999999549e-17, 9.999999999999549e-17, 9.999999999999549e-17, 9.999999999999549e-17, 9.999999999999549e-17, 9.999999999999549e-17, 9.999999999999549e-17, 9.999999999999549e-17, 9.999999999999549e-17, 9.999999999999549e-17, 9.999999999999549e-17, 9.999999999999549e-17, 9.999999999999549e-17, 9.999999999999549e-17, 