{"n_items": 400, "weights": [0.0030595729203862134, 0.002312515545082411, 0.003425319219126641, 0.0027571798514591434, 0.002712935667075036, 0.0025091441875116855, 0.0030534503031447364, 0.0027676149516313356, 0.003145398158514777, 0.0029649631874858846, 0.001697447078143051, 0.002558630549099432, 0.0023599056679638624, 0.002510163012484957, 0.00233217711304136, 0.002814713297004483, 0.002729607724310888, 0.0013939740609417528, 0.0024990755693254595, 0.00218913575837805, 0.0026866175784994906, 0.001903821402401108, 0.0011687945708859686, 0.003448896500008958, 0.0025853674556096536, 0.0028185373667703167, 0.003083065706803329, 0.003725502362134455, 0.0029127530344920036, 0.002975191681354716, 0.0021695173244275752, 0.001502067575297307, 0.0024809910505274742, 0.0027821520223293415, 0.0025497340746046715, 0.002162383098619934, 0.002432511561490677, 0.002343732718707114, 0.003090713977803965, 0.0025961844333497095, 0.0026150884406166107, 0.0023318700209208243, 0.0025358979275545515, 0.0016037609619034554, 0.0030581976942693923, 0.0034066196693161395, 0.0027565946315659244, 0.0024839440316440056, 0.003423173993909339, 0.0036128484851547025, 0.0022415507456263997, 0.0023055791983828725, 0.001612513607515882, 0.002035063877253416, 0.0031700708578222886, 0.0032882788079688875, 0.0017784374062352602, 0.0028743019010415635, 0.0023143676903368254, 0.002849624597613384, 0.0032241068398517554, 0.0012317589226578298, 0.00233722599898746, 0.0020416800738407024, 0.0021990735204812165, 0.002701954285724536, 0.0029599495505696957, 0.0022690763472596343, 0.0024103662618793317, 0.002800920470737733, 0.002247207419162044, 0.0013802056308244244, 0.0024921895439588317, 0.0025211665705381706, 0.0017389297612334332, 0.002345538640538759, 0.003006377249189139, 0.0032810968872757427, 0.0022899744215316826, 0.002697918685343882, 0.002513700074379226, 0.002308056533130442, 0.0022664297652153424, 0.0030400166035963903, 0.002350774742419611, 0.0027700921336323956, 0.0031342696529887697, 0.0010792329641799983, 0.0027800361999841226, 0.0026790262795578037, 0.00293910303626473, 0.003005426125853406, 0.0021469929633127854, 0.0023816899044168858, 0.002618120020776023, 0.002743086547687424, 0.001395186766712613, 0.001832486929062847, 0.0014447933172780682, 0.001994095709433625, 0.0036420543124676547, 0.0018592929337176076, 0.0018445861115773564, 0.002042492113787638, 0.0020769009042920675, 0.0031556454015077865, 0.0026947149236716144, 0.002305939804192352, 0.0032474505573837397, 0.002331581543092794, 0.0021560846089292715, 0.0030686910758911563, 0.004007080300240929, 0.00343780571814605, 0.0027176227570171107, 0.0026803089229983355, 0.002921614023262119, 0.0028717917770902414, 0.002726943522207051, 0.001997532148436399, 0.0030747644813912023, 0.003270408588108582, 0.002552834736494719, 0.001623779328087007, 0.0016049013481509442, 0.0024839275661145696, 0.003731275659548834, 0.0019252047519687958, 0.003998237705887524, 0.0032200837384329137, 0.0007811087985830067, 0.0014124324020540868, 0.0017225006929429145, 0.003069956240416565, 0.0026077787844442845, 0.003205307036850168, 0.0030528756495014717, 0.0020449487674337654, 0.0025202433270571497, 0.0027752769455630403, 0.002584340986336565, 0.0027785732493901707, 0.0026103216519596075, 0.0027615184735537792, 0.0030369103761981146, 0.0027147873800250186, 0.0029595264524849866, 0.001955991652537691, 0.002442318344328047, 0.0038368902673495803, 0.003392434750595539, 0.00248404216648975, 0.002166397638628984, 0.0023075249908197115, 0.0028120133554611626, 0.002684161946548101, 0.0030026919672958645, 0.0012226773882534252, 0.0018548906142699204, 0.002483163296338512, 0.002613318800543046, 0.00219191392545808, 0.002805758059536547, 0.00222441749863723, 0.00273251550434232, 0.003026530729745169, 0.0023164123932405954, 0.0029714656780228787, 0.00238438688727591, 0.0030058688644975643, 0.0017123384683860661, 0.003441589055941337, 0.001981401670428309, 0.0012763257948413575, 0.002113913894518983, 0.002216972430479105, 0.001757674322370068, 0.0020576764365830835, 0.002609049936106205, 0.0026166184572249634, 0.002819014433100428, 0.002073009760745858, 0.0029972965038407916, 0.002334827714545127, 0.003402059604355434, 0.0028878955387745212, 0.003436668565155035, 0.0019468934583312515, 0.0030359626608245207, 0.002804369503151611, 0.0020234299556715686, 0.002471427445283627, 0.0024726651571723834, 0.0021761607703298484, 0.002278363585727661, 0.0024066037369921884, 0.0023177227594260966, 0.0026504381702409617, 0.0025194616406981002, 0.003384738392970845, 0.0018898769947806556, 0.0033431091389867773, 0.0019448815798728087, 0.0037862116317489954, 0.0024852538697093217, 0.00295591077559946, 0.002271599318218317, 0.001269427083805465, 0.002490361887963832, 0.002685118060754339, 0.002939083973331902, 0.0032002952054825083, 0.0026435354095542167, 0.002054605107849702, 0.0015342082399235099, 0.00210481393208825, 0.0028269018668916086, 0.002767026296505556, 0.0007494648031676512, 0.00271497663462943, 0.0029270292917383703, 0.0024378415208446535, 0.002658478898524183, 0.0031532599541417537, 0.002550029001855058, 0.0024001338507987718, 0.00194454238928657, 0.00270080611576178, 0.0018669690715884739, 0.0026746838911026, 0.002974235408425586, 0.002264829256628747, 0.003422206898906275, 0.0027805841101575498, 0.003287526069320111, 0.0034822214772650146, 0.0034760040592882093, 0.0035138931504499153, 0.0028194540373358452, 0.0017937797692870949, 0.0019118858621858896, 0.0021387220970321206, 0.003255701598635219, 0.0034433491387915556, 0.003089729943602136, 0.002666521871662202, 0.0020689525059801256, 0.0029064670736500525, 0.002621093120233367, 0.003372922999048445, 0.0024130699844754125, 0.0017024266954155207, 0.0029765034091416803, 0.002865810102793916, 0.00270956349762953, 0.003099722910518264, 0.002602751131031865, 0.0031184702177174894, 0.0019763252808211677, 0.0029912095487987372, 0.003156919585022238, 0.003235211655167029, 0.0024728554603785148, 0.0018414786142245555, 0.0025013260295168676, 0.0014462517674897315, 0.002849226587868428, 0.001876759918462113, 0.0011283787931409136, 0.0034820696886246794, 0.002605667856324593, 0.002632287748435342, 0.0029230319086674815, 0.0023419279360420327, 0.0029655672505046722, 0.001451245087134834, 0.002498610897938998, 0.0024550748765374522, 0.002620030630958713, 0.0007944543701722929, 0.003075572783586468, 0.0028137177905901006, 0.002262064736507015, 0.001643954999573508, 0.0022783647612550466, 0.0024419827129491412, 0.003857711533563917, 0.0028634338988108676, 0.0019124452283188695, 0.003084166457656476, 0.002059663490598812, 0.002354070910905584, 0.001736805313012379, 0.001148336403774582, 0.0008752276440598361, 0.001687495025512943, 0.0018209341122508444, 0.002767130591149315, 0.00237969765295729, 0.0020991359518979427, 0.0025408788770470256, 0.002920642756330812, 0.0026619078243365238, 0.0015354974750221772, 0.002247998830547562, 0.00380093423255919, 0.0019213897632989138, 0.0023999612506742747, 0.002340057172401042, 0.0014948667272035583, 0.0028776981509689784, 0.0012602262235399475, 0.0018516452814734306, 0.0023614282991597266, 0.0017155107643986166, 0.003021389813758941, 0.00240165462506211, 0.002393161973833677, 0.0018905211323043197, 0.00269896794214294, 0.003353188145119313, 0.0013166462524338255, 0.00214576863136189, 0.00266265158727487, 0.0020530470060882984, 0.0025469732336053643, 0.0023141522856377447, 0.0018680699994528328, 0.00036522997838082027, 0.00245129234219726, 0.0025489214815755433, 0.0025101315390742823, 0.0010432995723829274, 0.002897876418908609, 0.002013093220676004, 0.001977367381451767, 0.0018840832867868349, 0.002274037580286677, 0.0016845484402217329, 0.0028242211586560974, 0.002389172207838606, 0.002273836462347229, 0.0030274639427535716, 0.002141104870653197, 0.0018268780016269942, 0.002829628532165332, 0.002125235085147094, 0.0032160034685981024, 0.0020847699805340686, 0.0024374222385090353, 0.0015080026365312204, 0.002492433364688566, 0.002927425814259763, 0.002878139123127769, 