{"n_items": 200, "weights": [0.0030003000300029828, 0.0039003900390038775, 0.0045004500450044746, 0.004200420042004176, 0.0058005800580057665, 0.00700070007000696, 0.006300630063006264, 0.009000900090008949, 0.008400840084008352, 0.009600960096009544, 0.010801080108010739, 0.010201020102010142, 0.011901190119011832, 0.013101310131013025, 0.013601360136013521, 0.01580158015801571, 0.015401540154015313, 0.01580158015801571, 0.015501550155015411, 0.015001500150014915, 0.017201720172017102, 0.016901690169016804, 0.017701770177017597, 0.016601660166016503, 0.01620162016201611, 0.018401840184018296, 0.018001800180017898, 0.015901590159015808, 0.014701470147014615, 0.012001200120011931, 0.012601260126012528, 0.013401340134013324, 0.01220122012201213, 0.011501150115011434, 0.009300930093009247, 0.007700770077007656, 0.009100910091009048, 0.007900790079007855, 0.00690069006900686, 0.007600760076007557, 0.0045004500450044746, 0.0043004300430042755, 0.004000400040003977, 0.0038003800380037784, 0.0039003900390038775, 0.0025002500250024856, 0.002100210021002088, 0.002100210021002088, 0.0020002000200019885, 0.001200120012001193, 0.0016001600160015909, 0.001400140014001392, 0.0015001500150014914, 0.000700070007000696, 0.000700070007000696, 0.00020002000200019886, 0.0008000800080007954, 0.0006000600060005965, 0.00010001000100009943, 0.00030003000300029826, 0.0004000400040003977, 0.00030003000300029826, 1.0001000100009943e-16, 0.00010001000100009943, 0.00010001000100009943, 0.00010001000100009943, 1.0001000100009943e-16, 1.0001000100009943e-16, 1.0001000100009943e-16, 1.0001000100009943e-16, 1.0001000100009943e-16, 1.0001000100009943e-16, 1.0001000100009943e-16, 1.0001000100009943e-16, 1.0001000100009943e-16, 1.0001000100009943e-16, 0.00010001000100009943, 1.0001000100009943e-16, 1.0001000100009943e-16, 1.0001000100009943e-16, 1.0001000100009943e-16, 1.0001000100009943e-16, 1.0001000100009943e-16, 1.0001000100009943e-16, 1.0001000100009943e-16, 1.0001000100009943e-16, 1.0001000100009943e-16, 1.0001000100009943e-16, 1.0001000100009943e-16, 1.0001000100009943e-16, 1.0001000100009943e-16, 1.0001000100009943e-16, 1.0001000100009943e-16, 1.0001000100009943e-16, 1.0001000100009943e-16, 1.0001000100009943e-16, 1.0001000100009943e-16, 1.0001000100009943e-16, 1.0001000100009943e-16, 1.0001000100009943e-16, 1.0001000100009943e-16, 1.0001000100009943e-16, 1.0001000100009943e-16, 1.0001000100009943e-16, 1.0001000100009943e-16, 1.0001000100009943e-16, 1.0001000100009943e-16, 1.0001000100009943e-16, 1.0001000100009943e-16, 1.0001000100009943e-16, 1.0001000100009943e-16, 1.0001000100009943e-16, 1.0001000100009943e-16, 1.0001000100009943e-16, 1.0001000100009943e-16, 1.0001000100009943e-16, 1.0001000100009943e-16, 1.0001000100009943e-16, 0.00020002000200019886, 1.0001000100009943e-16, 1.0001000100009943e-16, 1.0001000100009943e-16, 1.0001000100009943e-16, 0.00010001000100009943, 1.0001000100009943e-16, 0.00030003000300029826, 0.0004000400040003977, 0.0005000500050004971, 0.00030003000300029826, 0.0004000400040003977, 0.00010001000100009943, 0.0004000400040003977, 0.0010001000100009943, 0.0006000600060005965, 0.000700070007000696, 0.000700070007000696, 0.0011001100110010938, 0.0022002200220021875, 0.0013001300130012926, 0.0022002200220021875, 0.002100210021002088, 0.0041004100410040765, 0.0034003400340033804, 0.004000400040003977, 0.004700470047004673, 0.0039003900390038775, 0.006100610061006065, 0.007200720072007159, 0.008000800080007954, 0.007500750075007457, 0.00880088008800875, 0.01040104010401034, 0.01040104010401034, 0.009800980098009743, 0.01230123012301223, 0.014501450145014416, 0.012701270127012627, 0.015301530153015212, 0.016301630163016206, 0.015401540154015313, 0.017101710171017002, 0.015301530153015212, 0.014201420142014119, 0.01620162016201611, 0.01380138013801372, 0.01610161016101601, 0.01560156015601551, 0.015901590159015808, 0.013501350135013423, 0.014601460146014517, 0.013501350135013423, 0.015501550155015411, 0.013001300130012926, 0.011201120112011137, 0.010801080108010739, 0.010701070107010638, 0.009900990099009844, 0.009700970097009645, 0.008900890089008849, 0.006300630063006264, 0.0062006200620061645, 0.007200720072007159, 0.005000500050004971, 0.003700370037003679, 0.004200420042004176, 0.00350035003500348, 0.002800280028002784, 0.0031003100310030823, 0.0019001900190018892, 0.002100210021002088, 0.0020002000200019885, 0.001400140014001392, 0.0009000900090008948, 0.000700070007000696, 0.000700070007000696, 0.0008000800080007954, 0.0008000800080007954, 0.0009000900090008948, 0.0008000800080007954, 1.0001000100009943e-16],