{"n_items": 400, "weights": [9.999999999999767e-17, 9.999999999999767e-17, 9.999999999999767e-17, 9.999999999999767e-17, 9.999999999999767e-17, 9.999999999999767e-17, 9.999999999999767e-17, 9.999999999999767e-17, 9.999999999999767e-17, 9.999999999999767e-17, 9.999999999999767e-17, 9.999999999999767e-17, 9.999999999999767e-17, 9.999999999999767e-17, 9.999999999999767e-17, 9.999999999999767e-17, 9.999999999999767e-17, 9.999999999999767e-17, 9.999999999999767e-17, 9.999999999999767e-17, 9.999999999999767e-17, 9.999999999999767e-17, 9.999999999999767e-17, 9.999999999999767e-17, 9.999999999999767e-17, 9.999999999999767e-17, 9.999999999999767e-17, 9.999999999999767e-17, 9.999999999999767e-17, 9.999999999999767e-17, 9.999999999999767e-17, 9.999999999999767e-17, 9.999999999999767e-17, 9.999999999999767e-17, 9.999999999999767e-17, 9.999999999999767e-17, 9.999999999999767e-17, 9.999999999999767e-17, 9.999999999999767e-17, 9.999999999999767e-17, 9.999999999999767e-17, 9.999999999999767e-17, 9.999999999999767e-17, 9.999999999999767e-17, 9.999999999999767e-17, 9.999999999999767e-17, 9.999999999999767e-17, 9.999999999999767e-17, 9.999999999999767e-17, 9.999999999999767e-17, 9.999999999999767e-17, 9.999999999999767e-17, 9.999999999999767e-17, 9.999999999999767e-17, 9.999999999999767e-17, 9.999999999999767e-17, 9.999999999999767e-17, 9.999999999999767e-17, 9.999999999999767e-17, 9.999999999999767e-17, 9.999999999999767e-17, 9.999999999999767e-17, 9.999999999999767e-17, 9.999999999999767e-17, 9.999999999999767e-17, 9.999999999999767e-17, 9.999999999999767e-17, 9.999999999999767e-17, 9.999999999999767e-17, 9.999999999999767e-17, 9.999999999999767e-17, 9.999999999999767e-17, 9.999999999999767e-17, 9.999999999999767e-17, 9.999999999999767e-17, 9.999999999999767e-17, 9.999999999999767e-17, 9.999999999999767e-17, 9.999999999999767e-17, 9.999999999999767e-17, 9.999999999999767e-17, 9.999999999999767e-17, 9.999999999999767e-17, 9.999999999999767e-17, 9.999999999999767e-17, 9.999999999999767e-17, 9.999999999999767e-17, 9.999999999999767e-17, 9.999999999999767e-17, 9.999999999999767e-17, 9.999999999999767e-17, 9.999999999999767e-17, 9.999999999999767e-17, 9.999999999999767e-17, 9.999999999999767e-17, 9.999999999999767e-17, 9.999999999999767e-17, 9.999999999999767e-17, 9.999999999999767e-17, 9.999999999999767e-17, 9.999999999999767e-17, 9.999999999999767e-17, 9.999999999999767e-17, 9.999999999999767e-17, 9.999999999999767e-17, 9.999999999999767e-17, 9.999999999999767e-17, 9.999999999999767e-17, 9.999999999999767e-17, 9.999999999999767e-17, 9.999999999999767e-05, 9.999999999999767e-17, 9.999999999999767e-17, 9.999999999999767e-05, 9.999999999999767e-17, 9.999999999999767e-17, 9.999999999999767e-17, 9.999999999999767e-05, 9.999999999999767e-05, 9.999999999999767e-17, 9.999999999999767e-05, 0.00029999999999999303, 0.00019999999999999535, 9.999999999999767e-17, 9.999999999999767e-17, 9.999999999999767e-05, 9.999999999999767e-05, 9.999999999999767e-05, 0.00019999999999999535, 0.00029999999999999303, 9.999999999999767e-05, 0.0003999999999999907, 0.0004999999999999884, 0.0003999999999999907, 0.0003999999999999907, 0.0006999999999999837, 0.0006999999999999837, 0.0011999999999999721, 0.000899999999999979, 0.0006999999999999837, 0.0011999999999999721, 0.0010999999999999745, 0.000899999999999979, 0.0013999999999999675, 0.0014999999999999651, 0.0018999999999999558, 0.0012999999999999698, 0.0014999999999999651, 0.0019999999999999536, 0.0011999999999999721, 0.0019999999999999536, 0.0018999999999999558, 0.001799999999999958, 0.0029999999999999302, 0.0034999999999999185, 0.0034999999999999185, 0.0031999999999999256, 0.004399999999999898, 0.002799999999999935, 0.004599999999999893, 0.0042999999999999, 0.004699999999999891, 0.00559999999999987, 0.006099999999999858, 0.005499999999999872, 0.005499999999999872, 0.006499999999999849, 0.00819999999999981, 0.006999999999999837, 0.00729999999999983, 0.006999999999999837, 0.007799999999999818, 0.006699999999999844, 0.009599999999999777, 0.008699999999999798, 0.010399999999999758, 0.00819999999999981, 0.011399999999999735, 0.009699999999999775, 0.009999999999999768, 0.012299999999999714, 0.012699999999999705, 0.011399999999999735, 0.012999999999999698, 0.011999999999999721, 0.013599999999999684, 0.013499999999999686, 0.014099999999999672, 0.014699999999999658, 0.014899999999999653, 0.014099999999999672, 0.01459999999999966, 0.01639999999999962, 0.013399999999999688, 0.015399999999999641, 0.015399999999999641, 0.01499999999999965, 0.015199999999999646, 0.01599999999999963, 0.017499999999999592, 0.016099999999999625, 0.015599999999999637, 0.015799999999999634, 0.01639999999999962, 0.016599999999999615, 0.01599999999999963, 0.015399999999999641, 0.01639999999999962, 0.016099999999999625, 0.01329999999999969, 0.015599999999999637, 0.014399999999999665, 0.014099999999999672, 0.0128999999999997, 0.013899999999999677, 0.014799999999999655, 0.012399999999999712, 0.015199999999999646, 0.011799999999999726, 0.011699999999999728, 0.01249999999999971, 0.012399999999999712, 0.009399999999999782, 0.010399999999999758, 0.010699999999999751, 0.009099999999999789, 0.009099999999999789, 0.007899999999999817, 0.008099999999999812, 0.009099999999999789, 0.008099999999999812, 0.00729999999999983, 0.006499999999999849, 0.005899999999999863, 0.0062999999999998535, 0.006099999999999858, 0.0059999999999998605, 0.00559999999999987, 0.004699999999999891, 0.004699999999999891, 0.004899999999999886, 0.003899999999999909, 0.0028999999999999326, 0.003399999999999921, 0.003899999999999909, 0.003099999999999928, 0.003699999999999914, 0.003399999999999921, 0.002199999999999949, 0.0013999999999999675, 0.0025999999999999396, 0.0031999999999999256, 0.0016999999999999604, 0.0014999999999999651, 0.001799999999999958, 0.0004999999999999884, 0.001799999999999958, 0.0009999999999999768, 0.0015999999999999628, 0.000899999999999979, 0.0003999999999999907, 0.0009999999999999768, 0.0006999999999999837, 0.0006999999999999837, 0.0004999999999999884, 0.0005999999999999861, 0.0005999999999999861, 0.0005999999999999861, 0.00029999999999999303, 0.0003999999999999907, 0.00019999999999999535, 0.00029999999999999303, 9.999999999999767e-17, 0.00029999999999999303, 9.999999999999767e-05, 0.00019999999999999535, 9.999999999999767e-05, 0.00019999999999999535, 9.999999999999767e-17, 9.999999999999767e-05, 0.0003999999999999907, 9.999999999999767e-05, 9.999999999999767e-17, 9.999999999999767e-17, 9.999999999999767e-17, 9.999999999999767e-17, 9.999999999999767e-05, 9.999999999999767e-17, 9.999999999999767e-17, 9.999999999999767e-05, 9.999999999999767e-17, 9.999999999999767e-17, 9.999999999999767e-17, 9.999999999999767e-17, 9.999999999999767e-17, 9.999999999999767e-05, 9.999999999999767e-17, 9.999999999999767e-05, 9.999999999999767e-17, 9.999999999999767e-17, 9.999999999999767e-17, 9.999999999999767e-17, 9.999999999999767e-17, 9.999999999999767e-17, 9.999999999999767e-17, 9.999999999999767e-05, 9.999999999999767e-17, 9.999999999999767e-17, 9.999999999999767e-17, 9.999999999999767e-17, 9.999999999999767e-17, 9.999999999999767e-17, 9.999999999999767e-17, 9.999999999999767e-17, 9.999999999999767e-17, 9.999999999999767e-17, 9.999999999999767e-17, 9.999999999999767e-17, 9.999999999999767e-17, 9.999999999999767e-17, 9.999999999999767e-17, 9.999999999999767e-17, 9.999999999999767e-17, 9.999999999999767e-17, 9.999999999999767e-17, 9.999999999999767e-17, 9.999999999999767e-17, 9.999999999999767e-17, 9.999999999999767e-17, 9.999999999999767e-17, 9.999999999999767e-17, 9.999999999999767e-17, 9.999999999999767e-17, 9.999999999999767e-17, 9.999999999999767e-17, 9.999999999999767e-17, 9.999999999999767e-17, 9.999999999999767e-17, 9.999999999999767e-17, 9.999999999999767e-17, 9.999999999999767e-17, 9.999999999999767e-17, 9.999999999999767e-17, 9.999999999999767e-17, 9.999999999999767e-17, 9.999999999999767e-17, 9.999999999999767e-17, 9.999999999999767e-17, 9.999999999999767e-17, 9.999999999999767e-17, 9.999999999999767e-17, 