{"n_items": 200, "weights": [0.005363214358822235, 0.005388721620597146, 0.005628194246354552, 0.006325201513433265, 0.005282083428919271, 0.005524583899019988, 0.004461208403768894, 0.00420042411356756, 0.005594395306813475, 0.002644636972357199, 0.004100072073044154, 0.006208231718294171, 0.005189386241458624, 0.00410162064340465, 0.00511706471867945, 0.0054132522148959625, 0.0034207059569541474, 0.00455089107858709, 0.005973346655916271, 0.006418221036349875, 0.005253167121297344, 0.003970486192246744, 0.004580531236641513, 0.006710969447863699, 0.005220839761502184, 0.006657631820894841, 0.0035460033245348385, 0.00624390963208912, 0.0037676837921596226, 0.004031228372431929, 0.006354237142376135, 0.006650659005004512, 0.0049070550431401195, 0.003745802471074901, 0.005253283511580933, 0.004394413094259941, 0.006262541148852346, 0.006968935074460073, 0.0066753734347597335, 0.0036238483362736706, 0.007909783889250881, 0.005727999096419663, 0.00466639372610443, 0.006320337295818194, 0.004649075745190556, 0.005945246332440334, 0.005511522824130387, 0.0028938436202254167, 0.003167104565639921, 0.00567610055758031, 0.005633368874118669, 0.006947888705964132, 0.006559505113548637, 0.0034963097418639457, 0.00519812989104421, 0.006263122210673876, 0.004576706464726096, 0.0067213678695571075, 0.0019341684162167323, 0.005676194600172552, 0.004080194059040264, 0.0030494465322234367, 0.004961787743513217, 0.005898175406628615, 0.0030279156331152997, 0.005170832729492666, 0.00746874904100805, 0.005618367766246343, 0.0052116758878557245, 0.006201598721705321, 0.003924555134419624, 0.0034456419713153807, 0.005094086443604926, 0.004897622303439239, 0.006353673536575807, 0.005695197974167993, 0.004349882374118, 0.005299835317760682, 0.006873399937116197, 0.005581457037086893, 0.005489990016042761, 0.00352588242542234, 0.003941973086943577, 0.006561650734231013, 0.002961914629297373, 0.0029345141942160114, 0.004269193536205041, 0.004074541820261166, 0.002839037032447648, 0.005204173067329426, 0.004629584248139786, 0.006729054255010618, 0.006656171163779296, 0.00468895007815211, 0.005053666181612594, 0.0028525614591546817, 0.0031738275711793123, 0.004159668099076282, 0.003479056821946697, 0.005335483879314419, 0.003954532977658476, 0.00461117124618703, 0.007226975256351754, 0.006646801020184458, 0.005263767539015396, 0.00594576673882009, 0.0032992901373215403, 0.006178731134288423, 0.00509059545076495, 0.005851845247373656, 0.00686709699132575, 0.002931811010316377, 0.0058062722802274275, 0.005697265561437049, 0.00531333808424561, 0.004348670185429249, 0.0050471072172710504, 0.006117628822092324, 0.005832131826097901, 0.005327405906719961, 0.0059551730081901805, 0.0027727969433602056, 0.0021599558542300112, 0.005320929432016528, 0.005304094023062529, 0.002035520583625501, 0.005307656230496592, 0.005638446848058803, 0.0049036527238584, 0.0043039246307715485, 0.004539363621886218, 0.004292058173648042, 0.005076752137702928, 0.005223001236139915, 0.003658035293929244, 0.006001753715349312, 0.0029957903636418587, 0.006876813085473804, 0.005729848935087764, 0.004818959637653692, 0.006719501335019379, 0.0038996450800903035, 0.0060137308516398265, 0.0044172967864239306, 0.00452079855039141, 0.006596320693504809, 0.00473824350855487, 0.004494017390199834, 0.0031687264169304556, 0.0038253563682405334, 0.005202859165438356, 0.0038032276851884114, 0.004987363655415155, 0.005790941986299018, 0.004863812119430463, 0.0040698770621435156, 0.00457954062651006, 0.004781577646068913, 0.005235013025578458, 0.0037372558295674747, 0.008218938542436294, 0.006139432577926192, 0.006649585972550541, 0.0068810550222211855, 0.004184953038764978, 0.0032898833495735333, 0.002758453553044001, 0.0036363568520910074, 0.0027975621824477795, 0.006428694131906489, 0.00512034236308016, 0.004377573401652455, 0.006352718002481514, 0.005306189068933662, 0.00669452145949511, 0.005556489977568357, 0.004078290387827849, 0.0053066511068273, 0.004650078451990007, 0.0037134638716232924, 0.005521143793096048, 0.004601966375083117, 0.004689971915352568, 0.00628903643052319, 0.005508583493785932, 0.005509984625101503, 0.0029949704828821353, 0.004494953594723586, 0.006946591058166462, 0.007046736790461881, 0.003959507681413368, 0.005180298347586481, 0.0032163911896689427, 0.0023628650630226054, 0.0035349664907751207, 0.008517619879831394, 0.005425867254652516, 0.004122223431866041, 0.005514828680412187, 0.0047392086576424726], "profits": [1.0, 1.0, 1.0, 1.0, 0.1, 1.0, 1.0, 1.0, 1.0, 1.0, 1.0, 0.1, 1.0, 1.0, 1.0, 1.0, 1.0, 1.0, 1.0, 1.0, 1.0, 1.0, 1.0, 1.0, 1.0, 1.0, 1.0, 1.0, 1.0, 1.0, 1.0, 1.0, 1.0, 1.0, 1.0, 1.0, 1.0, 1.0, 1.0, 1.0, 1.0, 1.0, 1.0, 1.0, 1.0, 1.0, 1.0, 1.0, 1.0, 1.0, 1.0, 1.0, 1.0, 1.0, 1.0, 1.0, 1.0, 1.0, 1.0, 1.0, 1.0, 1.0, 1.0, 1.0, 1.0, 1.0, 1.0, 1.0, 1.0, 1.0, 1.0, 1.0, 1.0, 1.0, 1.0, 1.0, 1.0, 1.0, 1.0, 1.0, 1.0, 1.0, 1.0, 1.0, 1.0, 1.0, 1.0, 1.0, 1.0, 1.0, 1.0, 1.0, 1.0, 1.0, 1.0, 1.0, 1.0, 1.0, 1.0, 1.0, 1.0, 1.0, 1.0, 1.0, 1.0, 1.0, 1.0, 1.0, 1.0, 1.0, 1.0, 1.0, 1.0, 1.0, 1.0, 1.0, 1.0, 1.0, 1.0, 1.0, 1.0, 1.0, 1.0, 1.0, 1.0, 1.0, 1.0, 1.0, 1.0, 1.0, 1.0, 1.0, 1.0, 1.0, 1.0, 1.0, 1.0, 1.0, 1.0, 1.0, 1.0, 1.0, 1.0, 1.0, 1.0, 1.0, 1.0, 1.0, 1.0, 1.0, 1.0, 1.0, 1.0, 1.0, 1.0, 1.0, 1.0, 1.0, 1.0, 1.0, 1.0, 1.0, 1.0, 1.0, 1.0, 1.0, 1.0, 1.0, 1.0, 1.0, 1.0, 1.0, 1.0, 1.0, 1.0, 1.0, 1.0, 1.0, 1.0, 1.0, 1.0, 1.0, 1.0, 1.0, 1.0, 1.0, 1.0, 1.0, 1.0, 1.0, 1.0, 1.0, 1.0, 1.0, 1.0, 1.0, 1.0, 1.0, 1.0, 1.0], "min_weight": 0.95, "max_distance": 3}