{"n_items": 400, "weights": [1.0036130068245544e-16, 1.0036130068245544e-16, 1.0036130068245544e-16, 1.0036130068245544e-16, 1.0036130068245544e-16, 1.0036130068245544e-16, 1.0036130068245544e-16, 1.0036130068245544e-16, 1.0036130068245544e-16, 1.0036130068245544e-16, 1.0036130068245544e-16, 1.0036130068245544e-16, 1.0036130068245544e-16, 1.0036130068245544e-16, 1.0036130068245544e-16, 1.0036130068245544e-16, 1.0036130068245544e-16, 1.0036130068245544e-16, 1.0036130068245544e-16, 1.0036130068245544e-16, 1.0036130068245544e-16, 1.0036130068245544e-16, 1.0036130068245544e-16, 1.0036130068245544e-16, 1.0036130068245544e-16, 1.0036130068245544e-16, 1.0036130068245544e-16, 1.0036130068245544e-16, 1.0036130068245544e-16, 1.0036130068245544e-16, 1.0036130068245544e-16, 1.0036130068245544e-16, 1.0036130068245544e-16, 1.0036130068245544e-16, 1.0036130068245544e-16, 1.0036130068245544e-16, 1.0036130068245544e-16, 1.0036130068245544e-16, 1.0036130068245544e-16, 1.0036130068245544e-16, 1.0036130068245544e-16, 1.0036130068245544e-16, 1.0036130068245544e-16, 1.0036130068245544e-16, 1.0036130068245544e-16, 1.0036130068245544e-16, 1.0036130068245544e-16, 1.0036130068245544e-16, 1.0036130068245544e-16, 1.0036130068245544e-16, 1.0036130068245544e-16, 1.0036130068245544e-16, 1.0036130068245544e-16, 1.0036130068245544e-16, 1.0036130068245544e-16, 1.0036130068245544e-16, 1.0036130068245544e-16, 1.0036130068245544e-16, 1.0036130068245544e-16, 1.0036130068245544e-16, 1.0036130068245544e-16, 1.0036130068245544e-16, 1.0036130068245544e-16, 1.0036130068245544e-16, 1.0036130068245544e-16, 1.0036130068245544e-16, 1.0036130068245544e-16, 1.0036130068245544e-16, 1.0036130068245544e-16, 1.0036130068245544e-16, 1.0036130068245544e-16, 1.0036130068245544e-16, 1.0036130068245544e-16, 1.0036130068245544e-16, 1.0036130068245544e-16, 1.0036130068245544e-16, 1.0036130068245544e-16, 1.0036130068245544e-16, 1.0036130068245544e-16, 1.0036130068245544e-16, 1.0036130068245544e-16, 1.0036130068245544e-16, 1.0036130068245544e-16, 1.0036130068245544e-16, 1.0036130068245544e-16, 1.0036130068245544e-16, 1.0036130068245544e-16, 1.0036130068245544e-16, 1.0036130068245544e-16, 1.0036130068245544e-16, 1.0036130068245544e-16, 1.0036130068245544e-16, 1.0036130068245544e-16, 1.0036130068245544e-16, 1.0036130068245544e-16, 1.0036130068245544e-16, 1.0036130068245544e-16, 1.0036130068245544e-16, 1.0036130068245544e-16, 0.00010036130068245545, 0.00010036130068245545, 1.0036130068245544e-16, 0.00010036130068245545, 0.00010036130068245545, 1.0036130068245544e-16, 1.0036130068245544e-16, 1.0036130068245544e-16, 0.00010036130068245545, 0.0002007226013649109, 0.00030108390204736633, 1.0036130068245544e-16, 0.0005018065034122773, 1.0036130068245544e-16, 1.0036130068245544e-16, 0.00010036130068245545, 0.00010036130068245545, 0.0002007226013649109, 0.0002007226013649109, 0.00010036130068245545, 0.00010036130068245545, 0.0004014452027298218, 0.0004014452027298218, 0.0004014452027298218, 0.00030108390204736633, 0.0005018065034122773, 0.0009032517061420991, 0.0006021678040947327, 0.0004014452027298218, 1.0036130068245544e-16, 0.0004014452027298218, 0.0013046969088719208, 0.0009032517061420991, 0.0005018065034122773, 0.0010036130068245546, 0.0009032517061420991, 0.0009032517061420991, 0.0013046969088719208, 0.00110397430750701, 0.0019068647129666537, 0.0008028904054596436, 0.0013046969088719208, 0.0021075873143315644, 0.0021075873143315644, 0.0013046969088719208, 0.0027097551184262973, 0.00220794861501402, 0.0018065034122841982, 0.0030108390204736635, 0.00220794861501402, 0.0031112003211561192, 0.0028101164191087526, 0.0034122842232034854, 0.0035126455238859407, 0.0031112003211561192, 0.005018065034122773, 0.0035126455238859407, 0.00441589723002804, 0.004817342432757861, 0.005218787635487683, 0.005118426334805228, 0.004817342432757861, 0.005419510236852595, 0.004516258530710495, 0.005118426334805228, 0.0058209554395824165, 0.0062224006423122384, 0.007125652348454337, 0.006021678040947327, 0.006322761942994693, 0.007426736250501703, 0.007025291047771881, 0.0077278201525490696, 0.007025291047771881, 0.007527097551184159, 0.006724207145724515, 0.009534323564833268, 0.008129265355278891, 0.006824568446406971, 0.0077278201525490696, 0.007326374949819248, 0.009333600963468356, 0.008028904054596437, 0.008229626655961346, 0.006423123243677149, 0.007527097551184159, 0.008329987956643803, 0.008129265355278891, 0.008731433159373624, 0.006724207145724515, 0.00993576876756309, 0.0077278201525490696, 0.008430349257326258, 0.0058209554395824165, 0.005921316740264871, 0.007226013649136793, 0.007326374949819248, 0.006824568446406971, 0.00551987153753505, 0.006423123243677149, 0.006423123243677149, 0.007025291047771881, 0.006523484544359605, 0.005620232838217505, 0.004516258530710495, 0.006021678040947327, 0.0062224006423122384, 0.005921316740264871, 0.00441589723002804, 0.004817342432757861, 0.004014452027298218, 0.005118426334805228, 0.004014452027298218, 0.0043155359293455845, 0.004014452027298218, 0.004114813327980673, 0.004014452027298218, 0.004114813327980673, 0.004114813327980673, 0.0037133681252508517, 0.0029104777197912083, 0.0027097551184262973, 0.0037133681252508517, 0.0018065034122841982, 0.00220794861501402, 0.0023083099156964754, 0.0030108390204736635, 0.0028101164191087526, 0.002007226013649109, 0.0016057808109192872, 0.0016057808109192872, 0.0017061421116017427, 0.0018065034122841982, 0.00110397430750701, 0.0015054195102368318, 0.0013046969088719208, 0.0010036130068245546, 0.0014050582095543763, 0.00110397430750701, 0.0009032517061420991, 0.0007025291047771881, 0.0007025291047771881, 0.0008028904054596436, 0.0006021678040947327, 0.0004014452027298218, 0.0004014452027298218, 0.0005018065034122773, 0.0005018065034122773, 0.0002007226013649109, 0.0002007226013649109, 1.0036130068245544e-16, 0.00030108390204736633, 0.00010036130068245545, 0.00030108390204736633, 1.0036130068245544e-16, 0.00030108390204736633, 0.0002007226013649109, 0.00010036130068245545, 0.00010036130068245545, 0.00030108390204736633, 1.0036130068245544e-16, 0.00010036130068245545, 1.0036130068245544e-16, 0.00010036130068245545, 1.0036130068245544e-16, 1.0036130068245544e-16, 1.0036130068245544e-16, 1.0036130068245544e-16, 1.0036130068245544e-16, 1.0036130068245544e-16, 1.0036130068245544e-16, 0.00010036130068245545, 1.0036130068245544e-16, 1.0036130068245544e-16, 1.0036130068245544e-16, 1.0036130068245544e-16, 1.0036130068245544e-16, 0.0002007226013649109, 1.0036130068245544e-16, 1.0036130068245544e-16, 1.0036130068245544e-16, 1.0036130068245544e-16, 1.0036130068245544e-16, 1.0036130068245544e-16, 1.0036130068245544e-16, 1.0036130068245544e-16, 1.0036130068245544e-16, 0.00010036130068245545, 1.0036130068245544e-16, 1.0036130068245544e-16, 0.00010036130068245545, 0.00010036130068245545, 1.0036130068245544e-16, 0.00010036130068245545, 1.0036130068245544e-16, 0.00010036130068245545, 0.00010036130068245545, 0.00010036130068245545, 0.0002007226013649109, 1.0036130068245544e-16, 0.0002007226013649109, 0.0002007226013649109, 0.0005018065034122773, 0.0009032517061420991, 0.0002007226013649109, 0.0006021678040947327, 0.0002007226013649109, 0.0007025291047771881, 0.0010036130068245546, 0.00030108390204736633, 0.0004014452027298218, 0.0004014452027298218, 0.0010036130068245546, 0.0007025291047771881, 0.0008028904054596436, 0.0008028904054596436, 0.0012043356081894653, 0.0007025291047771881, 0.0017061421116017427, 0.0013046969088719208, 0.0017061421116017427, 0.0016057808109192872, 0.00110397430750701, 0.00220794861501402, 0.0030108390204736635, 0.0018065034122841982, 0.0023083099156964754, 0.00220794861501402, 0.0026093938177438416, 0.0033119229225210297, 0.0027097551184262973, 0.0038137294259333074, 0.0028101164191087526, 0.0030108390204736635, 0.0032115616218385745, 0.0031112003211561192, 0.0032115616218385745, 0.0047169811320754065, 0.004014452027298218, 0.005319148936170139, 0.00441589723002804, 0.0058209554395824165, 0.005419510236852595, 0.00551987153753505, 