{"n_items": 200, "weights": [0.004521193236951086, 0.004511697293897324, 0.005021887037867765, 0.004992244519229071, 0.006034850369614948, 0.002254537405159567, 0.00503407228813146, 0.005976357123917047, 0.0024256909615091938, 0.0032261159484351207, 0.0065507281520351185, 0.005462588711192247, 0.003085587425945409, 0.004650925003020025, 0.004527397575133746, 0.005410226894660078, 0.003824130628746239, 0.004261278956652109, 0.00801928403719174, 0.007017150451646172, 0.006023604037748539, 0.007622108026978169, 0.006130528535564035, 0.005360400619669947, 0.003561779377755354, 0.005259330478061741, 0.0044806824939103715, 0.005950569312085539, 0.006696302409569601, 0.0059120011354069, 0.0036184022215777316, 0.007324539308430514, 0.004811935869242338, 0.005337560835570458, 0.006688166428567422, 0.006036497783016174, 0.004639318577801675, 0.0057439443577772175, 0.006268852113354372, 0.004592535124860527, 0.004943898431854627, 0.005856942129292741, 0.005289537291918618, 0.002336472255886861, 0.0069397970111272295, 0.004904620408371857, 0.00360682126578102, 0.006723466441228236, 0.004679705464786064, 0.006070233849143714, 0.004609225560679419, 0.006409694494965612, 0.005444458199122181, 0.005989299264256948, 0.004717745551997113, 0.003003291399768709, 0.003064640199595709, 0.006775336860739248, 0.00274077032286147, 0.00586361800166527, 0.003611844809367368, 0.006331970516750682, 0.003313559968354769, 0.0056124139901424395, 0.00675518173715974, 0.004119548509549587, 0.006092905314211297, 0.004036366403321869, 0.005344083796829366, 0.003613149883458702, 0.006580854793336458, 0.004142370412751591, 0.004204575155489493, 0.004828949502158495, 0.005722656560742932, 0.006368858878727781, 0.005057374161208738, 0.006317366263609241, 0.0050830989967347645, 0.006097517571281619, 0.004587092142662344, 0.006392058596897397, 0.005866322699255595, 0.0034344632392098056, 0.0033998525437306105, 0.006883501882581625, 0.0038747812490265775, 0.006856711039775401, 0.00636741500569155, 0.0027825066238571557, 0.005378820937998175, 0.004458027815983657, 0.005426670014427797, 0.005004439736788624, 0.0031883051437269316, 0.0040515869346536715, 0.003239763093531759, 0.003923803489756792, 0.0038195289119075386, 0.005203401533371524, 0.0046445293545112724, 0.00577762807703827, 0.004223389697967811, 0.005843221040791085, 0.0034989556316280886, 0.006477166576322882, 0.005320709285108802, 0.0038419368788927214, 0.004004001898872245, 0.004757192762778615, 0.0053041511906136915, 0.004140820084930954, 0.003947585524328716, 0.002479747978487404, 0.004963536507014406, 0.004130874275952791, 0.004518686828211763, 0.005604225728273303, 0.004866734643771434, 0.005044751196668325, 0.003996440077162816, 0.002544353315165125, 0.004273135987410963, 0.004531775962274039, 0.0030969926962186693, 0.006064486462118997, 0.002566365542506164, 0.005773631958578634, 0.003797063230713252, 0.0064329838246775005, 0.00557729555822263, 0.005992175068341009, 0.0041982875929348, 0.004137517836635064, 0.004292216837458264, 0.005049037983445556, 0.007587326688617756, 0.004079281629045538, 0.002804690866356032, 0.004031205942208419, 0.006604055711044838, 0.00837603769874336, 0.007349124087091887, 0.005091800155381964, 0.005608043940058347, 0.0037193280937234023, 0.004250127158542513, 0.006352906215593723, 0.004893469762264965, 0.0026977295895104004, 0.005031334512364183, 0.003002005316200095, 0.003617457170288074, 0.004869885405150949, 0.005221181276735253, 0.00682954803674818, 0.006163885215143496, 0.0047066491353379035, 0.0048822535832885195, 0.0035460492124254994, 0.0036221215068580784, 0.004567099926234208, 0.0049307881932384645, 0.006446076819612015, 0.006353242037167766, 0.004701138959725266, 0.0043802187118596415, 0.006083107099408274, 0.006018895982388935, 0.006222678470373592, 0.005908960397134659, 0.002911634102822882, 0.00675590004970231, 0.0032397497695317167, 0.005455544307001955, 0.005548789997235062, 0.003974996640196462, 0.0034375336707426975, 0.004463080252083346, 0.007070289243978007, 0.0029844013998112425, 0.006406456789039207, 0.005664878884559284, 0.0058219338549348534, 0.006967479782168453, 0.005125243240285992, 0.0038034742488717932, 0.006120967573997654, 0.0054732012550286376, 0.0053243938679107755, 0.005405311108767232, 0.0070112269026693765, 0.005722559789975634, 0.005554178461013968, 0.00617970521988646, 0.004061214947144339, 0.005701380228676011, 0.0048308148897313035, 0.0038449445291448797, 0.002665128058245959], "profits": [1.0, 1.0, 1.0, 1.0, 1.0, 1.0, 1.0, 1.0, 1.0, 1.0, 1.0, 1.0, 1.0, 1.0, 1.0, 1.0, 1.0, 1.0, 1.0, 1.0, 1.0, 1.0, 1.0, 1.0, 1.0, 1.0, 1.0, 1.0, 1.0, 1.0, 1.0, 1.0, 1.0, 1.0, 1.0, 1.0, 1.0, 1.0, 1.0, 1.0, 1.0, 1.0, 1.0, 1.0, 1.0, 1.0, 1.0, 1.0, 1.0, 1.0, 1.0, 1.0, 1.0, 1.0, 1.0, 1.0, 1.0, 1.0, 1.0, 1.0, 1.0, 1.0, 1.0, 1.0, 1.0, 1.0, 1.0, 1.0, 1.0, 1.0, 1.0, 1.0, 1.0, 1.0, 1.0, 1.0, 1.0, 1.0, 1.0, 1.0, 1.0, 1.0, 1.0, 1.0, 1.0, 1.0, 1.0, 1.0, 1.0, 1.0, 1.0, 1.0, 1.0, 1.0, 1.0, 1.0, 1.0, 1.0, 1.0, 1.0, 1.0, 1.0, 1.0, 1.0, 1.0, 1.0, 1.0, 1.0, 1.0, 1.0, 1.0, 1.0, 1.0, 1.0, 1.0, 1.0, 1.0, 1.0, 1.0, 1.0, 1.0, 1.0, 1.0, 1.0, 1.0, 1.0, 1.0, 1.0, 1.0, 1.0, 1.0, 1.0, 1.0, 1.0, 1.0, 1.0, 1.0, 1.0, 1.0, 1.0, 1.0, 1.0, 1.0, 1.0, 1.0, 1.0, 1.0, 1.0, 1.0, 1.0, 1.0, 1.0, 1.0, 1.0, 1.0, 1.0, 1.0, 1.0, 1.0, 1.0, 1.0, 1.0, 1.0, 1.0, 1.0, 1.0, 1.0, 1.0, 1.0, 1.0, 1.0, 1.0, 1.0, 1.0, 1.0, 1.0, 1.0, 1.0, 1.0, 1.0, 1.0, 1.0, 1.0, 1.0, 1.0, 1.0, 1.0, 1.0, 1.0, 1.0, 1.0, 1.0, 1.0, 1.0, 1.0, 1.0, 1.0, 1.0, 1.0, 1.0], "min_weight": 0.95, "max_distance": 3}