{"n_items": 200, "weights": [9.999999999999893e-17, 9.999999999999893e-17, 9.999999999999893e-17, 9.999999999999893e-17, 9.999999999999893e-17, 9.999999999999893e-17, 9.999999999999893e-17, 9.999999999999892e-05, 0.00019999999999999784, 9.999999999999893e-17, 0.00019999999999999784, 0.0003999999999999957, 0.0002999999999999968, 0.0003999999999999957, 0.0002999999999999968, 0.0004999999999999946, 0.0010999999999999881, 0.00019999999999999784, 0.0010999999999999881, 0.001499999999999984, 0.001399999999999985, 0.0020999999999999773, 0.002499999999999973, 0.0034999999999999623, 0.003899999999999958, 0.004999999999999946, 0.004799999999999948, 0.005099999999999945, 0.006999999999999925, 0.006899999999999926, 0.0093999999999999, 0.009099999999999902, 0.0092999999999999, 0.011499999999999877, 0.012599999999999865, 0.013199999999999858, 0.017999999999999808, 0.016299999999999825, 0.01959999999999979, 0.02039999999999978, 0.02219999999999976, 0.023799999999999745, 0.022899999999999754, 0.024799999999999735, 0.027499999999999705, 0.028499999999999696, 0.02969999999999968, 0.030099999999999676, 0.032299999999999655, 0.029199999999999688, 0.031199999999999666, 0.02909999999999969, 0.032899999999999645, 0.03169999999999966, 0.02899999999999969, 0.030299999999999674, 0.02899999999999969, 0.03299999999999965, 0.027399999999999706, 0.027599999999999705, 0.022899999999999754, 0.02149999999999977, 0.022999999999999753, 0.018099999999999807, 0.016999999999999817, 0.019299999999999793, 0.015099999999999838, 0.013499999999999856, 0.011699999999999874, 0.012199999999999869, 0.010699999999999885, 0.007699999999999917, 0.005799999999999938, 0.006599999999999929, 0.0060999999999999345, 0.003999999999999957, 0.0045999999999999505, 0.002399999999999974, 0.002499999999999973, 0.0022999999999999752, 0.0021999999999999763, 0.0016999999999999817, 0.0016999999999999817, 0.001299999999999986, 0.0006999999999999925, 0.001399999999999985, 0.0007999999999999914, 0.0006999999999999925, 0.0004999999999999946, 0.0004999999999999946, 0.00019999999999999784, 9.999999999999892e-05, 0.00019999999999999784, 0.0003999999999999957, 9.999999999999892e-05, 9.999999999999893e-17, 9.999999999999893e-17, 9.999999999999893e-17, 9.999999999999892e-05, 9.999999999999893e-17, 9.999999999999892e-05, 9.999999999999893e-17, 9.999999999999892e-05, 9.999999999999892e-05, 9.999999999999893e-17, 9.999999999999893e-17, 9.999999999999893e-17, 9.999999999999893e-17, 9.999999999999893e-17, 9.999999999999893e-17, 9.999999999999893e-17, 9.999999999999893e-17, 9.999999999999893e-17, 9.999999999999893e-17, 9.999999999999893e-17, 9.999999999999893e-17, 9.999999999999893e-17, 9.999999999999893e-17, 9.999999999999893e-17, 9.999999999999893e-17, 9.999999999999893e-17, 9.999999999999893e-17, 9.999999999999893e-17, 9.999999999999893e-17, 9.999999999999893e-17, 9.999999999999893e-17, 9.999999999999893e-17, 9.999999999999893e-17, 9.999999999999893e-17, 9.999999999999893e-17, 9.999999999999893e-17, 9.999999999999893e-17, 9.999999999999893e-17, 9.999999999999893e-17, 9.999999999999893e-17, 9.999999999999893e-17, 9.999999999999893e-17, 9.999999999999893e-17, 9.999999999999893e-17, 9.999999999999893e-17, 9.999999999999893e-17, 9.999999999999893e-17, 9.999999999999893e-17, 9.999999999999893e-17, 9.999999999999893e-17, 9.999999999999893e-17, 9.999999999999893e-17, 9.999999999999893e-17, 9.999999999999893e-17, 9.999999999999893e-17, 9.999999999999893e-17, 9.999999999999893e-17, 9.999999999999893e-17, 9.999999999999893e-17, 9.999999999999893e-17, 9.999999999999893e-17, 9.999999999999893e-17, 9.999999999999893e-17, 9.999999999999893e-17, 9.999999999999893e-17, 9.999999999999893e-17, 9.999999999999893e-17, 9.999999999999893e-17, 9.999999999999893e-17, 9.999999999999893e-17, 9.999999999999893e-17, 9.999999999999893e-17, 9.999999999999893e-17, 9.999999999999893e-17, 9.999999999999893e-17, 9.999999999999893e-17, 9.999999999999893e-17, 9.999999999999893e-17, 9.999999999999893e-17, 9.999999999999893e-17, 9.999999999999893e-17, 9.999999999999893e-17, 9.999999999999893e-17, 9.999999999999893e-17, 9.999999999999893e-17, 9.999999999999893e-17, 9.999999999999893e-17, 9.999999999999893e-17, 9.999999999999893e-17, 9.999999999999893e-17, 9.999999999999893e-17, 9.999999999999893e-17, 9.999999999999893e-17, 9.999999999999893e-17, 9.999999999999893e-17, 9.999999999999893e-17, 9.999999999999893e-17, 9.999999999999893e-17, 9.999999999999893e-17, 9.999999999999893e-17, 9.999999999999893e-17, 9.999999999999893e-17, 9.999999999999893e-17, 9.999999999999893e-17, 9.999999999999893e-17],