{"n_items": 600, "weights": [0.0016177095919535655, 0.0012065233598056474, 0.001590773081093582, 0.0017533530617899694, 0.0014569492383964245, 0.0016363874713861855, 0.001726351935733487, 0.0015097935810024787, 0.0013899304917570755, 0.0013668535677039055, 0.002342090928098529, 0.0006454659444706426, 0.0017259490343519148, 0.002024703006353328, 0.0014310407540516208, 0.0012424710805299388, 0.0011559529596789516, 0.0023296005476421884, 0.0006450358836418734, 0.002423751448211908, 0.0014376296163938441, 0.0018279215955230013, 0.0009818583079553012, 0.001872387314790801, 0.0015537534910715963, 0.0021132238598606658, 0.0016940690569367443, 0.0015483918260874299, 0.0012607069340306797, 0.001092770932140526, 0.0014776835913109369, 0.0019938774589908764, 0.001028267055141461, 0.0014379697186777108, 0.0017336981226929154, 0.001613178238979597, 0.002279938413738069, 0.0029780790186331838, 0.0016763872205592843, 0.001854536065225872, 0.0010869301031237737, 0.0012497009685053081, 0.001190281234609727, 0.0019387237060166866, 0.00161211607124839, 0.001818709807382617, 0.0018527854743153266, 0.0011357565186384821, 0.002800757008927835, 0.0014005385400259855, 0.0012927844713929567, 0.0017455540864935945, 0.0015705920439332082, 0.001908796686535939, 0.0017022534009960252, 0.0016238169977020808, 0.0018575763956856066, 0.0020223254631191743, 0.0020190826504355875, 0.0019322142037129504, 0.0017331875459262384, 0.0016799619917276262, 0.001706596538554913, 0.002033119695726642, 0.002248059089631027, 0.0011609039432826898, 0.0018941037245483452, 0.0011193105319824812, 0.00157465538312197, 0.00134915647866826, 0.0018027174939724295, 0.0015948276475061466, 0.002076528047963453, 0.0022030620954193443, 0.0012798138016040755, 0.0019455959877170438, 0.0009925229142515475, 0.0014344381235235515, 0.0013842925359447138, 0.001144241287855508, 0.0009114277996457819, 0.002427287339869266, 0.0010128109193017095, 0.0018075533459849325, 0.0023539499116225866, 0.0010257711031672204, 0.001444290796985721, 0.0019780252886188554, 0.0023269539044296927, 0.002050868978302167, 0.001264840664943415, 0.0014941323923761405, 0.0013796078939313085, 0.0011619539176422277, 0.001605880190650228, 0.00179444111540785, 0.0012264092695651089, 0.001924082723961536, 0.0020369781069861795, 0.0016316365324978968, 0.0021897303491897036, 0.001900205321145088, 0.0013439825178674938, 0.0009956703904924545, 0.001656919129986637, 0.0012549655543006738, 0.0016328262076734774, 0.002183573117686108, 0.0012610677416560019, 0.0015025695854483001, 0.001959740149232256, 0.0017417659270790424, 0.0014435726459297745, 0.0010331117013350265, 0.001903191080039525, 0.0013417672923534674, 0.0017838586317013515, 0.0016078644256446652, 0.0017253573841682535, 0.0011539851623193478, 0.0012971369906281578, 0.0015612031785255946, 0.001192890813763931, 0.002276644339308369, 0.001868236023234497, 0.0021277087802031654, 0.0018644192333245148, 0.0012550492758245833, 0.0017839299487937557, 0.0021372485906922343, 0.0015147043717231655, 0.0014954203118967117, 0.0013620910485457782, 0.0011910964032232608, 0.0010194761813460441, 0.00240442056719066, 0.0013350842212009, 0.0016140766450665432, 0.0016109315234168952, 0.0019379101478950295, 0.0022968783132741566, 0.002349922413757202, 0.001985025083936655, 0.001619477764051629, 0.001250552099206351, 0.002558382171253221, 0.0015527641775242246, 0.0014870596977709478, 0.0020152617253707335, 0.0019719238407252026, 0.0013844721123042257, 0.0014994559497219842, 0.002035639868810201, 0.0018849907452645057, 0.001168210974705171, 0.0006481853950367688, 0.0009603729925666123, 0.0011124406583807932, 0.0026183669458071236, 0.0022319191063325016, 0.0010389312486428254, 0.0014517490306911855, 0.001677545640754614, 0.0016347109135845547, 0.001855944382222069, 0.0016426773018171417, 0.0018397957562079669, 0.0018007775827260316, 0.0012962995650012876, 0.0021560980572955233, 0.0021796474228587947, 0.0011089429381596796, 0.001822580299468249, 0.0008839801518056987, 0.0012158821771684895, 0.00209662026070697, 0.0016434290987618109, 0.0014535401782441505, 0.001588799309179629, 0.0015550479367183714, 0.001463176169666348, 0.0009527018731120125, 0.0013221833185854094, 0.002463004732742409, 0.0010982307164582148, 0.0018911094699988736, 0.00158667029763759, 0.0013199437580329503, 0.0015946119092945545, 0.001500115679738694, 0.0014173737276168966, 0.0013914048774145446, 0.0016757381624525943, 0.0018975125074698483, 0.001800779735066463, 0.0009447510766954057, 0.002164976924213797, 0.0013481317435282377, 0.0024920989738512153, 0.0011827648185662642, 0.0018974419036821167, 0.0015370867700594333, 0.0015136114354892742, 0.001798437805342635, 0.002151102014975263, 0.0013449361235098936, 0.0014742169854094042, 0.002472088963122093, 0.0018643548110470736, 0.0009352629772987423, 0.0023767315100742025, 0.0015589684415153549, 0.0016920809387649823, 0.0017648139120832673, 0.0014717220194525084, 0.0014922199110344787, 0.0019256175384556775, 0.001835810498101546, 0.001549050526441475, 0.001916540869346041, 0.0015740406187255227, 0.0016213494596787569, 0.0022925970199909602, 0.002531409952770074, 0.0024251804854769927, 0.0018406564297200009, 0.0015676016845413083, 0.001622198002582233, 0.0010097895402464772, 0.001523815698776794, 0.001847941606050508, 0.0025081879538893207, 0.0015267694134042304, 0.0022086262900398493, 0.0012603837576082137, 0.0020190002598124367, 0.0014727201939026585, 0.0011723883023320406, 0.0016761092816326795, 0.000812259487329534, 0.0013428680669401777, 0.0016497240417292997, 0.001561388438577669, 0.001574407874755429, 0.002197141219086863, 0.0018842288299510852, 0.001959191707598327, 0.001639677261365826, 0.0014970177234951507, 0.0019085818066160649, 0.0017046543378050288, 0.00202036345400209, 0.0015062256334416272, 0.0011750598504285776, 0.0017767511176297044, 0.0016532541987147088, 0.0017490625154970968, 0.001971891094877729, 0.002033868656791615, 0.0013191564490932831, 0.0017490747917598178, 0.001662916058712452, 0.0015361318513934267, 0.001093888911873034, 0.001476687443568091, 0.002122403605015042, 0.0018069659397908118, 0.0015167274519062273, 0.0013944063850598873, 0.0015086273285341927, 0.001152109989288621, 0.001741290509880499, 0.0018501821448944132, 0.0018557345963098114, 0.0017147458192337311, 0.0019166155648018888, 0.0019585367330640364, 0.0016213881818591207, 0.001179782306168566, 0.0017196271922193787, 0.001430496951984068, 0.0016415664222462782, 0.002128163924434077, 0.001356611462196281, 0.0023173214212830204, 0.001289169812635696, 0.0018024488376125922, 0.0013867330605460844, 0.002078865338316638, 0.0017299352466650497, 0.0009763780758186785, 0.0020104602872494416, 0.001255118662973968, 0.001544033233492491, 0.0013094773970160007, 0.0015644402698993863, 0.0018876611344219886, 0.001419185958518531, 0.0018759899699017826, 0.001688725482584427, 0.0014599358964472633, 0.0012472466973564816, 0.0019731358987614815, 0.0016591625733038567, 0.0013389333469366617, 0.0015003555965115586, 0.0015861491306007804, 0.0017765224901630694, 0.0017688644055870817, 0.0015194984801600454, 0.0017565642404347873, 0.0012266301612016857, 0.0019216257813255845, 0.0015166419408088625, 0.0010424293714137434, 0.001428390474764944, 0.0015726027182519232, 0.001485920005102286, 0.0024131436715194763, 0.0019193920627915406, 0.0011851275234255724, 0.0022982142836623586, 0.0015198177141721677, 0.0009016797342183865, 0.0012418479415113805, 0.0016447462380640076, 0.0014805970738593478, 0.001998067809948527, 0.0015170650491854887, 0.0015614149256818332, 0.001345187026674891, 0.00259108792744344, 0.0007803497151656778, 0.0015277465013081087, 0.001566660434847913, 0.0013376390239023693, 0.0013044769305735014, 0.002409967739597209, 0.0019951805768802207, 0.00218867654814077, 0.0020261258585929616, 0.001739414512089075, 0.002845335790797012, 0.0016262649377435693, 0.0017683744231034783, 0.0015939105325147361, 0.0012877307560254245, 0.0016225739086341607, 0.0014476255265588813, 0.0020243189620666726, 0.001102832818513795, 