{"n_items": 600, "weights": [0.0022816473703025624, 0.0010735025371575316, 0.0013626936370793943, 0.0018770062205303894, 0.0010978198183761853, 0.0022510916978840563, 0.001306703436913507, 0.002003190754973899, 0.0016903176842634226, 0.0018404914858383748, 0.0011289861160498627, 0.0019040486079767033, 0.001418564462218601, 0.0017361863115448613, 0.0016345859635165788, 0.002364591302322617, 0.0015331434501468719, 0.001460705254869747, 0.0016839215199223902, 0.002000500698026107, 0.0018721565977622096, 0.002071468128030714, 0.0018309439416521794, 0.0013132046050598942, 0.0016204395396581712, 0.001294682676095131, 0.0019171538706596125, 0.0017279891800435635, 0.0010260529244332324, 0.0020378653601631643, 0.001476780391689522, 0.0015447637643751597, 0.0012047013686037294, 0.0020429177612060695, 0.0014164765659637293, 0.0014168868169876648, 0.001622524030543586, 0.0015149321534569848, 0.002114220812823385, 0.0018398936068903863, 0.0017762393973057746, 0.002614789893185539, 0.001519927239608058, 0.0011229356763259246, 0.0021075502801476383, 0.0019348498422674205, 0.0014545678337066392, 0.0016299079724698788, 0.0014948708211278226, 0.001899977281208035, 0.001420504868185754, 0.0011887434883214349, 0.001618845714465263, 0.002004077863693024, 0.0015765387602140392, 0.002232709297048809, 0.001709819998890333, 0.0009592595882170688, 0.0008957288768416288, 0.0018139330052788023, 0.0018771488426136845, 0.001977053960689463, 0.0014160536086211724, 0.0014928568791603793, 0.00160304371210141, 0.0016851848750186324, 0.002130347467182512, 0.002086298681549464, 0.0016909322227405142, 0.001963105792181278, 0.0016539325467921698, 0.001995032584413929, 0.001267412408905235, 0.0020826019270124185, 0.0010772731764709176, 0.0019888164512458706, 0.0014300663755605503, 0.0013913637191543737, 0.002564647041251393, 0.0012815604752157376, 0.002121188908136974, 0.0022697916493968242, 0.0022732420126712976, 0.0011398085771761174, 0.0017173136992344384, 0.0012028510333514412, 0.0014896026254659857, 0.002152618985823589, 0.0007098660984782213, 0.0020433577576321913, 0.0013998094725244396, 0.0006830958629726401, 0.0021030268303359875, 0.0018012183479393365, 0.0019184074911041617, 0.0015107926645870622, 0.001601108649215395, 0.0013359933201838722, 0.0015688894415418092, 0.0021653764132849194, 0.0008236241416336595, 0.0018562159410894742, 0.0022371482425195812, 0.0016183534512735796, 0.0016296394345310529, 0.0024132676846234657, 0.0016418855942990347, 0.002008866779338139, 0.0015874000472393469, 0.0017215547853519431, 0.001984757533438998, 0.0017251273724176366, 0.0017078061520583727, 0.0011126148574400222, 0.0024968299392613695, 0.0018563472288756365, 0.0013551545234697536, 0.0018806697331378167, 0.0008663060942320154, 0.0013017475841367325, 0.0017566967593019129, 0.00226975778511454, 0.0010121555464919407, 0.0018952031822897077, 0.0015153458145104979, 0.0022152979152656816, 0.0022957685821115435, 0.0021765509829144323, 0.0009867187730326482, 0.0019072300681546286, 0.0016099189094215835, 0.0014770983134761338, 0.0020162646686566706, 0.0013047886302977791, 0.0015424569265232886, 0.001593375791236907, 0.001277497808059645, 0.0018836323417306697, 0.0019354670704165935, 0.0019218040276143872, 0.0017273375540242273, 0.0020103369570172915, 0.0020412576940245135, 0.001772304350737816, 0.002305806346854314, 0.0008035427553212528, 0.0014526578912953231, 0.0020390605173788074, 0.0018766702879519737, 0.0017496142293552594, 0.0017062820025598483, 0.001608760078514758, 0.0022329248719985795, 0.0016306833595924205, 0.0019022119207595422, 0.002489546718940618, 0.0018195996510592248, 0.00137670618124843, 0.00043829031034187165, 0.0021455260503415426, 0.0021074701986357855, 0.0011938771762269307, 0.0024841707409609193, 0.001385053188034336, 0.0022094913909110033, 0.0018575753490259325, 0.0016094003163300112, 0.0016571070430644744, 0.001203004541534282, 0.001722846180242763, 0.002318597612289173, 0.0018096752111299071, 0.000783688277677627, 0.0022384106149950325, 0.0012756450961257367, 0.0018038586553189558, 0.001548433875964496, 0.0011130563027275551, 0.0014638317812665025, 0.0017189924550859187, 0.0015750227052168805, 0.0017096643451362254, 0.0016930116022493029, 0.002096965379908667, 0.001697057351626045, 0.0018734983533468428, 0.0016222727275347305, 0.0011155405238193038, 0.0014102575473697477, 0.000778194538584993, 0.0011855944920754963, 0.001292648108864332, 0.0016275252077370286, 0.0014908039981135662, 0.0023880498296780695, 0.0014646408566714089, 0.0013873873545676091, 0.002422600873336067, 0.001312449300897627, 0.0018770934599949137, 0.0012628126795949353, 0.0009100549721317753, 0.0018970223953082236, 0.0019084370587794288, 0.0010555468160065378, 0.002505168206796943, 0.0018511347277175851, 0.0022324940822286104, 0.001832878470503929, 0.0010429090227879667, 0.001410344355009192, 0.0013013518098549779, 0.0017000061862745305, 0.0017049504337526002, 0.001524686584285738, 0.0013911775807678467, 0.0015429153371863797, 0.0017075740377458177, 0.0015510753399553636, 0.001727768357097901, 0.002208693997788619, 0.0013818272692679573, 0.0017450572353480492, 0.0018002603308865611, 0.0009993972445577874, 0.0008765023405877113, 0.0021110841212135553, 0.001047476396144254, 0.0015973939886168975, 0.0013409140205404104, 0.001884286730081567, 0.001775806854939536, 0.0014541477756018736, 0.0018991523152915926, 0.0011254114120985016, 0.0018439705018052858, 0.0018743506548307245, 0.0017448340307342476, 0.0019506179871978924, 0.0016868400472776102, 0.0018544891484984665, 0.0014036118769692296, 0.0016321517838731136, 0.0016510387034188204, 0.0017544685041550204, 0.0016103659575729269, 0.0011490644654075614, 0.0018631848219260018, 0.0017479098860901342, 0.0010031371068718103, 0.0012558280161130652, 0.002037214152507606, 0.001648548426681108, 0.001658662432818927, 0.001231933115380167, 0.001877203880306528, 0.0011626718742742098, 0.0012581148403162123, 0.0025363713737416344, 0.00029048738754617524, 0.0020823238757509866, 0.0014814817675238199, 0.0009307463306892613, 0.0021820682353000864, 0.0024649448799090156, 0.002351280636472821, 0.0019173169757082486, 0.0013263668999309922, 0.0016060952689656539, 0.0016639727084147291, 0.001443341479385207, 0.0009486126556788171, 0.0016691880907242272, 0.0015614418410090903, 0.0014283455594592217, 0.0015797400068061154, 0.0008635532636903384, 0.0014960503983717456, 0.002153969283722302, 0.0013737120368476187, 0.0014811980577865333, 0.0010882751919483943, 0.0011150732836208153, 0.002001191396653723, 0.0008715755920409501, 0.0017131978507629903, 0.001864812312561502, 0.0017578070475792883, 0.0019729341070719585, 0.0020035792215503207, 0.0016122149382850003, 0.0021431438550974396, 0.0011460733313313285, 0.0010625153849970856, 0.0018076756942865028, 0.0016205915799759544, 0.001579760734195802, 0.0019507419634040405, 0.0014540853583036339, 0.0015728410221645592, 0.0019252249345379834, 0.0018292701394516055, 0.0014010373275116102, 0.0013436134746017945, 0.0013538288197554533, 0.0013384454503735609, 0.002358956979940182, 0.0014462887343057002, 0.0012662093911742398, 0.0017460579431954168, 0.0017544007917929655, 0.001713946506995103, 0.001447481235919226, 0.0023399298851066257, 0.0026514587852302565, 0.001592232239207992, 0.0017570553719634336, 0.0019654803195960097, 0.0021588788182636967, 0.0009539810102677834, 0.0012781688583901809, 0.001775465608085563, 0.0005203436533883802, 0.0018716405210734534, 0.0016708912358324962, 0.0015662833341949936, 0.0004116781087944189, 0.0016935243137364759, 0.0020184404749271087, 0.0020208394856507574, 0.002100079126519859, 0.001616249062667385, 0.0011003630133491274, 0.0020732679534040976, 0.001699662613265408, 0.0021774493853388465, 0.0016412472547538762, 0.0018452098306703081, 0.0018883648818798853, 0.0023043145814529223, 0.0026933453424091117, 0.002197630473943993, 0.0018489635616282688, 0.0014372037455127175, 0.0016273924727629725, 0.0018526486008509744, 0.0013132512207263622, 0.0019142873935898237, 0.0015180376703313831, 0.0015384071343473068, 