{"n_items": 200, "weights": [0.0019999999999999758, 0.0012999999999999841, 0.0025999999999999682, 0.0037999999999999536, 0.0037999999999999536, 0.005899999999999928, 0.004499999999999945, 0.006399999999999922, 0.006799999999999917, 0.007499999999999909, 0.00909999999999989, 0.00979999999999988, 0.010999999999999866, 0.013899999999999831, 0.014399999999999824, 0.017299999999999788, 0.019399999999999765, 0.020299999999999752, 0.022499999999999725, 0.021499999999999738, 0.024099999999999705, 0.02229999999999973, 0.02959999999999964, 0.026399999999999677, 0.02879999999999965, 0.03339999999999959, 0.029999999999999635, 0.03219999999999961, 0.03109999999999962, 0.0331999999999996, 0.032899999999999596, 0.03099999999999962, 0.03489999999999958, 0.030199999999999633, 0.02789999999999966, 0.027999999999999657, 0.03039999999999963, 0.027799999999999662, 0.02699999999999967, 0.022799999999999723, 0.02299999999999972, 0.020199999999999753, 0.02059999999999975, 0.01469999999999982, 0.015399999999999813, 0.01549999999999981, 0.014199999999999827, 0.011999999999999855, 0.010799999999999869, 0.0082999999999999, 0.007099999999999914, 0.007599999999999907, 0.007599999999999907, 0.00489999999999994, 0.006099999999999926, 0.003599999999999956, 0.0032999999999999596, 0.002699999999999967, 0.0032999999999999596, 0.0021999999999999732, 0.0018999999999999768, 0.0010999999999999866, 0.0011999999999999854, 0.0007999999999999903, 0.0014999999999999818, 0.0004999999999999939, 0.00039999999999999514, 0.00039999999999999514, 0.00029999999999999634, 0.00039999999999999514, 9.999999999999879e-05, 9.999999999999879e-05, 9.999999999999879e-05, 9.999999999999879e-05, 9.999999999999878e-17, 9.999999999999878e-17, 9.999999999999878e-17, 9.999999999999878e-17, 9.999999999999879e-05, 9.999999999999878e-17, 9.999999999999878e-17, 9.999999999999878e-17, 9.999999999999879e-05, 9.999999999999878e-17, 9.999999999999878e-17, 9.999999999999878e-17, 9.999999999999878e-17, 9.999999999999878e-17, 9.999999999999878e-17, 9.999999999999878e-17, 9.999999999999878e-17, 9.999999999999878e-17, 9.999999999999878e-17, 9.999999999999878e-17, 9.999999999999878e-17, 9.999999999999878e-17, 9.999999999999878e-17, 9.999999999999878e-17, 9.999999999999878e-17, 9.999999999999878e-17, 9.999999999999878e-17, 9.999999999999878e-17, 9.999999999999878e-17, 9.999999999999878e-17, 9.999999999999878e-17, 9.999999999999878e-17, 9.999999999999878e-17, 9.999999999999878e-17, 9.999999999999878e-17, 9.999999999999878e-17, 9.999999999999878e-17, 9.999999999999878e-17, 9.999999999999878e-17, 9.999999999999878e-17, 9.999999999999878e-17, 9.999999999999878e-17, 9.999999999999878e-17, 9.999999999999878e-17, 9.999999999999878e-17, 9.999999999999878e-17, 9.999999999999878e-17, 9.999999999999878e-17, 9.999999999999878e-17, 9.999999999999878e-17, 9.999999999999878e-17, 9.999999999999878e-17, 9.999999999999878e-17, 9.999999999999878e-17, 9.999999999999878e-17, 9.999999999999878e-17, 9.999999999999878e-17, 9.999999999999878e-17, 9.999999999999878e-17, 9.999999999999878e-17, 9.999999999999878e-17, 9.999999999999878e-17, 9.999999999999878e-17, 9.999999999999878e-17, 9.999999999999878e-17, 9.999999999999878e-17, 9.999999999999878e-17, 9.999999999999878e-17, 9.999999999999878e-17, 9.999999999999878e-17, 9.999999999999878e-17, 9.999999999999878e-17, 9.999999999999878e-17, 9.999999999999878e-17, 9.999999999999878e-17, 9.999999999999878e-17, 9.999999999999878e-17, 9.999999999999878e-17, 9.999999999999878e-17, 9.999999999999878e-17, 9.999999999999878e-17, 9.999999999999878e-17, 9.999999999999878e-17, 9.999999999999878e-17, 9.999999999999878e-17, 9.999999999999878e-17, 9.999999999999878e-17, 9.999999999999878e-17, 9.999999999999878e-17, 9.999999999999878e-17, 9.999999999999878e-17, 9.999999999999878e-17, 9.999999999999878e-17, 9.999999999999878e-17, 9.999999999999878e-17, 9.999999999999878e-17, 9.999999999999878e-17, 9.999999999999878e-17, 9.999999999999878e-17, 9.999999999999878e-17, 9.999999999999878e-17, 9.999999999999878e-17, 9.999999999999878e-17, 9.999999999999878e-17, 9.999999999999878e-17, 9.999999999999878e-17, 9.999999999999878e-17, 9.999999999999878e-17, 9.999999999999878e-17, 9.999999999999878e-17, 9.999999999999878e-17, 9.999999999999878e-17, 9.999999999999878e-17, 9.999999999999878e-17, 9.999999999999878e-17, 9.999999999999878e-17, 9.999999999999878e-17, 9.999999999999878e-17, 9.999999999999878e-17, 9.999999999999878e-17, 9.999999999999878e-17, 9.999999999999878e-17, 9.999999999999878e-17, 9.999999999999878e-17, 9.999999999999878e-17, 9.999999999999878e-17], "profits": [1.0, 1.0, 1.0, 1.0, 1.0, 1.0, 1.0, 1.0, 1.0, 1.0, 1.0, 1.0, 1.0, 1.0, 1.0, 1.0, 1.0, 1.0, 1.0, 1.0, 1.0, 1.0, 1.0, 1.0, 1.0, 1.0, 1.0, 1.0, 1.0, 1.0, 1.0, 1.0, 1.0, 1.0, 1.0, 1.0, 1.0, 1.0, 1.0, 1.0, 1.0, 1.0, 1.0, 1.0, 1.0, 1.0, 1.0, 1.0, 1.0, 1.0, 1.0, 1.0, 1.0, 1.0, 1.0, 1.0, 1.0, 1.0, 1.0, 1.0, 1.0, 1.0, 1.0, 1.0, 1.0, 1.0, 1.0, 1.0, 1.0, 1.0, 1.0, 1.0, 1.0, 1.0, 1.0, 1.0, 1.0, 1.0, 1.0, 1.0, 1.0, 1.0, 1.0, 1.0, 1.0, 1.0, 1.0, 1.0, 1.0, 1.0, 1.0, 1.0, 1.0, 1.0, 1.0, 1.0, 1.0, 1.0, 1.0, 1.0, 1.0, 1.0, 1.0, 1.0, 1.0, 1.0, 1.0, 1.0, 1.0, 1.0, 1.0, 1.0, 1.0, 1.0, 1.0, 1.0, 1.0, 1.0, 1.0, 1.0, 1.0, 1.0, 1.0, 1.0, 1.0, 1.0, 1.0, 1.0, 1.0, 1.0, 1.0, 1.0, 1.0, 1.0, 1.0, 1.0, 1.0, 1.0, 1.0, 1.0, 1.0, 1.0, 1.0, 1.0, 1.0, 1.0, 1.0, 1.0, 1.0, 1.0, 1.0, 1.0, 1.0, 1.0, 1.0, 1.0, 1.0, 1.0, 1.0, 1.0, 1.0, 1.0, 1.0, 1.0, 1.0, 1.0, 1.0, 1.0, 1.0, 1.0, 1.0, 1.0, 1.0, 1.0, 1.0, 1.0, 1.0, 1.0, 1.0, 1.0, 1.0, 1.0, 1.0, 1.0, 1.0, 1.0, 1.0, 1.0, 1.0, 1.0, 1.0, 1.0, 1.0, 1.0, 1.0, 1.0, 1.0, 1.0, 1.0, 1.0], "min_weight": 0.95, "max_distance": 3}