{"n_items": 200, "weights": [9.999999999999957e-17, 9.999999999999957e-17, 9.999999999999957e-17, 9.999999999999957e-17, 9.999999999999957e-17, 9.999999999999957e-17, 9.999999999999957e-17, 9.999999999999957e-17, 9.999999999999957e-17, 9.999999999999957e-17, 9.999999999999957e-17, 9.999999999999957e-17, 9.999999999999957e-17, 9.999999999999957e-17, 9.999999999999956e-05, 9.999999999999956e-05, 9.999999999999957e-17, 9.999999999999957e-17, 9.999999999999956e-05, 9.999999999999957e-17, 0.0004999999999999978, 9.999999999999956e-05, 0.00029999999999999867, 0.00029999999999999867, 0.0004999999999999978, 0.0004999999999999978, 0.0007999999999999965, 0.0004999999999999978, 0.0010999999999999953, 0.0005999999999999973, 0.001599999999999993, 0.000699999999999997, 0.0016999999999999925, 0.0018999999999999918, 0.0023999999999999894, 0.0028999999999999872, 0.003399999999999985, 0.0037999999999999835, 0.004499999999999981, 0.005599999999999976, 0.0060999999999999735, 0.005499999999999976, 0.007799999999999966, 0.007099999999999969, 0.008699999999999961, 0.009699999999999957, 0.007899999999999966, 0.010299999999999955, 0.009899999999999957, 0.012399999999999946, 0.013299999999999942, 0.01389999999999994, 0.014299999999999938, 0.01369999999999994, 0.014999999999999935, 0.014599999999999936, 0.01599999999999993, 0.014899999999999934, 0.017599999999999925, 0.015399999999999933, 0.016699999999999927, 0.013399999999999941, 0.015399999999999933, 0.014999999999999935, 0.015499999999999932, 0.014499999999999937, 0.013399999999999941, 0.010999999999999953, 0.00929999999999996, 0.01129999999999995, 0.00919999999999996, 0.010399999999999954, 0.009999999999999957, 0.006699999999999971, 0.007499999999999968, 0.0068999999999999695, 0.005099999999999978, 0.007699999999999966, 0.004099999999999982, 0.0035999999999999843, 0.00459999999999998, 0.0030999999999999864, 0.0021999999999999906, 0.0032999999999999857, 0.0023999999999999894, 0.0014999999999999935, 0.002499999999999989, 0.0009999999999999957, 0.0009999999999999957, 0.0008999999999999961, 0.0007999999999999965, 0.0004999999999999978, 0.0005999999999999973, 0.0004999999999999978, 0.000699999999999997, 0.00029999999999999867, 0.0004999999999999978, 0.0005999999999999973, 0.0009999999999999957, 0.0004999999999999978, 0.0007999999999999965, 0.0011999999999999947, 0.0021999999999999906, 0.0012999999999999943, 0.0016999999999999925, 0.00229999999999999, 0.0020999999999999908, 0.002999999999999987, 0.002999999999999987, 0.0030999999999999864, 0.0030999999999999864, 0.0037999999999999835, 0.005399999999999976, 0.005999999999999974, 0.007299999999999968, 0.008999999999999961, 0.00919999999999996, 0.00909999999999996, 0.007999999999999965, 0.010599999999999953, 0.010499999999999954, 0.011199999999999951, 0.010899999999999953, 0.014099999999999939, 0.012699999999999944, 0.014799999999999935, 0.014999999999999935, 0.01609999999999993, 0.015399999999999933, 0.014099999999999939, 0.014999999999999935, 0.016699999999999927, 0.015399999999999933, 0.014499999999999937, 0.014699999999999935, 0.01589999999999993, 0.014299999999999938, 0.01389999999999994, 0.012799999999999943, 0.011899999999999949, 0.011999999999999948, 0.012299999999999946, 0.012399999999999946, 0.008999999999999961, 0.007799999999999966, 0.008599999999999962, 0.007299999999999968, 0.007899999999999966, 0.006499999999999972, 0.005899999999999974, 0.005099999999999978, 0.0041999999999999815, 0.003899999999999983, 0.0025999999999999886, 0.003899999999999983, 0.00229999999999999, 0.0021999999999999906, 0.0017999999999999921, 0.0012999999999999943, 0.0014999999999999935, 0.0008999999999999961, 0.0009999999999999957, 0.0007999999999999965, 0.0008999999999999961, 0.0005999999999999973, 0.00029999999999999867, 0.00019999999999999912, 0.00039999999999999823, 0.0004999999999999978, 9.999999999999957e-17, 9.999999999999957e-17, 9.999999999999956e-05, 9.999999999999956e-05, 9.999999999999956e-05, 9.999999999999956e-05, 9.999999999999957e-17, 9.999999999999957e-17, 9.999999999999957e-17, 9.999999999999957e-17, 9.999999999999957e-17, 9.999999999999956e-05, 9.999999999999957e-17, 9.999999999999957e-17, 9.999999999999957e-17, 9.999999999999957e-17, 9.999999999999957e-17, 9.999999999999957e-17, 9.999999999999957e-17, 9.999999999999957e-17, 9.999999999999957e-17, 9.999999999999957e-17, 9.999999999999957e-17, 9.999999999999957e-17, 9.999999999999957e-17, 9.999999999999957e-17, 9.999999999999957e-17, 9.999999999999957e-17, 9.999999999999957e-17, 9.999999999999957e-17, 9.999999999999957e-17], "profits": [1.0, 1.0, 1.0, 1.0, 1.0, 1.0, 1.0, 1.0, 1.0, 1.0, 1.0, 1.0, 1.0, 1.0, 1.0, 1.0, 1.0, 1.0, 1.0, 1.0, 1.0, 1.0, 1.0, 1.0, 1.0, 1.0, 1.0, 1.0, 1.0, 1.0, 1.0, 1.0, 1.0, 1.0, 1.0, 1.0, 1.0, 1.0, 1.0, 1.0, 1.0, 1.0, 1.0, 1.0, 0.1, 1.0, 1.0, 1.0, 1.0, 1.0, 1.0, 1.0, 1.0, 0.1, 1.0, 1.0, 1.0, 1.0, 1.0, 1.0, 1.0, 1.0, 1.0, 1.0, 1.0, 1.0, 1.0, 1.0, 1.0, 1.0, 1.0, 1.0, 1.0, 1.0, 1.0, 1.0, 1.0, 1.0, 1.0, 1.0, 1.0, 1.0, 1.0, 1.0, 1.0, 1.0, 1.0, 1.0, 1.0, 1.0, 1.0, 1.0, 1.0, 1.0, 1.0, 1.0, 1.0, 1.0, 1.0, 1.0, 1.0, 1.0, 1.0, 1.0, 1.0, 1.0, 1.0, 1.0, 1.0, 1.0, 1.0, 1.0, 1.0, 1.0, 1.0, 1.0, 1.0, 1.0, 1.0, 1.0, 1.0, 1.0, 1.0, 1.0, 1.0, 1.0, 1.0, 1.0, 1.0, 1.0, 1.0, 1.0, 1.0, 1.0, 1.0, 1.0, 1.0, 1.0, 1.0, 1.0, 1.0, 1.0, 1.0, 1.0, 1.0, 1.0, 1.0, 1.0, 1.0, 1.0, 1.0, 1.0, 1.0, 1.0, 1.0, 1.0, 1.0, 1.0, 1.0, 1.0, 1.0, 1.0, 1.0, 1.0, 1.0, 1.0, 1.0, 1.0, 1.0, 1.0, 1.0, 1.0, 1.0, 1.0, 1.0, 1.0, 1.0, 1.0, 1.0, 1.0, 1.0, 1.0, 1.0, 1.0, 1.0, 1.0, 1.0, 1.0, 1.0, 1.0, 1.0, 1.0, 1.0, 1.0, 1.0, 1.0, 1.0, 1.0, 1.0, 1.0], "min_weight": 0.95, "max_distance": 5}