{"n_items": 600, "weights": [0.004099999999999827, 0.003499999999999852, 0.003199999999999865, 0.0038999999999998355, 0.005099999999999784, 0.0038999999999998355, 0.004199999999999823, 0.004199999999999823, 0.0047999999999997975, 0.004299999999999819, 0.006199999999999739, 0.00519999999999978, 0.006199999999999739, 0.004899999999999793, 0.00519999999999978, 0.005799999999999755, 0.006499999999999726, 0.005799999999999755, 0.004999999999999789, 0.00639999999999973, 0.006299999999999734, 0.006499999999999726, 0.005799999999999755, 0.007899999999999666, 0.0066999999999997175, 0.006299999999999734, 0.007699999999999675, 0.007699999999999675, 0.00829999999999965, 0.007799999999999671, 0.007499999999999683, 0.008499999999999642, 0.006799999999999713, 0.006499999999999726, 0.009499999999999599, 0.008399999999999646, 0.010699999999999548, 0.009399999999999603, 0.009699999999999591, 0.009799999999999587, 0.008599999999999637, 0.010599999999999552, 0.012199999999999486, 0.01159999999999951, 0.009599999999999595, 0.009199999999999611, 0.009099999999999615, 0.010799999999999544, 0.009899999999999583, 0.010299999999999565, 0.01039999999999956, 0.01159999999999951, 0.012299999999999481, 0.011999999999999494, 0.010999999999999536, 0.009199999999999611, 0.009899999999999583, 0.012399999999999477, 0.012199999999999486, 0.012999999999999451, 0.01159999999999951, 0.01089999999999954, 0.012299999999999481, 0.011199999999999528, 0.012199999999999486, 0.011699999999999506, 0.010699999999999548, 0.012499999999999473, 0.011499999999999514, 0.010499999999999557, 0.011299999999999524, 0.011299999999999524, 0.011399999999999518, 0.010499999999999557, 0.009899999999999583, 0.009899999999999583, 0.008399999999999646, 0.010599999999999552, 0.009599999999999595, 0.009699999999999591, 0.009099999999999615, 0.009499999999999599, 0.00879999999999963, 0.008399999999999646, 0.009999999999999579, 0.008399999999999646, 0.00829999999999965, 0.007499999999999683, 0.007799999999999671, 0.0070999999999997, 0.007599999999999679, 0.008599999999999637, 0.008099999999999658, 0.00899999999999962, 0.0066999999999997175, 0.006499999999999726, 0.005999999999999747, 0.006499999999999726, 0.006499999999999726, 0.00639999999999973, 0.0068999999999997084, 0.006999999999999704, 0.005899999999999751, 0.005799999999999755, 0.00519999999999978, 0.0065999999999997215, 0.005999999999999747, 0.004299999999999819, 0.0046999999999998016, 0.005499999999999768, 0.006299999999999734, 0.0046999999999998016, 0.003599999999999848, 0.003599999999999848, 0.0023999999999998987, 0.0037999999999998395, 0.0038999999999998355, 0.0033999999999998567, 0.003499999999999852, 0.0018999999999999198, 0.0038999999999998355, 0.0028999999999998775, 0.0029999999999998734, 0.0037999999999998395, 0.0021999999999999073, 0.002299999999999903, 0.0018999999999999198, 0.0016999999999999283, 0.001799999999999924, 0.0020999999999999114, 0.0020999999999999114, 0.0019999999999999155, 0.0019999999999999155, 0.0020999999999999114, 0.0014999999999999367, 0.0011999999999999494, 0.0006999999999999705, 0.0014999999999999367, 0.0016999999999999283, 0.0011999999999999494, 0.0004999999999999789, 0.001399999999999941, 0.000899999999999962, 0.000899999999999962, 0.0006999999999999705, 0.000899999999999962, 0.0007999999999999662, 0.0006999999999999705, 0.0005999999999999747, 0.0004999999999999789, 0.0007999999999999662, 0.0005999999999999747, 0.0005999999999999747, 0.0006999999999999705, 0.0005999999999999747, 0.0006999999999999705, 0.0003999999999999831, 0.0003999999999999831, 0.0003999999999999831, 0.00029999999999998734, 0.00019999999999999155, 0.00019999999999999155, 0.0003999999999999831, 9.999999999999578e-05, 9.999999999999578e-17, 0.0003999999999999831, 9.999999999999578e-05, 9.999999999999578e-05, 0.0003999999999999831, 9.999999999999578e-05, 9.999999999999578e-05, 9.999999999999578e-17, 9.999999999999578e-17, 9.999999999999578e-05, 0.0003999999999999831, 9.999999999999578e-05, 9.999999999999578e-17, 0.00019999999999999155, 9.999999999999578e-17, 9.999999999999578e-17, 0.00019999999999999155, 9.999999999999578e-17, 9.999999999999578e-17, 9.999999999999578e-17, 0.00019999999999999155, 9.999999999999578e-17, 9.999999999999578e-17, 9.999999999999578e-17, 9.999999999999578e-17, 9.999999999999578e-17, 9.999999999999578e-17, 9.999999999999578e-17, 9.999999999999578e-17, 9.999999999999578e-05, 9.999999999999578e-17, 9.999999999999578e-17, 9.999999999999578e-17, 9.999999999999578e-17, 9.999999999999578e-17, 9.999999999999578e-17, 9.999999999999578e-17, 9.999999999999578e-17, 9.999999999999578e-17, 9.999999999999578e-17, 9.999999999999578e-17, 9.999999999999578e-17, 9.999999999999578e-17, 9.999999999999578e-17, 9.999999999999578e-17, 9.999999999999578e-17, 9.999999999999578e-17, 9.999999999999578e-17, 9.999999999999578e-17, 9.999999999999578e-17, 9.999999999999578e-17, 9.999999999999578e-17, 9.999999999999578e-17, 9.999999999999578e-17, 9.999999999999578e-17, 9.999999999999578e-17, 9.999999999999578e-17, 9.999999999999578e-17, 9.999999999999578e-17, 9.999999999999578e-17, 9.999999999999578e-17, 9.999999999999578e-17, 9.999999999999578e-17, 9.999999999999578e-17, 9.999999999999578e-17, 9.999999999999578e-17, 9.999999999999578e-17, 9.999999999999578e-17, 9.999999999999578e-17, 9.999999999999578e-17, 9.999999999999578e-17, 9.999999999999578e-17, 9.999999999999578e-17, 9.999999999999578e-17, 9.999999999999578e-17, 9.999999999999578e-17, 9.999999999999578e-17, 9.999999999999578e-17, 9.999999999999578e-17, 9.999999999999578e-17, 9.999999999999578e-17, 9.999999999999578e-17, 9.999999999999578e-17, 9.999999999999578e-17, 9.999999999999578e-17, 9.999999999999578e-17, 9.999999999999578e-17, 9.999999999999578e-17, 9.999999999999578e-17, 9.999999999999578e-17, 9.999999999999578e-17, 9.999999999999578e-17, 9.999999999999578e-17, 9.999999999999578e-17, 9.999999999999578e-17, 9.999999999999578e-17, 9.999999999999578e-17, 9.999999999999578e-17, 9.999999999999578e-17, 9.999999999999578e-17, 9.999999999999578e-17, 9.999999999999578e-17, 9.999999999999578e-17, 9.999999999999578e-17, 9.999999999999578e-17, 9.999999999999578e-17, 9.999999999999578e-17, 9.999999999999578e-17, 9.999999999999578e-17, 9.999999999999578e-17, 9.999999999999578e-17, 9.999999999999578e-17, 9.999999999999578e-17, 9.999999999999578e-17, 9.999999999999578e-17, 9.999999999999578e-17, 9.999999999999578e-17, 9.999999999999578e-17, 9.999999999999578e-17, 9.999999999999578e-17, 9.999999999999578e-17, 9.999999999999578e-17, 9.999999999999578e-17, 9.999999999999578e-17, 9.999999999999578e-17, 9.999999999999578e-17, 9.999999999999578e-17, 9.999999999999578e-17, 9.999999999999578e-17, 9.999999999999578e-17, 9.999999999999578e-17, 9.999999999999578e-17, 9.999999999999578e-17, 9.999999999999578e-17, 9.999999999999578e-17, 9.999999999999578e-17, 9.999999999999578e-17, 9.999999999999578e-17, 9.999999999999578e-17, 9.999999999999578e-17, 9.999999999999578e-17, 9.999999999999578e-17, 9.999999999999578e-17, 9.999999999999578e-17, 9.999999999999578e-17, 9.999999999999578e-17, 9.999999999999578e-17, 9.999999999999578e-17, 9.999999999999578e-17, 9.999999999999578e-17, 9.999999999999578e-17, 9.999999999999578e-17, 9.999999999999578e-17, 9.999999999999578e-17, 9.999999999999578e-17, 9.999999999999578e-17, 9.999999999999578e-17, 9.999999999999578e-17, 9.999999999999578e-17, 9.999999999999578e-17, 9.999999999999578e-17, 9.999999999999578e-17, 9.999999999999578e-17, 9.999999999999578e-17, 9.999999999999578e-17, 9.999999999999578e-17, 9.999999999999578e-17, 9.999999999999578e-17, 9.999999999999578e-17, 9.999999999999578e-17, 9.999999999999578e-17, 9.999999999999578e-17, 9.999999999999578e-17, 9.999999999999578e-17, 9.999999999999578e-17, 9.999999999999578e-17, 9.999999999999578e-17, 9.999999999999578e-17, 9.999999999999578e-17, 9.999999999999578e-17, 9.999999999999578e-17, 9.999999999999578e-17, 9.999999999999578e-17, 9.999999999999578e-17, 9.999999999999578e-17, 9.999999999999578e-17, 9.999999999999578e-17, 