{"n_items": 600, "weights": [1.0001000100009633e-16, 1.0001000100009633e-16, 1.0001000100009633e-16, 1.0001000100009633e-16, 1.0001000100009633e-16, 1.0001000100009633e-16, 1.0001000100009633e-16, 1.0001000100009633e-16, 1.0001000100009633e-16, 1.0001000100009633e-16, 1.0001000100009633e-16, 1.0001000100009633e-16, 1.0001000100009633e-16, 1.0001000100009633e-16, 1.0001000100009633e-16, 1.0001000100009633e-16, 1.0001000100009633e-16, 1.0001000100009633e-16, 1.0001000100009633e-16, 1.0001000100009633e-16, 1.0001000100009633e-16, 1.0001000100009633e-16, 1.0001000100009633e-16, 1.0001000100009633e-16, 1.0001000100009633e-16, 1.0001000100009633e-16, 1.0001000100009633e-16, 1.0001000100009633e-16, 1.0001000100009633e-16, 1.0001000100009633e-16, 1.0001000100009633e-16, 1.0001000100009633e-16, 1.0001000100009633e-16, 1.0001000100009633e-16, 1.0001000100009633e-16, 1.0001000100009633e-16, 1.0001000100009633e-16, 1.0001000100009633e-16, 1.0001000100009633e-16, 1.0001000100009633e-16, 1.0001000100009633e-16, 1.0001000100009633e-16, 1.0001000100009633e-16, 1.0001000100009633e-16, 1.0001000100009633e-16, 1.0001000100009633e-16, 1.0001000100009633e-16, 1.0001000100009633e-16, 1.0001000100009633e-16, 1.0001000100009633e-16, 1.0001000100009633e-16, 1.0001000100009633e-16, 1.0001000100009633e-16, 1.0001000100009633e-16, 1.0001000100009633e-16, 1.0001000100009633e-16, 1.0001000100009633e-16, 1.0001000100009633e-16, 1.0001000100009633e-16, 1.0001000100009633e-16, 1.0001000100009633e-16, 1.0001000100009633e-16, 1.0001000100009633e-16, 1.0001000100009633e-16, 1.0001000100009633e-16, 1.0001000100009633e-16, 1.0001000100009633e-16, 1.0001000100009633e-16, 1.0001000100009633e-16, 1.0001000100009633e-16, 1.0001000100009633e-16, 1.0001000100009633e-16, 1.0001000100009633e-16, 1.0001000100009633e-16, 1.0001000100009633e-16, 1.0001000100009633e-16, 1.0001000100009633e-16, 1.0001000100009633e-16, 1.0001000100009633e-16, 1.0001000100009633e-16, 1.0001000100009633e-16, 1.0001000100009633e-16, 1.0001000100009633e-16, 1.0001000100009633e-16, 1.0001000100009633e-16, 1.0001000100009633e-16, 1.0001000100009633e-16, 1.0001000100009633e-16, 1.0001000100009633e-16, 1.0001000100009633e-16, 1.0001000100009633e-16, 1.0001000100009633e-16, 1.0001000100009633e-16, 1.0001000100009633e-16, 0.00010001000100009634, 1.0001000100009633e-16, 1.0001000100009633e-16, 1.0001000100009633e-16, 1.0001000100009633e-16, 1.0001000100009633e-16, 0.00010001000100009634, 0.00010001000100009634, 0.00010001000100009634, 1.0001000100009633e-16, 1.0001000100009633e-16, 0.00020002000200019268, 1.0001000100009633e-16, 0.00020002000200019268, 0.00010001000100009634, 0.000300030003000289, 0.000300030003000289, 1.0001000100009633e-16, 0.00010001000100009634, 0.00010001000100009634, 0.00020002000200019268, 0.00010001000100009634, 0.000600060006000578, 0.000300030003000289, 0.00040004000400038536, 0.00040004000400038536, 0.00040004000400038536, 0.0010001000100009632, 0.0010001000100009632, 0.001200120012001156, 0.000600060006000578, 0.0013001300130012525, 0.0016001600160015414, 0.0005000500050004816, 0.001500150015001445, 0.0010001000100009632, 0.0016001600160015414, 0.0025002500250024084, 0.0022002200220021194, 0.002700270027002601, 0.001800180018001734, 0.0034003400340032754, 0.003300330033003179, 0.0028002800280026974, 0.0028002800280026974, 0.00410041004100395, 0.004000400040003853, 0.004500450045004335, 0.004900490049004721, 0.005000500050004817, 0.006200620062005973, 0.005300530053005106, 0.006600660066006358, 0.00600060006000578, 0.007600760076007322, 0.008000800080007706, 0.006600660066006358, 0.008800880088008478, 0.008800880088008478, 0.009200920092008864, 0.00790079007900761, 0.008100810081007803, 0.00900090009000867, 0.008900890089008575, 0.009400940094009056, 0.012101210121011657, 0.011301130113010887, 0.01200120012001156, 0.011001100110010598, 0.010201020102009826, 0.011801180118011368, 0.009600960096009248, 0.010801080108010404, 0.01170117011701127, 0.010001000100009634, 0.011901190119011465, 0.011301130113010887, 0.009300930093008959, 0.01120112011201079, 0.008500850085008189, 0.009100910091008767, 0.009300930093008959, 0.009300930093008959, 0.008600860086008286, 0.00600060006000578, 0.007200720072006936, 0.007200720072006936, 0.007800780078007514, 0.007500750075007225, 0.00790079007900761, 0.006200620062005973, 0.006700670067006455, 0.006300630063006069, 0.004600460046004432, 0.005400540054005202, 0.005400540054005202, 0.003900390039003757, 0.004500450045004335, 0.003600360036003468, 0.0025002500250024084, 0.002300230023002216, 0.003200320032003083, 0.00300030003000289, 0.002100210021002023, 0.001800180018001734, 0.0020002000200019265, 0.0016001600160015414, 0.0019001900190018304, 0.001800180018001734, 0.001500150015001445, 0.0008000800080007707, 0.000900090009000867, 0.0014001400140013487, 0.0011001100110010597, 0.000900090009000867, 0.0005000500050004816, 0.000600060006000578, 0.0014001400140013487, 0.000600060006000578, 0.00020002000200019268, 0.000300030003000289, 0.0005000500050004816, 0.000600060006000578, 0.00040004000400038536, 0.00010001000100009634, 0.00020002000200019268, 0.000300030003000289, 0.00010001000100009634, 0.00010001000100009634, 1.0001000100009633e-16, 1.0001000100009633e-16, 0.00010001000100009634, 1.0001000100009633e-16, 1.0001000100009633e-16, 1.0001000100009633e-16, 1.0001000100009633e-16, 1.0001000100009633e-16, 1.0001000100009633e-16, 1.0001000100009633e-16, 1.0001000100009633e-16, 1.0001000100009633e-16, 1.0001000100009633e-16, 1.0001000100009633e-16, 0.00020002000200019268, 1.0001000100009633e-16, 1.0001000100009633e-16, 1.0001000100009633e-16, 1.0001000100009633e-16, 1.0001000100009633e-16, 1.0001000100009633e-16, 1.0001000100009633e-16, 1.0001000100009633e-16, 1.0001000100009633e-16, 1.0001000100009633e-16, 1.0001000100009633e-16, 1.0001000100009633e-16, 1.0001000100009633e-16, 1.0001000100009633e-16, 1.0001000100009633e-16, 1.0001000100009633e-16, 1.0001000100009633e-16, 1.0001000100009633e-16, 1.0001000100009633e-16, 1.0001000100009633e-16, 1.0001000100009633e-16, 1.0001000100009633e-16, 1.0001000100009633e-16, 1.0001000100009633e-16, 1.0001000100009633e-16, 1.0001000100009633e-16, 1.0001000100009633e-16, 1.0001000100009633e-16, 1.0001000100009633e-16, 1.0001000100009633e-16, 1.0001000100009633e-16, 1.0001000100009633e-16, 1.0001000100009633e-16, 1.0001000100009633e-16, 1.0001000100009633e-16, 1.0001000100009633e-16, 1.0001000100009633e-16, 1.0001000100009633e-16, 1.0001000100009633e-16, 1.0001000100009633e-16, 1.0001000100009633e-16, 1.0001000100009633e-16, 1.0001000100009633e-16, 1.0001000100009633e-16, 1.0001000100009633e-16, 1.0001000100009633e-16, 1.0001000100009633e-16, 1.0001000100009633e-16, 1.0001000100009633e-16, 1.0001000100009633e-16, 1.0001000100009633e-16, 1.0001000100009633e-16, 1.0001000100009633e-16, 1.0001000100009633e-16, 1.0001000100009633e-16, 1.0001000100009633e-16, 1.0001000100009633e-16, 1.0001000100009633e-16, 1.0001000100009633e-16, 1.0001000100009633e-16, 1.0001000100009633e-16, 1.0001000100009633e-16, 1.0001000100009633e-16, 1.0001000100009633e-16, 1.0001000100009633e-16, 1.0001000100009633e-16, 1.0001000100009633e-16, 1.0001000100009633e-16, 1.0001000100009633e-16, 1.0001000100009633e-16, 1.0001000100009633e-16, 1.0001000100009633e-16, 1.0001000100009633e-16, 1.0001000100009633e-16, 1.0001000100009633e-16, 1.0001000100009633e-16, 1.0001000100009633e-16, 1.0001000100009633e-16, 1.0001000100009633e-16, 1.0001000100009633e-16, 1.0001000100009633e-16, 1.0001000100009633e-16, 1.0001000100009633e-16, 1.0001000100009633e-16, 1.0001000100009633e-16, 1.0001000100009633e-16, 1.0001000100009633e-16, 1.0001000100009633e-16, 1.0001000100009633e-16, 1.0001000100009633e-16, 1.0001000100009633e-16, 1.0001000100009633e-16, 1.0001000100009633e-16, 1.0001000100009633e-16, 1.0001000100009633e-16, 1.0001000100009633e-16, 1.0001000100009633e-16, 1.0001000100009633e-16, 1.0001000100009633e-16, 1.0001000100009633e-16, 1.0001000100009633e-16, 1.0001000100009633e-16,