{"n_items": 200, "weights": [1.0110201193003577e-16, 1.0110201193003577e-16, 1.0110201193003577e-16, 1.0110201193003577e-16, 1.0110201193003577e-16, 1.0110201193003577e-16, 1.0110201193003577e-16, 1.0110201193003577e-16, 1.0110201193003577e-16, 1.0110201193003577e-16, 1.0110201193003577e-16, 1.0110201193003577e-16, 1.0110201193003577e-16, 1.0110201193003577e-16, 1.0110201193003577e-16, 1.0110201193003577e-16, 1.0110201193003577e-16, 1.0110201193003577e-16, 1.0110201193003577e-16, 1.0110201193003577e-16, 1.0110201193003577e-16, 1.0110201193003577e-16, 1.0110201193003577e-16, 1.0110201193003577e-16, 1.0110201193003577e-16, 1.0110201193003577e-16, 1.0110201193003577e-16, 1.0110201193003577e-16, 1.0110201193003577e-16, 1.0110201193003577e-16, 1.0110201193003577e-16, 1.0110201193003577e-16, 1.0110201193003577e-16, 1.0110201193003577e-16, 1.0110201193003577e-16, 1.0110201193003577e-16, 1.0110201193003577e-16, 1.0110201193003577e-16, 1.0110201193003577e-16, 1.0110201193003577e-16, 1.0110201193003577e-16, 1.0110201193003577e-16, 1.0110201193003577e-16, 1.0110201193003577e-16, 1.0110201193003577e-16, 1.0110201193003577e-16, 1.0110201193003577e-16, 1.0110201193003577e-16, 1.0110201193003577e-16, 1.0110201193003577e-16, 1.0110201193003577e-16, 1.0110201193003577e-16, 1.0110201193003577e-16, 1.0110201193003577e-16, 1.0110201193003577e-16, 1.0110201193003577e-16, 1.0110201193003577e-16, 0.0007077140835102504, 0.0007077140835102504, 0.0016176321908805723, 0.004347386512991538, 0.01172783338388415, 0.016176321908805722, 0.025983217066019193, 0.03841876453341359, 0.05085431200080799, 0.05924577899100096, 0.06632291982610347, 0.062379941360832074, 0.053988474370639104, 0.04044080477201431, 0.02729754322110966, 0.02082701445758737, 0.012637751491254472, 0.006773834799312397, 0.0025275502982508944, 0.001819836214740644, 0.0004044080477201431, 0.00010110201193003577, 0.00020220402386007154, 1.0110201193003577e-16, 1.0110201193003577e-16, 1.0110201193003577e-16, 1.0110201193003577e-16, 1.0110201193003577e-16, 1.0110201193003577e-16, 1.0110201193003577e-16, 1.0110201193003577e-16, 1.0110201193003577e-16, 1.0110201193003577e-16, 1.0110201193003577e-16, 1.0110201193003577e-16, 1.0110201193003577e-16, 1.0110201193003577e-16, 1.0110201193003577e-16, 1.0110201193003577e-16, 1.0110201193003577e-16, 1.0110201193003577e-16, 1.0110201193003577e-16, 1.0110201193003577e-16, 1.0110201193003577e-16, 1.0110201193003577e-16, 1.0110201193003577e-16, 1.0110201193003577e-16, 1.0110201193003577e-16, 1.0110201193003577e-16, 1.0110201193003577e-16, 1.0110201193003577e-16, 1.0110201193003577e-16, 1.0110201193003577e-16, 1.0110201193003577e-16, 1.0110201193003577e-16, 1.0110201193003577e-16, 1.0110201193003577e-16, 1.0110201193003577e-16, 1.0110201193003577e-16, 1.0110201193003577e-16, 1.0110201193003577e-16, 1.0110201193003577e-16, 1.0110201193003577e-16, 1.0110201193003577e-16, 1.0110201193003577e-16, 1.0110201193003577e-16, 1.0110201193003577e-16, 1.0110201193003577e-16, 1.0110201193003577e-16, 1.0110201193003577e-16, 1.0110201193003577e-16, 1.0110201193003577e-16, 1.0110201193003577e-16, 1.0110201193003577e-16, 1.0110201193003577e-16, 1.0110201193003577e-16, 1.0110201193003577e-16, 1.0110201193003577e-16, 1.0110201193003577e-16, 1.0110201193003577e-16, 1.0110201193003577e-16, 1.0110201193003577e-16, 1.0110201193003577e-16, 1.0110201193003577e-16, 1.0110201193003577e-16, 1.0110201193003577e-16, 1.0110201193003577e-16, 1.0110201193003577e-16, 1.0110201193003577e-16, 1.0110201193003577e-16, 1.0110201193003577e-16, 1.0110201193003577e-16, 1.0110201193003577e-16, 1.0110201193003577e-16, 1.0110201193003577e-16, 1.0110201193003577e-16, 1.0110201193003577e-16, 1.0110201193003577e-16, 1.0110201193003577e-16, 1.0110201193003577e-16, 1.0110201193003577e-16, 1.0110201193003577e-16, 1.0110201193003577e-16, 1.0110201193003577e-16, 1.0110201193003577e-16, 1.0110201193003577e-16, 1.0110201193003577e-16, 1.0110201193003577e-16, 1.0110201193003577e-16, 1.0110201193003577e-16, 1.0110201193003577e-16, 1.0110201193003577e-16, 1.0110201193003577e-16, 1.0110201193003577e-16, 1.0110201193003577e-16, 1.0110201193003577e-16, 1.0110201193003577e-16, 1.0110201193003577e-16, 1.0110201193003577e-16, 1.0110201193003577e-16, 1.0110201193003577e-16, 1.0110201193003577e-16, 1.0110201193003577e-16, 1.0110201193003577e-16, 1.0110201193003577e-16, 0.00020220402386007154, 0.00010110201193003577, 0.0011121221312303934, 0.00262865231018093, 0.005965018703872111, 0.008189262966332898, 0.017591750075826224, 0.02891517541199023, 0.04215953897482492, 0.05469618845414935, 0.06268324739662218, 0.06733393994540382, 0.061975533313111925, 0.05328076028712885, 0.043170559094125274, 0.02820746132847998, 0.016277423920735758, 1.0110201193003577e-16], "profits": [1.0, 1.0, 1.0, 1.0, 1.0, 1.0, 1.0, 1.0, 1.0, 1.0, 1.0, 1.0, 1.0, 1.0, 1.0, 1.0, 1.0, 1.0, 1.0, 1.0, 1.0, 1.0, 1.0, 1.0, 1.0, 1.0, 1.0, 1.0, 1.0, 1.0, 1.0, 1.0, 1.0, 1.0, 1.0, 1.0, 1.0, 1.0, 1.0, 1.0, 1.0, 1.0, 1.0, 1.0, 1.0, 1.0, 1.0, 1.0, 1.0, 1.0, 1.0, 1.0, 1.0, 1.0, 1.0, 1.0, 1.0, 1.0, 1.0, 1.0, 1.0, 0.1, 1.0, 1.0, 1.0, 1.0, 0.1, 1.0, 1.0, 1.0, 1.0, 1.0, 1.0, 1.0, 1.0, 1.0, 1.0, 1.0, 1.0, 1.0, 1.0, 1.0, 1.0, 1.0, 1.0, 1.0, 1.0, 1.0, 1.0, 1.0, 1.0, 1.0, 1.0, 1.0, 1.0, 1.0, 1.0, 1.0, 1.0, 1.0, 1.0, 1.0, 1.0, 1.0, 1.0, 1.0, 1.0, 1.0, 1.0, 1.0, 1.0, 1.0, 1.0, 1.0, 1.0, 1.0, 1.0, 1.0, 1.0, 1.0, 1.0, 1.0, 1.0, 1.0, 1.0, 1.0, 1.0, 1.0, 1.0, 1.0, 1.0, 1.0, 1.0, 1.0, 1.0, 1.0, 1.0, 1.0, 1.0, 1.0, 1.0, 1.0, 1.0, 1.0, 1.0, 1.0, 1.0, 1.0, 1.0, 1.0, 1.0, 1.0, 1.0, 1.0, 1.0, 1.0, 1.0, 1.0, 1.0, 1.0, 1.0, 1.0, 1.0, 1.0, 1.0, 1.0, 1.0, 1.0, 1.0, 1.0, 1.0, 1.0, 1.0, 1.0, 1.0, 1.0, 1.0, 1.0, 1.0, 1.0, 1.0, 1.0, 1.0, 1.0, 1.0, 1.0, 1.0, 1.0, 1.0, 1.0, 1.0, 1.0, 1.0, 1.0, 1.0, 1.0, 1.0, 1.0, 1.0, 1.0], "min_weight": 0.95, "max_distance": 3}