{"n_items": 400, "weights": [0.0037999999999999315, 0.0037999999999999315, 0.004299999999999923, 0.004799999999999914, 0.0045999999999999175, 0.005599999999999899, 0.004199999999999924, 0.005499999999999901, 0.0043999999999999205, 0.004199999999999924, 0.004299999999999923, 0.005099999999999908, 0.004499999999999919, 0.006299999999999886, 0.006599999999999881, 0.005099999999999908, 0.00499999999999991, 0.005999999999999892, 0.004499999999999919, 0.006499999999999883, 0.006299999999999886, 0.00499999999999991, 0.005099999999999908, 0.006499999999999883, 0.006899999999999876, 0.005499999999999901, 0.005999999999999892, 0.00669999999999988, 0.007799999999999859, 0.0076999999999998615, 0.006799999999999877, 0.00889999999999984, 0.006199999999999889, 0.0069999999999998735, 0.007299999999999868, 0.008099999999999854, 0.008499999999999846, 0.006899999999999876, 0.008499999999999846, 0.006599999999999881, 0.008699999999999843, 0.008999999999999838, 0.007799999999999859, 0.008099999999999854, 0.007099999999999872, 0.007099999999999872, 0.00949999999999983, 0.0069999999999998735, 0.008499999999999846, 0.00939999999999983, 0.0071999999999998706, 0.008099999999999854, 0.010899999999999804, 0.009799999999999823, 0.008199999999999852, 0.008799999999999841, 0.008999999999999838, 0.009599999999999827, 0.008699999999999843, 0.009699999999999825, 0.0076999999999998615, 0.010099999999999817, 0.007899999999999859, 0.009599999999999827, 0.007999999999999856, 0.009599999999999827, 0.00939999999999983, 0.00889999999999984, 0.009799999999999823, 0.010099999999999817, 0.008199999999999852, 0.009099999999999836, 0.00889999999999984, 0.008199999999999852, 0.0071999999999998706, 0.007599999999999863, 0.007599999999999863, 0.008499999999999846, 0.008799999999999841, 0.008099999999999854, 0.00999999999999982, 0.006399999999999885, 0.009299999999999833, 0.008999999999999838, 0.008399999999999849, 0.009299999999999833, 0.007899999999999859, 0.0076999999999998615, 0.008299999999999851, 0.008699999999999843, 0.007499999999999865, 0.008699999999999843, 0.007899999999999859, 0.00889999999999984, 0.006499999999999883, 0.005899999999999894, 0.007099999999999872, 0.0071999999999998706, 0.006599999999999881, 0.00669999999999988, 0.005499999999999901, 0.007799999999999859, 0.006199999999999889, 0.00669999999999988, 0.0076999999999998615, 0.006899999999999876, 0.00609999999999989, 0.005599999999999899, 0.005099999999999908, 0.0057999999999998955, 0.006499999999999883, 0.005399999999999903, 0.00669999999999988, 0.006799999999999877, 0.005099999999999908, 0.004699999999999915, 0.004499999999999919, 0.00499999999999991, 0.005199999999999906, 0.004899999999999911, 0.0038999999999999296, 0.004799999999999914, 0.005899999999999894, 0.004499999999999919, 0.0036999999999999334, 0.004299999999999923, 0.0035999999999999353, 0.0032999999999999406, 0.004499999999999919, 0.003999999999999928, 0.0035999999999999353, 0.0038999999999999296, 0.002599999999999953, 0.004099999999999926, 0.0037999999999999315, 0.002499999999999955, 0.002399999999999957, 0.0031999999999999425, 0.0021999999999999602, 0.0026999999999999516, 0.0027999999999999497, 0.002399999999999957, 0.0012999999999999765, 0.0022999999999999588, 0.002399999999999957, 0.0022999999999999588, 0.0010999999999999801, 0.002599999999999953, 0.002099999999999962, 0.0027999999999999497, 0.002499999999999955, 0.0015999999999999712, 0.001499999999999973, 0.0013999999999999748, 0.0012999999999999765, 0.0018999999999999657, 0.001999999999999964, 0.002099999999999962, 0.0012999999999999765, 0.001999999999999964, 0.0006999999999999874, 0.0006999999999999874, 0.0013999999999999748, 0.0010999999999999801, 0.0011999999999999784, 0.0008999999999999838, 0.0010999999999999801, 0.0008999999999999838, 0.0008999999999999838, 0.0007999999999999856, 0.000499999999999991, 0.0007999999999999856, 0.0007999999999999856, 0.0007999999999999856, 0.0003999999999999928, 0.0006999999999999874, 0.0006999999999999874, 0.0005999999999999892, 0.0007999999999999856, 0.0005999999999999892, 0.0007999999999999856, 0.0007999999999999856, 0.0003999999999999928, 0.0006999999999999874, 0.0005999999999999892, 0.0008999999999999838, 0.0007999999999999856, 0.0002999999999999946, 9.99999999999982e-05, 0.0001999999999999964, 0.0002999999999999946, 0.0001999999999999964, 0.000499999999999991, 9.99999999999982e-05, 0.0002999999999999946, 9.99999999999982e-05, 0.0002999999999999946, 0.0002999999999999946, 0.0003999999999999928, 0.0003999999999999928, 9.99999999999982e-17, 0.0001999999999999964, 0.000499999999999991, 9.99999999999982e-17, 0.0001999999999999964, 9.99999999999982e-17, 9.99999999999982e-17, 9.99999999999982e-05, 0.0001999999999999964, 9.99999999999982e-17, 9.99999999999982e-05, 9.99999999999982e-17, 9.99999999999982e-05, 9.99999999999982e-05, 9.99999999999982e-05, 9.99999999999982e-05, 0.0001999999999999964, 9.99999999999982e-17, 9.99999999999982e-05, 9.99999999999982e-17, 9.99999999999982e-17, 9.99999999999982e-17, 9.99999999999982e-17, 9.99999999999982e-17, 9.99999999999982e-17, 9.99999999999982e-05, 9.99999999999982e-17, 9.99999999999982e-05, 9.99999999999982e-17, 9.99999999999982e-17, 9.99999999999982e-05, 9.99999999999982e-17, 9.99999999999982e-17, 9.99999999999982e-17, 9.99999999999982e-17, 9.99999999999982e-17, 9.99999999999982e-17, 9.99999999999982e-17, 9.99999999999982e-17, 9.99999999999982e-17, 9.99999999999982e-05, 9.99999999999982e-17, 9.99999999999982e-05, 9.99999999999982e-17, 9.99999999999982e-17, 9.99999999999982e-17, 9.99999999999982e-05, 9.99999999999982e-17, 9.99999999999982e-17, 9.99999999999982e-17, 9.99999999999982e-17, 9.99999999999982e-17, 9.99999999999982e-17, 9.99999999999982e-05, 9.99999999999982e-17, 9.99999999999982e-17, 9.99999999999982e-17, 9.99999999999982e-17, 9.99999999999982e-17, 9.99999999999982e-17, 9.99999999999982e-17, 9.99999999999982e-17, 9.99999999999982e-17, 9.99999999999982e-17, 9.99999999999982e-17, 9.99999999999982e-17, 9.99999999999982e-17, 9.99999999999982e-17, 9.99999999999982e-17, 9.99999999999982e-17, 9.99999999999982e-17, 9.99999999999982e-17, 9.99999999999982e-17, 9.99999999999982e-17, 9.99999999999982e-17, 9.99999999999982e-17, 9.99999999999982e-05, 9.99999999999982e-17, 9.99999999999982e-17, 9.99999999999982e-17, 9.99999999999982e-17, 9.99999999999982e-17, 9.99999999999982e-17, 9.99999999999982e-17, 9.99999999999982e-17, 9.99999999999982e-17, 9.99999999999982e-17, 9.99999999999982e-17, 9.99999999999982e-17, 9.99999999999982e-17, 9.99999999999982e-17, 9.99999999999982e-17, 9.99999999999982e-17, 9.99999999999982e-17, 9.99999999999982e-17, 9.99999999999982e-17, 9.99999999999982e-17, 9.99999999999982e-17, 9.99999999999982e-17, 9.99999999999982e-17, 9.99999999999982e-17, 9.99999999999982e-17, 9.99999999999982e-17, 9.99999999999982e-17, 9.99999999999982e-17, 9.99999999999982e-17, 9.99999999999982e-17, 9.99999999999982e-17, 9.99999999999982e-17, 9.99999999999982e-17, 9.99999999999982e-17, 9.99999999999982e-17, 9.99999999999982e-17, 9.99999999999982e-17, 9.99999999999982e-17, 9.99999999999982e-17, 9.99999999999982e-17, 9.99999999999982e-17, 9.99999999999982e-17, 9.99999999999982e-17, 9.99999999999982e-17, 9.99999999999982e-17, 9.99999999999982e-17, 9.99999999999982e-17, 9.99999999999982e-17, 9.99999999999982e-17, 9.99999999999982e-17, 9.99999999999982e-17, 9.99999999999982e-17, 9.99999999999982e-17, 9.99999999999982e-17, 9.99999999999982e-17, 9.99999999999982e-17, 9.99999999999982e-17, 9.99999999999982e-17, 9.99999999999982e-17, 9.99999999999982e-17, 9.99999999999982e-17, 9.99999999999982e-17, 9.99999999999982e-17, 9.99999999999982e-17, 9.99999999999982e-17, 9.99999999999982e-17, 9.99999999999982e-17, 9.99999999999982e-17, 9.99999999999982e-17, 9.99999999999982e-17, 9.99999999999982e-17, 9.99999999999982e-17, 9.99999999999982e-17, 9.99999999999982e-17, 9.99999999999982e-17, 9.99999999999982e-17, 9.99999999999982e-17, 9.99999999999982e-17, 9.99999999999982e-17, 9.99999999999982e-17, 9.99999999999982e-17, 9.99999999999982e-17, 