{"n_items": 200, "weights": [9.999999999999843e-17, 9.999999999999843e-17, 9.999999999999843e-17, 9.999999999999843e-17, 9.999999999999843e-17, 9.999999999999843e-17, 9.999999999999843e-17, 9.999999999999843e-17, 9.999999999999843e-17, 9.999999999999843e-17, 9.999999999999843e-17, 9.999999999999843e-17, 9.999999999999843e-17, 9.999999999999843e-17, 9.999999999999843e-17, 9.999999999999843e-17, 9.999999999999843e-17, 9.999999999999843e-17, 9.999999999999843e-17, 9.999999999999843e-17, 9.999999999999843e-17, 9.999999999999843e-17, 9.999999999999843e-17, 9.999999999999843e-17, 9.999999999999843e-17, 9.999999999999843e-17, 9.999999999999843e-17, 9.999999999999843e-17, 9.999999999999843e-17, 9.999999999999843e-17, 9.999999999999843e-17, 9.999999999999843e-17, 9.999999999999843e-17, 9.999999999999843e-17, 9.999999999999843e-17, 9.999999999999843e-17, 9.999999999999843e-17, 9.999999999999843e-17, 9.999999999999843e-17, 9.999999999999843e-17, 9.999999999999843e-17, 9.999999999999843e-17, 9.999999999999843e-17, 9.999999999999843e-17, 9.999999999999843e-17, 9.999999999999843e-17, 9.999999999999843e-17, 9.999999999999843e-17, 9.999999999999843e-17, 9.999999999999843e-17, 9.999999999999843e-17, 9.999999999999843e-17, 9.999999999999843e-17, 9.999999999999843e-17, 9.999999999999843e-17, 9.999999999999843e-17, 9.999999999999843e-17, 9.999999999999843e-17, 9.999999999999843e-17, 9.999999999999843e-17, 0.0007999999999999875, 0.0017999999999999718, 0.0032999999999999484, 0.007499999999999883, 0.012299999999999808, 0.023899999999999626, 0.03509999999999945, 0.04359999999999932, 0.0572999999999991, 0.06309999999999902, 0.06319999999999901, 0.05629999999999912, 0.04769999999999926, 0.032899999999999485, 0.022899999999999643, 0.01469999999999977, 0.007199999999999887, 0.004199999999999935, 0.001599999999999975, 0.0004999999999999922, 9.999999999999843e-05, 9.999999999999843e-17, 9.999999999999843e-17, 9.999999999999843e-17, 9.999999999999843e-17, 9.999999999999843e-17, 9.999999999999843e-17, 9.999999999999843e-17, 9.999999999999843e-17, 9.999999999999843e-17, 9.999999999999843e-17, 9.999999999999843e-17, 9.999999999999843e-17, 9.999999999999843e-17, 9.999999999999843e-17, 9.999999999999843e-17, 9.999999999999843e-17, 9.999999999999843e-17, 9.999999999999843e-17, 9.999999999999843e-17, 0.00019999999999999687, 0.0008999999999999859, 0.0008999999999999859, 0.005299999999999917, 0.00769999999999988, 0.011099999999999827, 0.020599999999999678, 0.03509999999999945, 0.041599999999999346, 0.0512999999999992, 0.06409999999999899, 0.06539999999999897, 0.0574999999999991, 0.04709999999999926, 0.035599999999999445, 0.026599999999999582, 0.015499999999999757, 0.0063999999999999, 0.004299999999999932, 0.0014999999999999766, 0.0005999999999999906, 0.00039999999999999373, 9.999999999999843e-05, 9.999999999999843e-05, 9.999999999999843e-05, 9.999999999999843e-17, 9.999999999999843e-17, 9.999999999999843e-17, 9.999999999999843e-17, 9.999999999999843e-17, 9.999999999999843e-17, 9.999999999999843e-17, 9.999999999999843e-17, 9.999999999999843e-17, 9.999999999999843e-17, 9.999999999999843e-17, 9.999999999999843e-17, 9.999999999999843e-17, 9.999999999999843e-17, 9.999999999999843e-17, 9.999999999999843e-17, 9.999999999999843e-17, 9.999999999999843e-17, 9.999999999999843e-17, 9.999999999999843e-17, 9.999999999999843e-17, 9.999999999999843e-17, 9.999999999999843e-17, 9.999999999999843e-17, 9.999999999999843e-17, 9.999999999999843e-17, 9.999999999999843e-17, 9.999999999999843e-17, 9.999999999999843e-17, 9.999999999999843e-17, 9.999999999999843e-17, 9.999999999999843e-17, 9.999999999999843e-17, 9.999999999999843e-17, 9.999999999999843e-17, 9.999999999999843e-17, 9.999999999999843e-17, 9.999999999999843e-17, 9.999999999999843e-17, 9.999999999999843e-17, 9.999999999999843e-17, 9.999999999999843e-17, 9.999999999999843e-17, 9.999999999999843e-17, 9.999999999999843e-17, 9.999999999999843e-17, 9.999999999999843e-17, 9.999999999999843e-17, 9.999999999999843e-17, 9.999999999999843e-17, 9.999999999999843e-17, 9.999999999999843e-17, 9.999999999999843e-17, 9.999999999999843e-17, 9.999999999999843e-17, 9.999999999999843e-17, 9.999999999999843e-17, 9.999999999999843e-17, 9.999999999999843e-17, 9.999999999999843e-17, 9.999999999999843e-17, 9.999999999999843e-17, 9.999999999999843e-17, 9.999999999999843e-17, 9.999999999999843e-17, 9.999999999999843e-17, 9.999999999999843e-17, 9.999999999999843e-17, 9.999999999999843e-17, 9.999999999999843e-17, 9.999999999999843e-17, 9.999999999999843e-17, 9.999999999999843e-17, 9.999999999999843e-17, 9.999999999999843e-17], "profits": [1.0, 1.0, 1.0, 1.0, 1.0, 1.0, 1.0, 1.0, 1.0, 1.0, 1.0, 1.0, 1.0, 1.0, 1.0, 1.0, 1.0, 1.0, 1.0, 1.0, 1.0, 1.0, 1.0, 1.0, 1.0, 1.0, 1.0, 1.0, 1.0, 1.0, 1.0, 1.0, 1.0, 1.0, 1.0, 1.0, 1.0, 1.0, 1.0, 1.0, 1.0, 1.0, 1.0, 1.0, 1.0, 1.0, 1.0, 1.0, 1.0, 1.0, 1.0, 1.0, 1.0, 1.0, 1.0, 1.0, 1.0, 1.0, 1.0, 1.0, 1.0, 1.0, 1.0, 1.0, 1.0, 1.0, 1.0, 1.0, 1.0, 1.0, 0.1, 1.0, 1.0, 1.0, 1.0, 1.0, 1.0, 1.0, 1.0, 1.0, 1.0, 1.0, 1.0, 1.0, 1.0, 1.0, 1.0, 1.0, 1.0, 1.0, 1.0, 1.0, 1.0, 1.0, 1.0, 1.0, 1.0, 1.0, 1.0, 1.0, 1.0, 1.0, 1.0, 1.0, 1.0, 1.0, 1.0, 1.0, 1.0, 1.0, 1.0, 1.0, 1.0, 1.0, 1.0, 1.0, 1.0, 1.0, 1.0, 1.0, 1.0, 1.0, 1.0, 1.0, 1.0, 1.0, 1.0, 1.0, 1.0, 1.0, 1.0, 1.0, 1.0, 1.0, 1.0, 1.0, 1.0, 1.0, 1.0, 1.0, 1.0, 1.0, 1.0, 1.0, 1.0, 1.0, 1.0, 1.0, 1.0, 1.0, 1.0, 1.0, 1.0, 1.0, 1.0, 1.0, 1.0, 1.0, 1.0, 1.0, 1.0, 1.0, 1.0, 1.0, 1.0, 1.0, 1.0, 1.0, 1.0, 1.0, 1.0, 1.0, 1.0, 1.0, 1.0, 1.0, 1.0, 1.0, 1.0, 1.0, 1.0, 1.0, 1.0, 1.0, 1.0, 1.0, 1.0, 1.0, 1.0, 1.0, 1.0, 1.0, 1.0, 1.0, 1.0, 1.0, 1.0, 1.0, 1.0, 1.0], "min_weight": 0.95, "max_distance": 2}