{"n_items": 200, "weights": [9.999999999999889e-17, 9.999999999999889e-17, 9.999999999999889e-17, 9.999999999999889e-17, 9.999999999999889e-17, 9.999999999999889e-17, 9.999999999999889e-17, 9.999999999999889e-17, 9.999999999999889e-17, 9.999999999999889e-17, 9.999999999999889e-17, 9.999999999999889e-17, 9.999999999999889e-17, 9.999999999999889e-17, 9.999999999999889e-17, 9.999999999999889e-17, 9.999999999999889e-17, 9.999999999999889e-17, 9.999999999999889e-17, 9.999999999999889e-17, 9.999999999999889e-17, 9.999999999999889e-17, 9.999999999999889e-17, 9.999999999999889e-17, 9.999999999999889e-17, 9.999999999999889e-17, 9.999999999999889e-17, 9.999999999999889e-17, 9.999999999999889e-17, 9.999999999999889e-17, 9.999999999999889e-17, 9.999999999999889e-17, 9.999999999999889e-17, 9.999999999999889e-17, 9.999999999999889e-17, 9.999999999999889e-17, 9.999999999999889e-17, 9.999999999999889e-17, 9.999999999999889e-17, 9.999999999999889e-17, 9.999999999999889e-17, 9.999999999999889e-17, 9.999999999999889e-17, 9.999999999999889e-17, 9.999999999999889e-17, 9.999999999999889e-17, 9.999999999999889e-17, 9.999999999999889e-17, 9.999999999999889e-17, 9.999999999999889e-17, 9.999999999999889e-17, 9.999999999999889e-17, 9.999999999999889e-17, 9.999999999999889e-17, 9.999999999999889e-17, 9.999999999999889e-17, 9.999999999999889e-17, 9.999999999999889e-17, 9.999999999999889e-17, 9.999999999999889e-17, 9.999999999999889e-17, 9.999999999999889e-17, 9.999999999999889e-17, 9.999999999999889e-17, 9.999999999999889e-17, 9.999999999999889e-17, 9.999999999999889e-17, 9.999999999999889e-17, 9.999999999999889e-17, 9.999999999999889e-17, 9.999999999999889e-17, 9.999999999999889e-17, 9.99999999999989e-05, 9.99999999999989e-05, 9.999999999999889e-17, 9.999999999999889e-17, 0.0004999999999999945, 0.0004999999999999945, 0.0001999999999999978, 0.0003999999999999956, 0.0006999999999999922, 0.0003999999999999956, 0.0011999999999999867, 0.00089999999999999, 0.00089999999999999, 0.00089999999999999, 0.001699999999999981, 0.0013999999999999844, 0.0024999999999999723, 0.0032999999999999636, 0.0024999999999999723, 0.0031999999999999646, 0.004999999999999945, 0.006599999999999927, 0.007799999999999914, 0.007699999999999914, 0.009499999999999894, 0.009399999999999896, 0.010899999999999879, 0.01159999999999987, 0.01449999999999984, 0.013699999999999848, 0.015299999999999831, 0.017699999999999803, 0.017699999999999803, 0.019299999999999786, 0.021699999999999758, 0.023099999999999742, 0.024599999999999726, 0.027299999999999696, 0.027399999999999695, 0.027199999999999697, 0.02869999999999968, 0.03229999999999964, 0.029999999999999666, 0.029999999999999666, 0.03379999999999962, 0.03239999999999964, 0.030899999999999657, 0.03139999999999965, 0.02899999999999968, 0.030699999999999658, 0.030899999999999657, 0.028399999999999686, 0.0270999999999997, 0.025699999999999716, 0.024999999999999724, 0.02249999999999975, 0.021799999999999757, 0.018699999999999793, 0.016799999999999815, 0.01709999999999981, 0.013599999999999848, 0.015199999999999832, 0.012499999999999862, 0.010399999999999885, 0.010099999999999889, 0.007899999999999912, 0.00989999999999989, 0.005099999999999943, 0.006399999999999929, 0.003999999999999956, 0.003799999999999958, 0.00359999999999996, 0.0032999999999999636, 0.0021999999999999754, 0.0024999999999999723, 0.0012999999999999856, 0.00089999999999999, 0.0006999999999999922, 0.0003999999999999956, 0.0012999999999999856, 0.0004999999999999945, 0.0001999999999999978, 0.0004999999999999945, 0.0003999999999999956, 0.00029999999999999667, 9.99999999999989e-05, 9.99999999999989e-05, 9.99999999999989e-05, 9.99999999999989e-05, 9.999999999999889e-17, 9.999999999999889e-17, 9.999999999999889e-17, 9.999999999999889e-17, 9.999999999999889e-17, 9.999999999999889e-17, 9.999999999999889e-17, 9.999999999999889e-17, 9.999999999999889e-17, 9.999999999999889e-17, 9.999999999999889e-17, 9.999999999999889e-17, 9.999999999999889e-17, 9.999999999999889e-17, 9.999999999999889e-17, 9.999999999999889e-17, 9.999999999999889e-17, 9.999999999999889e-17, 9.999999999999889e-17, 9.999999999999889e-17, 9.999999999999889e-17, 9.999999999999889e-17, 9.999999999999889e-17, 9.999999999999889e-17, 9.999999999999889e-17, 9.999999999999889e-17, 9.999999999999889e-17, 9.999999999999889e-17, 9.999999999999889e-17, 9.999999999999889e-17, 9.999999999999889e-17, 9.999999999999889e-17, 9.999999999999889e-17, 9.999999999999889e-17, 9.999999999999889e-17, 9.999999999999889e-17, 9.999999999999889e-17, 9.999999999999889e-17, 9.999999999999889e-17], "profits": [1.0, 1.0, 1.0, 1.0, 1.0, 1.0, 1.0, 1.0, 1.0, 1.0, 1.0, 1.0, 1.0, 1.0, 1.0, 1.0, 1.0, 1.0, 1.0, 1.0, 1.0, 1.0, 1.0, 1.0, 1.0, 1.0, 1.0, 1.0, 1.0, 1.0, 1.0, 1.0, 1.0, 1.0, 1.0, 1.0, 1.0, 1.0, 1.0, 1.0, 1.0, 1.0, 1.0, 1.0, 1.0, 1.0, 1.0, 1.0, 1.0, 1.0, 1.0, 1.0, 1.0, 1.0, 1.0, 1.0, 1.0, 1.0, 1.0, 1.0, 1.0, 1.0, 1.0, 1.0, 1.0, 1.0, 1.0, 1.0, 1.0, 1.0, 1.0, 1.0, 1.0, 1.0, 1.0, 1.0, 1.0, 1.0, 1.0, 1.0, 1.0, 1.0, 1.0, 1.0, 1.0, 1.0, 1.0, 1.0, 1.0, 1.0, 1.0, 1.0, 1.0, 1.0, 1.0, 1.0, 1.0, 1.0, 1.0, 1.0, 1.0, 1.0, 1.0, 1.0, 1.0, 1.0, 1.0, 1.0, 1.0, 1.0, 1.0, 1.0, 1.0, 1.0, 1.0, 1.0, 1.0, 1.0, 1.0, 1.0, 1.0, 1.0, 1.0, 1.0, 1.0, 1.0, 1.0, 1.0, 1.0, 1.0, 1.0, 1.0, 1.0, 1.0, 1.0, 1.0, 1.0, 1.0, 1.0, 1.0, 1.0, 1.0, 1.0, 1.0, 1.0, 1.0, 1.0, 1.0, 1.0, 1.0, 1.0, 1.0, 1.0, 1.0, 1.0, 1.0, 1.0, 1.0, 1.0, 1.0, 1.0, 1.0, 1.0, 1.0, 1.0, 1.0, 1.0, 1.0, 1.0, 1.0, 1.0, 1.0, 1.0, 1.0, 1.0, 1.0, 1.0, 1.0, 1.0, 1.0, 1.0, 1.0, 1.0, 1.0, 1.0, 1.0, 1.0, 1.0, 1.0, 1.0, 1.0, 1.0, 1.0, 1.0, 1.0, 1.0, 1.0, 1.0, 1.0, 1.0], "min_weight": 0.95, "max_distance": 3}