{"n_items": 400, "weights": [9.99999999999977e-17, 9.99999999999977e-17, 9.99999999999977e-17, 9.99999999999977e-17, 9.99999999999977e-17, 9.99999999999977e-17, 9.99999999999977e-17, 9.99999999999977e-17, 9.99999999999977e-17, 9.99999999999977e-17, 9.99999999999977e-17, 9.99999999999977e-17, 9.99999999999977e-17, 9.99999999999977e-17, 9.99999999999977e-17, 9.99999999999977e-17, 9.99999999999977e-17, 9.99999999999977e-17, 9.99999999999977e-17, 9.99999999999977e-17, 9.99999999999977e-17, 9.99999999999977e-17, 9.99999999999977e-17, 9.99999999999977e-17, 9.99999999999977e-17, 9.99999999999977e-17, 9.99999999999977e-17, 9.99999999999977e-17, 9.99999999999977e-17, 9.99999999999977e-17, 9.99999999999977e-17, 9.99999999999977e-17, 9.99999999999977e-17, 9.99999999999977e-17, 9.99999999999977e-17, 9.99999999999977e-17, 9.99999999999977e-17, 9.99999999999977e-17, 9.99999999999977e-17, 9.99999999999977e-17, 9.99999999999977e-17, 9.99999999999977e-17, 9.99999999999977e-17, 9.99999999999977e-17, 9.99999999999977e-17, 9.99999999999977e-17, 9.99999999999977e-17, 9.99999999999977e-17, 9.99999999999977e-17, 9.99999999999977e-17, 9.99999999999977e-17, 9.99999999999977e-17, 9.99999999999977e-17, 9.99999999999977e-17, 9.99999999999977e-17, 9.99999999999977e-17, 9.99999999999977e-17, 9.99999999999977e-17, 9.99999999999977e-17, 9.99999999999977e-17, 9.99999999999977e-17, 9.99999999999977e-17, 9.99999999999977e-17, 9.99999999999977e-17, 9.99999999999977e-17, 9.99999999999977e-17, 9.99999999999977e-17, 9.99999999999977e-17, 9.99999999999977e-17, 9.99999999999977e-17, 9.99999999999977e-17, 9.99999999999977e-17, 9.99999999999977e-17, 9.99999999999977e-17, 9.99999999999977e-17, 9.99999999999977e-17, 9.99999999999977e-17, 9.99999999999977e-17, 9.99999999999977e-17, 9.99999999999977e-17, 9.99999999999977e-17, 9.99999999999977e-17, 9.99999999999977e-17, 9.99999999999977e-17, 9.99999999999977e-17, 9.99999999999977e-17, 9.99999999999977e-17, 9.99999999999977e-17, 9.99999999999977e-17, 9.99999999999977e-17, 9.99999999999977e-17, 9.99999999999977e-17, 9.99999999999977e-17, 9.99999999999977e-17, 9.99999999999977e-17, 9.99999999999977e-17, 9.99999999999977e-17, 9.99999999999977e-17, 9.99999999999977e-17, 9.99999999999977e-17, 9.99999999999977e-17, 9.99999999999977e-17, 9.99999999999977e-17, 9.99999999999977e-17, 9.99999999999977e-17, 9.99999999999977e-17, 9.99999999999977e-17, 9.99999999999977e-17, 9.99999999999977e-17, 9.99999999999977e-17, 9.99999999999977e-17, 9.99999999999977e-17, 9.99999999999977e-17, 9.99999999999977e-17, 9.99999999999977e-17, 9.99999999999977e-17, 9.999999999999771e-05, 9.99999999999977e-17, 9.99999999999977e-17, 9.99999999999977e-17, 9.99999999999977e-17, 9.99999999999977e-17, 9.99999999999977e-17, 9.99999999999977e-17, 9.99999999999977e-17, 9.99999999999977e-17, 9.99999999999977e-17, 9.99999999999977e-17, 9.99999999999977e-17, 9.99999999999977e-17, 9.99999999999977e-17, 9.999999999999771e-05, 9.99999999999977e-17, 9.99999999999977e-17, 9.99999999999977e-17, 9.999999999999771e-05, 9.99999999999977e-17, 9.999999999999771e-05, 0.00019999999999999543, 0.00019999999999999543, 9.999999999999771e-05, 0.00019999999999999543, 9.99999999999977e-17, 9.999999999999771e-05, 9.999999999999771e-05, 0.00039999999999999086, 0.00029999999999999314, 0.00029999999999999314, 0.00029999999999999314, 0.00029999999999999314, 0.00039999999999999086, 0.00029999999999999314, 0.0005999999999999863, 0.00019999999999999543, 0.00039999999999999086, 9.999999999999771e-05, 0.000699999999999984, 0.00039999999999999086, 0.0007999999999999817, 0.0012999999999999702, 0.000999999999999977, 0.0005999999999999863, 0.0012999999999999702, 0.0012999999999999702, 0.000699999999999984, 0.0011999999999999726, 0.0011999999999999726, 0.0015999999999999634, 0.0011999999999999726, 0.0017999999999999588, 0.0012999999999999702, 0.002699999999999938, 0.0017999999999999588, 0.002499999999999943, 0.0014999999999999656, 0.001999999999999954, 0.003999999999999908, 0.0041999999999999035, 0.00349999999999992, 0.003699999999999915, 0.0038999999999999105, 0.003999999999999908, 0.005799999999999867, 0.004599999999999895, 0.00479999999999989, 0.00699999999999984, 0.006299999999999855, 0.00609999999999986, 0.00699999999999984, 0.006299999999999855, 0.0058999999999998646, 0.00829999999999981, 0.007699999999999823, 0.008799999999999798, 0.008799999999999798, 0.008999999999999793, 0.008899999999999795, 0.009099999999999792, 0.010399999999999762, 0.010799999999999753, 0.01089999999999975, 0.01089999999999975, 0.012099999999999722, 0.013599999999999689, 0.011599999999999734, 0.013799999999999684, 0.011199999999999743, 0.014999999999999656, 0.014499999999999668, 0.012999999999999703, 0.016399999999999623, 0.013199999999999698, 0.014199999999999675, 0.016399999999999623, 0.015899999999999637, 0.014899999999999658, 0.014699999999999663, 0.015599999999999642, 0.015199999999999651, 0.016699999999999618, 0.015299999999999649, 0.015499999999999644, 0.01789999999999959, 0.013899999999999682, 0.014999999999999656, 0.015299999999999649, 0.013899999999999682, 0.01569999999999964, 0.014899999999999658, 0.015199999999999651, 0.014099999999999677, 0.013899999999999682, 0.016499999999999623, 0.01439999999999967, 0.01259999999999971, 0.015199999999999651, 0.014599999999999665, 0.012099999999999722, 0.014699999999999663, 0.011799999999999729, 0.013399999999999693, 0.010799999999999753, 0.010199999999999767, 0.01089999999999975, 0.01259999999999971, 0.009899999999999774, 0.01049999999999976, 0.008399999999999807, 0.0086999999999998, 0.00959999999999978, 0.007599999999999826, 0.007799999999999821, 0.007799999999999821, 0.007199999999999835, 0.006599999999999849, 0.007799999999999821, 0.006299999999999855, 0.005499999999999874, 0.005499999999999874, 0.004999999999999886, 0.0041999999999999035, 0.004999999999999886, 0.004699999999999893, 0.003699999999999915, 0.004099999999999906, 0.0035999999999999175, 0.0041999999999999035, 0.0022999999999999475, 0.002799999999999936, 0.002799999999999936, 0.0021999999999999494, 0.002799999999999936, 0.0022999999999999475, 0.0021999999999999494, 0.0017999999999999588, 0.001999999999999954, 0.0007999999999999817, 0.001399999999999968, 0.0015999999999999634, 0.001399999999999968, 0.0010999999999999747, 0.0005999999999999863, 0.0005999999999999863, 0.00039999999999999086, 0.00019999999999999543, 0.0014999999999999656, 0.00029999999999999314, 0.00029999999999999314, 0.00019999999999999543, 0.00029999999999999314, 9.999999999999771e-05, 9.999999999999771e-05, 0.0004999999999999885, 0.000699999999999984, 0.00029999999999999314, 9.99999999999977e-17, 9.99999999999977e-17, 9.999999999999771e-05, 9.99999999999977e-17, 0.00039999999999999086, 0.00019999999999999543, 9.99999999999977e-17, 9.999999999999771e-05, 9.999999999999771e-05, 0.00029999999999999314, 9.999999999999771e-05, 9.99999999999977e-17, 9.999999999999771e-05, 9.99999999999977e-17, 9.99999999999977e-17, 9.999999999999771e-05, 9.99999999999977e-17, 9.99999999999977e-17, 9.99999999999977e-17, 9.99999999999977e-17, 9.99999999999977e-17, 0.00019999999999999543, 9.99999999999977e-17, 9.99999999999977e-17, 9.999999999999771e-05, 9.99999999999977e-17, 9.99999999999977e-17, 9.99999999999977e-17, 9.99999999999977e-17, 9.99999999999977e-17, 9.99999999999977e-17, 9.99999999999977e-17, 9.99999999999977e-17, 9.99999999999977e-17, 9.99999999999977e-17, 9.99999999999977e-17, 9.99999999999977e-17, 9.99999999999977e-17, 9.99999999999977e-17, 9.99999999999977e-17, 9.99999999999977e-17, 9.99999999999977e-17, 9.99999999999977e-17, 9.99999999999977e-17, 9.99999999999977e-17, 9.99999999999977e-17, 9.99999999999977e-17, 9.99999999999977e-17, 9.99999999999977e-17, 9.99999999999977e-17, 9.99999999999977e-17, 9.99999999999977e-17, 9.99999999999977e-17, 9.99999999999977e-17, 9.99999999999977e-17, 9.99999999999977e-17, 9.99999999999977e-17, 9.99999999999977e-17, 9.99999999999977e-17, 9.99999999999977e-17, 9.99999999999977e-17, 9.99999999999977e-17, 9.99999999999977e-17, 