{"n_items": 600, "weights": [9.999999999999529e-17, 9.999999999999529e-17, 9.999999999999529e-17, 9.999999999999529e-17, 9.999999999999529e-17, 9.999999999999529e-17, 9.999999999999529e-17, 9.999999999999529e-17, 9.999999999999529e-17, 9.999999999999529e-17, 9.999999999999529e-17, 9.999999999999529e-17, 9.999999999999529e-17, 9.999999999999529e-17, 9.999999999999529e-17, 9.999999999999529e-17, 9.999999999999529e-17, 9.999999999999529e-17, 9.999999999999529e-17, 9.999999999999529e-17, 9.999999999999529e-17, 9.999999999999529e-17, 9.999999999999529e-17, 9.999999999999529e-17, 9.999999999999529e-17, 9.999999999999529e-17, 9.999999999999529e-17, 9.999999999999529e-17, 9.999999999999529e-17, 9.999999999999529e-17, 9.999999999999529e-17, 9.999999999999529e-17, 9.999999999999529e-17, 9.999999999999529e-17, 9.999999999999529e-17, 9.999999999999529e-17, 9.999999999999529e-17, 9.999999999999529e-17, 9.999999999999529e-05, 9.999999999999529e-17, 9.999999999999529e-17, 9.999999999999529e-17, 9.999999999999529e-17, 9.999999999999529e-17, 9.999999999999529e-17, 9.999999999999529e-17, 9.999999999999529e-17, 9.999999999999529e-17, 9.999999999999529e-17, 9.999999999999529e-17, 9.999999999999529e-17, 9.999999999999529e-17, 0.00019999999999999058, 9.999999999999529e-17, 9.999999999999529e-05, 0.00019999999999999058, 9.999999999999529e-05, 9.999999999999529e-17, 0.00019999999999999058, 9.999999999999529e-05, 0.00019999999999999058, 0.00039999999999998115, 0.00019999999999999058, 9.999999999999529e-05, 0.0002999999999999859, 9.999999999999529e-05, 0.0005999999999999718, 0.0004999999999999765, 9.999999999999529e-17, 0.0005999999999999718, 0.000699999999999967, 0.0008999999999999576, 0.0005999999999999718, 0.0012999999999999388, 0.0014999999999999293, 0.000699999999999967, 0.0014999999999999293, 0.0015999999999999246, 0.0018999999999999104, 0.0016999999999999199, 0.002899999999999863, 0.0026999999999998726, 0.0029999999999998587, 0.0034999999999998353, 0.0033999999999998398, 0.004799999999999774, 0.0034999999999998353, 0.004999999999999764, 0.004899999999999769, 0.005499999999999741, 0.005899999999999722, 0.007299999999999656, 0.007299999999999656, 0.008199999999999614, 0.008399999999999604, 0.007899999999999628, 0.009199999999999566, 0.01019999999999952, 0.011499999999999459, 0.013699999999999355, 0.011399999999999463, 0.013299999999999373, 0.012899999999999393, 0.013699999999999355, 0.015799999999999256, 0.014199999999999331, 0.014899999999999297, 0.015799999999999256, 0.016899999999999204, 0.019399999999999085, 0.01779999999999916, 0.018799999999999116, 0.02039999999999904, 0.01989999999999906, 0.021999999999998965, 0.021299999999998997, 0.02249999999999894, 0.022599999999998937, 0.02229999999999895, 0.021799999999998973, 0.020899999999999017, 0.022799999999998925, 0.02099999999999901, 0.019199999999999096, 0.02019999999999905, 0.018199999999999144, 0.019399999999999085, 0.020499999999999033, 0.01779999999999916, 0.018999999999999104, 0.018299999999999136, 0.016699999999999212, 0.018299999999999136, 0.017199999999999188, 0.014299999999999327, 0.01529999999999928, 0.013399999999999369, 0.013599999999999359, 0.013599999999999359, 0.01229999999999942, 0.013299999999999373, 0.010299999999999514, 0.011199999999999473, 0.01019999999999952, 0.0084999999999996, 0.0084999999999996, 0.008799999999999586, 0.008399999999999604, 0.0065999999999996894, 0.00529999999999975, 0.006099999999999712, 0.004399999999999793, 0.00509999999999976, 0.005999999999999717, 0.0032999999999998447, 0.0026999999999998726, 0.0031999999999998492, 0.002499999999999882, 0.002499999999999882, 0.0016999999999999199, 0.0016999999999999199, 0.0026999999999998726, 0.0016999999999999199, 0.0016999999999999199, 0.0017999999999999152, 0.000699999999999967, 0.0005999999999999718, 0.0010999999999999482, 0.0004999999999999765, 0.0002999999999999859, 0.0008999999999999576, 0.00039999999999998115, 9.999999999999529e-05, 0.00039999999999998115, 0.0002999999999999859, 0.0002999999999999859, 9.999999999999529e-05, 0.00039999999999998115, 0.0002999999999999859, 9.999999999999529e-05, 9.999999999999529e-05, 9.999999999999529e-05, 9.999999999999529e-05, 9.999999999999529e-17, 9.999999999999529e-17, 9.999999999999529e-17, 9.999999999999529e-17, 9.999999999999529e-17, 9.999999999999529e-17, 9.999999999999529e-17, 9.999999999999529e-17, 9.999999999999529e-17, 9.999999999999529e-17, 9.999999999999529e-17, 9.999999999999529e-17, 9.999999999999529e-17, 9.999999999999529e-17, 9.999999999999529e-17, 9.999999999999529e-17, 9.999999999999529e-17, 9.999999999999529e-17, 9.999999999999529e-17, 9.999999999999529e-17, 9.999999999999529e-17, 9.999999999999529e-17, 9.999999999999529e-17, 9.999999999999529e-05, 9.999999999999529e-17, 9.999999999999529e-17, 9.999999999999529e-17, 9.999999999999529e-17, 9.999999999999529e-17, 9.999999999999529e-17, 9.999999999999529e-17, 9.999999999999529e-17, 9.999999999999529e-17, 9.999999999999529e-17, 9.999999999999529e-17, 9.999999999999529e-17, 9.999999999999529e-17, 9.999999999999529e-17, 9.999999999999529e-17, 9.999999999999529e-17, 9.999999999999529e-17, 9.999999999999529e-17, 9.999999999999529e-17, 9.999999999999529e-17, 9.999999999999529e-17, 9.999999999999529e-17, 9.999999999999529e-17, 9.999999999999529e-17, 9.999999999999529e-17, 9.999999999999529e-17, 9.999999999999529e-17, 9.999999999999529e-17, 9.999999999999529e-17, 9.999999999999529e-17, 9.999999999999529e-17, 9.999999999999529e-17, 9.999999999999529e-17, 9.999999999999529e-17, 9.999999999999529e-17, 9.999999999999529e-17, 9.999999999999529e-17, 9.999999999999529e-17, 9.999999999999529e-17, 9.999999999999529e-17, 9.999999999999529e-17, 9.999999999999529e-17, 9.999999999999529e-17, 9.999999999999529e-17, 9.999999999999529e-17, 9.999999999999529e-17, 9.999999999999529e-17, 9.999999999999529e-17, 9.999999999999529e-17, 9.999999999999529e-17, 9.999999999999529e-17, 9.999999999999529e-17, 9.999999999999529e-17, 9.999999999999529e-17, 9.999999999999529e-17, 9.999999999999529e-17, 9.999999999999529e-17, 9.999999999999529e-17, 9.999999999999529e-17, 9.999999999999529e-17, 9.999999999999529e-17, 9.999999999999529e-17, 9.999999999999529e-17, 9.999999999999529e-17, 9.999999999999529e-17, 9.999999999999529e-17, 9.999999999999529e-17, 9.999999999999529e-17, 9.999999999999529e-17, 9.999999999999529e-17, 9.999999999999529e-17, 9.999999999999529e-17, 9.999999999999529e-17, 9.999999999999529e-17, 9.999999999999529e-17, 9.999999999999529e-17, 9.999999999999529e-17, 9.999999999999529e-17, 9.999999999999529e-17, 9.999999999999529e-17, 9.999999999999529e-17, 9.999999999999529e-17, 9.999999999999529e-17, 9.999999999999529e-17, 9.999999999999529e-17, 9.999999999999529e-17, 9.999999999999529e-17, 9.999999999999529e-17, 9.999999999999529e-17, 9.999999999999529e-17, 9.999999999999529e-17, 9.999999999999529e-17, 9.999999999999529e-17, 9.999999999999529e-17, 9.999999999999529e-17, 9.999999999999529e-17, 9.999999999999529e-17, 9.999999999999529e-17, 9.999999999999529e-17, 9.999999999999529e-17, 9.999999999999529e-17, 9.999999999999529e-17, 9.999999999999529e-17, 9.999999999999529e-17, 9.999999999999529e-17, 9.999999999999529e-17, 9.999999999999529e-17, 9.999999999999529e-17, 9.999999999999529e-17, 9.999999999999529e-17, 9.999999999999529e-17, 9.999999999999529e-17, 9.999999999999529e-17, 9.999999999999529e-17, 9.999999999999529e-17, 9.999999999999529e-17, 9.999999999999529e-17, 9.999999999999529e-17, 9.999999999999529e-17, 9.999999999999529e-17, 9.999999999999529e-17, 9.999999999999529e-17, 9.999999999999529e-17, 9.999999999999529e-17, 9.999999999999529e-17, 9.999999999999529e-17, 9.999999999999529e-17, 9.999999999999529e-17, 9.999999999999529e-17, 9.999999999999529e-17, 9.999999999999529e-17, 9.999999999999529e-17, 9.999999999999529e-17, 9.999999999999529e-17, 9.999999999999529e-17, 9.999999999999529e-17, 9.999999999999529e-17, 9.999999999999529e-17, 9.999999999999529e-17, 9.999999999999529e-17, 9.999999999999529e-17, 9.999999999999529e-17, 9.999999999999529e-17, 