{"n_items": 200, "weights": [9.999999999999846e-17, 9.999999999999846e-17, 9.999999999999846e-17, 9.999999999999846e-17, 9.999999999999846e-17, 9.999999999999846e-17, 9.999999999999846e-17, 9.999999999999846e-17, 9.999999999999846e-17, 9.999999999999846e-17, 9.999999999999846e-17, 9.999999999999846e-17, 9.999999999999846e-17, 9.999999999999846e-17, 9.999999999999846e-17, 9.999999999999846e-17, 9.999999999999846e-17, 9.999999999999846e-17, 9.999999999999846e-17, 9.999999999999846e-17, 9.999999999999846e-17, 9.999999999999846e-17, 9.999999999999846e-17, 9.999999999999846e-17, 9.999999999999846e-17, 9.999999999999846e-17, 9.999999999999846e-17, 9.999999999999846e-17, 9.999999999999846e-17, 9.999999999999846e-17, 9.999999999999846e-17, 9.999999999999846e-17, 9.999999999999846e-17, 9.999999999999846e-17, 9.999999999999846e-17, 9.999999999999846e-17, 9.999999999999846e-17, 9.999999999999846e-17, 9.999999999999846e-17, 9.999999999999846e-17, 9.999999999999846e-17, 9.999999999999846e-17, 9.999999999999846e-17, 9.999999999999846e-17, 9.999999999999846e-17, 9.999999999999846e-17, 9.999999999999846e-17, 9.999999999999846e-17, 9.999999999999846e-17, 9.999999999999846e-17, 9.999999999999846e-17, 9.999999999999846e-17, 9.999999999999846e-17, 9.999999999999846e-17, 9.999999999999846e-17, 9.999999999999846e-17, 9.999999999999846e-17, 9.999999999999846e-17, 9.999999999999846e-17, 9.999999999999846e-17, 9.999999999999846e-17, 9.999999999999846e-17, 9.999999999999846e-17, 9.999999999999846e-17, 9.999999999999846e-17, 9.999999999999846e-17, 9.999999999999846e-17, 9.999999999999846e-17, 9.999999999999846e-17, 9.999999999999846e-17, 9.999999999999846e-17, 9.999999999999846e-17, 9.999999999999846e-17, 9.999999999999846e-17, 9.999999999999846e-17, 9.999999999999846e-17, 9.999999999999846e-17, 9.999999999999846e-17, 9.999999999999846e-17, 9.999999999999846e-17, 9.999999999999846e-17, 9.999999999999846e-17, 9.999999999999846e-17, 9.999999999999846e-17, 9.999999999999846e-17, 9.999999999999846e-17, 9.999999999999846e-17, 9.999999999999846e-17, 9.999999999999846e-17, 9.999999999999846e-17, 9.999999999999846e-17, 9.999999999999846e-17, 9.999999999999846e-17, 9.999999999999846e-17, 9.999999999999846e-17, 9.999999999999846e-17, 9.999999999999846e-17, 9.999999999999846e-17, 9.999999999999846e-17, 9.999999999999846e-17, 9.999999999999846e-17, 9.999999999999846e-17, 9.999999999999846e-17, 9.999999999999846e-17, 9.999999999999846e-17, 9.999999999999846e-17, 9.999999999999846e-17, 9.999999999999846e-17, 9.999999999999846e-17, 9.999999999999846e-17, 9.999999999999846e-17, 9.999999999999846e-17, 9.999999999999846e-17, 9.999999999999846e-17, 9.999999999999846e-17, 9.999999999999846e-17, 9.999999999999846e-17, 9.999999999999846e-17, 9.999999999999846e-17, 9.999999999999846e-17, 9.999999999999846e-17, 9.999999999999846e-17, 9.999999999999846e-17, 9.999999999999846e-17, 9.999999999999846e-17, 9.999999999999846e-17, 9.999999999999846e-17, 9.999999999999846e-17, 9.999999999999846e-17, 9.999999999999846e-17, 9.999999999999846e-17, 9.999999999999846e-17, 9.999999999999846e-17, 9.999999999999846e-17, 9.999999999999846e-17, 9.999999999999846e-17, 9.999999999999846e-17, 9.999999999999846e-17, 9.999999999999846e-17, 9.999999999999846e-17, 9.999999999999846e-17, 9.999999999999846e-17, 9.999999999999846e-17, 9.999999999999846e-17, 9.999999999999846e-17, 9.999999999999846e-17, 9.999999999999846e-17, 9.999999999999846e-17, 9.999999999999846e-17, 9.999999999999846e-17, 9.999999999999846e-17, 9.999999999999846e-05, 9.999999999999846e-05, 9.999999999999846e-05, 0.00019999999999999692, 0.00039999999999999384, 0.0007999999999999877, 0.0017999999999999722, 0.002199999999999966, 0.0033999999999999473, 0.005599999999999913, 0.008499999999999869, 0.008599999999999866, 0.013699999999999789, 0.015599999999999758, 0.019899999999999692, 0.027699999999999572, 0.03139999999999951, 0.03969999999999939, 0.045599999999999294, 0.05069999999999922, 0.052299999999999194, 0.05679999999999912, 0.061199999999999054, 0.06309999999999902, 0.064899999999999, 0.06379999999999901, 0.06009999999999907, 0.0513999999999992, 0.04779999999999926, 0.039599999999999386, 0.037099999999999425, 0.028799999999999555, 0.026799999999999585, 0.017599999999999727, 0.015899999999999755, 0.011199999999999826, 0.008699999999999866, 0.005899999999999909, 0.004799999999999926, 0.002199999999999966, 0.0011999999999999815, 0.0006999999999999892, 0.0009999999999999846, 0.00029999999999999537, 0.0006999999999999892, 9.999999999999846e-17, 9.999999999999846e-17, 9.999999999999846e-17, 9.999999999999846e-17], "profits": [1.0, 1.0, 1.0, 1.0, 1.0, 1.0, 1.0, 1.0, 1.0, 1.0, 1.0, 1.0, 1.0, 1.0, 1.0, 1.0, 1.0, 1.0, 1.0, 1.0, 1.0, 1.0, 1.0, 1.0, 1.0, 1.0, 1.0, 1.0, 1.0, 1.0, 1.0, 1.0, 1.0, 1.0, 1.0, 1.0, 1.0, 1.0, 1.0, 1.0, 1.0, 1.0, 1.0, 1.0, 1.0, 1.0, 1.0, 1.0, 1.0, 1.0, 1.0, 1.0, 1.0, 1.0, 1.0, 1.0, 1.0, 1.0, 1.0, 1.0, 1.0, 1.0, 1.0, 1.0, 1.0, 1.0, 1.0, 1.0, 1.0, 1.0, 1.0, 1.0, 1.0, 1.0, 1.0, 1.0, 1.0, 1.0, 1.0, 1.0, 1.0, 1.0, 1.0, 1.0, 1.0, 1.0, 1.0, 1.0, 1.0, 1.0, 1.0, 1.0, 1.0, 1.0, 1.0, 1.0, 1.0, 1.0, 1.0, 1.0, 1.0, 1.0, 1.0, 1.0, 1.0, 1.0, 1.0, 1.0, 1.0, 1.0, 1.0, 1.0, 1.0, 1.0, 1.0, 1.0, 1.0, 1.0, 1.0, 1.0, 1.0, 1.0, 1.0, 1.0, 1.0, 1.0, 1.0, 1.0, 1.0, 1.0, 1.0, 1.0, 1.0, 1.0, 1.0, 1.0, 1.0, 1.0, 1.0, 1.0, 1.0, 1.0, 1.0, 1.0, 1.0, 1.0, 1.0, 1.0, 1.0, 1.0, 1.0, 1.0, 1.0, 1.0, 1.0, 1.0, 1.0, 1.0, 1.0, 1.0, 1.0, 1.0, 1.0, 1.0, 1.0, 1.0, 1.0, 1.0, 1.0, 1.0, 1.0, 1.0, 1.0, 1.0, 1.0, 1.0, 1.0, 1.0, 1.0, 1.0, 1.0, 1.0, 1.0, 1.0, 1.0, 1.0, 1.0, 1.0, 1.0, 1.0, 1.0, 1.0, 1.0, 1.0, 1.0, 1.0, 1.0, 1.0, 1.0, 1.0], "min_weight": 0.95, "max_distance": 5}