{"n_items": 400, "weights": [9.999999999999804e-17, 9.999999999999804e-17, 9.999999999999804e-17, 9.999999999999804e-17, 9.999999999999804e-17, 9.999999999999804e-17, 9.999999999999804e-17, 9.999999999999804e-17, 9.999999999999804e-17, 9.999999999999804e-17, 9.999999999999804e-17, 9.999999999999804e-17, 9.999999999999804e-17, 9.999999999999804e-17, 9.999999999999804e-17, 9.999999999999804e-17, 9.999999999999804e-17, 9.999999999999804e-17, 9.999999999999804e-17, 9.999999999999804e-17, 9.999999999999804e-17, 9.999999999999804e-17, 9.999999999999804e-17, 9.999999999999804e-17, 9.999999999999804e-17, 9.999999999999804e-17, 9.999999999999804e-17, 9.999999999999804e-17, 9.999999999999804e-17, 9.999999999999804e-17, 9.999999999999804e-17, 9.999999999999804e-17, 9.999999999999804e-17, 9.999999999999804e-17, 9.999999999999804e-17, 9.999999999999804e-17, 9.999999999999804e-17, 9.999999999999804e-17, 9.999999999999804e-17, 9.999999999999804e-17, 9.999999999999804e-17, 9.999999999999804e-17, 9.999999999999804e-17, 9.999999999999804e-17, 9.999999999999804e-17, 9.999999999999804e-17, 9.999999999999804e-17, 9.999999999999804e-17, 9.999999999999804e-05, 9.999999999999804e-17, 9.999999999999804e-17, 9.999999999999804e-17, 9.999999999999804e-17, 9.999999999999804e-05, 9.999999999999804e-17, 9.999999999999804e-17, 9.999999999999804e-17, 9.999999999999804e-17, 9.999999999999804e-05, 9.999999999999804e-17, 9.999999999999804e-17, 9.999999999999804e-05, 9.999999999999804e-17, 9.999999999999804e-05, 9.999999999999804e-17, 0.00019999999999999608, 9.999999999999804e-17, 9.999999999999804e-05, 0.00019999999999999608, 9.999999999999804e-05, 0.0002999999999999941, 0.00019999999999999608, 9.999999999999804e-05, 0.00019999999999999608, 9.999999999999804e-17, 0.0004999999999999901, 0.00019999999999999608, 0.0002999999999999941, 0.00019999999999999608, 0.0002999999999999941, 0.00019999999999999608, 0.0005999999999999882, 0.00039999999999999216, 0.0004999999999999901, 0.0006999999999999862, 0.0010999999999999784, 0.0010999999999999784, 0.0008999999999999823, 0.0010999999999999784, 0.0010999999999999784, 0.0008999999999999823, 0.0011999999999999765, 0.0009999999999999803, 0.0009999999999999803, 0.0015999999999999686, 0.0014999999999999705, 0.0018999999999999627, 0.002299999999999955, 0.0016999999999999665, 0.0019999999999999606, 0.0025999999999999487, 0.0021999999999999568, 0.0031999999999999373, 0.002499999999999951, 0.002899999999999943, 0.003099999999999939, 0.004299999999999916, 0.0038999999999999235, 0.003099999999999939, 0.003499999999999931, 0.003999999999999921, 0.004299999999999916, 0.0038999999999999235, 0.004499999999999911, 0.0037999999999999254, 0.0043999999999999135, 0.00559999999999989, 0.006699999999999868, 0.0048999999999999036, 0.0043999999999999135, 0.0058999999999998845, 0.006299999999999876, 0.005799999999999886, 0.006499999999999872, 0.007999999999999842, 0.007199999999999858, 0.007199999999999858, 0.006999999999999862, 0.007399999999999855, 0.009099999999999822, 0.006699999999999868, 0.008799999999999827, 0.008899999999999825, 0.008399999999999835, 0.009599999999999812, 0.008999999999999822, 0.007599999999999851, 0.008899999999999825, 0.010299999999999797, 0.008899999999999825, 0.008399999999999835, 0.009899999999999805, 0.009999999999999804, 0.009499999999999814, 0.010599999999999792, 0.011099999999999782, 0.010799999999999787, 0.010099999999999802, 0.008799999999999827, 0.011099999999999782, 0.010999999999999784, 0.009099999999999822, 0.010999999999999784, 0.012099999999999762, 0.010999999999999784, 0.011299999999999777, 0.0101999999999998, 0.00919999999999982, 0.010799999999999787, 0.012599999999999752, 0.011599999999999772, 0.010399999999999795, 0.010299999999999797, 0.010399999999999795, 0.011599999999999772, 0.010499999999999794, 0.009999999999999804, 0.010499999999999794, 0.010899999999999787, 0.010999999999999784, 0.010799999999999787, 0.012499999999999754, 0.010299999999999797, 0.012099999999999762, 0.010499999999999794, 0.013099999999999742, 0.012999999999999744, 0.008799999999999827, 0.009999999999999804, 0.009899999999999805, 0.00919999999999982, 0.008599999999999832, 0.00869999999999983, 0.00969999999999981, 0.011099999999999782, 0.01069999999999979, 0.008499999999999832, 0.009799999999999807, 0.009999999999999804, 0.008499999999999832, 0.006999999999999862, 0.009399999999999815, 0.00869999999999983, 0.007099999999999861, 0.008399999999999835, 0.007799999999999847, 0.0076999999999998485, 0.007599999999999851, 0.006299999999999876, 0.008599999999999832, 0.006499999999999872, 0.0076999999999998485, 0.007199999999999858, 0.007999999999999842, 0.0043999999999999135, 0.0076999999999998485, 0.005999999999999882, 0.004499999999999911, 0.00459999999999991, 0.004199999999999917, 0.0048999999999999036, 0.004499999999999911, 0.003499999999999931, 0.00409999999999992, 0.003999999999999921, 0.0031999999999999373, 0.003499999999999931, 0.003099999999999939, 0.003599999999999929, 0.0031999999999999373, 0.002999999999999941, 0.0017999999999999646, 0.0021999999999999568, 0.0025999999999999487, 0.002499999999999951, 0.0020999999999999587, 0.0021999999999999568, 0.0020999999999999587, 0.0019999999999999606, 0.0013999999999999724, 0.0016999999999999665, 0.0015999999999999686, 0.0011999999999999765, 0.0008999999999999823, 0.0009999999999999803, 0.0011999999999999765, 0.0013999999999999724, 0.00039999999999999216, 0.0005999999999999882, 0.0007999999999999843, 0.0004999999999999901, 0.00039999999999999216, 0.00039999999999999216, 0.0004999999999999901, 0.0010999999999999784, 9.999999999999804e-05, 0.00039999999999999216, 9.999999999999804e-05, 0.0006999999999999862, 0.00039999999999999216, 9.999999999999804e-05, 0.00019999999999999608, 0.00019999999999999608, 0.0002999999999999941, 0.00019999999999999608, 0.00019999999999999608, 9.999999999999804e-05, 9.999999999999804e-05, 0.00039999999999999216, 9.999999999999804e-17, 9.999999999999804e-17, 0.00019999999999999608, 9.999999999999804e-17, 9.999999999999804e-17, 9.999999999999804e-17, 9.999999999999804e-05, 9.999999999999804e-17, 9.999999999999804e-17, 9.999999999999804e-05, 0.00019999999999999608, 9.999999999999804e-17, 9.999999999999804e-05, 9.999999999999804e-17, 9.999999999999804e-05, 9.999999999999804e-17, 9.999999999999804e-17, 9.999999999999804e-17, 9.999999999999804e-17, 9.999999999999804e-17, 9.999999999999804e-17, 9.999999999999804e-17, 9.999999999999804e-17, 9.999999999999804e-17, 9.999999999999804e-17, 9.999999999999804e-17, 9.999999999999804e-17, 9.999999999999804e-17, 9.999999999999804e-17, 9.999999999999804e-17, 9.999999999999804e-17, 9.999999999999804e-17, 9.999999999999804e-17, 9.999999999999804e-17, 9.999999999999804e-17, 9.999999999999804e-17, 9.999999999999804e-17, 9.999999999999804e-17, 9.999999999999804e-17, 9.999999999999804e-17, 9.999999999999804e-17, 9.999999999999804e-17, 9.999999999999804e-17, 9.999999999999804e-17, 9.999999999999804e-17, 9.999999999999804e-17, 9.999999999999804e-17, 9.999999999999804e-17, 9.999999999999804e-17, 9.999999999999804e-17, 9.999999999999804e-17, 9.999999999999804e-17, 9.999999999999804e-17, 9.999999999999804e-17, 9.999999999999804e-17, 9.999999999999804e-17, 9.999999999999804e-17, 9.999999999999804e-17, 9.999999999999804e-17, 9.999999999999804e-17, 9.999999999999804e-17, 9.999999999999804e-17, 9.999999999999804e-17, 9.999999999999804e-17, 9.999999999999804e-17, 9.999999999999804e-17, 9.999999999999804e-17, 9.999999999999804e-17, 9.999999999999804e-17, 9.999999999999804e-17, 9.999999999999804e-17, 9.999999999999804e-17, 9.999999999999804e-17, 9.999999999999804e-17, 9.999999999999804e-17, 9.999999999999804e-17, 9.999999999999804e-17, 9.999999999999804e-17, 9.999999999999804e-17, 9.999999999999804e-17, 9.999999999999804e-17, 9.999999999999804e-17, 9.999999999999804e-17, 9.999999999999804e-17, 9.999999999999804e-17, 9.999999999999804e-17, 9.999999999999804e-17, 9.999999999999804e-17, 9.999999999999804e-17, 9.999999999999804e-17, 9.999999999999804e-17, 