{"n_items": 400, "weights": [9.999999999999769e-17, 9.999999999999769e-17, 9.999999999999769e-17, 9.999999999999769e-17, 9.999999999999769e-17, 9.999999999999769e-17, 9.999999999999769e-17, 9.999999999999769e-17, 9.999999999999769e-17, 9.999999999999769e-17, 9.999999999999769e-17, 9.999999999999769e-17, 9.999999999999769e-17, 9.999999999999769e-17, 9.999999999999769e-17, 9.999999999999769e-17, 9.999999999999769e-17, 9.999999999999769e-17, 9.999999999999769e-17, 9.999999999999769e-17, 9.999999999999769e-17, 9.999999999999769e-17, 9.999999999999769e-17, 9.999999999999769e-17, 9.999999999999769e-17, 9.999999999999769e-17, 9.999999999999769e-17, 9.999999999999769e-17, 9.999999999999769e-17, 9.999999999999769e-17, 9.999999999999769e-17, 9.999999999999769e-17, 9.999999999999769e-17, 9.999999999999769e-17, 9.999999999999769e-17, 9.999999999999769e-17, 9.999999999999769e-17, 9.999999999999769e-17, 9.999999999999769e-17, 9.999999999999769e-17, 9.999999999999769e-17, 9.999999999999769e-17, 9.999999999999769e-17, 9.999999999999769e-17, 9.999999999999769e-17, 9.999999999999769e-17, 9.999999999999769e-17, 9.999999999999769e-17, 9.999999999999769e-17, 9.999999999999769e-17, 9.999999999999769e-17, 9.999999999999769e-17, 9.999999999999769e-17, 9.999999999999769e-17, 9.999999999999769e-17, 9.999999999999769e-17, 9.999999999999769e-17, 9.999999999999769e-17, 9.999999999999769e-17, 9.999999999999769e-17, 9.999999999999769e-17, 9.999999999999769e-17, 9.999999999999769e-17, 9.999999999999769e-17, 9.999999999999769e-17, 9.999999999999769e-17, 9.999999999999769e-17, 9.999999999999769e-17, 9.999999999999769e-17, 9.999999999999769e-17, 9.999999999999769e-17, 9.999999999999769e-17, 9.999999999999769e-17, 9.999999999999769e-17, 9.999999999999769e-17, 9.999999999999769e-17, 9.999999999999769e-17, 9.999999999999769e-17, 9.999999999999769e-17, 9.999999999999769e-17, 9.999999999999769e-17, 9.999999999999769e-17, 9.999999999999769e-17, 9.999999999999769e-17, 9.999999999999769e-17, 9.999999999999769e-17, 9.999999999999769e-17, 9.999999999999769e-17, 9.999999999999769e-17, 9.999999999999769e-17, 9.999999999999769e-17, 9.999999999999769e-17, 9.999999999999769e-05, 9.999999999999769e-17, 9.999999999999769e-17, 9.999999999999769e-17, 9.999999999999769e-17, 9.999999999999769e-05, 9.999999999999769e-17, 9.999999999999769e-17, 9.999999999999769e-05, 0.00019999999999999537, 9.999999999999769e-05, 9.999999999999769e-17, 0.0002999999999999931, 9.999999999999769e-05, 9.999999999999769e-05, 0.0002999999999999931, 0.00019999999999999537, 9.999999999999769e-05, 0.00019999999999999537, 0.00019999999999999537, 0.00019999999999999537, 0.00019999999999999537, 9.999999999999769e-17, 0.0005999999999999862, 9.999999999999769e-05, 0.0006999999999999838, 0.0005999999999999862, 0.0005999999999999862, 0.0002999999999999931, 0.0002999999999999931, 0.00039999999999999075, 0.0004999999999999884, 0.0008999999999999792, 0.0007999999999999815, 0.00129999999999997, 0.0014999999999999653, 0.0011999999999999724, 0.0010999999999999747, 0.0013999999999999677, 0.0010999999999999747, 0.00129999999999997, 0.0018999999999999562, 0.0019999999999999536, 0.0023999999999999447, 0.0027999999999999354, 0.0030999999999999283, 0.0033999999999999213, 0.003199999999999926, 0.0042999999999999, 0.003999999999999907, 0.0035999999999999166, 0.003999999999999907, 0.004699999999999892, 0.003999999999999907, 0.005699999999999868, 0.006799999999999843, 0.005399999999999875, 0.006099999999999859, 0.006599999999999847, 0.006599999999999847, 0.009699999999999777, 0.006999999999999838, 0.008899999999999795, 0.007899999999999817, 0.008999999999999793, 0.009299999999999786, 0.0085999999999998, 0.009399999999999784, 0.009699999999999777, 0.00999999999999977, 0.009899999999999772, 0.011299999999999739, 0.011799999999999727, 0.011799999999999727, 0.012299999999999716, 0.011799999999999727, 0.011099999999999744, 0.013899999999999678, 0.013599999999999685, 0.013999999999999676, 0.013999999999999676, 0.013999999999999676, 0.015399999999999645, 0.01379999999999968, 0.016199999999999624, 0.017899999999999586, 0.014299999999999669, 0.014799999999999659, 0.014499999999999664, 0.01559999999999964, 0.014599999999999662, 0.015499999999999643, 0.01599999999999963, 0.018399999999999576, 0.016999999999999606, 0.017399999999999596, 0.01519999999999965, 0.015699999999999638, 0.014099999999999674, 0.014899999999999657, 0.01339999999999969, 0.015399999999999645, 0.014699999999999661, 0.01559999999999964, 0.012799999999999704, 0.01519999999999965, 0.013699999999999683, 0.011999999999999723, 0.012799999999999704, 0.012899999999999702, 0.01379999999999968, 0.010199999999999765, 0.01169999999999973, 0.010499999999999758, 0.012199999999999718, 0.010599999999999755, 0.01169999999999973, 0.00999999999999977, 0.0085999999999998, 0.009899999999999772, 0.0076999999999998224, 0.00909999999999979, 0.006699999999999845, 0.00649999999999985, 0.00779999999999982, 0.00649999999999985, 0.005799999999999866, 0.005099999999999882, 0.005099999999999882, 0.006599999999999847, 0.005899999999999864, 0.004099999999999905, 0.005299999999999878, 0.0036999999999999147, 0.0042999999999999, 0.0030999999999999283, 0.00389999999999991, 0.0030999999999999283, 0.0027999999999999354, 0.0029999999999999307, 0.003499999999999919, 0.0024999999999999424, 0.0014999999999999653, 0.0016999999999999607, 0.001599999999999963, 0.0018999999999999562, 0.0006999999999999838, 0.0005999999999999862, 0.0014999999999999653, 0.00129999999999997, 0.0008999999999999792, 0.0009999999999999768, 0.0016999999999999607, 0.0010999999999999747, 0.0005999999999999862, 0.0007999999999999815, 0.0004999999999999884, 0.0006999999999999838, 0.0002999999999999931, 0.0002999999999999931, 0.0006999999999999838, 0.0002999999999999931, 9.999999999999769e-05, 0.00019999999999999537, 0.0004999999999999884, 9.999999999999769e-05, 0.00019999999999999537, 0.0002999999999999931, 9.999999999999769e-17, 9.999999999999769e-05, 9.999999999999769e-05, 9.999999999999769e-17, 9.999999999999769e-17, 9.999999999999769e-05, 9.999999999999769e-17, 9.999999999999769e-05, 9.999999999999769e-05, 9.999999999999769e-05, 9.999999999999769e-05, 0.00019999999999999537, 9.999999999999769e-17, 9.999999999999769e-17, 9.999999999999769e-05, 9.999999999999769e-17, 9.999999999999769e-17, 9.999999999999769e-17, 9.999999999999769e-17, 9.999999999999769e-17, 9.999999999999769e-17, 9.999999999999769e-17, 9.999999999999769e-17, 9.999999999999769e-17, 9.999999999999769e-17, 9.999999999999769e-17, 9.999999999999769e-17, 9.999999999999769e-17, 9.999999999999769e-17, 9.999999999999769e-17, 9.999999999999769e-17, 9.999999999999769e-17, 9.999999999999769e-17, 9.999999999999769e-17, 9.999999999999769e-17, 9.999999999999769e-17, 9.999999999999769e-17, 9.999999999999769e-17, 9.999999999999769e-17, 9.999999999999769e-17, 9.999999999999769e-17, 9.999999999999769e-17, 9.999999999999769e-17, 9.999999999999769e-17, 9.999999999999769e-17, 9.999999999999769e-17, 9.999999999999769e-17, 9.999999999999769e-17, 9.999999999999769e-17, 9.999999999999769e-17, 9.999999999999769e-17, 9.999999999999769e-17, 9.999999999999769e-17, 9.999999999999769e-17, 9.999999999999769e-17, 9.999999999999769e-17, 9.999999999999769e-17, 9.999999999999769e-17, 9.999999999999769e-17, 9.999999999999769e-17, 9.999999999999769e-17, 9.999999999999769e-17, 9.999999999999769e-17, 9.999999999999769e-17, 9.999999999999769e-17, 9.999999999999769e-17, 9.999999999999769e-17, 9.999999999999769e-17, 9.999999999999769e-17, 9.999999999999769e-17, 9.999999999999769e-17, 9.999999999999769e-17, 9.999999999999769e-17, 9.999999999999769e-17, 9.999999999999769e-17, 9.999999999999769e-17, 9.999999999999769e-17, 9.999999999999769e-17, 9.999999999999769e-17, 9.999999999999769e-17, 9.999999999999769e-17, 9.999999999999769e-17, 9.999999999999769e-17, 9.999999999999769e-17, 9.999999999999769e-17, 9.999999999999769e-17, 9.999999999999769e-17, 9.999999999999769e-17, 9.999999999999769e-17, 9.999999999999769e-17, 9.999999999999769e-17, 