{"n_items": 600, "weights": [0.0015616955526381229, 0.001462622677495264, 0.0012902724606968815, 0.0015149696512651316, 0.001253269224824034, 0.0017380730676721237, 0.0008004412994276938, 0.0010432078023775756, 0.0009438546440652464, 0.0015131944314288914, 0.00190422924451185, 0.0022832044195766105, 0.0012510227988294317, 0.0012739501547642548, 0.0013170848903690457, 0.0009282001262075037, 0.0020171126952300694, 0.0014793098564498763, 0.0015571956516937538, 0.0014435469854218038, 0.0023878783454179195, 0.001987630957632724, 0.0016640639332127533, 0.0014344058934351088, 0.0018521181890163092, 0.0013508241836704255, 0.0017117106085930605, 0.0007873308497000301, 0.001888055267608301, 0.0019382184926546016, 0.0022842031490187724, 0.001017325734739772, 0.001926290248146083, 0.001958369192671302, 0.0024538320770247255, 0.0012010743468910648, 0.0015281971304092223, 0.0012072952587209695, 0.0017143997629735072, 0.0019231941717423773, 0.001343617397199038, 0.0016472558844440024, 0.001651966932456301, 0.0017537791713801228, 0.0019339883197001012, 0.0011543010392586197, 0.0015388400660001655, 0.0019743860798457735, 0.001983305903119653, 0.0017007118970117677, 0.001352886290930795, 0.0016304698727911996, 0.0015308180649871465, 0.001706592548789678, 0.0013398241616300597, 0.0017610002519689427, 0.0015486028209216842, 0.0016697414382513592, 0.0015940823572475717, 0.0014166196660788252, 0.001405311915887831, 0.00107656048571648, 0.0014234574313599041, 0.0019421585117989709, 0.0014171642497473088, 0.0017599469652726982, 0.0014060693249799982, 0.0010169773190892566, 0.0018252396177612415, 0.0006975880302374514, 0.0017345725502558506, 0.0017972805791905487, 0.0017285762817809169, 0.0022793614829253366, 0.0012646245300090692, 0.002723006108047802, 0.0015343442297183433, 0.0017602557853873002, 0.001747273384566348, 0.0014465291161187928, 0.0011975121000202238, 0.0018040970894425904, 0.0009813755264093745, 0.0017860643343827764, 0.0019850028120094653, 0.002113602316090808, 0.002067358532558731, 0.0019740082084834087, 0.0016457422025673725, 0.0016402950876093737, 0.0020550194815016822, 0.0011487943311619085, 0.0017660304936443227, 0.0015007180613050004, 0.0014534931193951426, 0.0020408315784869978, 0.0019891447291069514, 0.001093555582046594, 0.0016751955599550161, 0.0016309161701842708, 0.0017321526292130211, 0.0016910223503326363, 0.0016272497269501727, 0.0016339138264713064, 0.0016011192921725657, 0.0019132449816017352, 0.0015399849314397917, 0.0014568901560121116, 0.0015448791925328058, 0.0013885838950039044, 0.002008338732641568, 0.002141678134157123, 0.0015592333776299548, 0.002079916878149453, 0.001632725310807897, 0.0010473340121988951, 0.002398469112129196, 0.0016237781618244817, 0.0018711798539359148, 0.0022910753350094755, 0.000917496049446749, 0.0017458893292632068, 0.0017220112551684056, 0.0023288981843351134, 0.00149512649129845, 0.0016195004360143248, 0.001990002780165272, 0.0006754403940499377, 0.0010026916307152222, 0.002535562969334178, 0.00176990886478228, 0.0014941508610906175, 0.0019249673152589581, 0.0014662135525801577, 0.0013169373790574593, 0.0021664092428562948, 0.001756190016425581, 0.0018101349247712773, 0.0022305390537197237, 0.002367183223585413, 0.0008019919584011012, 0.0018164579546819247, 0.001316247260367756, 0.0015408412352016106, 0.001835434923997803, 0.001046157399459149, 0.001941777548911994, 0.0019084631135906826, 0.0009580658298274699, 0.0014390264289614121, 0.0017647664232983437, 0.0016294324678134038, 0.0015776874441925162, 0.0014595948218501175, 0.0016356819572146853, 0.0017229246525636971, 0.001256788058522168, 0.0016892329152103454, 0.001443872766263619, 0.0019007540115429, 0.0014250244846053589, 0.001392117451091332, 0.0019159949954367427, 0.0007849682620061048, 0.002018741960222352, 0.0020809145152659134, 0.0010165738552662133, 0.0019430596222975026, 0.0021812539040848497, 0.0009016903416141029, 0.001719733737285164, 0.0006084599769533265, 0.0022682443037070413, 0.001406232826917329, 0.0025746742406632995, 0.001816051517628547, 0.001425190501549955, 0.002142903838876284, 0.002010126626534907, 0.001609451292484815, 0.0012527551849066945, 0.0017144055981503062, 0.0011097733070406283, 0.0013046120156597382, 0.0015146235380686839, 0.0019671209197256482, 0.0014810686165856784, 0.0014874905050991784, 0.0016104588916684324, 0.0014997761712897105, 0.0020785363870567887, 0.0017362129992625336, 0.0019344514706648927, 0.0013534990290249562, 0.0020407118046632546, 0.0014748875874592724, 0.0016385032724916177, 0.0019389518178635412, 0.001524759202498177, 0.001595322136558315, 0.002978445113975347, 0.0018308705879029265, 0.001388940358176916, 0.001611423162316956, 0.0017984257624821195, 0.0015317706017022857, 0.0023368912642903104, 0.0013502882255454584, 0.002161710456580148, 0.001956500167099763, 0.0023753508280709677, 0.0014685246382175297, 0.0024211330471441183, 0.001605174268318189, 0.0017210721931946796, 0.0011779010822585553, 0.001964196902858849, 0.0015005954051928781, 0.0014756152040064847, 0.0018602480434545777, 0.001516324898253679, 0.0015557837041324165, 0.0018028154484269452, 0.001875527947226402, 0.0019266267316583481, 0.0014229132644250902, 0.002277478174832889, 0.001034623044677146, 0.001299030622716594, 0.0016543478797466295, 0.0022357549520230628, 0.0020492341154411432, 0.0018602703306699379, 0.001383695683918608, 0.0015784001065919282, 0.001558952146501855, 0.0022023793059577686, 0.0012674867314462943, 0.0014374926619971989, 0.0022287773157222066, 0.001545386456794037, 0.0013554736171063732, 0.0016306184505124526, 0.002123031043023234, 0.0017906296990765822, 0.0019449448650125135, 0.0015618393095676347, 0.001522191623684892, 0.0017341383558620654, 0.0018199287714546764, 0.0013751893996980045, 0.0014841588208697803, 0.0015797456275473123, 0.001669450538455516, 0.0011836344626637695, 0.003035030821054796, 0.00179597261400926, 0.0018085907593364352, 0.002082305874711785, 0.001440627553120093, 0.0013886603102203623, 0.0016485748126727046, 0.0022975289896991265, 0.0010030448446980346, 0.0010418372726051681, 0.0015810896025525245, 0.001827113961145501, 0.001922309861807569, 0.0010836890584863983, 0.0012846869466764843, 0.0014773612028376264, 0.001914839394075778, 0.0008752596929504652, 0.001265299512645161, 0.0004979618661057184, 0.001834512059246897, 0.0006376362769489444, 0.0016203817494768325, 0.0015197062786193214, 0.0010810637980864554, 0.0024203069633972948, 0.0014660803573362457, 0.001077701793673346, 0.0018625122532494043, 0.0006810403087967296, 0.0015156613055222045, 0.002163226927569659, 0.002177824405921991, 0.0006037597743456933, 0.0017024815938016123, 0.0012123809108095633, 0.0024004279612944344, 0.0022447771015847175, 0.0015174397644063798, 0.0020850406122401863, 0.0021658329058900166, 0.0018220849779909238, 0.0017446241283631742, 0.0018315925296874618, 0.0016987706549942503, 0.0019808762294768437, 0.0015506984955085692, 0.0013088029526076993, 0.0017825374716573211, 0.0013557098942732528, 0.0017706808678247298, 0.0017026327648300148, 0.0018359019274648046, 0.002045780549757537, 0.002064597007065636, 0.0015940940472179027, 0.0015884042759249178, 0.0016551043273557988, 0.0026521351440677472, 0.002228414652327579, 0.002092754107133654, 0.0022592493958497784, 0.0014589163077617893, 0.0011000743313259124, 0.0013680517826436095, 0.0011036751374801147, 0.0013837171996172908, 0.0019761956720010117, 0.0018496237775865241, 0.0027510379486364207, 0.0025056070889006342, 0.002291274034592521, 0.0009730563150233657, 0.0017666833740962726, 0.002080388657732034, 0.0008135157771802596, 0.0013990901597726478, 0.0010577460507869894, 0.0016668915064020746, 0.001547337840470466, 0.0013795115161096424, 0.0018856051016300811, 0.002144498455171479, 0.0012247757202154686, 0.0016788244555397565, 0.0013854495513085348, 0.0015274093623956612, 0.0014146647288812856, 0.0010420999612288167, 0.0019840539443557762, 0.0020197197629609268, 0.0018076727721931102, 0.001701232306261713, 0.0013339460993265619, 0.0013329639954938856, 