{"n_items": 200, "weights": [0.0036490266198252186, 0.00482130231220822, 0.004296852487279269, 0.005710207612711614, 0.005637420209989567, 0.0033768245077909244, 0.004702892900638292, 0.006721878232944579, 0.00313505751603027, 0.004751506907282777, 0.006335893447422089, 0.005006287809173471, 0.004608851527603671, 0.004303698753046805, 0.005126783112920764, 0.004701914645821825, 0.004206461330377082, 0.005591601139581065, 0.0038700395144477817, 0.0033143169122608436, 0.0042609924025059235, 0.0060172391002065, 0.005729948145539603, 0.0054301991680687145, 0.004630949183706669, 0.005602949285164388, 0.004788040773408749, 0.004338175722097347, 0.004114382230659151, 0.005441758942559223, 0.004310930512832816, 0.0020095194944544127, 0.004922880435797148, 0.0028516564927437366, 0.008545673610694311, 0.0036738481581887273, 0.007554285064787789, 0.007548445540343538, 0.0035583429274077425, 0.0042441133292360446, 0.0057754473973550945, 0.004865648802543729, 0.002824124852189316, 0.00491169781915216, 0.006165280622055246, 0.006547752794167277, 0.007690724739598605, 0.00529679820687575, 0.004442190111282987, 0.00555790721589786, 0.0036106529552914625, 0.0039924466755997265, 0.0037295913006295425, 0.004312777783926236, 0.006202148185648069, 0.0037451250785403675, 0.0037282182398461956, 0.0030958462411976298, 0.005504851281200502, 0.008175028829458239, 0.006423196218608374, 0.004412386903033883, 0.001624268897580694, 0.0041926776739697556, 0.004038887908859487, 0.00676159731507442, 0.0068771620312255595, 0.006439129891309466, 0.005808277965331688, 0.0053547007279164, 0.004255663452624315, 0.004063832536109932, 0.006021732215009147, 0.006651508834233521, 0.004639966865365733, 0.0052675483011993115, 0.005390169941176029, 0.004095684674890126, 0.006701543964329873, 0.005060970094450551, 0.002921019060680635, 0.005589196757907736, 0.0046614002844687814, 0.005186504282896086, 0.0038240938743349844, 0.005477892346855602, 0.005838373392409159, 0.0049988438675034165, 0.00587418413107419, 0.007053287542748365, 0.004276688412115202, 0.0048085997841451275, 0.004395449906041519, 0.004644410197663721, 0.003504133665177066, 0.005882667676724144, 0.0035156183861752544, 0.00443530977701642, 0.003395528065101232, 0.005244227383600936, 0.006111845941650394, 0.0031673314527844647, 0.005498556750908579, 0.004812153993601685, 0.0037742555917384766, 0.0064051567084755946, 0.004890022113110697, 0.0066998229464222585, 0.004693166899976321, 0.007214667086247927, 0.005247066429229611, 0.00500892662296632, 0.005876144471769266, 0.006546642988416465, 0.00582140877633643, 0.004756726659693199, 0.004822191139027774, 0.004321834290549287, 0.00620990470540131, 0.004270837788910962, 0.005328279143551366, 0.008094497403039042, 0.007020068425861971, 0.004216488539774123, 0.005596345983715822, 0.004338742020568501, 0.005996206793757017, 0.005828011530438282, 0.005352480854282613, 0.0035359394197648835, 0.005348996201189459, 0.004935018722284911, 0.00366450358422886, 0.005054066962829657, 0.00470305593130749, 0.0048479769656440365, 0.0043195788655539975, 0.002642659982779714, 0.00502840536450024, 0.006997472442379243, 0.006060872714307232, 0.0035202132928385268, 0.004996204923149225, 0.004755623905415937, 0.0015388598083328358, 0.006572644231170611, 0.004204408860995277, 0.007495523594791092, 0.005733840139432912, 0.005435799591027029, 0.005651969831540499, 0.004610555086638111, 0.006543245229435477, 0.005495193813056162, 0.00563540462701952, 0.0061523954164651885, 0.006695473856500217, 0.003966221812207797, 0.0036554292106468515, 0.007620957936102236, 0.0040680695983976, 0.003227585580006945, 0.006221337454933895, 0.005768281497634923, 0.00500803013708273, 0.0041212895854604034, 0.005565865385945918, 0.002480284660844087, 0.0043727447314244345, 0.004711665752578734, 0.005800572692659355, 0.004085175505295679, 0.006435592756082165, 0.006109343001739368, 0.005288690862039876, 0.004652229250204557, 0.004084802132549468, 0.004321969803409493, 0.0056689909307466695, 0.006978339424289577, 0.005077302436465282, 0.006476354172720536, 0.005136880538075863, 0.0019834460091242307, 0.005015295769601519, 0.005045285504733861, 0.00572666751213091, 0.00464341307868466, 0.005969440649364277, 0.0037205165764824166, 0.003040847772510112, 0.0051373798963859334, 0.003752302106718634, 0.004430030569972285, 0.004617565508573711, 0.0047069055144208765, 0.005501348949229401, 0.005077692527679985, 0.002675700801465186, 0.004730724627440875], "profits": [1.0, 1.0, 1.0, 1.0, 1.0, 1.0, 1.0, 1.0, 1.0, 1.0, 1.0, 1.0, 1.0, 1.0, 1.0, 1.0, 1.0, 1.0, 1.0, 1.0, 1.0, 1.0, 1.0, 1.0, 1.0, 1.0, 1.0, 1.0, 1.0, 1.0, 1.0, 1.0, 1.0, 1.0, 1.0, 1.0, 1.0, 1.0, 1.0, 1.0, 1.0, 1.0, 1.0, 1.0, 1.0, 1.0, 1.0, 1.0, 1.0, 1.0, 1.0, 1.0, 1.0, 1.0, 1.0, 1.0, 1.0, 1.0, 1.0, 1.0, 1.0, 1.0, 1.0, 1.0, 1.0, 1.0, 1.0, 1.0, 1.0, 1.0, 1.0, 1.0, 1.0, 1.0, 1.0, 1.0, 1.0, 1.0, 1.0, 1.0, 1.0, 1.0, 1.0, 1.0, 1.0, 1.0, 1.0, 1.0, 1.0, 1.0, 1.0, 1.0, 1.0, 1.0, 1.0, 1.0, 1.0, 1.0, 1.0, 1.0, 1.0, 1.0, 1.0, 1.0, 1.0, 1.0, 1.0, 1.0, 1.0, 1.0, 1.0, 1.0, 1.0, 1.0, 1.0, 1.0, 1.0, 1.0, 1.0, 1.0, 1.0, 1.0, 1.0, 1.0, 1.0, 1.0, 1.0, 1.0, 1.0, 1.0, 1.0, 1.0, 1.0, 1.0, 1.0, 1.0, 1.0, 1.0, 1.0, 1.0, 1.0, 1.0, 1.0, 1.0, 1.0, 1.0, 1.0, 1.0, 1.0, 1.0, 1.0, 1.0, 1.0, 1.0, 1.0, 1.0, 1.0, 1.0, 1.0, 1.0, 1.0, 1.0, 1.0, 1.0, 1.0, 1.0, 1.0, 1.0, 1.0, 1.0, 1.0, 1.0, 1.0, 1.0, 1.0, 1.0, 1.0, 1.0, 1.0, 1.0, 1.0, 1.0, 1.0, 1.0, 1.0, 1.0, 1.0, 1.0, 1.0, 1.0, 1.0, 1.0, 1.0, 1.0, 1.0, 1.0, 1.0, 1.0, 1.0, 1.0], "min_weight": 0.95, "max_distance": 2}