{"n_items": 200, "weights": [9.999999999999888e-17, 9.999999999999888e-17, 9.999999999999888e-17, 9.999999999999888e-17, 9.999999999999888e-17, 9.999999999999888e-17, 9.999999999999888e-17, 9.999999999999888e-17, 9.999999999999888e-17, 9.999999999999888e-17, 9.999999999999888e-17, 9.999999999999888e-17, 9.999999999999888e-17, 9.999999999999888e-17, 9.999999999999888e-17, 9.999999999999888e-17, 9.999999999999888e-17, 9.999999999999888e-17, 9.999999999999888e-17, 9.999999999999888e-17, 9.999999999999888e-17, 9.999999999999888e-17, 9.999999999999888e-17, 9.999999999999888e-17, 9.999999999999888e-17, 9.999999999999888e-17, 9.999999999999888e-17, 9.999999999999888e-17, 9.999999999999888e-17, 9.999999999999888e-17, 9.999999999999888e-17, 9.999999999999888e-17, 9.999999999999888e-17, 9.999999999999888e-17, 9.999999999999888e-17, 9.999999999999888e-17, 9.999999999999888e-17, 9.999999999999888e-17, 9.999999999999888e-17, 9.999999999999888e-17, 9.999999999999888e-17, 9.999999999999888e-17, 9.999999999999888e-17, 9.999999999999888e-17, 9.999999999999888e-17, 9.999999999999888e-17, 9.999999999999888e-17, 9.999999999999888e-17, 9.999999999999888e-17, 9.999999999999888e-17, 9.999999999999888e-17, 9.999999999999888e-17, 9.999999999999888e-17, 9.999999999999888e-17, 9.999999999999888e-17, 9.999999999999888e-17, 9.999999999999888e-17, 9.999999999999888e-17, 9.999999999999888e-17, 9.999999999999888e-17, 9.999999999999888e-17, 9.999999999999888e-17, 9.999999999999888e-17, 9.999999999999888e-17, 9.999999999999888e-17, 9.999999999999888e-17, 9.999999999999888e-17, 9.999999999999888e-17, 9.999999999999888e-17, 9.999999999999887e-05, 9.999999999999888e-17, 9.999999999999887e-05, 9.999999999999887e-05, 9.999999999999888e-17, 0.00019999999999999773, 0.00039999999999999547, 0.0006999999999999921, 0.0010999999999999875, 0.0016999999999999808, 0.0018999999999999785, 0.002499999999999972, 0.00439999999999995, 0.006699999999999925, 0.006999999999999921, 0.008499999999999903, 0.01239999999999986, 0.014099999999999842, 0.017899999999999798, 0.02119999999999976, 0.021799999999999754, 0.0267999999999997, 0.027099999999999694, 0.03309999999999963, 0.027299999999999693, 0.033399999999999624, 0.03089999999999965, 0.028699999999999677, 0.026999999999999694, 0.026299999999999702, 0.02369999999999973, 0.019599999999999777, 0.016999999999999807, 0.01329999999999985, 0.010999999999999876, 0.0076999999999999135, 0.008699999999999902, 0.003899999999999956, 0.003999999999999955, 0.0020999999999999765, 0.002499999999999972, 0.0007999999999999909, 0.0009999999999999887, 0.00039999999999999547, 0.00039999999999999547, 0.0004999999999999944, 0.00039999999999999547, 0.0002999999999999966, 0.00039999999999999547, 0.0010999999999999875, 0.0005999999999999932, 0.0015999999999999819, 0.0018999999999999785, 0.003899999999999956, 0.0033999999999999616, 0.006699999999999925, 0.00709999999999992, 0.010299999999999884, 0.012499999999999858, 0.019299999999999783, 0.018999999999999784, 0.02119999999999976, 0.024899999999999717, 0.02919999999999967, 0.030099999999999662, 0.03089999999999965, 0.0355999999999996, 0.030599999999999655, 0.02919999999999967, 0.02919999999999967, 0.023599999999999732, 0.024399999999999724, 0.02299999999999974, 0.019799999999999776, 0.010899999999999877, 0.012299999999999861, 0.010099999999999887, 0.008599999999999903, 0.004499999999999949, 0.003999999999999955, 0.0026999999999999694, 0.0020999999999999765, 0.0014999999999999831, 0.0010999999999999875, 0.0006999999999999921, 0.0002999999999999966, 0.0002999999999999966, 0.00019999999999999773, 0.0002999999999999966, 9.999999999999888e-17, 0.00019999999999999773, 9.999999999999888e-17, 9.999999999999888e-17, 9.999999999999888e-17, 9.999999999999888e-17, 9.999999999999888e-17, 9.999999999999888e-17, 9.999999999999888e-17, 9.999999999999888e-17, 9.999999999999888e-17, 9.999999999999888e-17, 9.999999999999888e-17, 9.999999999999888e-17, 9.999999999999888e-17, 9.999999999999888e-17, 9.999999999999888e-17, 9.999999999999888e-17, 9.999999999999888e-17, 9.999999999999888e-17, 9.999999999999888e-17, 9.999999999999888e-17, 9.999999999999888e-17, 9.999999999999888e-17, 9.999999999999888e-17, 9.999999999999888e-17, 9.999999999999888e-17, 9.999999999999888e-17, 9.999999999999888e-17, 9.999999999999888e-17, 9.999999999999888e-17, 9.999999999999888e-17, 9.999999999999888e-17, 9.999999999999888e-17, 9.999999999999888e-17, 9.999999999999888e-17, 9.999999999999888e-17, 9.999999999999888e-17, 9.999999999999888e-17, 9.999999999999888e-17, 9.999999999999888e-17, 9.999999999999888e-17],