{"n_items": 200, "weights": [9.999999999999967e-17, 9.999999999999967e-17, 9.999999999999967e-17, 9.999999999999967e-17, 9.999999999999967e-17, 9.999999999999967e-17, 9.999999999999967e-17, 9.999999999999967e-17, 9.999999999999967e-17, 9.999999999999967e-17, 9.999999999999967e-17, 9.999999999999967e-17, 9.999999999999967e-17, 9.999999999999967e-05, 9.999999999999967e-17, 9.999999999999967e-05, 9.999999999999967e-17, 9.999999999999967e-17, 9.999999999999967e-17, 9.999999999999967e-17, 9.999999999999967e-17, 9.999999999999967e-05, 9.999999999999967e-05, 9.999999999999967e-17, 9.999999999999967e-05, 9.999999999999967e-05, 0.000299999999999999, 0.000299999999999999, 9.999999999999967e-17, 0.000299999999999999, 0.00019999999999999933, 9.999999999999967e-05, 0.000299999999999999, 0.000299999999999999, 9.999999999999967e-05, 0.000299999999999999, 0.0007999999999999973, 0.000599999999999998, 0.00039999999999999866, 0.0006999999999999977, 0.0007999999999999973, 0.000899999999999997, 0.00039999999999999866, 0.0004999999999999984, 0.0004999999999999984, 0.000599999999999998, 0.0009999999999999968, 0.0012999999999999958, 0.000599999999999998, 0.0006999999999999977, 0.001799999999999994, 0.0010999999999999964, 0.0010999999999999964, 0.001499999999999995, 0.001799999999999994, 0.0022999999999999926, 0.002499999999999992, 0.0022999999999999926, 0.0015999999999999947, 0.0028999999999999907, 0.00309999999999999, 0.003699999999999988, 0.0043999999999999855, 0.002799999999999991, 0.003399999999999989, 0.005299999999999983, 0.004199999999999986, 0.004999999999999984, 0.003999999999999987, 0.005199999999999983, 0.006999999999999977, 0.004599999999999985, 0.007399999999999976, 0.007699999999999975, 0.006599999999999978, 0.007099999999999977, 0.007599999999999975, 0.008199999999999973, 0.008699999999999972, 0.009899999999999968, 0.008099999999999974, 0.010299999999999965, 0.010999999999999965, 0.007999999999999974, 0.010499999999999966, 0.012199999999999961, 0.011899999999999961, 0.011399999999999962, 0.010199999999999966, 0.013499999999999956, 0.014499999999999952, 0.01239999999999996, 0.012999999999999958, 0.014399999999999953, 0.015299999999999949, 0.013899999999999954, 0.016099999999999948, 0.01549999999999995, 0.014699999999999953, 0.016799999999999943, 0.01839999999999994, 0.01539999999999995, 0.014199999999999954, 0.01769999999999994, 0.01509999999999995, 0.016499999999999945, 0.017599999999999942, 0.01519999999999995, 0.014199999999999954, 0.01569999999999995, 0.013799999999999955, 0.01769999999999994, 0.013399999999999955, 0.016099999999999948, 0.014899999999999951, 0.019299999999999935, 0.012799999999999957, 0.013499999999999956, 0.014399999999999953, 0.01569999999999995, 0.013199999999999957, 0.012699999999999958, 0.01229999999999996, 0.010099999999999967, 0.012199999999999961, 0.011699999999999962, 0.01229999999999996, 0.011799999999999962, 0.010699999999999965, 0.008799999999999971, 0.00899999999999997, 0.010099999999999967, 0.008399999999999972, 0.008599999999999972, 0.008299999999999972, 0.008499999999999973, 0.007099999999999977, 0.006899999999999977, 0.007999999999999974, 0.007599999999999975, 0.006599999999999978, 0.005199999999999983, 0.0060999999999999804, 0.005599999999999982, 0.00599999999999998, 0.0043999999999999855, 0.0038999999999999872, 0.00309999999999999, 0.003999999999999987, 0.004599999999999985, 0.003399999999999989, 0.00309999999999999, 0.003299999999999989, 0.002499999999999992, 0.0021999999999999928, 0.002399999999999992, 0.0016999999999999945, 0.0021999999999999928, 0.001499999999999995, 0.0010999999999999964, 0.0018999999999999937, 0.0015999999999999947, 0.000899999999999997, 0.0006999999999999977, 0.0007999999999999973, 0.0007999999999999973, 0.0009999999999999968, 0.0007999999999999973, 0.00039999999999999866, 0.0006999999999999977, 0.0004999999999999984, 0.0006999999999999977, 0.0007999999999999973, 0.00019999999999999933, 0.00039999999999999866, 9.999999999999967e-17, 0.00019999999999999933, 0.0006999999999999977, 0.000299999999999999, 0.000599999999999998, 0.000299999999999999, 0.000299999999999999, 0.00019999999999999933, 9.999999999999967e-17, 0.00019999999999999933, 0.000299999999999999, 9.999999999999967e-05, 0.000299999999999999, 9.999999999999967e-17, 9.999999999999967e-05, 9.999999999999967e-17, 9.999999999999967e-05, 0.00019999999999999933, 9.999999999999967e-17, 9.999999999999967e-17, 9.999999999999967e-17, 9.999999999999967e-17, 9.999999999999967e-17, 9.999999999999967e-17, 9.999999999999967e-17], "profits": [1.0, 1.0, 1.0, 1.0, 1.0, 1.0, 1.0, 1.0, 1.0, 1.0, 1.0, 1.0, 1.0, 1.0, 1.0, 1.0, 1.0, 1.0, 1.0, 1.0, 1.0, 1.0, 1.0, 1.0, 1.0, 1.0, 1.0, 1.0, 1.0, 1.0, 1.0, 1.0, 1.0, 1.0, 1.0, 1.0, 1.0, 1.0, 1.0, 1.0, 1.0, 1.0, 1.0, 1.0, 1.0, 1.0, 1.0, 1.0, 1.0, 1.0, 1.0, 1.0, 1.0, 1.0, 1.0, 1.0, 1.0, 1.0, 1.0, 1.0, 1.0, 1.0, 1.0, 1.0, 1.0, 1.0, 1.0, 1.0, 1.0, 1.0, 1.0, 1.0, 1.0, 1.0, 1.0, 1.0, 1.0, 1.0, 1.0, 1.0, 1.0, 1.0, 1.0, 1.0, 1.0, 1.0, 1.0, 1.0, 1.0, 1.0, 1.0, 1.0, 1.0, 1.0, 1.0, 1.0, 1.0, 1.0, 1.0, 1.0, 1.0, 1.0, 1.0, 1.0, 1.0, 1.0, 1.0, 1.0, 1.0, 1.0, 1.0, 1.0, 1.0, 1.0, 1.0, 1.0, 1.0, 1.0, 1.0, 1.0, 1.0, 1.0, 1.0, 1.0, 1.0, 1.0, 1.0, 1.0, 1.0, 1.0, 1.0, 1.0, 1.0, 1.0, 1.0, 1.0, 1.0, 1.0, 1.0, 1.0, 1.0, 1.0, 1.0, 1.0, 1.0, 1.0, 1.0, 1.0, 1.0, 1.0, 1.0, 1.0, 1.0, 1.0, 1.0, 1.0, 1.0, 1.0, 1.0, 1.0, 1.0, 1.0, 1.0, 1.0, 1.0, 1.0, 1.0, 1.0, 1.0, 1.0, 1.0, 1.0, 1.0, 1.0, 1.0, 1.0, 1.0, 1.0, 1.0, 1.0, 1.0, 1.0, 1.0, 1.0, 1.0, 1.0, 1.0, 1.0, 1.0, 1.0, 1.0, 1.0, 1.0, 1.0, 1.0, 1.0, 1.0, 1.0, 1.0, 1.0], "min_weight": 0.95, "max_distance": 2}