{"n_items": 400, "weights": [0.002255828749629026, 0.0034052717250902744, 0.0027889737426883576, 0.0015376169789433282, 0.002525494177741816, 0.0024881689271549923, 0.0030380745384528773, 0.002626992133914621, 0.0026612530127591875, 0.0019994951218509503, 0.0017084333908857364, 0.001707094420549438, 0.0025196678814574124, 0.0024758565308683447, 0.0018846166738828586, 0.0014147348117540832, 0.0019626547977341395, 0.001986615681894856, 0.00224743166230535, 0.0034479369329569556, 0.002464026789772898, 0.0018218296585431094, 0.0017693696122499578, 0.0027511199590047, 0.0022433760172337475, 0.001153054962176448, 0.003042258645380811, 0.002434596964412832, 0.0024889756139595707, 0.0032138080087798703, 0.0022845918294602738, 0.0034469794955296457, 0.003933215721646695, 0.0037401690585002344, 0.003776221019562194, 0.0025375002517777465, 0.002710092228929529, 0.00185907759740092, 0.002418242299449033, 0.003521179062027092, 0.0014879917224628978, 0.0028842203382370532, 0.0023690770119688697, 0.003161581171354869, 0.0021523657352188075, 0.0028877820903790608, 0.002103558927032487, 0.0018519356663188927, 0.0008366593721757176, 0.0029392593964817047, 0.002323075393384292, 0.002667466471538811, 0.002436124653553119, 0.002275363740980837, 0.0022425612177569445, 0.0028174018949070705, 0.0027571374569567283, 0.0021270521672799993, 0.0028932605710402415, 0.002117016324854822, 0.0031172830307366764, 0.0027450987213602533, 0.0018054209109307912, 0.0019874557247421937, 0.001946737681812304, 0.002957027696028738, 0.001242713508614004, 0.002550566194411855, 0.0015788984613597777, 0.0029383006067560417, 0.002726406526399789, 0.002770956752869254, 0.0022357901332418243, 0.0032698346975682606, 0.0027838734708608135, 0.0015118213397177682, 0.002942143408781707, 0.002403788766429405, 0.0014782607319344108, 0.0031973875021846774, 0.0034352801188504553, 0.0023986461062609986, 0.00270898801734135, 0.002695571670088072, 0.0028109287645563816, 0.002638398596184529, 0.003415957451089396, 0.002752940032367874, 0.0018945361328006264, 0.002810040387229034, 0.003069400944767968, 0.0013425887407194617, 0.0030017959224518803, 0.001458997407960323, 0.0023234750169884894, 0.003340335177009442, 0.002254167204880463, 0.002625836470133644, 0.003477241145028175, 0.0025616707907544045, 0.002350149387703855, 0.002502526955656555, 0.0028977423872925245, 0.0024222552892423244, 0.002555807326125765, 0.002678589762795573, 0.002102183488042918, 0.0016155447607705913, 0.0029933222019215243, 0.002561918672386841, 0.0023567104349215004, 0.002592190495850321, 0.003069907341307256, 0.0012781823788268715, 0.0032722040944181546, 0.0024334765169123137, 0.0021348112098236367, 0.001763221959357591, 0.0016074411908552813, 0.0021108814649359042, 0.0019389282848711544, 0.0017058869191254036, 0.00197113572114626, 0.002508919635881312, 0.002591679168924522, 0.0030251857902642526, 0.0026982031681091812, 0.0020770869682138022, 0.0016998571216527115, 0.002090149066982404, 0.0017908197467719487, 0.0030460250368887208, 0.002085417197995385, 0.0018360611372378653, 0.0020331990890248976, 0.002730195747044338, 0.002214419846144505, 0.0026161042206896065, 0.0025738145715065125, 0.0029304669657208857, 0.0019191224116887188, 0.0022103193663420306, 0.002855071109626669, 0.0026607356771424897, 0.0034371305302648442, 0.0027059437233894383, 0.002189404119335845, 0.002124558243424286, 0.0024092931465399957, 0.002908768065943376, 0.001260272247519966, 0.0030427583363193417, 0.002058370828807811, 0.0028797240030124997, 0.0025348226764753267, 0.0023432512518689486, 0.0022772097985223057, 0.0021382609119310098, 0.0016390287721480934, 0.0024204113847085726, 0.004372425749907279, 0.001967528320829706, 0.0009367883296695845, 0.002353033434777942, 0.0011734684631654322, 0.0032620705573485555, 0.002136549148461966, 0.004337067838932596, 0.0023466782616364465, 0.0038718744957193436, 0.0016100696240388091, 0.0020414746785982056, 0.0028759967551884886, 0.002592651788054477, 0.0021316234026257422, 0.0019001102579151907, 0.00223760275725942, 0.002797648243936728, 0.003139921930731846, 0.0029940615234830743, 0.001398968383282917, 0.0024246207373886906, 0.003100739695155667, 0.0024446138774382254, 0.002934101154992472, 0.001842206325254237, 0.002689700883442171, 0.0033438493877034252, 0.002769550966591992, 0.002292786663041053, 0.0031775152813299417, 0.002756159162143402, 0.002390474656560394, 0.002944588853088092, 0.0027869012019443038, 0.0023617366646420277, 0.002020683243190544, 0.00140577160279504, 0.00207608913752504, 0.0028717461479672948, 0.002709567147253203, 0.002685784889140228, 0.0021610673907980593, 0.00283471576760395, 0.0021142018645855026, 0.0023440070507925984, 0.003460453959517327, 0.0034011061747958376, 0.0024848763988306525, 0.003474204467120454, 0.002909080863934071, 0.0022313430718100477, 0.001212098971545484, 0.0026628493795898623, 0.0034044417178169806, 0.001325375539575568, 0.003946744721533164, 0.0011148973576765565, 0.0028589798816598044, 0.002247461218929305, 0.0035142966095443318, 0.0024559033914603083, 0.001966273170373298, 0.002246103561102516, 0.002589191178720725, 0.0020506682868435887, 0.0045146442372855315, 0.003162259139839926, 0.0022077641411651825, 0.004264884494356973, 0.0028555247206122234, 0.0032521421902881177, 0.0020896686462207464, 0.0034841976943633182, 0.0029090917507264046, 0.0019553003081087938, 0.0023004811518824103, 0.0014860360751520981, 0.0025297568688798762, 0.002042240148323274, 0.002402170203795392, 0.0023266576303357907, 0.002988356136836789, 0.0025444271963512366, 0.001795035340120616, 0.002648174672858784, 0.001875535242368576, 0.002933778350215102, 0.002337471723037382, 0.0030959402393093576, 0.002779895205572835, 0.0030424327092875335, 0.003426045678281801, 0.00320707091818353, 0.0023265098606161565, 0.0025560046883015106, 0.0021452759615564155, 0.0027988894587535596, 0.0030196323822184496, 0.0033513969833016987, 0.002849512025332577, 0.0025995869496792698, 0.0029089398367627773, 0.0032143907945407116, 0.0019658680829912805, 0.0020251168839164587, 0.001599619730419151, 0.002237945560602911, 0.001940995779411974, 0.0023957388409485084, 0.0016923723054721642, 0.0027838754762075572, 0.002984482450030243, 0.002390712146548252, 0.0018593889289929186, 0.0022093304958532645, 0.002484019926937878, 0.0021100935419708844, 0.0025559050319426753, 0.00224179434382546, 0.0015362606811057072, 0.0028602234669798227, 0.0021780470112767315, 0.0023538511973429776, 0.00263736680404882, 0.0022404010087110895, 0.0020377676257810535, 0.0021700626395169623, 0.0017792194776922738, 0.0019018943135710726, 0.0018484921008264414, 0.0022167598962473953, 0.0015000586904513095, 0.00149954365984895, 0.002285283244276889, 0.0018445268950317087, 0.001788892876406824, 0.002813620593420907, 0.0031545006519297387, 0.0032872651059355986, 0.0026288858856659382, 0.0031984745302908687, 0.003487089830682633, 0.0025805794661842322, 0.0011199792558154217, 0.0023048862605417318, 0.002518116928651506, 0.0029493200894845435, 0.0026613233091531555, 0.002352115091603959, 0.0013123332569422443, 0.0017591376718553435, 0.0006289521519901551, 0.0029099213129423315, 0.0030487597874419704, 0.0029736489680163925, 0.00266392974295427, 0.003474195018998201, 0.0031249923115452185, 0.001908337787766405, 0.0028999360783940075, 0.0032239411676751755, 0.0022396903305988668, 0.0028458409103144385, 0.0034477429287491524, 0.0025435116466794114, 0.002212392193838241, 0.003404286168201372, 0.0032306903308062093, 0.003128856868385221, 0.001750643283604072, 0.0029091230663533317, 0.0024877185953887707, 0.0018653209109797517, 0.001483147293884438, 0.0021988800984564603, 0.0022935093537759027, 0.002922544350064503, 0.001996335716982919, 0.002199975710400899, 0.0032401655349397133, 0.0028747764008773655, 0.002817707516712416, 0.0024141327886821762, 0.003502861417988158, 0.0024213891995133116, 0.0023662402999001914, 0.0025655923576824754, 0.0014651682350607814, 0.0018907295596997116, 0.0021039440160490258, 0.0020991934803223783, 0.002480105051784258, 