{"n_items": 600, "weights": [0.002000295434013981, 0.002577489072555775, 0.0009833834325187096, 0.002013029740183137, 0.0004723331324583055, 0.0012376651152830288, 0.0021969932051540864, 0.0019051374200996557, 0.002384166904285769, 0.001420939816151828, 0.002048803258591407, 0.0008170688520440296, 0.002015541087794506, 0.0018747832467847839, 0.002403111890584123, 0.0015125273028249587, 0.001364088527839701, 0.001433217692903736, 0.002022433399773797, 0.0016619404878155926, 0.0017531869089578817, 0.0015780739802084432, 0.0011973460846168061, 0.0020842541799088073, 0.0022641648434378915, 0.002553181966943577, 0.0011670283418956727, 0.001593139674592044, 0.0019689501263329312, 0.0009652902793737818, 0.001667910938938153, 0.000840039314842716, 0.0010391381189959622, 0.0016754664603798443, 0.0014590268961824637, 0.0013872112458335679, 0.0027843936760917824, 0.001552682936673477, 0.0016926852676234947, 0.0013453664642052744, 0.000934758374698455, 0.0020398594964686906, 0.0017186511056886847, 0.0021042052548913867, 0.0016773170630186665, 0.0019423723115336259, 0.0018361496451776275, 0.0015105470773129335, 0.0017389874978356182, 0.0023561181180599086, 0.0017785575276206647, 0.001593024980031157, 0.0018298324789620911, 0.0019851997674339415, 0.0015828395818602663, 0.002084472561754442, 0.0019410106275814696, 0.0013922719188907055, 0.001199282887365972, 0.0013721613862749864, 0.0008430679187023778, 0.0009600246279835376, 0.001967334014188635, 0.0016497881946594215, 0.002054295686786661, 0.0017574147444057412, 0.0026057669548240872, 0.0019966641362206996, 0.0009098767831893708, 0.002135460225352844, 0.001908147437163157, 0.001270125675405708, 0.00126628216941768, 0.0018523012634181805, 0.0010259837897491958, 0.0015156064849592497, 0.0018087930690340078, 0.002454225068897709, 0.001882146712870368, 0.0018717045039310248, 0.0010864115749878503, 0.002222356532206156, 0.002304760013806097, 0.001470202628980208, 0.001218156985744688, 0.00136617215658364, 0.0022681021021735224, 0.0017675821870592953, 0.0013674558069098222, 0.0020801331662612574, 0.0017247031787118313, 0.0014467143464130866, 0.0014313564845558151, 0.0024813600478171102, 0.0009661722802612802, 0.0022772827437020694, 0.001597073765425392, 0.0009153270140140363, 0.0018139263266582298, 0.0011091568094677067, 0.0019084763905462803, 0.0015560141241288562, 0.0022142026039300602, 0.002151302094198894, 0.001495923616627066, 0.001631307025943111, 0.0011326214751677952, 0.001322565299550039, 0.0016272831168389422, 0.0019632443513890904, 0.0013090840437386688, 0.0009667282145411974, 0.0008358187383182677, 0.001370039567507767, 0.0022298957486335115, 0.0024587778628089403, 0.0015939808831416417, 0.0023040285678633705, 0.0020742567929618034, 0.0015996687736258167, 0.001968526019476235, 0.0012940249800529496, 0.0015764665989798383, 0.0009681434088554421, 0.0016936267296151504, 0.0017591756755939928, 0.0016566491068618439, 0.0018079734816176542, 0.0015846098044698918, 0.001832034750451339, 0.0016847601412445826, 0.001796526333230536, 0.002006279915163789, 0.0014631170497680572, 0.0010805828601265788, 0.002430284678490081, 0.0015537137890390743, 0.0015288875974939326, 0.0015542372333298925, 0.0020665320330126077, 0.0020531934483828994, 0.0015380488452516538, 0.0019439509346578178, 0.0018956859825733146, 0.00120454807544055, 0.0018854487474907339, 0.0020040840831588103, 0.0014027117212307893, 0.001126877415618489, 0.001188174754994226, 0.0022049075012659713, 0.0018647245346367894, 0.002206188683885347, 0.002199352600417142, 0.001835923268694494, 0.0025829617205809403, 0.002334352626658693, 0.0012203773903775562, 0.0017928487708869505, 0.001810990653639433, 0.001968423161993547, 0.0025967458272927782, 0.0012192833933925898, 0.0007141204624656585, 0.0015073876166794289, 0.0017305476364718384, 0.0018209536454818539, 0.0017701194742414327, 0.0012405093991255, 0.0012349424475972494, 0.002231346702332773, 0.0016782565597473745, 0.0010119518164482526, 0.0015937111686647656, 0.002204656121189519, 0.00196243914213361, 0.0010618774332056614, 0.001409076276010081, 0.0011468352505040209, 0.0016051547055542159, 0.0017215781991218359, 0.0016717748584651338, 0.0017160680824310796, 0.0014626912058059666, 0.0015848903062933547, 0.0015970340266830126, 0.0017478007477089838, 0.0019063293121732118, 0.0018666161456506727, 0.0011062164071919153, 0.0016663380411851092, 0.0018846928671516455, 0.0015826098684807513, 0.001958262493118903, 0.0016474218822018507, 0.0015560786906060457, 0.0014490134383981117, 0.0014416373154557485, 0.002153315775771594, 0.00132433094637214, 0.0012160747018383365, 0.0016860720596591661, 0.0012723165977108135, 0.001761161160807684, 0.0013146087555979266, 0.001777137038704938, 0.0019691078314288475, 0.0013691491108224353, 0.0019739894131045816, 0.001775203481883836, 0.0019793485418956058, 0.0009392554574435052, 0.0024718333103819694, 0.00139417862067796, 0.0011375047395881866, 0.0016728563137037003, 0.0017039452564166608, 0.0012497684482916556, 0.0015407329362238033, 0.0021034399351585577, 0.0017141910756211108, 0.0017568494311229167, 0.001876377520232556, 0.001438990145695898, 0.002148793898550783, 0.002069436761832985, 0.0024044424580305602, 0.0015567248266634116, 0.0023231903846868815, 0.0018747745212372843, 0.0015564841674671303, 0.001379588270549446, 0.0020639372513044847, 0.0016626829918505329, 0.0017887818633080645, 0.0012595558078592778, 0.0013399356225258193, 0.0025026348291582157, 0.0021358632592362514, 0.0012439410948955002, 0.0015249364704592477, 0.002540989856305774, 0.0019440474896167993, 0.002207008903585626, 0.0013988654116331638, 0.002119661134281737, 0.002113568469529149, 0.0013356764955067427, 0.0010663873907740377, 0.0019515144995239243, 0.001289015759015103, 0.0020214195822856225, 0.002050653869464582, 0.0008444960120064607, 0.0010897108928968435, 0.002018434311730235, 0.0007352297840602783, 0.001469711349349983, 0.001828531869752158, 0.0019051293611303097, 0.0013599074337575655, 0.002132304092103946, 0.0017822217415404608, 0.0018518684844851913, 0.0012693275507148296, 0.001246042957876608, 0.0013017013862456348, 0.0020628506444292137, 0.0019943883248497865, 0.0014357370195907386, 0.001965311464956253, 0.0013719561686217736, 0.001959315024863928, 0.0018599911043931797, 0.001705825628065373, 0.0019350597617006505, 0.0015771073480281392, 0.0013806415388496244, 0.0022681646732708493, 0.002542736366446984, 0.001443596144212174, 0.00070894260494757, 0.0013888966395627091, 0.0015599332108732654, 0.0016064165660426555, 0.0016355883855685054, 0.0019519508792807544, 0.0017836275568072007, 0.0004047726297534495, 0.000606416157530051, 0.0019432888536808047, 0.001817567055291648, 0.001219834465016758, 0.0011033546349541305, 0.0018826236237908245, 0.0019773018090844872, 0.001096579943115307, 0.0010579761069179248, 0.00198030324388708, 0.00266427722900205, 0.0013444063822144947, 0.0014581843195186014, 0.0019458572123811479, 0.0013301620678551997, 0.0010291011569809484, 0.0020038461771377373, 0.0016572153303512384, 0.001708624798423152, 0.0012845573472979354, 0.0015604043135246722, 0.0018554388393855782, 0.0025113248872598755, 0.00187345868035723, 0.001154986782328641, 0.002191863275670722, 0.002456794796516907, 0.0010675747248407262, 0.001505613877957926, 0.0017321453638758234, 0.001822859495737624, 0.00178816326556549, 0.0013202810979252326, 0.0017419452824372287, 0.0014999320705389183, 0.0020159896160764435, 0.0012746617575766339, 0.0011799719075657102, 0.0019091423489274394, 0.0012556807005790226, 0.0008880830526120715, 0.0017774919954074465, 0.0020276579636242715, 0.001761955305048042, 0.002185244786522822, 0.0027390088096690265, 0.0023125289168757206, 0.0020911701337688717, 0.002144294195083065, 0.0015293867636601015, 0.0012774813563889377, 0.0019733584948470463, 0.0022878790428300932, 0.001722258208420302, 0.0015520020144951059, 0.0015050540889147896, 0.0014140753068558134, 0.0024112427320896876, 0.001390249434899106, 0.0013489485505875504, 0.0011122955857378488, 0.0014694091391282006, 